<?xml version="1.0" encoding="UTF-8"?>
<gpx version="1.0" creator="GPSBabel - https://www.gpsbabel.org" xmlns="http://www.topografix.com/GPX/1/0">
  <time>2026-08-20T13:31:59.160Z</time>
  <bounds minlat="51.927150000" minlon="14.565980000" maxlat="52.878780000" maxlon="15.621610000"/>
  <trk>
    <name>ExtremeNord0</name>
    <trkseg>
      <trkpt lat="52.355760000" lon="14.566070000">
        <ele>0.000</ele>
      </trkpt>
      <trkpt lat="52.355410000" lon="14.565980000">
        <ele>0.000</ele>
      </trkpt>
      <trkpt lat="52.355290000" lon="14.567400000">
        <ele>0.000</ele>
      </trkpt>
      <trkpt lat="52.355400000" lon="14.567420000">
        <ele>0.000</ele>
      </trkpt>
      <trkpt lat="52.355390000" lon="14.567520000">
        <ele>0.000</ele>
      </trkpt>
      <trkpt lat="52.355500000" lon="14.569500000">
        <ele>0.000</ele>
      </trkpt>
      <trkpt lat="52.355540000" lon="14.570130000">
        <ele>0.000</ele>
      </trkpt>
      <trkpt lat="52.355600000" lon="14.571330000">
        <ele>0.000</ele>
      </trkpt>
      <trkpt lat="52.354940000" lon="14.571430000">
        <ele>0.000</ele>
      </trkpt>
      <trkpt lat="52.355080000" lon="14.572230000">
        <ele>0.000</ele>
      </trkpt>
      <trkpt lat="52.354040000" lon="14.572560000">
        <ele>0.000</ele>
      </trkpt>
      <trkpt lat="52.352800000" lon="14.572880000">
        <ele>0.000</ele>
      </trkpt>
      <trkpt lat="52.352130000" lon="14.573110000">
        <ele>0.000</ele>
      </trkpt>
      <trkpt lat="52.350410000" lon="14.573720000">
        <ele>0.000</ele>
      </trkpt>
      <trkpt lat="52.349870000" lon="14.573880000">
        <ele>0.000</ele>
      </trkpt>
      <trkpt lat="52.349330000" lon="14.574070000">
        <ele>0.000</ele>
      </trkpt>
      <trkpt lat="52.348400000" lon="14.574330000">
        <ele>0.000</ele>
      </trkpt>
      <trkpt lat="52.348270000" lon="14.574340000">
        <ele>0.000</ele>
      </trkpt>
      <trkpt lat="52.348260000" lon="14.574810000">
        <ele>0.000</ele>
      </trkpt>
      <trkpt lat="52.348180000" lon="14.574790000">
        <ele>0.000</ele>
      </trkpt>
      <trkpt lat="52.348130000" lon="14.575490000">
        <ele>0.000</ele>
      </trkpt>
      <trkpt lat="52.347990000" lon="14.576870000">
        <ele>0.000</ele>
      </trkpt>
      <trkpt lat="52.347930000" lon="14.577320000">
        <ele>0.000</ele>
      </trkpt>
      <trkpt lat="52.347770000" lon="14.578220000">
        <ele>0.000</ele>
      </trkpt>
      <trkpt lat="52.347620000" lon="14.578830000">
        <ele>0.000</ele>
      </trkpt>
      <trkpt lat="52.347360000" lon="14.579640000">
        <ele>0.000</ele>
      </trkpt>
      <trkpt lat="52.347170000" lon="14.580090000">
        <ele>0.000</ele>
      </trkpt>
      <trkpt lat="52.346850000" lon="14.580680000">
        <ele>0.000</ele>
      </trkpt>
      <trkpt lat="52.346530000" lon="14.581100000">
        <ele>0.000</ele>
      </trkpt>
      <trkpt lat="52.346160000" lon="14.581510000">
        <ele>0.000</ele>
      </trkpt>
      <trkpt lat="52.345360000" lon="14.582350000">
        <ele>0.000</ele>
      </trkpt>
      <trkpt lat="52.344690000" lon="14.582990000">
        <ele>0.000</ele>
      </trkpt>
      <trkpt lat="52.344480000" lon="14.583150000">
        <ele>0.000</ele>
      </trkpt>
      <trkpt lat="52.344210000" lon="14.583310000">
        <ele>0.000</ele>
      </trkpt>
      <trkpt lat="52.343850000" lon="14.583480000">
        <ele>0.000</ele>
      </trkpt>
      <trkpt lat="52.343460000" lon="14.583630000">
        <ele>0.000</ele>
      </trkpt>
      <trkpt lat="52.342580000" lon="14.583870000">
        <ele>0.000</ele>
      </trkpt>
      <trkpt lat="52.342340000" lon="14.583960000">
        <ele>0.000</ele>
      </trkpt>
      <trkpt lat="52.342060000" lon="14.584120000">
        <ele>0.000</ele>
      </trkpt>
      <trkpt lat="52.341390000" lon="14.584450000">
        <ele>0.000</ele>
      </trkpt>
      <trkpt lat="52.341300000" lon="14.584520000">
        <ele>0.000</ele>
      </trkpt>
      <trkpt lat="52.340010000" lon="14.585170000">
        <ele>0.000</ele>
      </trkpt>
      <trkpt lat="52.339960000" lon="14.585180000">
        <ele>0.000</ele>
      </trkpt>
      <trkpt lat="52.339750000" lon="14.585110000">
        <ele>0.000</ele>
      </trkpt>
      <trkpt lat="52.339740000" lon="14.585160000">
        <ele>0.000</ele>
      </trkpt>
      <trkpt lat="52.339480000" lon="14.585080000">
        <ele>0.000</ele>
      </trkpt>
      <trkpt lat="52.339020000" lon="14.584990000">
        <ele>0.000</ele>
      </trkpt>
      <trkpt lat="52.336930000" lon="14.584650000">
        <ele>0.000</ele>
      </trkpt>
      <trkpt lat="52.336060000" lon="14.584510000">
        <ele>0.000</ele>
      </trkpt>
      <trkpt lat="52.334890000" lon="14.584350000">
        <ele>0.000</ele>
      </trkpt>
      <trkpt lat="52.334110000" lon="14.584270000">
        <ele>0.000</ele>
      </trkpt>
      <trkpt lat="52.333300000" lon="14.584300000">
        <ele>0.000</ele>
      </trkpt>
      <trkpt lat="52.332120000" lon="14.584010000">
        <ele>0.000</ele>
      </trkpt>
      <trkpt lat="52.330800000" lon="14.583620000">
        <ele>0.000</ele>
      </trkpt>
      <trkpt lat="52.329890000" lon="14.583190000">
        <ele>0.000</ele>
      </trkpt>
      <trkpt lat="52.328740000" lon="14.582860000">
        <ele>0.000</ele>
      </trkpt>
      <trkpt lat="52.326860000" lon="14.582290000">
        <ele>0.000</ele>
      </trkpt>
      <trkpt lat="52.325810000" lon="14.582290000">
        <ele>0.000</ele>
      </trkpt>
      <trkpt lat="52.325450000" lon="14.582240000">
        <ele>0.000</ele>
      </trkpt>
      <trkpt lat="52.325030000" lon="14.582120000">
        <ele>0.000</ele>
      </trkpt>
      <trkpt lat="52.324780000" lon="14.582060000">
        <ele>0.000</ele>
      </trkpt>
      <trkpt lat="52.324690000" lon="14.582100000">
        <ele>0.000</ele>
      </trkpt>
      <trkpt lat="52.324620000" lon="14.582230000">
        <ele>0.000</ele>
      </trkpt>
      <trkpt lat="52.324550000" lon="14.582480000">
        <ele>0.000</ele>
      </trkpt>
      <trkpt lat="52.324480000" lon="14.582690000">
        <ele>0.000</ele>
      </trkpt>
      <trkpt lat="52.324370000" lon="14.582760000">
        <ele>0.000</ele>
      </trkpt>
      <trkpt lat="52.324290000" lon="14.582760000">
        <ele>0.000</ele>
      </trkpt>
      <trkpt lat="52.324010000" lon="14.582560000">
        <ele>0.000</ele>
      </trkpt>
      <trkpt lat="52.323680000" lon="14.582380000">
        <ele>0.000</ele>
      </trkpt>
      <trkpt lat="52.323290000" lon="14.582270000">
        <ele>0.000</ele>
      </trkpt>
      <trkpt lat="52.322170000" lon="14.582260000">
        <ele>0.000</ele>
      </trkpt>
      <trkpt lat="52.321050000" lon="14.582290000">
        <ele>0.000</ele>
      </trkpt>
      <trkpt lat="52.320400000" lon="14.582360000">
        <ele>0.000</ele>
      </trkpt>
      <trkpt lat="52.319570000" lon="14.582630000">
        <ele>0.000</ele>
      </trkpt>
      <trkpt lat="52.318910000" lon="14.583130000">
        <ele>0.000</ele>
      </trkpt>
      <trkpt lat="52.318690000" lon="14.583330000">
        <ele>0.000</ele>
      </trkpt>
      <trkpt lat="52.318480000" lon="14.583430000">
        <ele>0.000</ele>
      </trkpt>
      <trkpt lat="52.318330000" lon="14.583540000">
        <ele>0.000</ele>
      </trkpt>
      <trkpt lat="52.317910000" lon="14.584000000">
        <ele>0.000</ele>
      </trkpt>
      <trkpt lat="52.317660000" lon="14.584330000">
        <ele>0.000</ele>
      </trkpt>
      <trkpt lat="52.317440000" lon="14.584560000">
        <ele>0.000</ele>
      </trkpt>
      <trkpt lat="52.317260000" lon="14.584690000">
        <ele>0.000</ele>
      </trkpt>
      <trkpt lat="52.316930000" lon="14.584800000">
        <ele>0.000</ele>
      </trkpt>
      <trkpt lat="52.316810000" lon="14.584770000">
        <ele>0.000</ele>
      </trkpt>
      <trkpt lat="52.316740000" lon="14.584690000">
        <ele>0.000</ele>
      </trkpt>
      <trkpt lat="52.316640000" lon="14.584210000">
        <ele>0.000</ele>
      </trkpt>
      <trkpt lat="52.316490000" lon="14.582630000">
        <ele>0.000</ele>
      </trkpt>
      <trkpt lat="52.316460000" lon="14.581890000">
        <ele>0.000</ele>
      </trkpt>
      <trkpt lat="52.316400000" lon="14.581040000">
        <ele>0.000</ele>
      </trkpt>
      <trkpt lat="52.316360000" lon="14.580860000">
        <ele>0.000</ele>
      </trkpt>
      <trkpt lat="52.316230000" lon="14.580640000">
        <ele>0.000</ele>
      </trkpt>
      <trkpt lat="52.316000000" lon="14.580600000">
        <ele>0.000</ele>
      </trkpt>
      <trkpt lat="52.315710000" lon="14.580680000">
        <ele>0.000</ele>
      </trkpt>
      <trkpt lat="52.315630000" lon="14.580720000">
        <ele>0.000</ele>
      </trkpt>
      <trkpt lat="52.315440000" lon="14.580990000">
        <ele>0.000</ele>
      </trkpt>
      <trkpt lat="52.315370000" lon="14.581170000">
        <ele>0.000</ele>
      </trkpt>
      <trkpt lat="52.315380000" lon="14.581470000">
        <ele>0.000</ele>
      </trkpt>
      <trkpt lat="52.315650000" lon="14.584130000">
        <ele>0.000</ele>
      </trkpt>
      <trkpt lat="52.315670000" lon="14.584400000">
        <ele>0.000</ele>
      </trkpt>
      <trkpt lat="52.315650000" lon="14.584620000">
        <ele>0.000</ele>
      </trkpt>
      <trkpt lat="52.315730000" lon="14.585450000">
        <ele>0.000</ele>
      </trkpt>
      <trkpt lat="52.315810000" lon="14.586130000">
        <ele>0.000</ele>
      </trkpt>
      <trkpt lat="52.315800000" lon="14.586330000">
        <ele>0.000</ele>
      </trkpt>
      <trkpt lat="52.315740000" lon="14.586500000">
        <ele>0.000</ele>
      </trkpt>
      <trkpt lat="52.315020000" lon="14.586910000">
        <ele>0.000</ele>
      </trkpt>
      <trkpt lat="52.313570000" lon="14.587600000">
        <ele>0.000</ele>
      </trkpt>
      <trkpt lat="52.313530000" lon="14.587520000">
        <ele>0.000</ele>
      </trkpt>
      <trkpt lat="52.313030000" lon="14.587680000">
        <ele>0.000</ele>
      </trkpt>
      <trkpt lat="52.311850000" lon="14.588100000">
        <ele>0.000</ele>
      </trkpt>
      <trkpt lat="52.311030000" lon="14.588420000">
        <ele>0.000</ele>
      </trkpt>
      <trkpt lat="52.308340000" lon="14.589820000">
        <ele>0.000</ele>
      </trkpt>
      <trkpt lat="52.307820000" lon="14.590000000">
        <ele>0.000</ele>
      </trkpt>
      <trkpt lat="52.307250000" lon="14.590120000">
        <ele>0.000</ele>
      </trkpt>
      <trkpt lat="52.306380000" lon="14.590210000">
        <ele>0.000</ele>
      </trkpt>
      <trkpt lat="52.306290000" lon="14.590240000">
        <ele>0.000</ele>
      </trkpt>
      <trkpt lat="52.305340000" lon="14.591050000">
        <ele>0.000</ele>
      </trkpt>
      <trkpt lat="52.304760000" lon="14.591520000">
        <ele>0.000</ele>
      </trkpt>
      <trkpt lat="52.304690000" lon="14.591610000">
        <ele>0.000</ele>
      </trkpt>
      <trkpt lat="52.304620000" lon="14.591650000">
        <ele>0.000</ele>
      </trkpt>
      <trkpt lat="52.304160000" lon="14.592140000">
        <ele>0.000</ele>
      </trkpt>
      <trkpt lat="52.304060000" lon="14.592390000">
        <ele>0.000</ele>
      </trkpt>
      <trkpt lat="52.303970000" lon="14.592410000">
        <ele>0.000</ele>
      </trkpt>
      <trkpt lat="52.303870000" lon="14.592510000">
        <ele>0.000</ele>
      </trkpt>
      <trkpt lat="52.303630000" lon="14.592770000">
        <ele>0.000</ele>
      </trkpt>
      <trkpt lat="52.303540000" lon="14.592910000">
        <ele>0.000</ele>
      </trkpt>
      <trkpt lat="52.303480000" lon="14.593020000">
        <ele>0.000</ele>
      </trkpt>
      <trkpt lat="52.303280000" lon="14.593540000">
        <ele>0.000</ele>
      </trkpt>
      <trkpt lat="52.303100000" lon="14.594050000">
        <ele>0.000</ele>
      </trkpt>
      <trkpt lat="52.303030000" lon="14.594280000">
        <ele>0.000</ele>
      </trkpt>
      <trkpt lat="52.302820000" lon="14.595070000">
        <ele>0.000</ele>
      </trkpt>
      <trkpt lat="52.302640000" lon="14.595810000">
        <ele>0.000</ele>
      </trkpt>
      <trkpt lat="52.302590000" lon="14.596000000">
        <ele>0.000</ele>
      </trkpt>
      <trkpt lat="52.302530000" lon="14.596170000">
        <ele>0.000</ele>
      </trkpt>
      <trkpt lat="52.302450000" lon="14.596350000">
        <ele>0.000</ele>
      </trkpt>
      <trkpt lat="52.302320000" lon="14.596600000">
        <ele>0.000</ele>
      </trkpt>
      <trkpt lat="52.302230000" lon="14.596740000">
        <ele>0.000</ele>
      </trkpt>
      <trkpt lat="52.301480000" lon="14.597750000">
        <ele>0.000</ele>
      </trkpt>
      <trkpt lat="52.299050000" lon="14.601070000">
        <ele>0.000</ele>
      </trkpt>
      <trkpt lat="52.298760000" lon="14.601340000">
        <ele>0.000</ele>
      </trkpt>
      <trkpt lat="52.294840000" lon="14.604030000">
        <ele>0.000</ele>
      </trkpt>
      <trkpt lat="52.294700000" lon="14.604160000">
        <ele>0.000</ele>
      </trkpt>
      <trkpt lat="52.294580000" lon="14.604320000">
        <ele>0.000</ele>
      </trkpt>
      <trkpt lat="52.294420000" lon="14.604570000">
        <ele>0.000</ele>
      </trkpt>
      <trkpt lat="52.293900000" lon="14.605530000">
        <ele>0.000</ele>
      </trkpt>
      <trkpt lat="52.293360000" lon="14.606180000">
        <ele>0.000</ele>
      </trkpt>
      <trkpt lat="52.293060000" lon="14.606500000">
        <ele>0.000</ele>
      </trkpt>
      <trkpt lat="52.292600000" lon="14.606930000">
        <ele>0.000</ele>
      </trkpt>
      <trkpt lat="52.292400000" lon="14.607130000">
        <ele>0.000</ele>
      </trkpt>
      <trkpt lat="52.292060000" lon="14.607600000">
        <ele>0.000</ele>
      </trkpt>
      <trkpt lat="52.291140000" lon="14.609050000">
        <ele>0.000</ele>
      </trkpt>
      <trkpt lat="52.290540000" lon="14.609860000">
        <ele>0.000</ele>
      </trkpt>
      <trkpt lat="52.289600000" lon="14.611070000">
        <ele>0.000</ele>
      </trkpt>
      <trkpt lat="52.289080000" lon="14.611670000">
        <ele>0.000</ele>
      </trkpt>
      <trkpt lat="52.288280000" lon="14.612540000">
        <ele>0.000</ele>
      </trkpt>
      <trkpt lat="52.288120000" lon="14.612730000">
        <ele>0.000</ele>
      </trkpt>
      <trkpt lat="52.287920000" lon="14.612990000">
        <ele>0.000</ele>
      </trkpt>
      <trkpt lat="52.287300000" lon="14.613890000">
        <ele>0.000</ele>
      </trkpt>
      <trkpt lat="52.287080000" lon="14.614240000">
        <ele>0.000</ele>
      </trkpt>
      <trkpt lat="52.286820000" lon="14.614710000">
        <ele>0.000</ele>
      </trkpt>
      <trkpt lat="52.286570000" lon="14.615230000">
        <ele>0.000</ele>
      </trkpt>
      <trkpt lat="52.286360000" lon="14.615750000">
        <ele>0.000</ele>
      </trkpt>
      <trkpt lat="52.285490000" lon="14.618180000">
        <ele>0.000</ele>
      </trkpt>
      <trkpt lat="52.285320000" lon="14.618730000">
        <ele>0.000</ele>
      </trkpt>
      <trkpt lat="52.285270000" lon="14.618990000">
        <ele>0.000</ele>
      </trkpt>
      <trkpt lat="52.285210000" lon="14.619450000">
        <ele>0.000</ele>
      </trkpt>
      <trkpt lat="52.284970000" lon="14.621740000">
        <ele>0.000</ele>
      </trkpt>
      <trkpt lat="52.284870000" lon="14.622840000">
        <ele>0.000</ele>
      </trkpt>
      <trkpt lat="52.284840000" lon="14.622990000">
        <ele>0.000</ele>
      </trkpt>
      <trkpt lat="52.284800000" lon="14.623140000">
        <ele>0.000</ele>
      </trkpt>
      <trkpt lat="52.284750000" lon="14.623280000">
        <ele>0.000</ele>
      </trkpt>
      <trkpt lat="52.284680000" lon="14.623400000">
        <ele>0.000</ele>
      </trkpt>
      <trkpt lat="52.284100000" lon="14.624270000">
        <ele>0.000</ele>
      </trkpt>
      <trkpt lat="52.283910000" lon="14.624610000">
        <ele>0.000</ele>
      </trkpt>
      <trkpt lat="52.283830000" lon="14.624850000">
        <ele>0.000</ele>
      </trkpt>
      <trkpt lat="52.283750000" lon="14.625000000">
        <ele>0.000</ele>
      </trkpt>
      <trkpt lat="52.283500000" lon="14.625700000">
        <ele>0.000</ele>
      </trkpt>
      <trkpt lat="52.283270000" lon="14.626470000">
        <ele>0.000</ele>
      </trkpt>
      <trkpt lat="52.283140000" lon="14.627060000">
        <ele>0.000</ele>
      </trkpt>
      <trkpt lat="52.282740000" lon="14.629030000">
        <ele>0.000</ele>
      </trkpt>
      <trkpt lat="52.282600000" lon="14.629530000">
        <ele>0.000</ele>
      </trkpt>
      <trkpt lat="52.282200000" lon="14.630510000">
        <ele>0.000</ele>
      </trkpt>
      <trkpt lat="52.280860000" lon="14.632760000">
        <ele>0.000</ele>
      </trkpt>
      <trkpt lat="52.279320000" lon="14.635500000">
        <ele>0.000</ele>
      </trkpt>
      <trkpt lat="52.277540000" lon="14.638660000">
        <ele>0.000</ele>
      </trkpt>
      <trkpt lat="52.276690000" lon="14.640000000">
        <ele>0.000</ele>
      </trkpt>
      <trkpt lat="52.274300000" lon="14.644210000">
        <ele>0.000</ele>
      </trkpt>
      <trkpt lat="52.273040000" lon="14.646360000">
        <ele>0.000</ele>
      </trkpt>
      <trkpt lat="52.271500000" lon="14.648420000">
        <ele>0.000</ele>
      </trkpt>
      <trkpt lat="52.271230000" lon="14.648700000">
        <ele>0.000</ele>
      </trkpt>
      <trkpt lat="52.270960000" lon="14.648880000">
        <ele>0.000</ele>
      </trkpt>
      <trkpt lat="52.268670000" lon="14.650300000">
        <ele>0.000</ele>
      </trkpt>
      <trkpt lat="52.267320000" lon="14.651060000">
        <ele>0.000</ele>
      </trkpt>
      <trkpt lat="52.267160000" lon="14.651260000">
        <ele>0.000</ele>
      </trkpt>
      <trkpt lat="52.267080000" lon="14.651420000">
        <ele>0.000</ele>
      </trkpt>
      <trkpt lat="52.266620000" lon="14.652460000">
        <ele>0.000</ele>
      </trkpt>
      <trkpt lat="52.266500000" lon="14.652800000">
        <ele>0.000</ele>
      </trkpt>
      <trkpt lat="52.266340000" lon="14.653370000">
        <ele>0.000</ele>
      </trkpt>
      <trkpt lat="52.266310000" lon="14.653540000">
        <ele>0.000</ele>
      </trkpt>
      <trkpt lat="52.265590000" lon="14.656740000">
        <ele>0.000</ele>
      </trkpt>
      <trkpt lat="52.265550000" lon="14.656970000">
        <ele>0.000</ele>
      </trkpt>
      <trkpt lat="52.265480000" lon="14.657480000">
        <ele>0.000</ele>
      </trkpt>
      <trkpt lat="52.265400000" lon="14.658260000">
        <ele>0.000</ele>
      </trkpt>
      <trkpt lat="52.265190000" lon="14.659780000">
        <ele>0.000</ele>
      </trkpt>
      <trkpt lat="52.264070000" lon="14.666960000">
        <ele>0.000</ele>
      </trkpt>
      <trkpt lat="52.263570000" lon="14.669710000">
        <ele>0.000</ele>
      </trkpt>
      <trkpt lat="52.263380000" lon="14.670570000">
        <ele>0.000</ele>
      </trkpt>
      <trkpt lat="52.263130000" lon="14.671230000">
        <ele>0.000</ele>
      </trkpt>
      <trkpt lat="52.262040000" lon="14.673440000">
        <ele>0.000</ele>
      </trkpt>
      <trkpt lat="52.261210000" lon="14.674910000">
        <ele>0.000</ele>
      </trkpt>
      <trkpt lat="52.260880000" lon="14.675890000">
        <ele>0.000</ele>
      </trkpt>
      <trkpt lat="52.258050000" lon="14.693910000">
        <ele>0.000</ele>
      </trkpt>
      <trkpt lat="52.257850000" lon="14.694610000">
        <ele>0.000</ele>
      </trkpt>
      <trkpt lat="52.254050000" lon="14.702750000">
        <ele>0.000</ele>
      </trkpt>
      <trkpt lat="52.253720000" lon="14.703540000">
        <ele>0.000</ele>
      </trkpt>
      <trkpt lat="52.253240000" lon="14.704100000">
        <ele>0.000</ele>
      </trkpt>
      <trkpt lat="52.252900000" lon="14.704280000">
        <ele>0.000</ele>
      </trkpt>
      <trkpt lat="52.252560000" lon="14.704280000">
        <ele>0.000</ele>
      </trkpt>
      <trkpt lat="52.251360000" lon="14.703950000">
        <ele>0.000</ele>
      </trkpt>
      <trkpt lat="52.250960000" lon="14.703970000">
        <ele>0.000</ele>
      </trkpt>
      <trkpt lat="52.250570000" lon="14.704080000">
        <ele>0.000</ele>
      </trkpt>
      <trkpt lat="52.249730000" lon="14.704640000">
        <ele>0.000</ele>
      </trkpt>
      <trkpt lat="52.248070000" lon="14.706140000">
        <ele>0.000</ele>
      </trkpt>
      <trkpt lat="52.246400000" lon="14.707420000">
        <ele>0.000</ele>
      </trkpt>
      <trkpt lat="52.245470000" lon="14.708280000">
        <ele>0.000</ele>
      </trkpt>
      <trkpt lat="52.245220000" lon="14.708470000">
        <ele>0.000</ele>
      </trkpt>
      <trkpt lat="52.244660000" lon="14.708870000">
        <ele>0.000</ele>
      </trkpt>
      <trkpt lat="52.244280000" lon="14.709170000">
        <ele>0.000</ele>
      </trkpt>
      <trkpt lat="52.244060000" lon="14.709420000">
        <ele>0.000</ele>
      </trkpt>
      <trkpt lat="52.243460000" lon="14.710240000">
        <ele>0.000</ele>
      </trkpt>
      <trkpt lat="52.243390000" lon="14.710370000">
        <ele>0.000</ele>
      </trkpt>
      <trkpt lat="52.243350000" lon="14.710490000">
        <ele>0.000</ele>
      </trkpt>
      <trkpt lat="52.243350000" lon="14.710570000">
        <ele>0.000</ele>
      </trkpt>
      <trkpt lat="52.243350000" lon="14.710690000">
        <ele>0.000</ele>
      </trkpt>
      <trkpt lat="52.243360000" lon="14.710780000">
        <ele>0.000</ele>
      </trkpt>
      <trkpt lat="52.244050000" lon="14.713600000">
        <ele>0.000</ele>
      </trkpt>
      <trkpt lat="52.244480000" lon="14.715370000">
        <ele>0.000</ele>
      </trkpt>
      <trkpt lat="52.244510000" lon="14.715300000">
        <ele>0.000</ele>
      </trkpt>
      <trkpt lat="52.244650000" lon="14.715690000">
        <ele>0.000</ele>
      </trkpt>
      <trkpt lat="52.245950000" lon="14.721000000">
        <ele>0.000</ele>
      </trkpt>
      <trkpt lat="52.247350000" lon="14.726630000">
        <ele>0.000</ele>
      </trkpt>
      <trkpt lat="52.247360000" lon="14.726730000">
        <ele>0.000</ele>
      </trkpt>
      <trkpt lat="52.247260000" lon="14.726790000">
        <ele>0.000</ele>
      </trkpt>
      <trkpt lat="52.247240000" lon="14.726840000">
        <ele>0.000</ele>
      </trkpt>
      <trkpt lat="52.247240000" lon="14.726900000">
        <ele>0.000</ele>
      </trkpt>
      <trkpt lat="52.247400000" lon="14.727730000">
        <ele>0.000</ele>
      </trkpt>
      <trkpt lat="52.248070000" lon="14.731240000">
        <ele>0.000</ele>
      </trkpt>
      <trkpt lat="52.248160000" lon="14.731500000">
        <ele>0.000</ele>
      </trkpt>
      <trkpt lat="52.248370000" lon="14.732550000">
        <ele>0.000</ele>
      </trkpt>
      <trkpt lat="52.248430000" lon="14.732980000">
        <ele>0.000</ele>
      </trkpt>
      <trkpt lat="52.248430000" lon="14.733070000">
        <ele>0.000</ele>
      </trkpt>
      <trkpt lat="52.248410000" lon="14.733120000">
        <ele>0.000</ele>
      </trkpt>
      <trkpt lat="52.248220000" lon="14.733340000">
        <ele>0.000</ele>
      </trkpt>
      <trkpt lat="52.248050000" lon="14.733500000">
        <ele>0.000</ele>
      </trkpt>
      <trkpt lat="52.247880000" lon="14.733620000">
        <ele>0.000</ele>
      </trkpt>
      <trkpt lat="52.247810000" lon="14.733690000">
        <ele>0.000</ele>
      </trkpt>
      <trkpt lat="52.246250000" lon="14.735400000">
        <ele>0.000</ele>
      </trkpt>
      <trkpt lat="52.244180000" lon="14.737560000">
        <ele>0.000</ele>
      </trkpt>
      <trkpt lat="52.243480000" lon="14.738270000">
        <ele>0.000</ele>
      </trkpt>
      <trkpt lat="52.242860000" lon="14.738940000">
        <ele>0.000</ele>
      </trkpt>
      <trkpt lat="52.242450000" lon="14.739450000">
        <ele>0.000</ele>
      </trkpt>
      <trkpt lat="52.241440000" lon="14.740500000">
        <ele>0.000</ele>
      </trkpt>
      <trkpt lat="52.237440000" lon="14.744680000">
        <ele>0.000</ele>
      </trkpt>
      <trkpt lat="52.236730000" lon="14.745550000">
        <ele>0.000</ele>
      </trkpt>
      <trkpt lat="52.236390000" lon="14.745930000">
        <ele>0.000</ele>
      </trkpt>
      <trkpt lat="52.236220000" lon="14.746060000">
        <ele>0.000</ele>
      </trkpt>
      <trkpt lat="52.235980000" lon="14.746290000">
        <ele>0.000</ele>
      </trkpt>
      <trkpt lat="52.235600000" lon="14.746680000">
        <ele>0.000</ele>
      </trkpt>
      <trkpt lat="52.235130000" lon="14.747300000">
        <ele>0.000</ele>
      </trkpt>
      <trkpt lat="52.232560000" lon="14.750020000">
        <ele>0.000</ele>
      </trkpt>
      <trkpt lat="52.231770000" lon="14.750910000">
        <ele>0.000</ele>
      </trkpt>
      <trkpt lat="52.231160000" lon="14.751500000">
        <ele>0.000</ele>
      </trkpt>
      <trkpt lat="52.229040000" lon="14.753820000">
        <ele>0.000</ele>
      </trkpt>
      <trkpt lat="52.225000000" lon="14.758130000">
        <ele>0.000</ele>
      </trkpt>
      <trkpt lat="52.221450000" lon="14.761960000">
        <ele>0.000</ele>
      </trkpt>
      <trkpt lat="52.213360000" lon="14.770650000">
        <ele>0.000</ele>
      </trkpt>
      <trkpt lat="52.208870000" lon="14.775440000">
        <ele>0.000</ele>
      </trkpt>
      <trkpt lat="52.204440000" lon="14.780140000">
        <ele>0.000</ele>
      </trkpt>
      <trkpt lat="52.200720000" lon="14.784110000">
        <ele>0.000</ele>
      </trkpt>
      <trkpt lat="52.199820000" lon="14.785050000">
        <ele>0.000</ele>
      </trkpt>
      <trkpt lat="52.199560000" lon="14.785400000">
        <ele>0.000</ele>
      </trkpt>
      <trkpt lat="52.199080000" lon="14.785900000">
        <ele>0.000</ele>
      </trkpt>
      <trkpt lat="52.198860000" lon="14.786200000">
        <ele>0.000</ele>
      </trkpt>
      <trkpt lat="52.198620000" lon="14.786450000">
        <ele>0.000</ele>
      </trkpt>
      <trkpt lat="52.198610000" lon="14.786500000">
        <ele>0.000</ele>
      </trkpt>
      <trkpt lat="52.198390000" lon="14.786730000">
        <ele>0.000</ele>
      </trkpt>
      <trkpt lat="52.198340000" lon="14.786720000">
        <ele>0.000</ele>
      </trkpt>
      <trkpt lat="52.198320000" lon="14.786690000">
        <ele>0.000</ele>
      </trkpt>
      <trkpt lat="52.198270000" lon="14.786730000">
        <ele>0.000</ele>
      </trkpt>
      <trkpt lat="52.198330000" lon="14.786890000">
        <ele>0.000</ele>
      </trkpt>
      <trkpt lat="52.197330000" lon="14.787950000">
        <ele>0.000</ele>
      </trkpt>
      <trkpt lat="52.197140000" lon="14.788180000">
        <ele>0.000</ele>
      </trkpt>
      <trkpt lat="52.196930000" lon="14.788460000">
        <ele>0.000</ele>
      </trkpt>
      <trkpt lat="52.196500000" lon="14.789170000">
        <ele>0.000</ele>
      </trkpt>
      <trkpt lat="52.195160000" lon="14.791400000">
        <ele>0.000</ele>
      </trkpt>
      <trkpt lat="52.194950000" lon="14.791810000">
        <ele>0.000</ele>
      </trkpt>
      <trkpt lat="52.194880000" lon="14.791740000">
        <ele>0.000</ele>
      </trkpt>
      <trkpt lat="52.194830000" lon="14.791730000">
        <ele>0.000</ele>
      </trkpt>
      <trkpt lat="52.194760000" lon="14.791730000">
        <ele>0.000</ele>
      </trkpt>
      <trkpt lat="52.194110000" lon="14.792120000">
        <ele>0.000</ele>
      </trkpt>
      <trkpt lat="52.193970000" lon="14.792200000">
        <ele>0.000</ele>
      </trkpt>
      <trkpt lat="52.193840000" lon="14.792230000">
        <ele>0.000</ele>
      </trkpt>
      <trkpt lat="52.193700000" lon="14.792220000">
        <ele>0.000</ele>
      </trkpt>
      <trkpt lat="52.193600000" lon="14.792200000">
        <ele>0.000</ele>
      </trkpt>
      <trkpt lat="52.193300000" lon="14.792080000">
        <ele>0.000</ele>
      </trkpt>
      <trkpt lat="52.193190000" lon="14.792060000">
        <ele>0.000</ele>
      </trkpt>
      <trkpt lat="52.193120000" lon="14.792080000">
        <ele>0.000</ele>
      </trkpt>
      <trkpt lat="52.193000000" lon="14.792160000">
        <ele>0.000</ele>
      </trkpt>
      <trkpt lat="52.192870000" lon="14.792270000">
        <ele>0.000</ele>
      </trkpt>
      <trkpt lat="52.192780000" lon="14.792380000">
        <ele>0.000</ele>
      </trkpt>
      <trkpt lat="52.192670000" lon="14.792570000">
        <ele>0.000</ele>
      </trkpt>
      <trkpt lat="52.192460000" lon="14.792960000">
        <ele>0.000</ele>
      </trkpt>
      <trkpt lat="52.192410000" lon="14.793090000">
        <ele>0.000</ele>
      </trkpt>
      <trkpt lat="52.192190000" lon="14.793820000">
        <ele>0.000</ele>
      </trkpt>
      <trkpt lat="52.191910000" lon="14.794520000">
        <ele>0.000</ele>
      </trkpt>
      <trkpt lat="52.191610000" lon="14.794360000">
        <ele>0.000</ele>
      </trkpt>
      <trkpt lat="52.191060000" lon="14.794010000">
        <ele>0.000</ele>
      </trkpt>
      <trkpt lat="52.190990000" lon="14.794280000">
        <ele>0.000</ele>
      </trkpt>
      <trkpt lat="52.190700000" lon="14.794100000">
        <ele>0.000</ele>
      </trkpt>
      <trkpt lat="52.190650000" lon="14.794110000">
        <ele>0.000</ele>
      </trkpt>
      <trkpt lat="52.190570000" lon="14.794150000">
        <ele>0.000</ele>
      </trkpt>
      <trkpt lat="52.190390000" lon="14.794100000">
        <ele>0.000</ele>
      </trkpt>
      <trkpt lat="52.190110000" lon="14.793880000">
        <ele>0.000</ele>
      </trkpt>
      <trkpt lat="52.190050000" lon="14.793840000">
        <ele>0.000</ele>
      </trkpt>
      <trkpt lat="52.189940000" lon="14.793840000">
        <ele>0.000</ele>
      </trkpt>
      <trkpt lat="52.189790000" lon="14.793860000">
        <ele>0.000</ele>
      </trkpt>
      <trkpt lat="52.189670000" lon="14.793860000">
        <ele>0.000</ele>
      </trkpt>
      <trkpt lat="52.189590000" lon="14.793840000">
        <ele>0.000</ele>
      </trkpt>
      <trkpt lat="52.189560000" lon="14.793690000">
        <ele>0.000</ele>
      </trkpt>
      <trkpt lat="52.188120000" lon="14.794710000">
        <ele>0.000</ele>
      </trkpt>
      <trkpt lat="52.187770000" lon="14.794940000">
        <ele>0.000</ele>
      </trkpt>
      <trkpt lat="52.187780000" lon="14.794980000">
        <ele>0.000</ele>
      </trkpt>
      <trkpt lat="52.187610000" lon="14.795110000">
        <ele>0.000</ele>
      </trkpt>
      <trkpt lat="52.187390000" lon="14.795240000">
        <ele>0.000</ele>
      </trkpt>
      <trkpt lat="52.187140000" lon="14.795300000">
        <ele>0.000</ele>
      </trkpt>
      <trkpt lat="52.183560000" lon="14.795830000">
        <ele>0.000</ele>
      </trkpt>
      <trkpt lat="52.180760000" lon="14.796230000">
        <ele>0.000</ele>
      </trkpt>
      <trkpt lat="52.180150000" lon="14.796320000">
        <ele>0.000</ele>
      </trkpt>
      <trkpt lat="52.179320000" lon="14.796570000">
        <ele>0.000</ele>
      </trkpt>
      <trkpt lat="52.172340000" lon="14.798750000">
        <ele>0.000</ele>
      </trkpt>
      <trkpt lat="52.172320000" lon="14.798660000">
        <ele>0.000</ele>
      </trkpt>
      <trkpt lat="52.172150000" lon="14.798700000">
        <ele>0.000</ele>
      </trkpt>
      <trkpt lat="52.171980000" lon="14.798890000">
        <ele>0.000</ele>
      </trkpt>
      <trkpt lat="52.171460000" lon="14.799150000">
        <ele>0.000</ele>
      </trkpt>
      <trkpt lat="52.170830000" lon="14.799220000">
        <ele>0.000</ele>
      </trkpt>
      <trkpt lat="52.170590000" lon="14.799190000">
        <ele>0.000</ele>
      </trkpt>
      <trkpt lat="52.170420000" lon="14.799400000">
        <ele>0.000</ele>
      </trkpt>
      <trkpt lat="52.170070000" lon="14.799490000">
        <ele>0.000</ele>
      </trkpt>
      <trkpt lat="52.168460000" lon="14.799830000">
        <ele>0.000</ele>
      </trkpt>
      <trkpt lat="52.168150000" lon="14.799860000">
        <ele>0.000</ele>
      </trkpt>
      <trkpt lat="52.167870000" lon="14.799870000">
        <ele>0.000</ele>
      </trkpt>
      <trkpt lat="52.167740000" lon="14.799760000">
        <ele>0.000</ele>
      </trkpt>
      <trkpt lat="52.167560000" lon="14.799580000">
        <ele>0.000</ele>
      </trkpt>
      <trkpt lat="52.167520000" lon="14.799360000">
        <ele>0.000</ele>
      </trkpt>
      <trkpt lat="52.166550000" lon="14.799760000">
        <ele>0.000</ele>
      </trkpt>
      <trkpt lat="52.166110000" lon="14.799960000">
        <ele>0.000</ele>
      </trkpt>
      <trkpt lat="52.166030000" lon="14.799980000">
        <ele>0.000</ele>
      </trkpt>
      <trkpt lat="52.165970000" lon="14.799970000">
        <ele>0.000</ele>
      </trkpt>
      <trkpt lat="52.165930000" lon="14.800250000">
        <ele>0.000</ele>
      </trkpt>
      <trkpt lat="52.165770000" lon="14.800680000">
        <ele>0.000</ele>
      </trkpt>
      <trkpt lat="52.165530000" lon="14.801100000">
        <ele>0.000</ele>
      </trkpt>
      <trkpt lat="52.162780000" lon="14.805280000">
        <ele>0.000</ele>
      </trkpt>
      <trkpt lat="52.155730000" lon="14.806810000">
        <ele>0.000</ele>
      </trkpt>
      <trkpt lat="52.153010000" lon="14.807400000">
        <ele>0.000</ele>
      </trkpt>
      <trkpt lat="52.151050000" lon="14.808790000">
        <ele>0.000</ele>
      </trkpt>
      <trkpt lat="52.147760000" lon="14.810250000">
        <ele>0.000</ele>
      </trkpt>
      <trkpt lat="52.146240000" lon="14.811830000">
        <ele>0.000</ele>
      </trkpt>
      <trkpt lat="52.143340000" lon="14.816470000">
        <ele>0.000</ele>
      </trkpt>
      <trkpt lat="52.141790000" lon="14.817030000">
        <ele>0.000</ele>
      </trkpt>
      <trkpt lat="52.139580000" lon="14.817980000">
        <ele>0.000</ele>
      </trkpt>
      <trkpt lat="52.138660000" lon="14.818360000">
        <ele>0.000</ele>
      </trkpt>
      <trkpt lat="52.136210000" lon="14.819060000">
        <ele>0.000</ele>
      </trkpt>
      <trkpt lat="52.135200000" lon="14.819280000">
        <ele>0.000</ele>
      </trkpt>
      <trkpt lat="52.134910000" lon="14.819320000">
        <ele>0.000</ele>
      </trkpt>
      <trkpt lat="52.132250000" lon="14.818040000">
        <ele>0.000</ele>
      </trkpt>
      <trkpt lat="52.131990000" lon="14.818060000">
        <ele>0.000</ele>
      </trkpt>
      <trkpt lat="52.131420000" lon="14.818540000">
        <ele>0.000</ele>
      </trkpt>
      <trkpt lat="52.127560000" lon="14.824640000">
        <ele>0.000</ele>
      </trkpt>
      <trkpt lat="52.125400000" lon="14.827790000">
        <ele>0.000</ele>
      </trkpt>
      <trkpt lat="52.124380000" lon="14.829140000">
        <ele>0.000</ele>
      </trkpt>
      <trkpt lat="52.120210000" lon="14.833350000">
        <ele>0.000</ele>
      </trkpt>
      <trkpt lat="52.116050000" lon="14.837400000">
        <ele>0.000</ele>
      </trkpt>
      <trkpt lat="52.113620000" lon="14.839350000">
        <ele>0.000</ele>
      </trkpt>
      <trkpt lat="52.110480000" lon="14.842020000">
        <ele>0.000</ele>
      </trkpt>
      <trkpt lat="52.110330000" lon="14.842190000">
        <ele>0.000</ele>
      </trkpt>
      <trkpt lat="52.096550000" lon="14.854010000">
        <ele>0.000</ele>
      </trkpt>
      <trkpt lat="52.094360000" lon="14.855920000">
        <ele>0.000</ele>
      </trkpt>
      <trkpt lat="52.093100000" lon="14.856980000">
        <ele>0.000</ele>
      </trkpt>
      <trkpt lat="52.087200000" lon="14.862610000">
        <ele>0.000</ele>
      </trkpt>
      <trkpt lat="52.086080000" lon="14.863610000">
        <ele>0.000</ele>
      </trkpt>
      <trkpt lat="52.084150000" lon="14.865920000">
        <ele>0.000</ele>
      </trkpt>
      <trkpt lat="52.083280000" lon="14.866730000">
        <ele>0.000</ele>
      </trkpt>
      <trkpt lat="52.081900000" lon="14.869880000">
        <ele>0.000</ele>
      </trkpt>
      <trkpt lat="52.081400000" lon="14.871050000">
        <ele>0.000</ele>
      </trkpt>
      <trkpt lat="52.080370000" lon="14.873390000">
        <ele>0.000</ele>
      </trkpt>
      <trkpt lat="52.079900000" lon="14.874690000">
        <ele>0.000</ele>
      </trkpt>
      <trkpt lat="52.079070000" lon="14.874980000">
        <ele>0.000</ele>
      </trkpt>
      <trkpt lat="52.078800000" lon="14.875030000">
        <ele>0.000</ele>
      </trkpt>
      <trkpt lat="52.078570000" lon="14.875050000">
        <ele>0.000</ele>
      </trkpt>
      <trkpt lat="52.077870000" lon="14.874990000">
        <ele>0.000</ele>
      </trkpt>
      <trkpt lat="52.077680000" lon="14.874990000">
        <ele>0.000</ele>
      </trkpt>
      <trkpt lat="52.077060000" lon="14.875230000">
        <ele>0.000</ele>
      </trkpt>
      <trkpt lat="52.075270000" lon="14.876020000">
        <ele>0.000</ele>
      </trkpt>
      <trkpt lat="52.075150000" lon="14.876150000">
        <ele>0.000</ele>
      </trkpt>
      <trkpt lat="52.075090000" lon="14.876420000">
        <ele>0.000</ele>
      </trkpt>
      <trkpt lat="52.075030000" lon="14.876960000">
        <ele>0.000</ele>
      </trkpt>
      <trkpt lat="52.074960000" lon="14.878380000">
        <ele>0.000</ele>
      </trkpt>
      <trkpt lat="52.074930000" lon="14.878680000">
        <ele>0.000</ele>
      </trkpt>
      <trkpt lat="52.074880000" lon="14.878700000">
        <ele>0.000</ele>
      </trkpt>
      <trkpt lat="52.074820000" lon="14.879170000">
        <ele>0.000</ele>
      </trkpt>
      <trkpt lat="52.074660000" lon="14.880900000">
        <ele>0.000</ele>
      </trkpt>
      <trkpt lat="52.074070000" lon="14.888040000">
        <ele>0.000</ele>
      </trkpt>
      <trkpt lat="52.074000000" lon="14.888580000">
        <ele>0.000</ele>
      </trkpt>
      <trkpt lat="52.073880000" lon="14.889300000">
        <ele>0.000</ele>
      </trkpt>
      <trkpt lat="52.073710000" lon="14.889920000">
        <ele>0.000</ele>
      </trkpt>
      <trkpt lat="52.071210000" lon="14.897050000">
        <ele>0.000</ele>
      </trkpt>
      <trkpt lat="52.068530000" lon="14.904810000">
        <ele>0.000</ele>
      </trkpt>
      <trkpt lat="52.068500000" lon="14.904950000">
        <ele>0.000</ele>
      </trkpt>
      <trkpt lat="52.068480000" lon="14.905160000">
        <ele>0.000</ele>
      </trkpt>
      <trkpt lat="52.068380000" lon="14.905470000">
        <ele>0.000</ele>
      </trkpt>
      <trkpt lat="52.068250000" lon="14.906270000">
        <ele>0.000</ele>
      </trkpt>
      <trkpt lat="52.068160000" lon="14.907090000">
        <ele>0.000</ele>
      </trkpt>
      <trkpt lat="52.068090000" lon="14.907860000">
        <ele>0.000</ele>
      </trkpt>
      <trkpt lat="52.068090000" lon="14.908300000">
        <ele>0.000</ele>
      </trkpt>
      <trkpt lat="52.068170000" lon="14.909690000">
        <ele>0.000</ele>
      </trkpt>
      <trkpt lat="52.068440000" lon="14.912500000">
        <ele>0.000</ele>
      </trkpt>
      <trkpt lat="52.069530000" lon="14.923730000">
        <ele>0.000</ele>
      </trkpt>
      <trkpt lat="52.070690000" lon="14.935760000">
        <ele>0.000</ele>
      </trkpt>
      <trkpt lat="52.071060000" lon="14.939270000">
        <ele>0.000</ele>
      </trkpt>
      <trkpt lat="52.071200000" lon="14.940720000">
        <ele>0.000</ele>
      </trkpt>
      <trkpt lat="52.071500000" lon="14.941630000">
        <ele>0.000</ele>
      </trkpt>
      <trkpt lat="52.072580000" lon="14.943870000">
        <ele>0.000</ele>
      </trkpt>
      <trkpt lat="52.072840000" lon="14.944470000">
        <ele>0.000</ele>
      </trkpt>
      <trkpt lat="52.073030000" lon="14.945100000">
        <ele>0.000</ele>
      </trkpt>
      <trkpt lat="52.073120000" lon="14.945790000">
        <ele>0.000</ele>
      </trkpt>
      <trkpt lat="52.073150000" lon="14.946630000">
        <ele>0.000</ele>
      </trkpt>
      <trkpt lat="52.073460000" lon="14.954260000">
        <ele>0.000</ele>
      </trkpt>
      <trkpt lat="52.073420000" lon="14.954770000">
        <ele>0.000</ele>
      </trkpt>
      <trkpt lat="52.072960000" lon="14.959470000">
        <ele>0.000</ele>
      </trkpt>
      <trkpt lat="52.072860000" lon="14.960900000">
        <ele>0.000</ele>
      </trkpt>
      <trkpt lat="52.072870000" lon="14.962840000">
        <ele>0.000</ele>
      </trkpt>
      <trkpt lat="52.072900000" lon="14.964020000">
        <ele>0.000</ele>
      </trkpt>
      <trkpt lat="52.073190000" lon="14.967560000">
        <ele>0.000</ele>
      </trkpt>
      <trkpt lat="52.074670000" lon="14.984920000">
        <ele>0.000</ele>
      </trkpt>
      <trkpt lat="52.074650000" lon="14.985460000">
        <ele>0.000</ele>
      </trkpt>
      <trkpt lat="52.074630000" lon="14.985590000">
        <ele>0.000</ele>
      </trkpt>
      <trkpt lat="52.074230000" lon="14.988550000">
        <ele>0.000</ele>
      </trkpt>
      <trkpt lat="52.074070000" lon="14.990540000">
        <ele>0.000</ele>
      </trkpt>
      <trkpt lat="52.074020000" lon="15.000700000">
        <ele>0.000</ele>
      </trkpt>
      <trkpt lat="52.073970000" lon="15.001330000">
        <ele>0.000</ele>
      </trkpt>
      <trkpt lat="52.073410000" lon="15.005650000">
        <ele>0.000</ele>
      </trkpt>
      <trkpt lat="52.073410000" lon="15.006390000">
        <ele>0.000</ele>
      </trkpt>
      <trkpt lat="52.073530000" lon="15.006880000">
        <ele>0.000</ele>
      </trkpt>
      <trkpt lat="52.075520000" lon="15.013080000">
        <ele>0.000</ele>
      </trkpt>
      <trkpt lat="52.075990000" lon="15.014500000">
        <ele>0.000</ele>
      </trkpt>
      <trkpt lat="52.080730000" lon="15.029190000">
        <ele>0.000</ele>
      </trkpt>
      <trkpt lat="52.080820000" lon="15.029630000">
        <ele>0.000</ele>
      </trkpt>
      <trkpt lat="52.080870000" lon="15.030100000">
        <ele>0.000</ele>
      </trkpt>
      <trkpt lat="52.081080000" lon="15.031610000">
        <ele>0.000</ele>
      </trkpt>
      <trkpt lat="52.081180000" lon="15.031960000">
        <ele>0.000</ele>
      </trkpt>
      <trkpt lat="52.081340000" lon="15.032410000">
        <ele>0.000</ele>
      </trkpt>
      <trkpt lat="52.083890000" lon="15.038140000">
        <ele>0.000</ele>
      </trkpt>
      <trkpt lat="52.083920000" lon="15.038270000">
        <ele>0.000</ele>
      </trkpt>
      <trkpt lat="52.083990000" lon="15.038510000">
        <ele>0.000</ele>
      </trkpt>
      <trkpt lat="52.084040000" lon="15.038650000">
        <ele>0.000</ele>
      </trkpt>
      <trkpt lat="52.084190000" lon="15.038810000">
        <ele>0.000</ele>
      </trkpt>
      <trkpt lat="52.084320000" lon="15.039070000">
        <ele>0.000</ele>
      </trkpt>
      <trkpt lat="52.084270000" lon="15.039070000">
        <ele>0.000</ele>
      </trkpt>
      <trkpt lat="52.084030000" lon="15.039430000">
        <ele>0.000</ele>
      </trkpt>
      <trkpt lat="52.083890000" lon="15.039690000">
        <ele>0.000</ele>
      </trkpt>
      <trkpt lat="52.082490000" lon="15.041780000">
        <ele>0.000</ele>
      </trkpt>
      <trkpt lat="52.082130000" lon="15.042450000">
        <ele>0.000</ele>
      </trkpt>
      <trkpt lat="52.081530000" lon="15.043410000">
        <ele>0.000</ele>
      </trkpt>
      <trkpt lat="52.081490000" lon="15.043460000">
        <ele>0.000</ele>
      </trkpt>
      <trkpt lat="52.081370000" lon="15.043470000">
        <ele>0.000</ele>
      </trkpt>
      <trkpt lat="52.080820000" lon="15.044360000">
        <ele>0.000</ele>
      </trkpt>
      <trkpt lat="52.080740000" lon="15.044500000">
        <ele>0.000</ele>
      </trkpt>
      <trkpt lat="52.080670000" lon="15.044370000">
        <ele>0.000</ele>
      </trkpt>
      <trkpt lat="52.080470000" lon="15.044690000">
        <ele>0.000</ele>
      </trkpt>
      <trkpt lat="52.080420000" lon="15.044600000">
        <ele>0.000</ele>
      </trkpt>
      <trkpt lat="52.078620000" lon="15.043640000">
        <ele>0.000</ele>
      </trkpt>
      <trkpt lat="52.078200000" lon="15.045760000">
        <ele>0.000</ele>
      </trkpt>
      <trkpt lat="52.078140000" lon="15.046010000">
        <ele>0.000</ele>
      </trkpt>
      <trkpt lat="52.078090000" lon="15.046150000">
        <ele>0.000</ele>
      </trkpt>
      <trkpt lat="52.078050000" lon="15.046210000">
        <ele>0.000</ele>
      </trkpt>
      <trkpt lat="52.078020000" lon="15.046350000">
        <ele>0.000</ele>
      </trkpt>
      <trkpt lat="52.077980000" lon="15.046610000">
        <ele>0.000</ele>
      </trkpt>
      <trkpt lat="52.077820000" lon="15.048250000">
        <ele>0.000</ele>
      </trkpt>
      <trkpt lat="52.077270000" lon="15.048140000">
        <ele>0.000</ele>
      </trkpt>
      <trkpt lat="52.076730000" lon="15.048480000">
        <ele>0.000</ele>
      </trkpt>
      <trkpt lat="52.075980000" lon="15.049050000">
        <ele>0.000</ele>
      </trkpt>
      <trkpt lat="52.076360000" lon="15.049750000">
        <ele>0.000</ele>
      </trkpt>
      <trkpt lat="52.076540000" lon="15.049990000">
        <ele>0.000</ele>
      </trkpt>
      <trkpt lat="52.076860000" lon="15.050650000">
        <ele>0.000</ele>
      </trkpt>
      <trkpt lat="52.075190000" lon="15.053410000">
        <ele>0.000</ele>
      </trkpt>
      <trkpt lat="52.075240000" lon="15.053620000">
        <ele>0.000</ele>
      </trkpt>
      <trkpt lat="52.075080000" lon="15.053890000">
        <ele>0.000</ele>
      </trkpt>
      <trkpt lat="52.074890000" lon="15.054080000">
        <ele>0.000</ele>
      </trkpt>
      <trkpt lat="52.074380000" lon="15.054900000">
        <ele>0.000</ele>
      </trkpt>
      <trkpt lat="52.072920000" lon="15.057350000">
        <ele>0.000</ele>
      </trkpt>
      <trkpt lat="52.071830000" lon="15.059150000">
        <ele>0.000</ele>
      </trkpt>
      <trkpt lat="52.071460000" lon="15.059750000">
        <ele>0.000</ele>
      </trkpt>
      <trkpt lat="52.071050000" lon="15.060450000">
        <ele>0.000</ele>
      </trkpt>
      <trkpt lat="52.067990000" lon="15.065480000">
        <ele>0.000</ele>
      </trkpt>
      <trkpt lat="52.064730000" lon="15.070820000">
        <ele>0.000</ele>
      </trkpt>
      <trkpt lat="52.064570000" lon="15.071120000">
        <ele>0.000</ele>
      </trkpt>
      <trkpt lat="52.062210000" lon="15.077440000">
        <ele>0.000</ele>
      </trkpt>
      <trkpt lat="52.062090000" lon="15.077440000">
        <ele>0.000</ele>
      </trkpt>
      <trkpt lat="52.061610000" lon="15.078740000">
        <ele>0.000</ele>
      </trkpt>
      <trkpt lat="52.062110000" lon="15.079470000">
        <ele>0.000</ele>
      </trkpt>
      <trkpt lat="52.062900000" lon="15.080390000">
        <ele>0.000</ele>
      </trkpt>
      <trkpt lat="52.064390000" lon="15.081860000">
        <ele>0.000</ele>
      </trkpt>
      <trkpt lat="52.063760000" lon="15.081840000">
        <ele>0.000</ele>
      </trkpt>
      <trkpt lat="52.063630000" lon="15.083900000">
        <ele>0.000</ele>
      </trkpt>
      <trkpt lat="52.063570000" lon="15.084700000">
        <ele>0.000</ele>
      </trkpt>
      <trkpt lat="52.063500000" lon="15.086390000">
        <ele>0.000</ele>
      </trkpt>
      <trkpt lat="52.063350000" lon="15.089320000">
        <ele>0.000</ele>
      </trkpt>
      <trkpt lat="52.063620000" lon="15.089360000">
        <ele>0.000</ele>
      </trkpt>
      <trkpt lat="52.063660000" lon="15.089380000">
        <ele>0.000</ele>
      </trkpt>
      <trkpt lat="52.063700000" lon="15.089420000">
        <ele>0.000</ele>
      </trkpt>
      <trkpt lat="52.063740000" lon="15.089590000">
        <ele>0.000</ele>
      </trkpt>
      <trkpt lat="52.063750000" lon="15.089700000">
        <ele>0.000</ele>
      </trkpt>
      <trkpt lat="52.063700000" lon="15.089830000">
        <ele>0.000</ele>
      </trkpt>
      <trkpt lat="52.063630000" lon="15.090010000">
        <ele>0.000</ele>
      </trkpt>
      <trkpt lat="52.063490000" lon="15.090250000">
        <ele>0.000</ele>
      </trkpt>
      <trkpt lat="52.063180000" lon="15.090750000">
        <ele>0.000</ele>
      </trkpt>
      <trkpt lat="52.062280000" lon="15.092750000">
        <ele>0.000</ele>
      </trkpt>
      <trkpt lat="52.062080000" lon="15.093250000">
        <ele>0.000</ele>
      </trkpt>
      <trkpt lat="52.061690000" lon="15.094350000">
        <ele>0.000</ele>
      </trkpt>
      <trkpt lat="52.061630000" lon="15.094480000">
        <ele>0.000</ele>
      </trkpt>
      <trkpt lat="52.061570000" lon="15.094470000">
        <ele>0.000</ele>
      </trkpt>
      <trkpt lat="52.061530000" lon="15.094510000">
        <ele>0.000</ele>
      </trkpt>
      <trkpt lat="52.061460000" lon="15.094550000">
        <ele>0.000</ele>
      </trkpt>
      <trkpt lat="52.061300000" lon="15.094580000">
        <ele>0.000</ele>
      </trkpt>
      <trkpt lat="52.061000000" lon="15.094700000">
        <ele>0.000</ele>
      </trkpt>
      <trkpt lat="52.060890000" lon="15.094760000">
        <ele>0.000</ele>
      </trkpt>
      <trkpt lat="52.060630000" lon="15.094940000">
        <ele>0.000</ele>
      </trkpt>
      <trkpt lat="52.060540000" lon="15.095010000">
        <ele>0.000</ele>
      </trkpt>
      <trkpt lat="52.059870000" lon="15.095790000">
        <ele>0.000</ele>
      </trkpt>
      <trkpt lat="52.059780000" lon="15.095930000">
        <ele>0.000</ele>
      </trkpt>
      <trkpt lat="52.059460000" lon="15.096310000">
        <ele>0.000</ele>
      </trkpt>
      <trkpt lat="52.059240000" lon="15.096490000">
        <ele>0.000</ele>
      </trkpt>
      <trkpt lat="52.059020000" lon="15.096640000">
        <ele>0.000</ele>
      </trkpt>
      <trkpt lat="52.058790000" lon="15.096740000">
        <ele>0.000</ele>
      </trkpt>
      <trkpt lat="52.058580000" lon="15.096810000">
        <ele>0.000</ele>
      </trkpt>
      <trkpt lat="52.058260000" lon="15.096830000">
        <ele>0.000</ele>
      </trkpt>
      <trkpt lat="52.058070000" lon="15.096820000">
        <ele>0.000</ele>
      </trkpt>
      <trkpt lat="52.057840000" lon="15.096790000">
        <ele>0.000</ele>
      </trkpt>
      <trkpt lat="52.057660000" lon="15.096740000">
        <ele>0.000</ele>
      </trkpt>
      <trkpt lat="52.057210000" lon="15.096610000">
        <ele>0.000</ele>
      </trkpt>
      <trkpt lat="52.056740000" lon="15.096450000">
        <ele>0.000</ele>
      </trkpt>
      <trkpt lat="52.056710000" lon="15.096410000">
        <ele>0.000</ele>
      </trkpt>
      <trkpt lat="52.055700000" lon="15.095990000">
        <ele>0.000</ele>
      </trkpt>
      <trkpt lat="52.055320000" lon="15.095810000">
        <ele>0.000</ele>
      </trkpt>
      <trkpt lat="52.055300000" lon="15.095900000">
        <ele>0.000</ele>
      </trkpt>
      <trkpt lat="52.055090000" lon="15.095770000">
        <ele>0.000</ele>
      </trkpt>
      <trkpt lat="52.055040000" lon="15.096290000">
        <ele>0.000</ele>
      </trkpt>
      <trkpt lat="52.055040000" lon="15.096590000">
        <ele>0.000</ele>
      </trkpt>
      <trkpt lat="52.054990000" lon="15.097070000">
        <ele>0.000</ele>
      </trkpt>
      <trkpt lat="52.054910000" lon="15.097590000">
        <ele>0.000</ele>
      </trkpt>
      <trkpt lat="52.054870000" lon="15.097790000">
        <ele>0.000</ele>
      </trkpt>
      <trkpt lat="52.054790000" lon="15.098120000">
        <ele>0.000</ele>
      </trkpt>
      <trkpt lat="52.054690000" lon="15.098050000">
        <ele>0.000</ele>
      </trkpt>
      <trkpt lat="52.054560000" lon="15.097980000">
        <ele>0.000</ele>
      </trkpt>
      <trkpt lat="52.053910000" lon="15.097700000">
        <ele>0.000</ele>
      </trkpt>
      <trkpt lat="52.053890000" lon="15.097800000">
        <ele>0.000</ele>
      </trkpt>
      <trkpt lat="52.053950000" lon="15.097830000">
        <ele>0.000</ele>
      </trkpt>
      <trkpt lat="52.053880000" lon="15.098280000">
        <ele>0.000</ele>
      </trkpt>
      <trkpt lat="52.053840000" lon="15.098380000">
        <ele>0.000</ele>
      </trkpt>
      <trkpt lat="52.053700000" lon="15.098140000">
        <ele>0.000</ele>
      </trkpt>
      <trkpt lat="52.053620000" lon="15.098060000">
        <ele>0.000</ele>
      </trkpt>
      <trkpt lat="52.053620000" lon="15.098060000">
        <ele>0.000</ele>
      </trkpt>
      <trkpt lat="52.053700000" lon="15.098140000">
        <ele>0.000</ele>
      </trkpt>
      <trkpt lat="52.053840000" lon="15.098380000">
        <ele>0.000</ele>
      </trkpt>
      <trkpt lat="52.053930000" lon="15.098490000">
        <ele>0.000</ele>
      </trkpt>
      <trkpt lat="52.053930000" lon="15.098500000">
        <ele>0.000</ele>
      </trkpt>
      <trkpt lat="52.053910000" lon="15.098580000">
        <ele>0.000</ele>
      </trkpt>
      <trkpt lat="52.053930000" lon="15.098650000">
        <ele>0.000</ele>
      </trkpt>
      <trkpt lat="52.053970000" lon="15.098700000">
        <ele>0.000</ele>
      </trkpt>
      <trkpt lat="52.054020000" lon="15.098690000">
        <ele>0.000</ele>
      </trkpt>
      <trkpt lat="52.054040000" lon="15.098670000">
        <ele>0.000</ele>
      </trkpt>
      <trkpt lat="52.054350000" lon="15.099230000">
        <ele>0.000</ele>
      </trkpt>
      <trkpt lat="52.054410000" lon="15.099030000">
        <ele>0.000</ele>
      </trkpt>
      <trkpt lat="52.054550000" lon="15.099180000">
        <ele>0.000</ele>
      </trkpt>
      <trkpt lat="52.054530000" lon="15.099240000">
        <ele>0.000</ele>
      </trkpt>
      <trkpt lat="52.054960000" lon="15.099450000">
        <ele>0.000</ele>
      </trkpt>
      <trkpt lat="52.055040000" lon="15.099530000">
        <ele>0.000</ele>
      </trkpt>
      <trkpt lat="52.055080000" lon="15.099580000">
        <ele>0.000</ele>
      </trkpt>
      <trkpt lat="52.055080000" lon="15.099670000">
        <ele>0.000</ele>
      </trkpt>
      <trkpt lat="52.055040000" lon="15.100040000">
        <ele>0.000</ele>
      </trkpt>
      <trkpt lat="52.055040000" lon="15.100110000">
        <ele>0.000</ele>
      </trkpt>
      <trkpt lat="52.055090000" lon="15.100310000">
        <ele>0.000</ele>
      </trkpt>
      <trkpt lat="52.055170000" lon="15.100540000">
        <ele>0.000</ele>
      </trkpt>
      <trkpt lat="52.055260000" lon="15.100760000">
        <ele>0.000</ele>
      </trkpt>
      <trkpt lat="52.055340000" lon="15.100890000">
        <ele>0.000</ele>
      </trkpt>
      <trkpt lat="52.055440000" lon="15.101020000">
        <ele>0.000</ele>
      </trkpt>
      <trkpt lat="52.055580000" lon="15.101140000">
        <ele>0.000</ele>
      </trkpt>
      <trkpt lat="52.055820000" lon="15.101240000">
        <ele>0.000</ele>
      </trkpt>
      <trkpt lat="52.055810000" lon="15.101370000">
        <ele>0.000</ele>
      </trkpt>
      <trkpt lat="52.056120000" lon="15.101440000">
        <ele>0.000</ele>
      </trkpt>
      <trkpt lat="52.056060000" lon="15.102470000">
        <ele>0.000</ele>
      </trkpt>
      <trkpt lat="52.056060000" lon="15.104240000">
        <ele>0.000</ele>
      </trkpt>
      <trkpt lat="52.056080000" lon="15.104680000">
        <ele>0.000</ele>
      </trkpt>
      <trkpt lat="52.056230000" lon="15.106340000">
        <ele>0.000</ele>
      </trkpt>
      <trkpt lat="52.056480000" lon="15.108870000">
        <ele>0.000</ele>
      </trkpt>
      <trkpt lat="52.056400000" lon="15.108910000">
        <ele>0.000</ele>
      </trkpt>
      <trkpt lat="52.056350000" lon="15.108970000">
        <ele>0.000</ele>
      </trkpt>
      <trkpt lat="52.056340000" lon="15.109040000">
        <ele>0.000</ele>
      </trkpt>
      <trkpt lat="52.056330000" lon="15.109130000">
        <ele>0.000</ele>
      </trkpt>
      <trkpt lat="52.056390000" lon="15.109880000">
        <ele>0.000</ele>
      </trkpt>
      <trkpt lat="52.056470000" lon="15.110700000">
        <ele>0.000</ele>
      </trkpt>
      <trkpt lat="52.056500000" lon="15.111840000">
        <ele>0.000</ele>
      </trkpt>
      <trkpt lat="52.056420000" lon="15.111840000">
        <ele>0.000</ele>
      </trkpt>
      <trkpt lat="52.056350000" lon="15.111820000">
        <ele>0.000</ele>
      </trkpt>
      <trkpt lat="52.055330000" lon="15.111470000">
        <ele>0.000</ele>
      </trkpt>
      <trkpt lat="52.055210000" lon="15.112410000">
        <ele>0.000</ele>
      </trkpt>
      <trkpt lat="52.055180000" lon="15.112510000">
        <ele>0.000</ele>
      </trkpt>
      <trkpt lat="52.055120000" lon="15.112570000">
        <ele>0.000</ele>
      </trkpt>
      <trkpt lat="52.055070000" lon="15.112610000">
        <ele>0.000</ele>
      </trkpt>
      <trkpt lat="52.054930000" lon="15.112670000">
        <ele>0.000</ele>
      </trkpt>
      <trkpt lat="52.054790000" lon="15.112640000">
        <ele>0.000</ele>
      </trkpt>
      <trkpt lat="52.054770000" lon="15.112770000">
        <ele>0.000</ele>
      </trkpt>
      <trkpt lat="52.054780000" lon="15.112980000">
        <ele>0.000</ele>
      </trkpt>
      <trkpt lat="52.054760000" lon="15.113340000">
        <ele>0.000</ele>
      </trkpt>
      <trkpt lat="52.053910000" lon="15.113240000">
        <ele>0.000</ele>
      </trkpt>
      <trkpt lat="52.053380000" lon="15.113200000">
        <ele>0.000</ele>
      </trkpt>
      <trkpt lat="52.053000000" lon="15.113250000">
        <ele>0.000</ele>
      </trkpt>
      <trkpt lat="52.053000000" lon="15.113340000">
        <ele>0.000</ele>
      </trkpt>
      <trkpt lat="52.053020000" lon="15.113470000">
        <ele>0.000</ele>
      </trkpt>
      <trkpt lat="52.052990000" lon="15.113510000">
        <ele>0.000</ele>
      </trkpt>
      <trkpt lat="52.052980000" lon="15.113550000">
        <ele>0.000</ele>
      </trkpt>
      <trkpt lat="52.052970000" lon="15.113660000">
        <ele>0.000</ele>
      </trkpt>
      <trkpt lat="52.052970000" lon="15.113720000">
        <ele>0.000</ele>
      </trkpt>
      <trkpt lat="52.052870000" lon="15.113920000">
        <ele>0.000</ele>
      </trkpt>
      <trkpt lat="52.052100000" lon="15.113460000">
        <ele>0.000</ele>
      </trkpt>
      <trkpt lat="52.052050000" lon="15.113470000">
        <ele>0.000</ele>
      </trkpt>
      <trkpt lat="52.052010000" lon="15.113510000">
        <ele>0.000</ele>
      </trkpt>
      <trkpt lat="52.051970000" lon="15.113650000">
        <ele>0.000</ele>
      </trkpt>
      <trkpt lat="52.051910000" lon="15.113660000">
        <ele>0.000</ele>
      </trkpt>
      <trkpt lat="52.051960000" lon="15.114600000">
        <ele>0.000</ele>
      </trkpt>
      <trkpt lat="52.051990000" lon="15.114860000">
        <ele>0.000</ele>
      </trkpt>
      <trkpt lat="52.051990000" lon="15.114930000">
        <ele>0.000</ele>
      </trkpt>
      <trkpt lat="52.052020000" lon="15.115200000">
        <ele>0.000</ele>
      </trkpt>
      <trkpt lat="52.052100000" lon="15.116370000">
        <ele>0.000</ele>
      </trkpt>
      <trkpt lat="52.052240000" lon="15.118530000">
        <ele>0.000</ele>
      </trkpt>
      <trkpt lat="52.052270000" lon="15.119340000">
        <ele>0.000</ele>
      </trkpt>
      <trkpt lat="52.052330000" lon="15.120220000">
        <ele>0.000</ele>
      </trkpt>
      <trkpt lat="52.052340000" lon="15.120670000">
        <ele>0.000</ele>
      </trkpt>
      <trkpt lat="52.052310000" lon="15.121050000">
        <ele>0.000</ele>
      </trkpt>
      <trkpt lat="52.052260000" lon="15.121350000">
        <ele>0.000</ele>
      </trkpt>
      <trkpt lat="52.052030000" lon="15.122450000">
        <ele>0.000</ele>
      </trkpt>
      <trkpt lat="52.051830000" lon="15.123490000">
        <ele>0.000</ele>
      </trkpt>
      <trkpt lat="52.051690000" lon="15.124860000">
        <ele>0.000</ele>
      </trkpt>
      <trkpt lat="52.051650000" lon="15.126210000">
        <ele>0.000</ele>
      </trkpt>
      <trkpt lat="52.051590000" lon="15.127030000">
        <ele>0.000</ele>
      </trkpt>
      <trkpt lat="52.051530000" lon="15.127740000">
        <ele>0.000</ele>
      </trkpt>
      <trkpt lat="52.051440000" lon="15.128450000">
        <ele>0.000</ele>
      </trkpt>
      <trkpt lat="52.051130000" lon="15.129960000">
        <ele>0.000</ele>
      </trkpt>
      <trkpt lat="52.050940000" lon="15.131180000">
        <ele>0.000</ele>
      </trkpt>
      <trkpt lat="52.050780000" lon="15.132280000">
        <ele>0.000</ele>
      </trkpt>
      <trkpt lat="52.050760000" lon="15.133250000">
        <ele>0.000</ele>
      </trkpt>
      <trkpt lat="52.050380000" lon="15.135310000">
        <ele>0.000</ele>
      </trkpt>
      <trkpt lat="52.050340000" lon="15.135790000">
        <ele>0.000</ele>
      </trkpt>
      <trkpt lat="52.050370000" lon="15.136290000">
        <ele>0.000</ele>
      </trkpt>
      <trkpt lat="52.050410000" lon="15.136810000">
        <ele>0.000</ele>
      </trkpt>
      <trkpt lat="52.050500000" lon="15.136940000">
        <ele>0.000</ele>
      </trkpt>
      <trkpt lat="52.050790000" lon="15.137150000">
        <ele>0.000</ele>
      </trkpt>
      <trkpt lat="52.051640000" lon="15.137570000">
        <ele>0.000</ele>
      </trkpt>
      <trkpt lat="52.052480000" lon="15.138470000">
        <ele>0.000</ele>
      </trkpt>
      <trkpt lat="52.052890000" lon="15.139050000">
        <ele>0.000</ele>
      </trkpt>
      <trkpt lat="52.053000000" lon="15.139350000">
        <ele>0.000</ele>
      </trkpt>
      <trkpt lat="52.053080000" lon="15.140490000">
        <ele>0.000</ele>
      </trkpt>
      <trkpt lat="52.053190000" lon="15.140830000">
        <ele>0.000</ele>
      </trkpt>
      <trkpt lat="52.053370000" lon="15.141180000">
        <ele>0.000</ele>
      </trkpt>
      <trkpt lat="52.053710000" lon="15.141530000">
        <ele>0.000</ele>
      </trkpt>
      <trkpt lat="52.053820000" lon="15.141760000">
        <ele>0.000</ele>
      </trkpt>
      <trkpt lat="52.053990000" lon="15.142450000">
        <ele>0.000</ele>
      </trkpt>
      <trkpt lat="52.054020000" lon="15.142760000">
        <ele>0.000</ele>
      </trkpt>
      <trkpt lat="52.054010000" lon="15.144470000">
        <ele>0.000</ele>
      </trkpt>
      <trkpt lat="52.053970000" lon="15.152800000">
        <ele>0.000</ele>
      </trkpt>
      <trkpt lat="52.053950000" lon="15.155720000">
        <ele>0.000</ele>
      </trkpt>
      <trkpt lat="52.053990000" lon="15.158080000">
        <ele>0.000</ele>
      </trkpt>
      <trkpt lat="52.054010000" lon="15.158300000">
        <ele>0.000</ele>
      </trkpt>
      <trkpt lat="52.054060000" lon="15.158780000">
        <ele>0.000</ele>
      </trkpt>
      <trkpt lat="52.054270000" lon="15.160180000">
        <ele>0.000</ele>
      </trkpt>
      <trkpt lat="52.054380000" lon="15.161320000">
        <ele>0.000</ele>
      </trkpt>
      <trkpt lat="52.054660000" lon="15.163200000">
        <ele>0.000</ele>
      </trkpt>
      <trkpt lat="52.054710000" lon="15.163380000">
        <ele>0.000</ele>
      </trkpt>
      <trkpt lat="52.054800000" lon="15.163840000">
        <ele>0.000</ele>
      </trkpt>
      <trkpt lat="52.054820000" lon="15.164320000">
        <ele>0.000</ele>
      </trkpt>
      <trkpt lat="52.054880000" lon="15.164860000">
        <ele>0.000</ele>
      </trkpt>
      <trkpt lat="52.054910000" lon="15.164900000">
        <ele>0.000</ele>
      </trkpt>
      <trkpt lat="52.054960000" lon="15.164950000">
        <ele>0.000</ele>
      </trkpt>
      <trkpt lat="52.055060000" lon="15.164930000">
        <ele>0.000</ele>
      </trkpt>
      <trkpt lat="52.055600000" lon="15.165070000">
        <ele>0.000</ele>
      </trkpt>
      <trkpt lat="52.056140000" lon="15.165100000">
        <ele>0.000</ele>
      </trkpt>
      <trkpt lat="52.056950000" lon="15.165220000">
        <ele>0.000</ele>
      </trkpt>
      <trkpt lat="52.057380000" lon="15.165290000">
        <ele>0.000</ele>
      </trkpt>
      <trkpt lat="52.060420000" lon="15.166220000">
        <ele>0.000</ele>
      </trkpt>
      <trkpt lat="52.063320000" lon="15.167120000">
        <ele>0.000</ele>
      </trkpt>
      <trkpt lat="52.063460000" lon="15.167220000">
        <ele>0.000</ele>
      </trkpt>
      <trkpt lat="52.064740000" lon="15.168360000">
        <ele>0.000</ele>
      </trkpt>
      <trkpt lat="52.066870000" lon="15.170170000">
        <ele>0.000</ele>
      </trkpt>
      <trkpt lat="52.067390000" lon="15.170640000">
        <ele>0.000</ele>
      </trkpt>
      <trkpt lat="52.067530000" lon="15.170710000">
        <ele>0.000</ele>
      </trkpt>
      <trkpt lat="52.067600000" lon="15.170660000">
        <ele>0.000</ele>
      </trkpt>
      <trkpt lat="52.067920000" lon="15.172100000">
        <ele>0.000</ele>
      </trkpt>
      <trkpt lat="52.068230000" lon="15.173300000">
        <ele>0.000</ele>
      </trkpt>
      <trkpt lat="52.068960000" lon="15.175680000">
        <ele>0.000</ele>
      </trkpt>
      <trkpt lat="52.069700000" lon="15.177700000">
        <ele>0.000</ele>
      </trkpt>
      <trkpt lat="52.069790000" lon="15.177920000">
        <ele>0.000</ele>
      </trkpt>
      <trkpt lat="52.069930000" lon="15.178220000">
        <ele>0.000</ele>
      </trkpt>
      <trkpt lat="52.070200000" lon="15.178740000">
        <ele>0.000</ele>
      </trkpt>
      <trkpt lat="52.070540000" lon="15.179240000">
        <ele>0.000</ele>
      </trkpt>
      <trkpt lat="52.070970000" lon="15.179990000">
        <ele>0.000</ele>
      </trkpt>
      <trkpt lat="52.071330000" lon="15.180840000">
        <ele>0.000</ele>
      </trkpt>
      <trkpt lat="52.072660000" lon="15.184260000">
        <ele>0.000</ele>
      </trkpt>
      <trkpt lat="52.074820000" lon="15.189580000">
        <ele>0.000</ele>
      </trkpt>
      <trkpt lat="52.076760000" lon="15.194570000">
        <ele>0.000</ele>
      </trkpt>
      <trkpt lat="52.077660000" lon="15.196860000">
        <ele>0.000</ele>
      </trkpt>
      <trkpt lat="52.077830000" lon="15.197360000">
        <ele>0.000</ele>
      </trkpt>
      <trkpt lat="52.077990000" lon="15.198070000">
        <ele>0.000</ele>
      </trkpt>
      <trkpt lat="52.078090000" lon="15.198620000">
        <ele>0.000</ele>
      </trkpt>
      <trkpt lat="52.078900000" lon="15.204380000">
        <ele>0.000</ele>
      </trkpt>
      <trkpt lat="52.078990000" lon="15.204850000">
        <ele>0.000</ele>
      </trkpt>
      <trkpt lat="52.079040000" lon="15.205370000">
        <ele>0.000</ele>
      </trkpt>
      <trkpt lat="52.080610000" lon="15.216570000">
        <ele>0.000</ele>
      </trkpt>
      <trkpt lat="52.080750000" lon="15.217750000">
        <ele>0.000</ele>
      </trkpt>
      <trkpt lat="52.080900000" lon="15.219250000">
        <ele>0.000</ele>
      </trkpt>
      <trkpt lat="52.081130000" lon="15.220620000">
        <ele>0.000</ele>
      </trkpt>
      <trkpt lat="52.081830000" lon="15.224620000">
        <ele>0.000</ele>
      </trkpt>
      <trkpt lat="52.081910000" lon="15.224990000">
        <ele>0.000</ele>
      </trkpt>
      <trkpt lat="52.082070000" lon="15.225490000">
        <ele>0.000</ele>
      </trkpt>
      <trkpt lat="52.083010000" lon="15.227580000">
        <ele>0.000</ele>
      </trkpt>
      <trkpt lat="52.083370000" lon="15.228570000">
        <ele>0.000</ele>
      </trkpt>
      <trkpt lat="52.083590000" lon="15.229400000">
        <ele>0.000</ele>
      </trkpt>
      <trkpt lat="52.083660000" lon="15.229690000">
        <ele>0.000</ele>
      </trkpt>
      <trkpt lat="52.083720000" lon="15.230180000">
        <ele>0.000</ele>
      </trkpt>
      <trkpt lat="52.083680000" lon="15.230960000">
        <ele>0.000</ele>
      </trkpt>
      <trkpt lat="52.083550000" lon="15.232940000">
        <ele>0.000</ele>
      </trkpt>
      <trkpt lat="52.083450000" lon="15.235170000">
        <ele>0.000</ele>
      </trkpt>
      <trkpt lat="52.083230000" lon="15.242040000">
        <ele>0.000</ele>
      </trkpt>
      <trkpt lat="52.083110000" lon="15.246550000">
        <ele>0.000</ele>
      </trkpt>
      <trkpt lat="52.083140000" lon="15.246980000">
        <ele>0.000</ele>
      </trkpt>
      <trkpt lat="52.083180000" lon="15.247410000">
        <ele>0.000</ele>
      </trkpt>
      <trkpt lat="52.083350000" lon="15.248400000">
        <ele>0.000</ele>
      </trkpt>
      <trkpt lat="52.084070000" lon="15.252380000">
        <ele>0.000</ele>
      </trkpt>
      <trkpt lat="52.084790000" lon="15.256480000">
        <ele>0.000</ele>
      </trkpt>
      <trkpt lat="52.085850000" lon="15.262210000">
        <ele>0.000</ele>
      </trkpt>
      <trkpt lat="52.086630000" lon="15.266640000">
        <ele>0.000</ele>
      </trkpt>
      <trkpt lat="52.086730000" lon="15.267250000">
        <ele>0.000</ele>
      </trkpt>
      <trkpt lat="52.086790000" lon="15.267840000">
        <ele>0.000</ele>
      </trkpt>
      <trkpt lat="52.086800000" lon="15.268180000">
        <ele>0.000</ele>
      </trkpt>
      <trkpt lat="52.086800000" lon="15.268440000">
        <ele>0.000</ele>
      </trkpt>
      <trkpt lat="52.086760000" lon="15.268950000">
        <ele>0.000</ele>
      </trkpt>
      <trkpt lat="52.086650000" lon="15.269910000">
        <ele>0.000</ele>
      </trkpt>
      <trkpt lat="52.086510000" lon="15.270850000">
        <ele>0.000</ele>
      </trkpt>
      <trkpt lat="52.086120000" lon="15.273450000">
        <ele>0.000</ele>
      </trkpt>
      <trkpt lat="52.084100000" lon="15.274300000">
        <ele>0.000</ele>
      </trkpt>
      <trkpt lat="52.083660000" lon="15.274500000">
        <ele>0.000</ele>
      </trkpt>
      <trkpt lat="52.083510000" lon="15.274540000">
        <ele>0.000</ele>
      </trkpt>
      <trkpt lat="52.083320000" lon="15.274520000">
        <ele>0.000</ele>
      </trkpt>
      <trkpt lat="52.083140000" lon="15.274490000">
        <ele>0.000</ele>
      </trkpt>
      <trkpt lat="52.082940000" lon="15.274510000">
        <ele>0.000</ele>
      </trkpt>
      <trkpt lat="52.082790000" lon="15.274550000">
        <ele>0.000</ele>
      </trkpt>
      <trkpt lat="52.082630000" lon="15.274630000">
        <ele>0.000</ele>
      </trkpt>
      <trkpt lat="52.082360000" lon="15.274860000">
        <ele>0.000</ele>
      </trkpt>
      <trkpt lat="52.080060000" lon="15.277090000">
        <ele>0.000</ele>
      </trkpt>
      <trkpt lat="52.079560000" lon="15.277430000">
        <ele>0.000</ele>
      </trkpt>
      <trkpt lat="52.075880000" lon="15.278770000">
        <ele>0.000</ele>
      </trkpt>
      <trkpt lat="52.075460000" lon="15.279040000">
        <ele>0.000</ele>
      </trkpt>
      <trkpt lat="52.075180000" lon="15.279370000">
        <ele>0.000</ele>
      </trkpt>
      <trkpt lat="52.074950000" lon="15.279840000">
        <ele>0.000</ele>
      </trkpt>
      <trkpt lat="52.067280000" lon="15.301650000">
        <ele>0.000</ele>
      </trkpt>
      <trkpt lat="52.067080000" lon="15.302270000">
        <ele>0.000</ele>
      </trkpt>
      <trkpt lat="52.066750000" lon="15.303500000">
        <ele>0.000</ele>
      </trkpt>
      <trkpt lat="52.066520000" lon="15.304460000">
        <ele>0.000</ele>
      </trkpt>
      <trkpt lat="52.066470000" lon="15.305120000">
        <ele>0.000</ele>
      </trkpt>
      <trkpt lat="52.066390000" lon="15.306540000">
        <ele>0.000</ele>
      </trkpt>
      <trkpt lat="52.066400000" lon="15.307330000">
        <ele>0.000</ele>
      </trkpt>
      <trkpt lat="52.066350000" lon="15.307860000">
        <ele>0.000</ele>
      </trkpt>
      <trkpt lat="52.066300000" lon="15.308160000">
        <ele>0.000</ele>
      </trkpt>
      <trkpt lat="52.066270000" lon="15.308340000">
        <ele>0.000</ele>
      </trkpt>
      <trkpt lat="52.066210000" lon="15.308440000">
        <ele>0.000</ele>
      </trkpt>
      <trkpt lat="52.066130000" lon="15.308480000">
        <ele>0.000</ele>
      </trkpt>
      <trkpt lat="52.065610000" lon="15.308200000">
        <ele>0.000</ele>
      </trkpt>
      <trkpt lat="52.065500000" lon="15.308220000">
        <ele>0.000</ele>
      </trkpt>
      <trkpt lat="52.065430000" lon="15.308290000">
        <ele>0.000</ele>
      </trkpt>
      <trkpt lat="52.065370000" lon="15.308470000">
        <ele>0.000</ele>
      </trkpt>
      <trkpt lat="52.065220000" lon="15.309700000">
        <ele>0.000</ele>
      </trkpt>
      <trkpt lat="52.065250000" lon="15.310380000">
        <ele>0.000</ele>
      </trkpt>
      <trkpt lat="52.066470000" lon="15.319750000">
        <ele>0.000</ele>
      </trkpt>
      <trkpt lat="52.066740000" lon="15.321840000">
        <ele>0.000</ele>
      </trkpt>
      <trkpt lat="52.066770000" lon="15.322320000">
        <ele>0.000</ele>
      </trkpt>
      <trkpt lat="52.066750000" lon="15.322770000">
        <ele>0.000</ele>
      </trkpt>
      <trkpt lat="52.066560000" lon="15.324440000">
        <ele>0.000</ele>
      </trkpt>
      <trkpt lat="52.066140000" lon="15.327880000">
        <ele>0.000</ele>
      </trkpt>
      <trkpt lat="52.065940000" lon="15.329490000">
        <ele>0.000</ele>
      </trkpt>
      <trkpt lat="52.065870000" lon="15.329840000">
        <ele>0.000</ele>
      </trkpt>
      <trkpt lat="52.065790000" lon="15.330120000">
        <ele>0.000</ele>
      </trkpt>
      <trkpt lat="52.065460000" lon="15.330750000">
        <ele>0.000</ele>
      </trkpt>
      <trkpt lat="52.064910000" lon="15.331730000">
        <ele>0.000</ele>
      </trkpt>
      <trkpt lat="52.064870000" lon="15.331900000">
        <ele>0.000</ele>
      </trkpt>
      <trkpt lat="52.064860000" lon="15.332040000">
        <ele>0.000</ele>
      </trkpt>
      <trkpt lat="52.064900000" lon="15.332160000">
        <ele>0.000</ele>
      </trkpt>
      <trkpt lat="52.064960000" lon="15.332250000">
        <ele>0.000</ele>
      </trkpt>
      <trkpt lat="52.065190000" lon="15.332510000">
        <ele>0.000</ele>
      </trkpt>
      <trkpt lat="52.065290000" lon="15.332630000">
        <ele>0.000</ele>
      </trkpt>
      <trkpt lat="52.065360000" lon="15.332760000">
        <ele>0.000</ele>
      </trkpt>
      <trkpt lat="52.065410000" lon="15.332920000">
        <ele>0.000</ele>
      </trkpt>
      <trkpt lat="52.065440000" lon="15.333080000">
        <ele>0.000</ele>
      </trkpt>
      <trkpt lat="52.065440000" lon="15.333330000">
        <ele>0.000</ele>
      </trkpt>
      <trkpt lat="52.062560000" lon="15.356390000">
        <ele>0.000</ele>
      </trkpt>
      <trkpt lat="52.062520000" lon="15.357360000">
        <ele>0.000</ele>
      </trkpt>
      <trkpt lat="52.062520000" lon="15.358330000">
        <ele>0.000</ele>
      </trkpt>
      <trkpt lat="52.062530000" lon="15.358380000">
        <ele>0.000</ele>
      </trkpt>
      <trkpt lat="52.062560000" lon="15.358430000">
        <ele>0.000</ele>
      </trkpt>
      <trkpt lat="52.062500000" lon="15.358440000">
        <ele>0.000</ele>
      </trkpt>
      <trkpt lat="52.062290000" lon="15.358410000">
        <ele>0.000</ele>
      </trkpt>
      <trkpt lat="52.061070000" lon="15.358050000">
        <ele>0.000</ele>
      </trkpt>
      <trkpt lat="52.060220000" lon="15.357850000">
        <ele>0.000</ele>
      </trkpt>
      <trkpt lat="52.060080000" lon="15.357780000">
        <ele>0.000</ele>
      </trkpt>
      <trkpt lat="52.059980000" lon="15.357710000">
        <ele>0.000</ele>
      </trkpt>
      <trkpt lat="52.059890000" lon="15.357620000">
        <ele>0.000</ele>
      </trkpt>
      <trkpt lat="52.059740000" lon="15.357370000">
        <ele>0.000</ele>
      </trkpt>
      <trkpt lat="52.059110000" lon="15.356210000">
        <ele>0.000</ele>
      </trkpt>
      <trkpt lat="52.058960000" lon="15.355990000">
        <ele>0.000</ele>
      </trkpt>
      <trkpt lat="52.058680000" lon="15.355640000">
        <ele>0.000</ele>
      </trkpt>
      <trkpt lat="52.058570000" lon="15.355530000">
        <ele>0.000</ele>
      </trkpt>
      <trkpt lat="52.057710000" lon="15.356450000">
        <ele>0.000</ele>
      </trkpt>
      <trkpt lat="52.051130000" lon="15.360420000">
        <ele>0.000</ele>
      </trkpt>
      <trkpt lat="52.050910000" lon="15.360520000">
        <ele>0.000</ele>
      </trkpt>
      <trkpt lat="52.050820000" lon="15.360620000">
        <ele>0.000</ele>
      </trkpt>
      <trkpt lat="52.050760000" lon="15.360420000">
        <ele>0.000</ele>
      </trkpt>
      <trkpt lat="52.050700000" lon="15.360400000">
        <ele>0.000</ele>
      </trkpt>
      <trkpt lat="52.050570000" lon="15.360400000">
        <ele>0.000</ele>
      </trkpt>
      <trkpt lat="52.046960000" lon="15.362290000">
        <ele>0.000</ele>
      </trkpt>
      <trkpt lat="52.046820000" lon="15.362440000">
        <ele>0.000</ele>
      </trkpt>
      <trkpt lat="52.046730000" lon="15.362540000">
        <ele>0.000</ele>
      </trkpt>
      <trkpt lat="52.046730000" lon="15.362620000">
        <ele>0.000</ele>
      </trkpt>
      <trkpt lat="52.046840000" lon="15.363020000">
        <ele>0.000</ele>
      </trkpt>
      <trkpt lat="52.046900000" lon="15.363120000">
        <ele>0.000</ele>
      </trkpt>
      <trkpt lat="52.046900000" lon="15.362970000">
        <ele>0.000</ele>
      </trkpt>
      <trkpt lat="52.046920000" lon="15.362750000">
        <ele>0.000</ele>
      </trkpt>
      <trkpt lat="52.047040000" lon="15.362540000">
        <ele>0.000</ele>
      </trkpt>
      <trkpt lat="52.047180000" lon="15.362130000">
        <ele>0.000</ele>
      </trkpt>
      <trkpt lat="52.047190000" lon="15.362020000">
        <ele>0.000</ele>
      </trkpt>
      <trkpt lat="52.047100000" lon="15.361890000">
        <ele>0.000</ele>
      </trkpt>
      <trkpt lat="52.046850000" lon="15.361630000">
        <ele>0.000</ele>
      </trkpt>
      <trkpt lat="52.046730000" lon="15.361590000">
        <ele>0.000</ele>
      </trkpt>
      <trkpt lat="52.046640000" lon="15.361680000">
        <ele>0.000</ele>
      </trkpt>
      <trkpt lat="52.046570000" lon="15.361760000">
        <ele>0.000</ele>
      </trkpt>
      <trkpt lat="52.046560000" lon="15.361870000">
        <ele>0.000</ele>
      </trkpt>
      <trkpt lat="52.045600000" lon="15.362290000">
        <ele>0.000</ele>
      </trkpt>
      <trkpt lat="52.043430000" lon="15.363200000">
        <ele>0.000</ele>
      </trkpt>
      <trkpt lat="52.043210000" lon="15.363360000">
        <ele>0.000</ele>
      </trkpt>
      <trkpt lat="52.043020000" lon="15.363420000">
        <ele>0.000</ele>
      </trkpt>
      <trkpt lat="52.042870000" lon="15.363390000">
        <ele>0.000</ele>
      </trkpt>
      <trkpt lat="52.042480000" lon="15.363130000">
        <ele>0.000</ele>
      </trkpt>
      <trkpt lat="52.042340000" lon="15.363190000">
        <ele>0.000</ele>
      </trkpt>
      <trkpt lat="52.042250000" lon="15.363390000">
        <ele>0.000</ele>
      </trkpt>
      <trkpt lat="52.042020000" lon="15.364580000">
        <ele>0.000</ele>
      </trkpt>
      <trkpt lat="52.041960000" lon="15.364730000">
        <ele>0.000</ele>
      </trkpt>
      <trkpt lat="52.041520000" lon="15.365110000">
        <ele>0.000</ele>
      </trkpt>
      <trkpt lat="52.039570000" lon="15.367650000">
        <ele>0.000</ele>
      </trkpt>
      <trkpt lat="52.039450000" lon="15.367790000">
        <ele>0.000</ele>
      </trkpt>
      <trkpt lat="52.039330000" lon="15.367850000">
        <ele>0.000</ele>
      </trkpt>
      <trkpt lat="52.039220000" lon="15.367940000">
        <ele>0.000</ele>
      </trkpt>
      <trkpt lat="52.039050000" lon="15.368160000">
        <ele>0.000</ele>
      </trkpt>
      <trkpt lat="52.039360000" lon="15.368790000">
        <ele>0.000</ele>
      </trkpt>
      <trkpt lat="52.039380000" lon="15.368910000">
        <ele>0.000</ele>
      </trkpt>
      <trkpt lat="52.039360000" lon="15.369040000">
        <ele>0.000</ele>
      </trkpt>
      <trkpt lat="52.037800000" lon="15.371220000">
        <ele>0.000</ele>
      </trkpt>
      <trkpt lat="52.036640000" lon="15.373600000">
        <ele>0.000</ele>
      </trkpt>
      <trkpt lat="52.034880000" lon="15.376010000">
        <ele>0.000</ele>
      </trkpt>
      <trkpt lat="52.033310000" lon="15.378090000">
        <ele>0.000</ele>
      </trkpt>
      <trkpt lat="52.031450000" lon="15.380260000">
        <ele>0.000</ele>
      </trkpt>
      <trkpt lat="52.029020000" lon="15.383130000">
        <ele>0.000</ele>
      </trkpt>
      <trkpt lat="52.026360000" lon="15.386790000">
        <ele>0.000</ele>
      </trkpt>
      <trkpt lat="52.025450000" lon="15.388380000">
        <ele>0.000</ele>
      </trkpt>
      <trkpt lat="52.024990000" lon="15.389220000">
        <ele>0.000</ele>
      </trkpt>
      <trkpt lat="52.024260000" lon="15.390580000">
        <ele>0.000</ele>
      </trkpt>
      <trkpt lat="52.024180000" lon="15.390760000">
        <ele>0.000</ele>
      </trkpt>
      <trkpt lat="52.024120000" lon="15.390970000">
        <ele>0.000</ele>
      </trkpt>
      <trkpt lat="52.024020000" lon="15.391550000">
        <ele>0.000</ele>
      </trkpt>
      <trkpt lat="52.023970000" lon="15.392080000">
        <ele>0.000</ele>
      </trkpt>
      <trkpt lat="52.023970000" lon="15.393330000">
        <ele>0.000</ele>
      </trkpt>
      <trkpt lat="52.023990000" lon="15.393760000">
        <ele>0.000</ele>
      </trkpt>
      <trkpt lat="52.023950000" lon="15.394680000">
        <ele>0.000</ele>
      </trkpt>
      <trkpt lat="52.023840000" lon="15.395690000">
        <ele>0.000</ele>
      </trkpt>
      <trkpt lat="52.023620000" lon="15.396440000">
        <ele>0.000</ele>
      </trkpt>
      <trkpt lat="52.023200000" lon="15.397350000">
        <ele>0.000</ele>
      </trkpt>
      <trkpt lat="52.021630000" lon="15.400320000">
        <ele>0.000</ele>
      </trkpt>
      <trkpt lat="52.021310000" lon="15.400790000">
        <ele>0.000</ele>
      </trkpt>
      <trkpt lat="52.020970000" lon="15.401090000">
        <ele>0.000</ele>
      </trkpt>
      <trkpt lat="52.020570000" lon="15.401290000">
        <ele>0.000</ele>
      </trkpt>
      <trkpt lat="52.019850000" lon="15.401430000">
        <ele>0.000</ele>
      </trkpt>
      <trkpt lat="52.019200000" lon="15.401690000">
        <ele>0.000</ele>
      </trkpt>
      <trkpt lat="52.018680000" lon="15.401960000">
        <ele>0.000</ele>
      </trkpt>
      <trkpt lat="52.018400000" lon="15.402310000">
        <ele>0.000</ele>
      </trkpt>
      <trkpt lat="52.018010000" lon="15.402950000">
        <ele>0.000</ele>
      </trkpt>
      <trkpt lat="52.017630000" lon="15.404310000">
        <ele>0.000</ele>
      </trkpt>
      <trkpt lat="52.016640000" lon="15.408020000">
        <ele>0.000</ele>
      </trkpt>
      <trkpt lat="52.016520000" lon="15.408530000">
        <ele>0.000</ele>
      </trkpt>
      <trkpt lat="52.015800000" lon="15.412670000">
        <ele>0.000</ele>
      </trkpt>
      <trkpt lat="52.015680000" lon="15.413510000">
        <ele>0.000</ele>
      </trkpt>
      <trkpt lat="52.015480000" lon="15.417530000">
        <ele>0.000</ele>
      </trkpt>
      <trkpt lat="52.015460000" lon="15.417760000">
        <ele>0.000</ele>
      </trkpt>
      <trkpt lat="52.015290000" lon="15.417860000">
        <ele>0.000</ele>
      </trkpt>
      <trkpt lat="52.015110000" lon="15.418000000">
        <ele>0.000</ele>
      </trkpt>
      <trkpt lat="52.014420000" lon="15.418490000">
        <ele>0.000</ele>
      </trkpt>
      <trkpt lat="52.014300000" lon="15.418580000">
        <ele>0.000</ele>
      </trkpt>
      <trkpt lat="52.014140000" lon="15.418720000">
        <ele>0.000</ele>
      </trkpt>
      <trkpt lat="52.014180000" lon="15.420600000">
        <ele>0.000</ele>
      </trkpt>
      <trkpt lat="52.014170000" lon="15.421200000">
        <ele>0.000</ele>
      </trkpt>
      <trkpt lat="52.014080000" lon="15.422390000">
        <ele>0.000</ele>
      </trkpt>
      <trkpt lat="52.013980000" lon="15.423380000">
        <ele>0.000</ele>
      </trkpt>
      <trkpt lat="52.013870000" lon="15.423840000">
        <ele>0.000</ele>
      </trkpt>
      <trkpt lat="52.013750000" lon="15.424180000">
        <ele>0.000</ele>
      </trkpt>
      <trkpt lat="52.013660000" lon="15.424300000">
        <ele>0.000</ele>
      </trkpt>
      <trkpt lat="52.013330000" lon="15.424570000">
        <ele>0.000</ele>
      </trkpt>
      <trkpt lat="52.013260000" lon="15.424650000">
        <ele>0.000</ele>
      </trkpt>
      <trkpt lat="52.013080000" lon="15.424550000">
        <ele>0.000</ele>
      </trkpt>
      <trkpt lat="52.013090000" lon="15.425410000">
        <ele>0.000</ele>
      </trkpt>
      <trkpt lat="52.013050000" lon="15.425800000">
        <ele>0.000</ele>
      </trkpt>
      <trkpt lat="52.013010000" lon="15.426010000">
        <ele>0.000</ele>
      </trkpt>
      <trkpt lat="52.012770000" lon="15.426920000">
        <ele>0.000</ele>
      </trkpt>
      <trkpt lat="52.012770000" lon="15.427120000">
        <ele>0.000</ele>
      </trkpt>
      <trkpt lat="52.012390000" lon="15.427280000">
        <ele>0.000</ele>
      </trkpt>
      <trkpt lat="52.011580000" lon="15.427700000">
        <ele>0.000</ele>
      </trkpt>
      <trkpt lat="52.011350000" lon="15.427850000">
        <ele>0.000</ele>
      </trkpt>
      <trkpt lat="52.011290000" lon="15.427900000">
        <ele>0.000</ele>
      </trkpt>
      <trkpt lat="52.011130000" lon="15.428100000">
        <ele>0.000</ele>
      </trkpt>
      <trkpt lat="52.011000000" lon="15.428310000">
        <ele>0.000</ele>
      </trkpt>
      <trkpt lat="52.010900000" lon="15.428530000">
        <ele>0.000</ele>
      </trkpt>
      <trkpt lat="52.010660000" lon="15.429010000">
        <ele>0.000</ele>
      </trkpt>
      <trkpt lat="52.010500000" lon="15.429380000">
        <ele>0.000</ele>
      </trkpt>
      <trkpt lat="52.010380000" lon="15.429720000">
        <ele>0.000</ele>
      </trkpt>
      <trkpt lat="52.010040000" lon="15.431280000">
        <ele>0.000</ele>
      </trkpt>
      <trkpt lat="52.009920000" lon="15.431420000">
        <ele>0.000</ele>
      </trkpt>
      <trkpt lat="52.009420000" lon="15.431690000">
        <ele>0.000</ele>
      </trkpt>
      <trkpt lat="52.009340000" lon="15.431840000">
        <ele>0.000</ele>
      </trkpt>
      <trkpt lat="52.009160000" lon="15.432330000">
        <ele>0.000</ele>
      </trkpt>
      <trkpt lat="52.008990000" lon="15.432840000">
        <ele>0.000</ele>
      </trkpt>
      <trkpt lat="52.008700000" lon="15.433510000">
        <ele>0.000</ele>
      </trkpt>
      <trkpt lat="52.008450000" lon="15.434210000">
        <ele>0.000</ele>
      </trkpt>
      <trkpt lat="52.008350000" lon="15.434510000">
        <ele>0.000</ele>
      </trkpt>
      <trkpt lat="52.008000000" lon="15.435460000">
        <ele>0.000</ele>
      </trkpt>
      <trkpt lat="52.007960000" lon="15.435560000">
        <ele>0.000</ele>
      </trkpt>
      <trkpt lat="52.007620000" lon="15.436760000">
        <ele>0.000</ele>
      </trkpt>
      <trkpt lat="52.007410000" lon="15.437340000">
        <ele>0.000</ele>
      </trkpt>
      <trkpt lat="52.007310000" lon="15.437550000">
        <ele>0.000</ele>
      </trkpt>
      <trkpt lat="52.007180000" lon="15.437810000">
        <ele>0.000</ele>
      </trkpt>
      <trkpt lat="52.007030000" lon="15.438020000">
        <ele>0.000</ele>
      </trkpt>
      <trkpt lat="52.006830000" lon="15.438390000">
        <ele>0.000</ele>
      </trkpt>
      <trkpt lat="52.006770000" lon="15.438540000">
        <ele>0.000</ele>
      </trkpt>
      <trkpt lat="52.006700000" lon="15.438790000">
        <ele>0.000</ele>
      </trkpt>
      <trkpt lat="52.006680000" lon="15.438930000">
        <ele>0.000</ele>
      </trkpt>
      <trkpt lat="52.006670000" lon="15.439170000">
        <ele>0.000</ele>
      </trkpt>
      <trkpt lat="52.006670000" lon="15.439420000">
        <ele>0.000</ele>
      </trkpt>
      <trkpt lat="52.006770000" lon="15.439870000">
        <ele>0.000</ele>
      </trkpt>
      <trkpt lat="52.006850000" lon="15.440330000">
        <ele>0.000</ele>
      </trkpt>
      <trkpt lat="52.006910000" lon="15.440630000">
        <ele>0.000</ele>
      </trkpt>
      <trkpt lat="52.006990000" lon="15.440860000">
        <ele>0.000</ele>
      </trkpt>
      <trkpt lat="52.007060000" lon="15.441130000">
        <ele>0.000</ele>
      </trkpt>
      <trkpt lat="52.007130000" lon="15.441300000">
        <ele>0.000</ele>
      </trkpt>
      <trkpt lat="52.007350000" lon="15.441700000">
        <ele>0.000</ele>
      </trkpt>
      <trkpt lat="52.007400000" lon="15.441830000">
        <ele>0.000</ele>
      </trkpt>
      <trkpt lat="52.007460000" lon="15.442010000">
        <ele>0.000</ele>
      </trkpt>
      <trkpt lat="52.007500000" lon="15.442230000">
        <ele>0.000</ele>
      </trkpt>
      <trkpt lat="52.007500000" lon="15.442360000">
        <ele>0.000</ele>
      </trkpt>
      <trkpt lat="52.007480000" lon="15.442460000">
        <ele>0.000</ele>
      </trkpt>
      <trkpt lat="52.007360000" lon="15.442790000">
        <ele>0.000</ele>
      </trkpt>
      <trkpt lat="52.007330000" lon="15.442920000">
        <ele>0.000</ele>
      </trkpt>
      <trkpt lat="52.007310000" lon="15.443050000">
        <ele>0.000</ele>
      </trkpt>
      <trkpt lat="52.007300000" lon="15.443200000">
        <ele>0.000</ele>
      </trkpt>
      <trkpt lat="52.007200000" lon="15.443410000">
        <ele>0.000</ele>
      </trkpt>
      <trkpt lat="52.006880000" lon="15.444400000">
        <ele>0.000</ele>
      </trkpt>
      <trkpt lat="52.006660000" lon="15.445160000">
        <ele>0.000</ele>
      </trkpt>
      <trkpt lat="52.006190000" lon="15.446860000">
        <ele>0.000</ele>
      </trkpt>
      <trkpt lat="52.005990000" lon="15.447660000">
        <ele>0.000</ele>
      </trkpt>
      <trkpt lat="52.005490000" lon="15.449330000">
        <ele>0.000</ele>
      </trkpt>
      <trkpt lat="52.005220000" lon="15.450290000">
        <ele>0.000</ele>
      </trkpt>
      <trkpt lat="52.004290000" lon="15.453450000">
        <ele>0.000</ele>
      </trkpt>
      <trkpt lat="52.003740000" lon="15.455190000">
        <ele>0.000</ele>
      </trkpt>
      <trkpt lat="52.002740000" lon="15.458220000">
        <ele>0.000</ele>
      </trkpt>
      <trkpt lat="52.002610000" lon="15.458570000">
        <ele>0.000</ele>
      </trkpt>
      <trkpt lat="52.002440000" lon="15.458420000">
        <ele>0.000</ele>
      </trkpt>
      <trkpt lat="52.000920000" lon="15.462900000">
        <ele>0.000</ele>
      </trkpt>
      <trkpt lat="52.001080000" lon="15.463050000">
        <ele>0.000</ele>
      </trkpt>
      <trkpt lat="52.000270000" lon="15.465600000">
        <ele>0.000</ele>
      </trkpt>
      <trkpt lat="52.000120000" lon="15.466080000">
        <ele>0.000</ele>
      </trkpt>
      <trkpt lat="51.999450000" lon="15.466880000">
        <ele>0.000</ele>
      </trkpt>
      <trkpt lat="51.998770000" lon="15.467830000">
        <ele>0.000</ele>
      </trkpt>
      <trkpt lat="51.998590000" lon="15.468050000">
        <ele>0.000</ele>
      </trkpt>
      <trkpt lat="51.998340000" lon="15.468430000">
        <ele>0.000</ele>
      </trkpt>
      <trkpt lat="51.997710000" lon="15.469000000">
        <ele>0.000</ele>
      </trkpt>
      <trkpt lat="51.997530000" lon="15.469060000">
        <ele>0.000</ele>
      </trkpt>
      <trkpt lat="51.997340000" lon="15.469180000">
        <ele>0.000</ele>
      </trkpt>
      <trkpt lat="51.997060000" lon="15.469400000">
        <ele>0.000</ele>
      </trkpt>
      <trkpt lat="51.996910000" lon="15.469530000">
        <ele>0.000</ele>
      </trkpt>
      <trkpt lat="51.996730000" lon="15.469780000">
        <ele>0.000</ele>
      </trkpt>
      <trkpt lat="51.996490000" lon="15.470190000">
        <ele>0.000</ele>
      </trkpt>
      <trkpt lat="51.995440000" lon="15.472150000">
        <ele>0.000</ele>
      </trkpt>
      <trkpt lat="51.995140000" lon="15.472730000">
        <ele>0.000</ele>
      </trkpt>
      <trkpt lat="51.994750000" lon="15.473660000">
        <ele>0.000</ele>
      </trkpt>
      <trkpt lat="51.994680000" lon="15.474000000">
        <ele>0.000</ele>
      </trkpt>
      <trkpt lat="51.994680000" lon="15.474380000">
        <ele>0.000</ele>
      </trkpt>
      <trkpt lat="51.994660000" lon="15.474490000">
        <ele>0.000</ele>
      </trkpt>
      <trkpt lat="51.994580000" lon="15.474460000">
        <ele>0.000</ele>
      </trkpt>
      <trkpt lat="51.994420000" lon="15.474500000">
        <ele>0.000</ele>
      </trkpt>
      <trkpt lat="51.994190000" lon="15.474600000">
        <ele>0.000</ele>
      </trkpt>
      <trkpt lat="51.993230000" lon="15.475030000">
        <ele>0.000</ele>
      </trkpt>
      <trkpt lat="51.991200000" lon="15.475990000">
        <ele>0.000</ele>
      </trkpt>
      <trkpt lat="51.991060000" lon="15.476050000">
        <ele>0.000</ele>
      </trkpt>
      <trkpt lat="51.990810000" lon="15.476110000">
        <ele>0.000</ele>
      </trkpt>
      <trkpt lat="51.990690000" lon="15.476200000">
        <ele>0.000</ele>
      </trkpt>
      <trkpt lat="51.990590000" lon="15.476340000">
        <ele>0.000</ele>
      </trkpt>
      <trkpt lat="51.990350000" lon="15.476810000">
        <ele>0.000</ele>
      </trkpt>
      <trkpt lat="51.989960000" lon="15.477660000">
        <ele>0.000</ele>
      </trkpt>
      <trkpt lat="51.989240000" lon="15.479250000">
        <ele>0.000</ele>
      </trkpt>
      <trkpt lat="51.988750000" lon="15.480220000">
        <ele>0.000</ele>
      </trkpt>
      <trkpt lat="51.988680000" lon="15.480380000">
        <ele>0.000</ele>
      </trkpt>
      <trkpt lat="51.988650000" lon="15.480480000">
        <ele>0.000</ele>
      </trkpt>
      <trkpt lat="51.988650000" lon="15.480590000">
        <ele>0.000</ele>
      </trkpt>
      <trkpt lat="51.988770000" lon="15.480520000">
        <ele>0.000</ele>
      </trkpt>
      <trkpt lat="51.988800000" lon="15.480620000">
        <ele>0.000</ele>
      </trkpt>
      <trkpt lat="51.987910000" lon="15.481150000">
        <ele>0.000</ele>
      </trkpt>
      <trkpt lat="51.985510000" lon="15.482610000">
        <ele>0.000</ele>
      </trkpt>
      <trkpt lat="51.983600000" lon="15.483750000">
        <ele>0.000</ele>
      </trkpt>
      <trkpt lat="51.980950000" lon="15.485350000">
        <ele>0.000</ele>
      </trkpt>
      <trkpt lat="51.980130000" lon="15.485830000">
        <ele>0.000</ele>
      </trkpt>
      <trkpt lat="51.979890000" lon="15.485980000">
        <ele>0.000</ele>
      </trkpt>
      <trkpt lat="51.979790000" lon="15.486070000">
        <ele>0.000</ele>
      </trkpt>
      <trkpt lat="51.979110000" lon="15.486450000">
        <ele>0.000</ele>
      </trkpt>
      <trkpt lat="51.978120000" lon="15.487040000">
        <ele>0.000</ele>
      </trkpt>
      <trkpt lat="51.977210000" lon="15.487590000">
        <ele>0.000</ele>
      </trkpt>
      <trkpt lat="51.976220000" lon="15.488170000">
        <ele>0.000</ele>
      </trkpt>
      <trkpt lat="51.975000000" lon="15.488920000">
        <ele>0.000</ele>
      </trkpt>
      <trkpt lat="51.974550000" lon="15.489150000">
        <ele>0.000</ele>
      </trkpt>
      <trkpt lat="51.974440000" lon="15.489210000">
        <ele>0.000</ele>
      </trkpt>
      <trkpt lat="51.974340000" lon="15.489250000">
        <ele>0.000</ele>
      </trkpt>
      <trkpt lat="51.974170000" lon="15.489300000">
        <ele>0.000</ele>
      </trkpt>
      <trkpt lat="51.973060000" lon="15.489460000">
        <ele>0.000</ele>
      </trkpt>
      <trkpt lat="51.972730000" lon="15.489520000">
        <ele>0.000</ele>
      </trkpt>
      <trkpt lat="51.971980000" lon="15.489720000">
        <ele>0.000</ele>
      </trkpt>
      <trkpt lat="51.970810000" lon="15.490070000">
        <ele>0.000</ele>
      </trkpt>
      <trkpt lat="51.970570000" lon="15.490170000">
        <ele>0.000</ele>
      </trkpt>
      <trkpt lat="51.970290000" lon="15.490250000">
        <ele>0.000</ele>
      </trkpt>
      <trkpt lat="51.969880000" lon="15.490350000">
        <ele>0.000</ele>
      </trkpt>
      <trkpt lat="51.968880000" lon="15.490710000">
        <ele>0.000</ele>
      </trkpt>
      <trkpt lat="51.968650000" lon="15.490810000">
        <ele>0.000</ele>
      </trkpt>
      <trkpt lat="51.967270000" lon="15.491700000">
        <ele>0.000</ele>
      </trkpt>
      <trkpt lat="51.966460000" lon="15.492260000">
        <ele>0.000</ele>
      </trkpt>
      <trkpt lat="51.965650000" lon="15.492840000">
        <ele>0.000</ele>
      </trkpt>
      <trkpt lat="51.964700000" lon="15.493520000">
        <ele>0.000</ele>
      </trkpt>
      <trkpt lat="51.963310000" lon="15.494310000">
        <ele>0.000</ele>
      </trkpt>
      <trkpt lat="51.963040000" lon="15.494570000">
        <ele>0.000</ele>
      </trkpt>
      <trkpt lat="51.962750000" lon="15.494640000">
        <ele>0.000</ele>
      </trkpt>
      <trkpt lat="51.962320000" lon="15.494980000">
        <ele>0.000</ele>
      </trkpt>
      <trkpt lat="51.962310000" lon="15.495030000">
        <ele>0.000</ele>
      </trkpt>
      <trkpt lat="51.962230000" lon="15.495490000">
        <ele>0.000</ele>
      </trkpt>
      <trkpt lat="51.962170000" lon="15.495740000">
        <ele>0.000</ele>
      </trkpt>
      <trkpt lat="51.962080000" lon="15.495920000">
        <ele>0.000</ele>
      </trkpt>
      <trkpt lat="51.962020000" lon="15.496010000">
        <ele>0.000</ele>
      </trkpt>
      <trkpt lat="51.961760000" lon="15.496310000">
        <ele>0.000</ele>
      </trkpt>
      <trkpt lat="51.961700000" lon="15.496310000">
        <ele>0.000</ele>
      </trkpt>
      <trkpt lat="51.961460000" lon="15.496260000">
        <ele>0.000</ele>
      </trkpt>
      <trkpt lat="51.961410000" lon="15.496300000">
        <ele>0.000</ele>
      </trkpt>
      <trkpt lat="51.961200000" lon="15.495910000">
        <ele>0.000</ele>
      </trkpt>
      <trkpt lat="51.961150000" lon="15.495860000">
        <ele>0.000</ele>
      </trkpt>
      <trkpt lat="51.961080000" lon="15.495800000">
        <ele>0.000</ele>
      </trkpt>
      <trkpt lat="51.961040000" lon="15.495790000">
        <ele>0.000</ele>
      </trkpt>
      <trkpt lat="51.960900000" lon="15.495810000">
        <ele>0.000</ele>
      </trkpt>
      <trkpt lat="51.960830000" lon="15.495840000">
        <ele>0.000</ele>
      </trkpt>
      <trkpt lat="51.960040000" lon="15.496320000">
        <ele>0.000</ele>
      </trkpt>
      <trkpt lat="51.959840000" lon="15.496460000">
        <ele>0.000</ele>
      </trkpt>
      <trkpt lat="51.959740000" lon="15.496550000">
        <ele>0.000</ele>
      </trkpt>
      <trkpt lat="51.959680000" lon="15.496590000">
        <ele>0.000</ele>
      </trkpt>
      <trkpt lat="51.959640000" lon="15.496620000">
        <ele>0.000</ele>
      </trkpt>
      <trkpt lat="51.959540000" lon="15.496630000">
        <ele>0.000</ele>
      </trkpt>
      <trkpt lat="51.959240000" lon="15.496820000">
        <ele>0.000</ele>
      </trkpt>
      <trkpt lat="51.959200000" lon="15.496880000">
        <ele>0.000</ele>
      </trkpt>
      <trkpt lat="51.959160000" lon="15.496990000">
        <ele>0.000</ele>
      </trkpt>
      <trkpt lat="51.959140000" lon="15.497030000">
        <ele>0.000</ele>
      </trkpt>
      <trkpt lat="51.959120000" lon="15.497050000">
        <ele>0.000</ele>
      </trkpt>
      <trkpt lat="51.959080000" lon="15.497080000">
        <ele>0.000</ele>
      </trkpt>
      <trkpt lat="51.959040000" lon="15.497050000">
        <ele>0.000</ele>
      </trkpt>
      <trkpt lat="51.958750000" lon="15.497200000">
        <ele>0.000</ele>
      </trkpt>
      <trkpt lat="51.958570000" lon="15.497270000">
        <ele>0.000</ele>
      </trkpt>
      <trkpt lat="51.958290000" lon="15.497340000">
        <ele>0.000</ele>
      </trkpt>
      <trkpt lat="51.958270000" lon="15.497360000">
        <ele>0.000</ele>
      </trkpt>
      <trkpt lat="51.958160000" lon="15.497390000">
        <ele>0.000</ele>
      </trkpt>
      <trkpt lat="51.958100000" lon="15.497390000">
        <ele>0.000</ele>
      </trkpt>
      <trkpt lat="51.957990000" lon="15.497340000">
        <ele>0.000</ele>
      </trkpt>
      <trkpt lat="51.957400000" lon="15.497470000">
        <ele>0.000</ele>
      </trkpt>
      <trkpt lat="51.957370000" lon="15.497490000">
        <ele>0.000</ele>
      </trkpt>
      <trkpt lat="51.957140000" lon="15.497540000">
        <ele>0.000</ele>
      </trkpt>
      <trkpt lat="51.956930000" lon="15.497560000">
        <ele>0.000</ele>
      </trkpt>
      <trkpt lat="51.956760000" lon="15.497600000">
        <ele>0.000</ele>
      </trkpt>
      <trkpt lat="51.956620000" lon="15.497660000">
        <ele>0.000</ele>
      </trkpt>
      <trkpt lat="51.956450000" lon="15.497700000">
        <ele>0.000</ele>
      </trkpt>
      <trkpt lat="51.955920000" lon="15.497790000">
        <ele>0.000</ele>
      </trkpt>
      <trkpt lat="51.955730000" lon="15.497770000">
        <ele>0.000</ele>
      </trkpt>
      <trkpt lat="51.955470000" lon="15.497810000">
        <ele>0.000</ele>
      </trkpt>
      <trkpt lat="51.955470000" lon="15.497900000">
        <ele>0.000</ele>
      </trkpt>
      <trkpt lat="51.955460000" lon="15.498040000">
        <ele>0.000</ele>
      </trkpt>
      <trkpt lat="51.955170000" lon="15.499060000">
        <ele>0.000</ele>
      </trkpt>
      <trkpt lat="51.955000000" lon="15.499630000">
        <ele>0.000</ele>
      </trkpt>
      <trkpt lat="51.954590000" lon="15.500790000">
        <ele>0.000</ele>
      </trkpt>
      <trkpt lat="51.954120000" lon="15.502360000">
        <ele>0.000</ele>
      </trkpt>
      <trkpt lat="51.953690000" lon="15.503860000">
        <ele>0.000</ele>
      </trkpt>
      <trkpt lat="51.953570000" lon="15.504300000">
        <ele>0.000</ele>
      </trkpt>
      <trkpt lat="51.953380000" lon="15.505070000">
        <ele>0.000</ele>
      </trkpt>
      <trkpt lat="51.953270000" lon="15.505620000">
        <ele>0.000</ele>
      </trkpt>
      <trkpt lat="51.953160000" lon="15.506520000">
        <ele>0.000</ele>
      </trkpt>
      <trkpt lat="51.953100000" lon="15.506770000">
        <ele>0.000</ele>
      </trkpt>
      <trkpt lat="51.952920000" lon="15.507320000">
        <ele>0.000</ele>
      </trkpt>
      <trkpt lat="51.952900000" lon="15.507440000">
        <ele>0.000</ele>
      </trkpt>
      <trkpt lat="51.952850000" lon="15.507670000">
        <ele>0.000</ele>
      </trkpt>
      <trkpt lat="51.952590000" lon="15.509380000">
        <ele>0.000</ele>
      </trkpt>
      <trkpt lat="51.952440000" lon="15.510250000">
        <ele>0.000</ele>
      </trkpt>
      <trkpt lat="51.952300000" lon="15.511000000">
        <ele>0.000</ele>
      </trkpt>
      <trkpt lat="51.951800000" lon="15.513550000">
        <ele>0.000</ele>
      </trkpt>
      <trkpt lat="51.951660000" lon="15.514210000">
        <ele>0.000</ele>
      </trkpt>
      <trkpt lat="51.951590000" lon="15.514650000">
        <ele>0.000</ele>
      </trkpt>
      <trkpt lat="51.951390000" lon="15.515480000">
        <ele>0.000</ele>
      </trkpt>
      <trkpt lat="51.951310000" lon="15.515870000">
        <ele>0.000</ele>
      </trkpt>
      <trkpt lat="51.951230000" lon="15.516490000">
        <ele>0.000</ele>
      </trkpt>
      <trkpt lat="51.951040000" lon="15.517990000">
        <ele>0.000</ele>
      </trkpt>
      <trkpt lat="51.950860000" lon="15.519120000">
        <ele>0.000</ele>
      </trkpt>
      <trkpt lat="51.950830000" lon="15.519280000">
        <ele>0.000</ele>
      </trkpt>
      <trkpt lat="51.950260000" lon="15.518960000">
        <ele>0.000</ele>
      </trkpt>
      <trkpt lat="51.950150000" lon="15.518790000">
        <ele>0.000</ele>
      </trkpt>
      <trkpt lat="51.949470000" lon="15.518180000">
        <ele>0.000</ele>
      </trkpt>
      <trkpt lat="51.949280000" lon="15.518010000">
        <ele>0.000</ele>
      </trkpt>
      <trkpt lat="51.949070000" lon="15.517880000">
        <ele>0.000</ele>
      </trkpt>
      <trkpt lat="51.948320000" lon="15.517440000">
        <ele>0.000</ele>
      </trkpt>
      <trkpt lat="51.948080000" lon="15.517340000">
        <ele>0.000</ele>
      </trkpt>
      <trkpt lat="51.947830000" lon="15.517280000">
        <ele>0.000</ele>
      </trkpt>
      <trkpt lat="51.947630000" lon="15.517260000">
        <ele>0.000</ele>
      </trkpt>
      <trkpt lat="51.946660000" lon="15.517270000">
        <ele>0.000</ele>
      </trkpt>
      <trkpt lat="51.945800000" lon="15.517320000">
        <ele>0.000</ele>
      </trkpt>
      <trkpt lat="51.945440000" lon="15.517320000">
        <ele>0.000</ele>
      </trkpt>
      <trkpt lat="51.945340000" lon="15.517300000">
        <ele>0.000</ele>
      </trkpt>
      <trkpt lat="51.945280000" lon="15.517280000">
        <ele>0.000</ele>
      </trkpt>
      <trkpt lat="51.945170000" lon="15.517150000">
        <ele>0.000</ele>
      </trkpt>
      <trkpt lat="51.945120000" lon="15.517130000">
        <ele>0.000</ele>
      </trkpt>
      <trkpt lat="51.945080000" lon="15.517140000">
        <ele>0.000</ele>
      </trkpt>
      <trkpt lat="51.945040000" lon="15.517170000">
        <ele>0.000</ele>
      </trkpt>
      <trkpt lat="51.945010000" lon="15.517240000">
        <ele>0.000</ele>
      </trkpt>
      <trkpt lat="51.945000000" lon="15.517300000">
        <ele>0.000</ele>
      </trkpt>
      <trkpt lat="51.945000000" lon="15.517360000">
        <ele>0.000</ele>
      </trkpt>
      <trkpt lat="51.945020000" lon="15.517430000">
        <ele>0.000</ele>
      </trkpt>
      <trkpt lat="51.945020000" lon="15.517500000">
        <ele>0.000</ele>
      </trkpt>
      <trkpt lat="51.945010000" lon="15.517620000">
        <ele>0.000</ele>
      </trkpt>
      <trkpt lat="51.944970000" lon="15.517900000">
        <ele>0.000</ele>
      </trkpt>
      <trkpt lat="51.944970000" lon="15.518110000">
        <ele>0.000</ele>
      </trkpt>
      <trkpt lat="51.945010000" lon="15.518290000">
        <ele>0.000</ele>
      </trkpt>
      <trkpt lat="51.945000000" lon="15.519460000">
        <ele>0.000</ele>
      </trkpt>
      <trkpt lat="51.944970000" lon="15.519700000">
        <ele>0.000</ele>
      </trkpt>
      <trkpt lat="51.944960000" lon="15.520020000">
        <ele>0.000</ele>
      </trkpt>
      <trkpt lat="51.944960000" lon="15.520320000">
        <ele>0.000</ele>
      </trkpt>
      <trkpt lat="51.944800000" lon="15.520410000">
        <ele>0.000</ele>
      </trkpt>
      <trkpt lat="51.944590000" lon="15.520550000">
        <ele>0.000</ele>
      </trkpt>
      <trkpt lat="51.944540000" lon="15.520610000">
        <ele>0.000</ele>
      </trkpt>
      <trkpt lat="51.943530000" lon="15.521130000">
        <ele>0.000</ele>
      </trkpt>
      <trkpt lat="51.943380000" lon="15.521230000">
        <ele>0.000</ele>
      </trkpt>
      <trkpt lat="51.943260000" lon="15.521350000">
        <ele>0.000</ele>
      </trkpt>
      <trkpt lat="51.943130000" lon="15.521510000">
        <ele>0.000</ele>
      </trkpt>
      <trkpt lat="51.943070000" lon="15.521520000">
        <ele>0.000</ele>
      </trkpt>
      <trkpt lat="51.942750000" lon="15.521950000">
        <ele>0.000</ele>
      </trkpt>
      <trkpt lat="51.942250000" lon="15.522580000">
        <ele>0.000</ele>
      </trkpt>
      <trkpt lat="51.942020000" lon="15.522840000">
        <ele>0.000</ele>
      </trkpt>
      <trkpt lat="51.941360000" lon="15.523560000">
        <ele>0.000</ele>
      </trkpt>
      <trkpt lat="51.941150000" lon="15.523730000">
        <ele>0.000</ele>
      </trkpt>
      <trkpt lat="51.940580000" lon="15.524040000">
        <ele>0.000</ele>
      </trkpt>
      <trkpt lat="51.940120000" lon="15.524180000">
        <ele>0.000</ele>
      </trkpt>
      <trkpt lat="51.939710000" lon="15.524240000">
        <ele>0.000</ele>
      </trkpt>
      <trkpt lat="51.939250000" lon="15.524230000">
        <ele>0.000</ele>
      </trkpt>
      <trkpt lat="51.939230000" lon="15.524580000">
        <ele>0.000</ele>
      </trkpt>
      <trkpt lat="51.939230000" lon="15.524740000">
        <ele>0.000</ele>
      </trkpt>
      <trkpt lat="51.939250000" lon="15.525180000">
        <ele>0.000</ele>
      </trkpt>
      <trkpt lat="51.939280000" lon="15.525670000">
        <ele>0.000</ele>
      </trkpt>
      <trkpt lat="51.939330000" lon="15.526050000">
        <ele>0.000</ele>
      </trkpt>
      <trkpt lat="51.939310000" lon="15.527270000">
        <ele>0.000</ele>
      </trkpt>
      <trkpt lat="51.939260000" lon="15.528980000">
        <ele>0.000</ele>
      </trkpt>
      <trkpt lat="51.939120000" lon="15.528980000">
        <ele>0.000</ele>
      </trkpt>
      <trkpt lat="51.939090000" lon="15.530090000">
        <ele>0.000</ele>
      </trkpt>
      <trkpt lat="51.939070000" lon="15.530180000">
        <ele>0.000</ele>
      </trkpt>
      <trkpt lat="51.939070000" lon="15.530280000">
        <ele>0.000</ele>
      </trkpt>
      <trkpt lat="51.939090000" lon="15.530380000">
        <ele>0.000</ele>
      </trkpt>
      <trkpt lat="51.939090000" lon="15.530440000">
        <ele>0.000</ele>
      </trkpt>
      <trkpt lat="51.938940000" lon="15.531410000">
        <ele>0.000</ele>
      </trkpt>
      <trkpt lat="51.938830000" lon="15.532080000">
        <ele>0.000</ele>
      </trkpt>
      <trkpt lat="51.938810000" lon="15.532370000">
        <ele>0.000</ele>
      </trkpt>
      <trkpt lat="51.938820000" lon="15.532860000">
        <ele>0.000</ele>
      </trkpt>
      <trkpt lat="51.938840000" lon="15.533160000">
        <ele>0.000</ele>
      </trkpt>
      <trkpt lat="51.938960000" lon="15.534000000">
        <ele>0.000</ele>
      </trkpt>
      <trkpt lat="51.938980000" lon="15.534200000">
        <ele>0.000</ele>
      </trkpt>
      <trkpt lat="51.939000000" lon="15.534500000">
        <ele>0.000</ele>
      </trkpt>
      <trkpt lat="51.939000000" lon="15.534800000">
        <ele>0.000</ele>
      </trkpt>
      <trkpt lat="51.938980000" lon="15.535110000">
        <ele>0.000</ele>
      </trkpt>
      <trkpt lat="51.938980000" lon="15.535150000">
        <ele>0.000</ele>
      </trkpt>
      <trkpt lat="51.938940000" lon="15.535180000">
        <ele>0.000</ele>
      </trkpt>
      <trkpt lat="51.938810000" lon="15.536060000">
        <ele>0.000</ele>
      </trkpt>
      <trkpt lat="51.938720000" lon="15.536400000">
        <ele>0.000</ele>
      </trkpt>
      <trkpt lat="51.938580000" lon="15.537080000">
        <ele>0.000</ele>
      </trkpt>
      <trkpt lat="51.938430000" lon="15.537950000">
        <ele>0.000</ele>
      </trkpt>
      <trkpt lat="51.938440000" lon="15.538070000">
        <ele>0.000</ele>
      </trkpt>
      <trkpt lat="51.938370000" lon="15.538520000">
        <ele>0.000</ele>
      </trkpt>
      <trkpt lat="51.938340000" lon="15.538640000">
        <ele>0.000</ele>
      </trkpt>
      <trkpt lat="51.938330000" lon="15.540260000">
        <ele>0.000</ele>
      </trkpt>
      <trkpt lat="51.938360000" lon="15.540770000">
        <ele>0.000</ele>
      </trkpt>
      <trkpt lat="51.938350000" lon="15.542970000">
        <ele>0.000</ele>
      </trkpt>
      <trkpt lat="51.938340000" lon="15.543330000">
        <ele>0.000</ele>
      </trkpt>
      <trkpt lat="51.938320000" lon="15.543360000">
        <ele>0.000</ele>
      </trkpt>
      <trkpt lat="51.938320000" lon="15.543440000">
        <ele>0.000</ele>
      </trkpt>
      <trkpt lat="51.938330000" lon="15.543490000">
        <ele>0.000</ele>
      </trkpt>
      <trkpt lat="51.938320000" lon="15.544790000">
        <ele>0.000</ele>
      </trkpt>
      <trkpt lat="51.938320000" lon="15.544840000">
        <ele>0.000</ele>
      </trkpt>
      <trkpt lat="51.938330000" lon="15.544870000">
        <ele>0.000</ele>
      </trkpt>
      <trkpt lat="51.938350000" lon="15.544950000">
        <ele>0.000</ele>
      </trkpt>
      <trkpt lat="51.938330000" lon="15.545810000">
        <ele>0.000</ele>
      </trkpt>
      <trkpt lat="51.938310000" lon="15.546580000">
        <ele>0.000</ele>
      </trkpt>
      <trkpt lat="51.938270000" lon="15.546680000">
        <ele>0.000</ele>
      </trkpt>
      <trkpt lat="51.938180000" lon="15.546760000">
        <ele>0.000</ele>
      </trkpt>
      <trkpt lat="51.938190000" lon="15.546830000">
        <ele>0.000</ele>
      </trkpt>
      <trkpt lat="51.938110000" lon="15.546870000">
        <ele>0.000</ele>
      </trkpt>
      <trkpt lat="51.938050000" lon="15.546910000">
        <ele>0.000</ele>
      </trkpt>
      <trkpt lat="51.937980000" lon="15.546980000">
        <ele>0.000</ele>
      </trkpt>
      <trkpt lat="51.937620000" lon="15.547460000">
        <ele>0.000</ele>
      </trkpt>
      <trkpt lat="51.936600000" lon="15.548420000">
        <ele>0.000</ele>
      </trkpt>
      <trkpt lat="51.936440000" lon="15.548510000">
        <ele>0.000</ele>
      </trkpt>
      <trkpt lat="51.936180000" lon="15.548610000">
        <ele>0.000</ele>
      </trkpt>
      <trkpt lat="51.935590000" lon="15.548870000">
        <ele>0.000</ele>
      </trkpt>
      <trkpt lat="51.935030000" lon="15.549180000">
        <ele>0.000</ele>
      </trkpt>
      <trkpt lat="51.934230000" lon="15.549670000">
        <ele>0.000</ele>
      </trkpt>
      <trkpt lat="51.934140000" lon="15.549710000">
        <ele>0.000</ele>
      </trkpt>
      <trkpt lat="51.933980000" lon="15.549730000">
        <ele>0.000</ele>
      </trkpt>
      <trkpt lat="51.933890000" lon="15.549710000">
        <ele>0.000</ele>
      </trkpt>
      <trkpt lat="51.933380000" lon="15.549500000">
        <ele>0.000</ele>
      </trkpt>
      <trkpt lat="51.933290000" lon="15.549490000">
        <ele>0.000</ele>
      </trkpt>
      <trkpt lat="51.933210000" lon="15.549490000">
        <ele>0.000</ele>
      </trkpt>
      <trkpt lat="51.933130000" lon="15.549500000">
        <ele>0.000</ele>
      </trkpt>
      <trkpt lat="51.932920000" lon="15.549610000">
        <ele>0.000</ele>
      </trkpt>
      <trkpt lat="51.932820000" lon="15.549470000">
        <ele>0.000</ele>
      </trkpt>
      <trkpt lat="51.932750000" lon="15.549260000">
        <ele>0.000</ele>
      </trkpt>
      <trkpt lat="51.932680000" lon="15.548960000">
        <ele>0.000</ele>
      </trkpt>
      <trkpt lat="51.932520000" lon="15.548530000">
        <ele>0.000</ele>
      </trkpt>
      <trkpt lat="51.932310000" lon="15.547970000">
        <ele>0.000</ele>
      </trkpt>
      <trkpt lat="51.932210000" lon="15.547810000">
        <ele>0.000</ele>
      </trkpt>
      <trkpt lat="51.932110000" lon="15.547690000">
        <ele>0.000</ele>
      </trkpt>
      <trkpt lat="51.931540000" lon="15.547160000">
        <ele>0.000</ele>
      </trkpt>
      <trkpt lat="51.930880000" lon="15.546540000">
        <ele>0.000</ele>
      </trkpt>
      <trkpt lat="51.929790000" lon="15.547940000">
        <ele>0.000</ele>
      </trkpt>
      <trkpt lat="51.929720000" lon="15.548020000">
        <ele>0.000</ele>
      </trkpt>
      <trkpt lat="51.929740000" lon="15.548060000">
        <ele>0.000</ele>
      </trkpt>
      <trkpt lat="51.929350000" lon="15.548550000">
        <ele>0.000</ele>
      </trkpt>
      <trkpt lat="51.928840000" lon="15.549130000">
        <ele>0.000</ele>
      </trkpt>
      <trkpt lat="51.928810000" lon="15.549210000">
        <ele>0.000</ele>
      </trkpt>
      <trkpt lat="51.928790000" lon="15.549310000">
        <ele>0.000</ele>
      </trkpt>
      <trkpt lat="51.928110000" lon="15.549070000">
        <ele>0.000</ele>
      </trkpt>
      <trkpt lat="51.927460000" lon="15.549810000">
        <ele>0.000</ele>
      </trkpt>
      <trkpt lat="51.927400000" lon="15.549650000">
        <ele>0.000</ele>
      </trkpt>
      <trkpt lat="51.927360000" lon="15.549340000">
        <ele>0.000</ele>
      </trkpt>
      <trkpt lat="51.927240000" lon="15.549020000">
        <ele>0.000</ele>
      </trkpt>
      <trkpt lat="51.927420000" lon="15.548850000">
        <ele>0.000</ele>
      </trkpt>
      <trkpt lat="51.927420000" lon="15.548850000">
        <ele>0.000</ele>
      </trkpt>
      <trkpt lat="51.927150000" lon="15.549110000">
        <ele>0.000</ele>
      </trkpt>
      <trkpt lat="51.927300000" lon="15.549500000">
        <ele>0.000</ele>
      </trkpt>
      <trkpt lat="51.927400000" lon="15.549650000">
        <ele>0.000</ele>
      </trkpt>
      <trkpt lat="51.927460000" lon="15.549810000">
        <ele>0.000</ele>
      </trkpt>
      <trkpt lat="51.928110000" lon="15.549070000">
        <ele>0.000</ele>
      </trkpt>
      <trkpt lat="51.928790000" lon="15.549310000">
        <ele>0.000</ele>
      </trkpt>
      <trkpt lat="51.928810000" lon="15.549210000">
        <ele>0.000</ele>
      </trkpt>
      <trkpt lat="51.928840000" lon="15.549130000">
        <ele>0.000</ele>
      </trkpt>
      <trkpt lat="51.929350000" lon="15.548550000">
        <ele>0.000</ele>
      </trkpt>
      <trkpt lat="51.929510000" lon="15.548340000">
        <ele>0.000</ele>
      </trkpt>
      <trkpt lat="51.929560000" lon="15.548180000">
        <ele>0.000</ele>
      </trkpt>
      <trkpt lat="51.929790000" lon="15.547940000">
        <ele>0.000</ele>
      </trkpt>
      <trkpt lat="51.930880000" lon="15.546540000">
        <ele>0.000</ele>
      </trkpt>
      <trkpt lat="51.931540000" lon="15.547160000">
        <ele>0.000</ele>
      </trkpt>
      <trkpt lat="51.932110000" lon="15.547690000">
        <ele>0.000</ele>
      </trkpt>
      <trkpt lat="51.932210000" lon="15.547810000">
        <ele>0.000</ele>
      </trkpt>
      <trkpt lat="51.932310000" lon="15.547970000">
        <ele>0.000</ele>
      </trkpt>
      <trkpt lat="51.932520000" lon="15.548530000">
        <ele>0.000</ele>
      </trkpt>
      <trkpt lat="51.932680000" lon="15.548960000">
        <ele>0.000</ele>
      </trkpt>
      <trkpt lat="51.932750000" lon="15.549260000">
        <ele>0.000</ele>
      </trkpt>
      <trkpt lat="51.932820000" lon="15.549470000">
        <ele>0.000</ele>
      </trkpt>
      <trkpt lat="51.932920000" lon="15.549610000">
        <ele>0.000</ele>
      </trkpt>
      <trkpt lat="51.933130000" lon="15.549500000">
        <ele>0.000</ele>
      </trkpt>
      <trkpt lat="51.933210000" lon="15.549490000">
        <ele>0.000</ele>
      </trkpt>
      <trkpt lat="51.933290000" lon="15.549490000">
        <ele>0.000</ele>
      </trkpt>
      <trkpt lat="51.933380000" lon="15.549500000">
        <ele>0.000</ele>
      </trkpt>
      <trkpt lat="51.933890000" lon="15.549710000">
        <ele>0.000</ele>
      </trkpt>
      <trkpt lat="51.933980000" lon="15.549730000">
        <ele>0.000</ele>
      </trkpt>
      <trkpt lat="51.934140000" lon="15.549710000">
        <ele>0.000</ele>
      </trkpt>
      <trkpt lat="51.934230000" lon="15.549670000">
        <ele>0.000</ele>
      </trkpt>
      <trkpt lat="51.935030000" lon="15.549180000">
        <ele>0.000</ele>
      </trkpt>
      <trkpt lat="51.935590000" lon="15.548870000">
        <ele>0.000</ele>
      </trkpt>
      <trkpt lat="51.936180000" lon="15.548610000">
        <ele>0.000</ele>
      </trkpt>
      <trkpt lat="51.936440000" lon="15.548510000">
        <ele>0.000</ele>
      </trkpt>
      <trkpt lat="51.936600000" lon="15.548420000">
        <ele>0.000</ele>
      </trkpt>
      <trkpt lat="51.937620000" lon="15.547460000">
        <ele>0.000</ele>
      </trkpt>
      <trkpt lat="51.937980000" lon="15.546980000">
        <ele>0.000</ele>
      </trkpt>
      <trkpt lat="51.938050000" lon="15.546910000">
        <ele>0.000</ele>
      </trkpt>
      <trkpt lat="51.938110000" lon="15.546870000">
        <ele>0.000</ele>
      </trkpt>
      <trkpt lat="51.938190000" lon="15.546830000">
        <ele>0.000</ele>
      </trkpt>
      <trkpt lat="51.938180000" lon="15.546760000">
        <ele>0.000</ele>
      </trkpt>
      <trkpt lat="51.938270000" lon="15.546680000">
        <ele>0.000</ele>
      </trkpt>
      <trkpt lat="51.938310000" lon="15.546580000">
        <ele>0.000</ele>
      </trkpt>
      <trkpt lat="51.938330000" lon="15.545810000">
        <ele>0.000</ele>
      </trkpt>
      <trkpt lat="51.938350000" lon="15.544950000">
        <ele>0.000</ele>
      </trkpt>
      <trkpt lat="51.938330000" lon="15.544870000">
        <ele>0.000</ele>
      </trkpt>
      <trkpt lat="51.938320000" lon="15.544840000">
        <ele>0.000</ele>
      </trkpt>
      <trkpt lat="51.938320000" lon="15.544790000">
        <ele>0.000</ele>
      </trkpt>
      <trkpt lat="51.938330000" lon="15.543490000">
        <ele>0.000</ele>
      </trkpt>
      <trkpt lat="51.938320000" lon="15.543440000">
        <ele>0.000</ele>
      </trkpt>
      <trkpt lat="51.938320000" lon="15.543360000">
        <ele>0.000</ele>
      </trkpt>
      <trkpt lat="51.938340000" lon="15.543330000">
        <ele>0.000</ele>
      </trkpt>
      <trkpt lat="51.938350000" lon="15.542970000">
        <ele>0.000</ele>
      </trkpt>
      <trkpt lat="51.938360000" lon="15.540770000">
        <ele>0.000</ele>
      </trkpt>
      <trkpt lat="51.938330000" lon="15.540260000">
        <ele>0.000</ele>
      </trkpt>
      <trkpt lat="51.938340000" lon="15.538640000">
        <ele>0.000</ele>
      </trkpt>
      <trkpt lat="51.938370000" lon="15.538520000">
        <ele>0.000</ele>
      </trkpt>
      <trkpt lat="51.938440000" lon="15.538070000">
        <ele>0.000</ele>
      </trkpt>
      <trkpt lat="51.938430000" lon="15.537950000">
        <ele>0.000</ele>
      </trkpt>
      <trkpt lat="51.938580000" lon="15.537080000">
        <ele>0.000</ele>
      </trkpt>
      <trkpt lat="51.938720000" lon="15.536400000">
        <ele>0.000</ele>
      </trkpt>
      <trkpt lat="51.938810000" lon="15.536060000">
        <ele>0.000</ele>
      </trkpt>
      <trkpt lat="51.938940000" lon="15.535180000">
        <ele>0.000</ele>
      </trkpt>
      <trkpt lat="51.938980000" lon="15.535150000">
        <ele>0.000</ele>
      </trkpt>
      <trkpt lat="51.938980000" lon="15.535110000">
        <ele>0.000</ele>
      </trkpt>
      <trkpt lat="51.939000000" lon="15.534800000">
        <ele>0.000</ele>
      </trkpt>
      <trkpt lat="51.939000000" lon="15.534500000">
        <ele>0.000</ele>
      </trkpt>
      <trkpt lat="51.938980000" lon="15.534200000">
        <ele>0.000</ele>
      </trkpt>
      <trkpt lat="51.938960000" lon="15.534000000">
        <ele>0.000</ele>
      </trkpt>
      <trkpt lat="51.938840000" lon="15.533160000">
        <ele>0.000</ele>
      </trkpt>
      <trkpt lat="51.938820000" lon="15.532860000">
        <ele>0.000</ele>
      </trkpt>
      <trkpt lat="51.938810000" lon="15.532370000">
        <ele>0.000</ele>
      </trkpt>
      <trkpt lat="51.938830000" lon="15.532080000">
        <ele>0.000</ele>
      </trkpt>
      <trkpt lat="51.938940000" lon="15.531410000">
        <ele>0.000</ele>
      </trkpt>
      <trkpt lat="51.939090000" lon="15.530440000">
        <ele>0.000</ele>
      </trkpt>
      <trkpt lat="51.939090000" lon="15.530380000">
        <ele>0.000</ele>
      </trkpt>
      <trkpt lat="51.939070000" lon="15.530280000">
        <ele>0.000</ele>
      </trkpt>
      <trkpt lat="51.939070000" lon="15.530180000">
        <ele>0.000</ele>
      </trkpt>
      <trkpt lat="51.939090000" lon="15.530090000">
        <ele>0.000</ele>
      </trkpt>
      <trkpt lat="51.939120000" lon="15.528980000">
        <ele>0.000</ele>
      </trkpt>
      <trkpt lat="51.939260000" lon="15.528980000">
        <ele>0.000</ele>
      </trkpt>
      <trkpt lat="51.939310000" lon="15.527270000">
        <ele>0.000</ele>
      </trkpt>
      <trkpt lat="51.939330000" lon="15.526050000">
        <ele>0.000</ele>
      </trkpt>
      <trkpt lat="51.939350000" lon="15.525650000">
        <ele>0.000</ele>
      </trkpt>
      <trkpt lat="51.939330000" lon="15.524740000">
        <ele>0.000</ele>
      </trkpt>
      <trkpt lat="51.939340000" lon="15.524430000">
        <ele>0.000</ele>
      </trkpt>
      <trkpt lat="51.939490000" lon="15.524430000">
        <ele>0.000</ele>
      </trkpt>
      <trkpt lat="51.939780000" lon="15.524420000">
        <ele>0.000</ele>
      </trkpt>
      <trkpt lat="51.939890000" lon="15.524220000">
        <ele>0.000</ele>
      </trkpt>
      <trkpt lat="51.940120000" lon="15.524180000">
        <ele>0.000</ele>
      </trkpt>
      <trkpt lat="51.940580000" lon="15.524040000">
        <ele>0.000</ele>
      </trkpt>
      <trkpt lat="51.941150000" lon="15.523730000">
        <ele>0.000</ele>
      </trkpt>
      <trkpt lat="51.941360000" lon="15.523560000">
        <ele>0.000</ele>
      </trkpt>
      <trkpt lat="51.942020000" lon="15.522840000">
        <ele>0.000</ele>
      </trkpt>
      <trkpt lat="51.942250000" lon="15.522580000">
        <ele>0.000</ele>
      </trkpt>
      <trkpt lat="51.942750000" lon="15.521950000">
        <ele>0.000</ele>
      </trkpt>
      <trkpt lat="51.943070000" lon="15.521520000">
        <ele>0.000</ele>
      </trkpt>
      <trkpt lat="51.943130000" lon="15.521510000">
        <ele>0.000</ele>
      </trkpt>
      <trkpt lat="51.943260000" lon="15.521350000">
        <ele>0.000</ele>
      </trkpt>
      <trkpt lat="51.943380000" lon="15.521230000">
        <ele>0.000</ele>
      </trkpt>
      <trkpt lat="51.943530000" lon="15.521130000">
        <ele>0.000</ele>
      </trkpt>
      <trkpt lat="51.944520000" lon="15.520620000">
        <ele>0.000</ele>
      </trkpt>
      <trkpt lat="51.944610000" lon="15.520620000">
        <ele>0.000</ele>
      </trkpt>
      <trkpt lat="51.944770000" lon="15.520570000">
        <ele>0.000</ele>
      </trkpt>
      <trkpt lat="51.945030000" lon="15.520430000">
        <ele>0.000</ele>
      </trkpt>
      <trkpt lat="51.945030000" lon="15.520020000">
        <ele>0.000</ele>
      </trkpt>
      <trkpt lat="51.945020000" lon="15.519660000">
        <ele>0.000</ele>
      </trkpt>
      <trkpt lat="51.945000000" lon="15.519460000">
        <ele>0.000</ele>
      </trkpt>
      <trkpt lat="51.945010000" lon="15.518290000">
        <ele>0.000</ele>
      </trkpt>
      <trkpt lat="51.945040000" lon="15.518120000">
        <ele>0.000</ele>
      </trkpt>
      <trkpt lat="51.945050000" lon="15.517890000">
        <ele>0.000</ele>
      </trkpt>
      <trkpt lat="51.945100000" lon="15.517820000">
        <ele>0.000</ele>
      </trkpt>
      <trkpt lat="51.945140000" lon="15.517700000">
        <ele>0.000</ele>
      </trkpt>
      <trkpt lat="51.945190000" lon="15.517600000">
        <ele>0.000</ele>
      </trkpt>
      <trkpt lat="51.945220000" lon="15.517560000">
        <ele>0.000</ele>
      </trkpt>
      <trkpt lat="51.945460000" lon="15.517430000">
        <ele>0.000</ele>
      </trkpt>
      <trkpt lat="51.947650000" lon="15.517380000">
        <ele>0.000</ele>
      </trkpt>
      <trkpt lat="51.947830000" lon="15.517400000">
        <ele>0.000</ele>
      </trkpt>
      <trkpt lat="51.948080000" lon="15.517450000">
        <ele>0.000</ele>
      </trkpt>
      <trkpt lat="51.948270000" lon="15.517530000">
        <ele>0.000</ele>
      </trkpt>
      <trkpt lat="51.948440000" lon="15.517620000">
        <ele>0.000</ele>
      </trkpt>
      <trkpt lat="51.948790000" lon="15.517880000">
        <ele>0.000</ele>
      </trkpt>
      <trkpt lat="51.949990000" lon="15.518860000">
        <ele>0.000</ele>
      </trkpt>
      <trkpt lat="51.950120000" lon="15.518950000">
        <ele>0.000</ele>
      </trkpt>
      <trkpt lat="51.950190000" lon="15.518960000">
        <ele>0.000</ele>
      </trkpt>
      <trkpt lat="51.950260000" lon="15.518960000">
        <ele>0.000</ele>
      </trkpt>
      <trkpt lat="51.950830000" lon="15.519280000">
        <ele>0.000</ele>
      </trkpt>
      <trkpt lat="51.951290000" lon="15.519520000">
        <ele>0.000</ele>
      </trkpt>
      <trkpt lat="51.951580000" lon="15.519680000">
        <ele>0.000</ele>
      </trkpt>
      <trkpt lat="51.952950000" lon="15.520630000">
        <ele>0.000</ele>
      </trkpt>
      <trkpt lat="51.954170000" lon="15.521400000">
        <ele>0.000</ele>
      </trkpt>
      <trkpt lat="51.954130000" lon="15.521560000">
        <ele>0.000</ele>
      </trkpt>
      <trkpt lat="51.954270000" lon="15.521630000">
        <ele>0.000</ele>
      </trkpt>
      <trkpt lat="51.954880000" lon="15.522020000">
        <ele>0.000</ele>
      </trkpt>
      <trkpt lat="51.954940000" lon="15.522090000">
        <ele>0.000</ele>
      </trkpt>
      <trkpt lat="51.955030000" lon="15.522150000">
        <ele>0.000</ele>
      </trkpt>
      <trkpt lat="51.955070000" lon="15.522200000">
        <ele>0.000</ele>
      </trkpt>
      <trkpt lat="51.955140000" lon="15.522260000">
        <ele>0.000</ele>
      </trkpt>
      <trkpt lat="51.955310000" lon="15.522320000">
        <ele>0.000</ele>
      </trkpt>
      <trkpt lat="51.955560000" lon="15.522470000">
        <ele>0.000</ele>
      </trkpt>
      <trkpt lat="51.955740000" lon="15.522620000">
        <ele>0.000</ele>
      </trkpt>
      <trkpt lat="51.955840000" lon="15.522730000">
        <ele>0.000</ele>
      </trkpt>
      <trkpt lat="51.955930000" lon="15.522800000">
        <ele>0.000</ele>
      </trkpt>
      <trkpt lat="51.956010000" lon="15.522840000">
        <ele>0.000</ele>
      </trkpt>
      <trkpt lat="51.956110000" lon="15.522860000">
        <ele>0.000</ele>
      </trkpt>
      <trkpt lat="51.956450000" lon="15.523110000">
        <ele>0.000</ele>
      </trkpt>
      <trkpt lat="51.956620000" lon="15.523240000">
        <ele>0.000</ele>
      </trkpt>
      <trkpt lat="51.956690000" lon="15.523330000">
        <ele>0.000</ele>
      </trkpt>
      <trkpt lat="51.956880000" lon="15.523500000">
        <ele>0.000</ele>
      </trkpt>
      <trkpt lat="51.956980000" lon="15.523640000">
        <ele>0.000</ele>
      </trkpt>
      <trkpt lat="51.957040000" lon="15.523800000">
        <ele>0.000</ele>
      </trkpt>
      <trkpt lat="51.957060000" lon="15.523820000">
        <ele>0.000</ele>
      </trkpt>
      <trkpt lat="51.957180000" lon="15.523880000">
        <ele>0.000</ele>
      </trkpt>
      <trkpt lat="51.957300000" lon="15.523870000">
        <ele>0.000</ele>
      </trkpt>
      <trkpt lat="51.957340000" lon="15.523890000">
        <ele>0.000</ele>
      </trkpt>
      <trkpt lat="51.957510000" lon="15.524060000">
        <ele>0.000</ele>
      </trkpt>
      <trkpt lat="51.957820000" lon="15.524330000">
        <ele>0.000</ele>
      </trkpt>
      <trkpt lat="51.957950000" lon="15.524460000">
        <ele>0.000</ele>
      </trkpt>
      <trkpt lat="51.958000000" lon="15.524580000">
        <ele>0.000</ele>
      </trkpt>
      <trkpt lat="51.958000000" lon="15.524660000">
        <ele>0.000</ele>
      </trkpt>
      <trkpt lat="51.958080000" lon="15.525060000">
        <ele>0.000</ele>
      </trkpt>
      <trkpt lat="51.958120000" lon="15.525210000">
        <ele>0.000</ele>
      </trkpt>
      <trkpt lat="51.958180000" lon="15.525390000">
        <ele>0.000</ele>
      </trkpt>
      <trkpt lat="51.958260000" lon="15.525550000">
        <ele>0.000</ele>
      </trkpt>
      <trkpt lat="51.958290000" lon="15.525600000">
        <ele>0.000</ele>
      </trkpt>
      <trkpt lat="51.958320000" lon="15.525630000">
        <ele>0.000</ele>
      </trkpt>
      <trkpt lat="51.958370000" lon="15.525630000">
        <ele>0.000</ele>
      </trkpt>
      <trkpt lat="51.958600000" lon="15.525690000">
        <ele>0.000</ele>
      </trkpt>
      <trkpt lat="51.958650000" lon="15.525730000">
        <ele>0.000</ele>
      </trkpt>
      <trkpt lat="51.958870000" lon="15.525650000">
        <ele>0.000</ele>
      </trkpt>
      <trkpt lat="51.958950000" lon="15.525600000">
        <ele>0.000</ele>
      </trkpt>
      <trkpt lat="51.959100000" lon="15.525550000">
        <ele>0.000</ele>
      </trkpt>
      <trkpt lat="51.959150000" lon="15.525570000">
        <ele>0.000</ele>
      </trkpt>
      <trkpt lat="51.959430000" lon="15.525830000">
        <ele>0.000</ele>
      </trkpt>
      <trkpt lat="51.959770000" lon="15.526190000">
        <ele>0.000</ele>
      </trkpt>
      <trkpt lat="51.959990000" lon="15.526400000">
        <ele>0.000</ele>
      </trkpt>
      <trkpt lat="51.960550000" lon="15.526970000">
        <ele>0.000</ele>
      </trkpt>
      <trkpt lat="51.960620000" lon="15.527270000">
        <ele>0.000</ele>
      </trkpt>
      <trkpt lat="51.960660000" lon="15.527330000">
        <ele>0.000</ele>
      </trkpt>
      <trkpt lat="51.960880000" lon="15.527470000">
        <ele>0.000</ele>
      </trkpt>
      <trkpt lat="51.961060000" lon="15.527460000">
        <ele>0.000</ele>
      </trkpt>
      <trkpt lat="51.961110000" lon="15.527490000">
        <ele>0.000</ele>
      </trkpt>
      <trkpt lat="51.961690000" lon="15.528140000">
        <ele>0.000</ele>
      </trkpt>
      <trkpt lat="51.962120000" lon="15.528540000">
        <ele>0.000</ele>
      </trkpt>
      <trkpt lat="51.962370000" lon="15.528790000">
        <ele>0.000</ele>
      </trkpt>
      <trkpt lat="51.962480000" lon="15.528930000">
        <ele>0.000</ele>
      </trkpt>
      <trkpt lat="51.962700000" lon="15.529280000">
        <ele>0.000</ele>
      </trkpt>
      <trkpt lat="51.962860000" lon="15.529570000">
        <ele>0.000</ele>
      </trkpt>
      <trkpt lat="51.963100000" lon="15.530030000">
        <ele>0.000</ele>
      </trkpt>
      <trkpt lat="51.963310000" lon="15.530480000">
        <ele>0.000</ele>
      </trkpt>
      <trkpt lat="51.963400000" lon="15.530520000">
        <ele>0.000</ele>
      </trkpt>
      <trkpt lat="51.963900000" lon="15.531570000">
        <ele>0.000</ele>
      </trkpt>
      <trkpt lat="51.964040000" lon="15.531840000">
        <ele>0.000</ele>
      </trkpt>
      <trkpt lat="51.964120000" lon="15.531970000">
        <ele>0.000</ele>
      </trkpt>
      <trkpt lat="51.964430000" lon="15.532410000">
        <ele>0.000</ele>
      </trkpt>
      <trkpt lat="51.965900000" lon="15.534370000">
        <ele>0.000</ele>
      </trkpt>
      <trkpt lat="51.966300000" lon="15.534940000">
        <ele>0.000</ele>
      </trkpt>
      <trkpt lat="51.966480000" lon="15.535250000">
        <ele>0.000</ele>
      </trkpt>
      <trkpt lat="51.966620000" lon="15.535540000">
        <ele>0.000</ele>
      </trkpt>
      <trkpt lat="51.967140000" lon="15.536760000">
        <ele>0.000</ele>
      </trkpt>
      <trkpt lat="51.967360000" lon="15.537250000">
        <ele>0.000</ele>
      </trkpt>
      <trkpt lat="51.967540000" lon="15.537590000">
        <ele>0.000</ele>
      </trkpt>
      <trkpt lat="51.967710000" lon="15.537900000">
        <ele>0.000</ele>
      </trkpt>
      <trkpt lat="51.967980000" lon="15.538350000">
        <ele>0.000</ele>
      </trkpt>
      <trkpt lat="51.968530000" lon="15.539160000">
        <ele>0.000</ele>
      </trkpt>
      <trkpt lat="51.970610000" lon="15.542220000">
        <ele>0.000</ele>
      </trkpt>
      <trkpt lat="51.971690000" lon="15.543790000">
        <ele>0.000</ele>
      </trkpt>
      <trkpt lat="51.971700000" lon="15.543930000">
        <ele>0.000</ele>
      </trkpt>
      <trkpt lat="51.971720000" lon="15.543990000">
        <ele>0.000</ele>
      </trkpt>
      <trkpt lat="51.971740000" lon="15.544040000">
        <ele>0.000</ele>
      </trkpt>
      <trkpt lat="51.972230000" lon="15.544770000">
        <ele>0.000</ele>
      </trkpt>
      <trkpt lat="51.973740000" lon="15.546990000">
        <ele>0.000</ele>
      </trkpt>
      <trkpt lat="51.974470000" lon="15.547950000">
        <ele>0.000</ele>
      </trkpt>
      <trkpt lat="51.974730000" lon="15.548250000">
        <ele>0.000</ele>
      </trkpt>
      <trkpt lat="51.974960000" lon="15.548490000">
        <ele>0.000</ele>
      </trkpt>
      <trkpt lat="51.975750000" lon="15.549250000">
        <ele>0.000</ele>
      </trkpt>
      <trkpt lat="51.977000000" lon="15.550250000">
        <ele>0.000</ele>
      </trkpt>
      <trkpt lat="51.977380000" lon="15.550550000">
        <ele>0.000</ele>
      </trkpt>
      <trkpt lat="51.978570000" lon="15.551520000">
        <ele>0.000</ele>
      </trkpt>
      <trkpt lat="51.979150000" lon="15.552000000">
        <ele>0.000</ele>
      </trkpt>
      <trkpt lat="51.979430000" lon="15.552290000">
        <ele>0.000</ele>
      </trkpt>
      <trkpt lat="51.980010000" lon="15.552940000">
        <ele>0.000</ele>
      </trkpt>
      <trkpt lat="51.983450000" lon="15.557480000">
        <ele>0.000</ele>
      </trkpt>
      <trkpt lat="51.984160000" lon="15.558430000">
        <ele>0.000</ele>
      </trkpt>
      <trkpt lat="51.984340000" lon="15.558650000">
        <ele>0.000</ele>
      </trkpt>
      <trkpt lat="51.984890000" lon="15.559360000">
        <ele>0.000</ele>
      </trkpt>
      <trkpt lat="51.985580000" lon="15.560020000">
        <ele>0.000</ele>
      </trkpt>
      <trkpt lat="51.986600000" lon="15.560910000">
        <ele>0.000</ele>
      </trkpt>
      <trkpt lat="51.987000000" lon="15.561210000">
        <ele>0.000</ele>
      </trkpt>
      <trkpt lat="51.987300000" lon="15.561400000">
        <ele>0.000</ele>
      </trkpt>
      <trkpt lat="51.988040000" lon="15.561830000">
        <ele>0.000</ele>
      </trkpt>
      <trkpt lat="51.988610000" lon="15.562180000">
        <ele>0.000</ele>
      </trkpt>
      <trkpt lat="51.989030000" lon="15.562380000">
        <ele>0.000</ele>
      </trkpt>
      <trkpt lat="51.989460000" lon="15.562570000">
        <ele>0.000</ele>
      </trkpt>
      <trkpt lat="51.989860000" lon="15.562690000">
        <ele>0.000</ele>
      </trkpt>
      <trkpt lat="51.989970000" lon="15.562770000">
        <ele>0.000</ele>
      </trkpt>
      <trkpt lat="51.990330000" lon="15.562870000">
        <ele>0.000</ele>
      </trkpt>
      <trkpt lat="51.990430000" lon="15.562850000">
        <ele>0.000</ele>
      </trkpt>
      <trkpt lat="51.990570000" lon="15.562890000">
        <ele>0.000</ele>
      </trkpt>
      <trkpt lat="51.990760000" lon="15.562960000">
        <ele>0.000</ele>
      </trkpt>
      <trkpt lat="51.991100000" lon="15.563150000">
        <ele>0.000</ele>
      </trkpt>
      <trkpt lat="51.992030000" lon="15.563580000">
        <ele>0.000</ele>
      </trkpt>
      <trkpt lat="51.992280000" lon="15.563710000">
        <ele>0.000</ele>
      </trkpt>
      <trkpt lat="51.992410000" lon="15.563730000">
        <ele>0.000</ele>
      </trkpt>
      <trkpt lat="51.992560000" lon="15.563740000">
        <ele>0.000</ele>
      </trkpt>
      <trkpt lat="51.992630000" lon="15.563760000">
        <ele>0.000</ele>
      </trkpt>
      <trkpt lat="51.993250000" lon="15.564050000">
        <ele>0.000</ele>
      </trkpt>
      <trkpt lat="51.993400000" lon="15.564160000">
        <ele>0.000</ele>
      </trkpt>
      <trkpt lat="51.993490000" lon="15.564240000">
        <ele>0.000</ele>
      </trkpt>
      <trkpt lat="51.994220000" lon="15.565770000">
        <ele>0.000</ele>
      </trkpt>
      <trkpt lat="51.994310000" lon="15.565990000">
        <ele>0.000</ele>
      </trkpt>
      <trkpt lat="51.994540000" lon="15.566430000">
        <ele>0.000</ele>
      </trkpt>
      <trkpt lat="51.994630000" lon="15.566540000">
        <ele>0.000</ele>
      </trkpt>
      <trkpt lat="51.994740000" lon="15.566660000">
        <ele>0.000</ele>
      </trkpt>
      <trkpt lat="51.995370000" lon="15.567830000">
        <ele>0.000</ele>
      </trkpt>
      <trkpt lat="51.996910000" lon="15.570390000">
        <ele>0.000</ele>
      </trkpt>
      <trkpt lat="51.997170000" lon="15.570930000">
        <ele>0.000</ele>
      </trkpt>
      <trkpt lat="51.997990000" lon="15.572760000">
        <ele>0.000</ele>
      </trkpt>
      <trkpt lat="51.998190000" lon="15.573210000">
        <ele>0.000</ele>
      </trkpt>
      <trkpt lat="51.998290000" lon="15.573480000">
        <ele>0.000</ele>
      </trkpt>
      <trkpt lat="51.998340000" lon="15.573650000">
        <ele>0.000</ele>
      </trkpt>
      <trkpt lat="51.998450000" lon="15.574050000">
        <ele>0.000</ele>
      </trkpt>
      <trkpt lat="51.998740000" lon="15.575370000">
        <ele>0.000</ele>
      </trkpt>
      <trkpt lat="51.998800000" lon="15.575550000">
        <ele>0.000</ele>
      </trkpt>
      <trkpt lat="51.999580000" lon="15.579040000">
        <ele>0.000</ele>
      </trkpt>
      <trkpt lat="51.999880000" lon="15.580140000">
        <ele>0.000</ele>
      </trkpt>
      <trkpt lat="51.999970000" lon="15.580420000">
        <ele>0.000</ele>
      </trkpt>
      <trkpt lat="52.000320000" lon="15.581410000">
        <ele>0.000</ele>
      </trkpt>
      <trkpt lat="52.000620000" lon="15.582180000">
        <ele>0.000</ele>
      </trkpt>
      <trkpt lat="52.000870000" lon="15.582750000">
        <ele>0.000</ele>
      </trkpt>
      <trkpt lat="52.001270000" lon="15.583530000">
        <ele>0.000</ele>
      </trkpt>
      <trkpt lat="52.001660000" lon="15.584200000">
        <ele>0.000</ele>
      </trkpt>
      <trkpt lat="52.001860000" lon="15.584530000">
        <ele>0.000</ele>
      </trkpt>
      <trkpt lat="52.001920000" lon="15.584680000">
        <ele>0.000</ele>
      </trkpt>
      <trkpt lat="52.002540000" lon="15.586640000">
        <ele>0.000</ele>
      </trkpt>
      <trkpt lat="52.002700000" lon="15.587070000">
        <ele>0.000</ele>
      </trkpt>
      <trkpt lat="52.002940000" lon="15.587530000">
        <ele>0.000</ele>
      </trkpt>
      <trkpt lat="52.003170000" lon="15.587840000">
        <ele>0.000</ele>
      </trkpt>
      <trkpt lat="52.003390000" lon="15.588070000">
        <ele>0.000</ele>
      </trkpt>
      <trkpt lat="52.004030000" lon="15.588660000">
        <ele>0.000</ele>
      </trkpt>
      <trkpt lat="52.004660000" lon="15.589260000">
        <ele>0.000</ele>
      </trkpt>
      <trkpt lat="52.004830000" lon="15.589450000">
        <ele>0.000</ele>
      </trkpt>
      <trkpt lat="52.004990000" lon="15.589660000">
        <ele>0.000</ele>
      </trkpt>
      <trkpt lat="52.005260000" lon="15.589960000">
        <ele>0.000</ele>
      </trkpt>
      <trkpt lat="52.005760000" lon="15.590420000">
        <ele>0.000</ele>
      </trkpt>
      <trkpt lat="52.006290000" lon="15.590820000">
        <ele>0.000</ele>
      </trkpt>
      <trkpt lat="52.008320000" lon="15.592100000">
        <ele>0.000</ele>
      </trkpt>
      <trkpt lat="52.009980000" lon="15.593180000">
        <ele>0.000</ele>
      </trkpt>
      <trkpt lat="52.010260000" lon="15.593420000">
        <ele>0.000</ele>
      </trkpt>
      <trkpt lat="52.010550000" lon="15.593710000">
        <ele>0.000</ele>
      </trkpt>
      <trkpt lat="52.010660000" lon="15.593840000">
        <ele>0.000</ele>
      </trkpt>
      <trkpt lat="52.010900000" lon="15.594150000">
        <ele>0.000</ele>
      </trkpt>
      <trkpt lat="52.011140000" lon="15.594480000">
        <ele>0.000</ele>
      </trkpt>
      <trkpt lat="52.012780000" lon="15.597300000">
        <ele>0.000</ele>
      </trkpt>
      <trkpt lat="52.013080000" lon="15.597850000">
        <ele>0.000</ele>
      </trkpt>
      <trkpt lat="52.014430000" lon="15.600180000">
        <ele>0.000</ele>
      </trkpt>
      <trkpt lat="52.014730000" lon="15.600730000">
        <ele>0.000</ele>
      </trkpt>
      <trkpt lat="52.014810000" lon="15.600930000">
        <ele>0.000</ele>
      </trkpt>
      <trkpt lat="52.014870000" lon="15.601250000">
        <ele>0.000</ele>
      </trkpt>
      <trkpt lat="52.014940000" lon="15.601750000">
        <ele>0.000</ele>
      </trkpt>
      <trkpt lat="52.015010000" lon="15.602200000">
        <ele>0.000</ele>
      </trkpt>
      <trkpt lat="52.015060000" lon="15.602390000">
        <ele>0.000</ele>
      </trkpt>
      <trkpt lat="52.015160000" lon="15.602640000">
        <ele>0.000</ele>
      </trkpt>
      <trkpt lat="52.015230000" lon="15.602760000">
        <ele>0.000</ele>
      </trkpt>
      <trkpt lat="52.015310000" lon="15.602840000">
        <ele>0.000</ele>
      </trkpt>
      <trkpt lat="52.015470000" lon="15.602950000">
        <ele>0.000</ele>
      </trkpt>
      <trkpt lat="52.016090000" lon="15.603210000">
        <ele>0.000</ele>
      </trkpt>
      <trkpt lat="52.016160000" lon="15.603260000">
        <ele>0.000</ele>
      </trkpt>
      <trkpt lat="52.016240000" lon="15.603350000">
        <ele>0.000</ele>
      </trkpt>
      <trkpt lat="52.018110000" lon="15.606600000">
        <ele>0.000</ele>
      </trkpt>
      <trkpt lat="52.018180000" lon="15.606750000">
        <ele>0.000</ele>
      </trkpt>
      <trkpt lat="52.018190000" lon="15.606850000">
        <ele>0.000</ele>
      </trkpt>
      <trkpt lat="52.018200000" lon="15.606970000">
        <ele>0.000</ele>
      </trkpt>
      <trkpt lat="52.018150000" lon="15.609220000">
        <ele>0.000</ele>
      </trkpt>
      <trkpt lat="52.018170000" lon="15.609550000">
        <ele>0.000</ele>
      </trkpt>
      <trkpt lat="52.018250000" lon="15.609830000">
        <ele>0.000</ele>
      </trkpt>
      <trkpt lat="52.018460000" lon="15.610260000">
        <ele>0.000</ele>
      </trkpt>
      <trkpt lat="52.018690000" lon="15.610690000">
        <ele>0.000</ele>
      </trkpt>
      <trkpt lat="52.019280000" lon="15.611840000">
        <ele>0.000</ele>
      </trkpt>
      <trkpt lat="52.019630000" lon="15.612500000">
        <ele>0.000</ele>
      </trkpt>
      <trkpt lat="52.019780000" lon="15.612640000">
        <ele>0.000</ele>
      </trkpt>
      <trkpt lat="52.019940000" lon="15.612740000">
        <ele>0.000</ele>
      </trkpt>
      <trkpt lat="52.020420000" lon="15.613090000">
        <ele>0.000</ele>
      </trkpt>
      <trkpt lat="52.021480000" lon="15.613860000">
        <ele>0.000</ele>
      </trkpt>
      <trkpt lat="52.021590000" lon="15.613920000">
        <ele>0.000</ele>
      </trkpt>
      <trkpt lat="52.021760000" lon="15.613960000">
        <ele>0.000</ele>
      </trkpt>
      <trkpt lat="52.022120000" lon="15.613990000">
        <ele>0.000</ele>
      </trkpt>
      <trkpt lat="52.023090000" lon="15.614010000">
        <ele>0.000</ele>
      </trkpt>
      <trkpt lat="52.023220000" lon="15.613980000">
        <ele>0.000</ele>
      </trkpt>
      <trkpt lat="52.023270000" lon="15.613960000">
        <ele>0.000</ele>
      </trkpt>
      <trkpt lat="52.023860000" lon="15.613970000">
        <ele>0.000</ele>
      </trkpt>
      <trkpt lat="52.027430000" lon="15.614050000">
        <ele>0.000</ele>
      </trkpt>
      <trkpt lat="52.027820000" lon="15.614000000">
        <ele>0.000</ele>
      </trkpt>
      <trkpt lat="52.027860000" lon="15.613990000">
        <ele>0.000</ele>
      </trkpt>
      <trkpt lat="52.027890000" lon="15.613920000">
        <ele>0.000</ele>
      </trkpt>
      <trkpt lat="52.031660000" lon="15.613990000">
        <ele>0.000</ele>
      </trkpt>
      <trkpt lat="52.031850000" lon="15.614010000">
        <ele>0.000</ele>
      </trkpt>
      <trkpt lat="52.032590000" lon="15.614030000">
        <ele>0.000</ele>
      </trkpt>
      <trkpt lat="52.033410000" lon="15.614040000">
        <ele>0.000</ele>
      </trkpt>
      <trkpt lat="52.034110000" lon="15.614000000">
        <ele>0.000</ele>
      </trkpt>
      <trkpt lat="52.034290000" lon="15.614020000">
        <ele>0.000</ele>
      </trkpt>
      <trkpt lat="52.034360000" lon="15.614020000">
        <ele>0.000</ele>
      </trkpt>
      <trkpt lat="52.034650000" lon="15.613930000">
        <ele>0.000</ele>
      </trkpt>
      <trkpt lat="52.034750000" lon="15.613810000">
        <ele>0.000</ele>
      </trkpt>
      <trkpt lat="52.035410000" lon="15.613540000">
        <ele>0.000</ele>
      </trkpt>
      <trkpt lat="52.036190000" lon="15.613270000">
        <ele>0.000</ele>
      </trkpt>
      <trkpt lat="52.036400000" lon="15.613230000">
        <ele>0.000</ele>
      </trkpt>
      <trkpt lat="52.036700000" lon="15.613210000">
        <ele>0.000</ele>
      </trkpt>
      <trkpt lat="52.036870000" lon="15.613220000">
        <ele>0.000</ele>
      </trkpt>
      <trkpt lat="52.037390000" lon="15.613390000">
        <ele>0.000</ele>
      </trkpt>
      <trkpt lat="52.038950000" lon="15.614020000">
        <ele>0.000</ele>
      </trkpt>
      <trkpt lat="52.038960000" lon="15.613940000">
        <ele>0.000</ele>
      </trkpt>
      <trkpt lat="52.039520000" lon="15.614070000">
        <ele>0.000</ele>
      </trkpt>
      <trkpt lat="52.039810000" lon="15.614120000">
        <ele>0.000</ele>
      </trkpt>
      <trkpt lat="52.041300000" lon="15.614290000">
        <ele>0.000</ele>
      </trkpt>
      <trkpt lat="52.041490000" lon="15.614340000">
        <ele>0.000</ele>
      </trkpt>
      <trkpt lat="52.041780000" lon="15.614380000">
        <ele>0.000</ele>
      </trkpt>
      <trkpt lat="52.041890000" lon="15.614410000">
        <ele>0.000</ele>
      </trkpt>
      <trkpt lat="52.043150000" lon="15.614980000">
        <ele>0.000</ele>
      </trkpt>
      <trkpt lat="52.043660000" lon="15.615220000">
        <ele>0.000</ele>
      </trkpt>
      <trkpt lat="52.044440000" lon="15.615570000">
        <ele>0.000</ele>
      </trkpt>
      <trkpt lat="52.044930000" lon="15.615810000">
        <ele>0.000</ele>
      </trkpt>
      <trkpt lat="52.045210000" lon="15.616010000">
        <ele>0.000</ele>
      </trkpt>
      <trkpt lat="52.045370000" lon="15.616140000">
        <ele>0.000</ele>
      </trkpt>
      <trkpt lat="52.045550000" lon="15.616310000">
        <ele>0.000</ele>
      </trkpt>
      <trkpt lat="52.045820000" lon="15.616620000">
        <ele>0.000</ele>
      </trkpt>
      <trkpt lat="52.046750000" lon="15.617700000">
        <ele>0.000</ele>
      </trkpt>
      <trkpt lat="52.047200000" lon="15.618040000">
        <ele>0.000</ele>
      </trkpt>
      <trkpt lat="52.047530000" lon="15.618210000">
        <ele>0.000</ele>
      </trkpt>
      <trkpt lat="52.047840000" lon="15.618320000">
        <ele>0.000</ele>
      </trkpt>
      <trkpt lat="52.048460000" lon="15.618490000">
        <ele>0.000</ele>
      </trkpt>
      <trkpt lat="52.048610000" lon="15.618510000">
        <ele>0.000</ele>
      </trkpt>
      <trkpt lat="52.049000000" lon="15.618500000">
        <ele>0.000</ele>
      </trkpt>
      <trkpt lat="52.050380000" lon="15.618950000">
        <ele>0.000</ele>
      </trkpt>
      <trkpt lat="52.051720000" lon="15.619240000">
        <ele>0.000</ele>
      </trkpt>
      <trkpt lat="52.052120000" lon="15.619370000">
        <ele>0.000</ele>
      </trkpt>
      <trkpt lat="52.052290000" lon="15.619380000">
        <ele>0.000</ele>
      </trkpt>
      <trkpt lat="52.052290000" lon="15.619450000">
        <ele>0.000</ele>
      </trkpt>
      <trkpt lat="52.052380000" lon="15.619450000">
        <ele>0.000</ele>
      </trkpt>
      <trkpt lat="52.053040000" lon="15.619360000">
        <ele>0.000</ele>
      </trkpt>
      <trkpt lat="52.053030000" lon="15.619270000">
        <ele>0.000</ele>
      </trkpt>
      <trkpt lat="52.053220000" lon="15.619200000">
        <ele>0.000</ele>
      </trkpt>
      <trkpt lat="52.056270000" lon="15.618770000">
        <ele>0.000</ele>
      </trkpt>
      <trkpt lat="52.057520000" lon="15.618540000">
        <ele>0.000</ele>
      </trkpt>
      <trkpt lat="52.059870000" lon="15.617990000">
        <ele>0.000</ele>
      </trkpt>
      <trkpt lat="52.059810000" lon="15.616800000">
        <ele>0.000</ele>
      </trkpt>
      <trkpt lat="52.059760000" lon="15.616410000">
        <ele>0.000</ele>
      </trkpt>
      <trkpt lat="52.059680000" lon="15.616080000">
        <ele>0.000</ele>
      </trkpt>
      <trkpt lat="52.059310000" lon="15.615140000">
        <ele>0.000</ele>
      </trkpt>
      <trkpt lat="52.059230000" lon="15.614850000">
        <ele>0.000</ele>
      </trkpt>
      <trkpt lat="52.059190000" lon="15.614600000">
        <ele>0.000</ele>
      </trkpt>
      <trkpt lat="52.058820000" lon="15.611430000">
        <ele>0.000</ele>
      </trkpt>
      <trkpt lat="52.058930000" lon="15.611390000">
        <ele>0.000</ele>
      </trkpt>
      <trkpt lat="52.058970000" lon="15.611320000">
        <ele>0.000</ele>
      </trkpt>
      <trkpt lat="52.058970000" lon="15.611140000">
        <ele>0.000</ele>
      </trkpt>
      <trkpt lat="52.059000000" lon="15.611060000">
        <ele>0.000</ele>
      </trkpt>
      <trkpt lat="52.060120000" lon="15.608990000">
        <ele>0.000</ele>
      </trkpt>
      <trkpt lat="52.061090000" lon="15.607290000">
        <ele>0.000</ele>
      </trkpt>
      <trkpt lat="52.061290000" lon="15.606910000">
        <ele>0.000</ele>
      </trkpt>
      <trkpt lat="52.061740000" lon="15.605760000">
        <ele>0.000</ele>
      </trkpt>
      <trkpt lat="52.062510000" lon="15.603610000">
        <ele>0.000</ele>
      </trkpt>
      <trkpt lat="52.062560000" lon="15.603300000">
        <ele>0.000</ele>
      </trkpt>
      <trkpt lat="52.062590000" lon="15.603120000">
        <ele>0.000</ele>
      </trkpt>
      <trkpt lat="52.062790000" lon="15.602600000">
        <ele>0.000</ele>
      </trkpt>
      <trkpt lat="52.062850000" lon="15.602260000">
        <ele>0.000</ele>
      </trkpt>
      <trkpt lat="52.062990000" lon="15.601660000">
        <ele>0.000</ele>
      </trkpt>
      <trkpt lat="52.063140000" lon="15.601190000">
        <ele>0.000</ele>
      </trkpt>
      <trkpt lat="52.063350000" lon="15.600570000">
        <ele>0.000</ele>
      </trkpt>
      <trkpt lat="52.063560000" lon="15.600120000">
        <ele>0.000</ele>
      </trkpt>
      <trkpt lat="52.063710000" lon="15.599800000">
        <ele>0.000</ele>
      </trkpt>
      <trkpt lat="52.063860000" lon="15.599530000">
        <ele>0.000</ele>
      </trkpt>
      <trkpt lat="52.064260000" lon="15.598920000">
        <ele>0.000</ele>
      </trkpt>
      <trkpt lat="52.064540000" lon="15.598560000">
        <ele>0.000</ele>
      </trkpt>
      <trkpt lat="52.064760000" lon="15.598320000">
        <ele>0.000</ele>
      </trkpt>
      <trkpt lat="52.064860000" lon="15.598200000">
        <ele>0.000</ele>
      </trkpt>
      <trkpt lat="52.065020000" lon="15.597950000">
        <ele>0.000</ele>
      </trkpt>
      <trkpt lat="52.065110000" lon="15.597840000">
        <ele>0.000</ele>
      </trkpt>
      <trkpt lat="52.065200000" lon="15.597770000">
        <ele>0.000</ele>
      </trkpt>
      <trkpt lat="52.065820000" lon="15.597520000">
        <ele>0.000</ele>
      </trkpt>
      <trkpt lat="52.065930000" lon="15.597500000">
        <ele>0.000</ele>
      </trkpt>
      <trkpt lat="52.066000000" lon="15.597460000">
        <ele>0.000</ele>
      </trkpt>
      <trkpt lat="52.066060000" lon="15.597410000">
        <ele>0.000</ele>
      </trkpt>
      <trkpt lat="52.066230000" lon="15.597330000">
        <ele>0.000</ele>
      </trkpt>
      <trkpt lat="52.066780000" lon="15.597160000">
        <ele>0.000</ele>
      </trkpt>
      <trkpt lat="52.067000000" lon="15.597130000">
        <ele>0.000</ele>
      </trkpt>
      <trkpt lat="52.067170000" lon="15.597120000">
        <ele>0.000</ele>
      </trkpt>
      <trkpt lat="52.067470000" lon="15.597130000">
        <ele>0.000</ele>
      </trkpt>
      <trkpt lat="52.068550000" lon="15.597390000">
        <ele>0.000</ele>
      </trkpt>
      <trkpt lat="52.068940000" lon="15.597500000">
        <ele>0.000</ele>
      </trkpt>
      <trkpt lat="52.069140000" lon="15.597550000">
        <ele>0.000</ele>
      </trkpt>
      <trkpt lat="52.069660000" lon="15.597580000">
        <ele>0.000</ele>
      </trkpt>
      <trkpt lat="52.070270000" lon="15.597580000">
        <ele>0.000</ele>
      </trkpt>
      <trkpt lat="52.070580000" lon="15.597510000">
        <ele>0.000</ele>
      </trkpt>
      <trkpt lat="52.070810000" lon="15.597440000">
        <ele>0.000</ele>
      </trkpt>
      <trkpt lat="52.071520000" lon="15.597110000">
        <ele>0.000</ele>
      </trkpt>
      <trkpt lat="52.072020000" lon="15.596860000">
        <ele>0.000</ele>
      </trkpt>
      <trkpt lat="52.073810000" lon="15.596000000">
        <ele>0.000</ele>
      </trkpt>
      <trkpt lat="52.074230000" lon="15.595850000">
        <ele>0.000</ele>
      </trkpt>
      <trkpt lat="52.074550000" lon="15.595750000">
        <ele>0.000</ele>
      </trkpt>
      <trkpt lat="52.074660000" lon="15.595730000">
        <ele>0.000</ele>
      </trkpt>
      <trkpt lat="52.074990000" lon="15.595900000">
        <ele>0.000</ele>
      </trkpt>
      <trkpt lat="52.075160000" lon="15.595920000">
        <ele>0.000</ele>
      </trkpt>
      <trkpt lat="52.075150000" lon="15.596040000">
        <ele>0.000</ele>
      </trkpt>
      <trkpt lat="52.075460000" lon="15.596130000">
        <ele>0.000</ele>
      </trkpt>
      <trkpt lat="52.075740000" lon="15.596270000">
        <ele>0.000</ele>
      </trkpt>
      <trkpt lat="52.075980000" lon="15.596420000">
        <ele>0.000</ele>
      </trkpt>
      <trkpt lat="52.076030000" lon="15.596470000">
        <ele>0.000</ele>
      </trkpt>
      <trkpt lat="52.076000000" lon="15.596650000">
        <ele>0.000</ele>
      </trkpt>
      <trkpt lat="52.076080000" lon="15.596720000">
        <ele>0.000</ele>
      </trkpt>
      <trkpt lat="52.076390000" lon="15.597020000">
        <ele>0.000</ele>
      </trkpt>
      <trkpt lat="52.076700000" lon="15.597420000">
        <ele>0.000</ele>
      </trkpt>
      <trkpt lat="52.077000000" lon="15.597910000">
        <ele>0.000</ele>
      </trkpt>
      <trkpt lat="52.077130000" lon="15.598180000">
        <ele>0.000</ele>
      </trkpt>
      <trkpt lat="52.078560000" lon="15.601800000">
        <ele>0.000</ele>
      </trkpt>
      <trkpt lat="52.078570000" lon="15.601910000">
        <ele>0.000</ele>
      </trkpt>
      <trkpt lat="52.078650000" lon="15.602110000">
        <ele>0.000</ele>
      </trkpt>
      <trkpt lat="52.078700000" lon="15.602170000">
        <ele>0.000</ele>
      </trkpt>
      <trkpt lat="52.079050000" lon="15.603080000">
        <ele>0.000</ele>
      </trkpt>
      <trkpt lat="52.079570000" lon="15.604370000">
        <ele>0.000</ele>
      </trkpt>
      <trkpt lat="52.079600000" lon="15.604450000">
        <ele>0.000</ele>
      </trkpt>
      <trkpt lat="52.079600000" lon="15.604570000">
        <ele>0.000</ele>
      </trkpt>
      <trkpt lat="52.079620000" lon="15.604670000">
        <ele>0.000</ele>
      </trkpt>
      <trkpt lat="52.079680000" lon="15.604900000">
        <ele>0.000</ele>
      </trkpt>
      <trkpt lat="52.079780000" lon="15.604900000">
        <ele>0.000</ele>
      </trkpt>
      <trkpt lat="52.079820000" lon="15.604930000">
        <ele>0.000</ele>
      </trkpt>
      <trkpt lat="52.079900000" lon="15.605080000">
        <ele>0.000</ele>
      </trkpt>
      <trkpt lat="52.080060000" lon="15.605510000">
        <ele>0.000</ele>
      </trkpt>
      <trkpt lat="52.080360000" lon="15.606220000">
        <ele>0.000</ele>
      </trkpt>
      <trkpt lat="52.080400000" lon="15.606200000">
        <ele>0.000</ele>
      </trkpt>
      <trkpt lat="52.081650000" lon="15.609230000">
        <ele>0.000</ele>
      </trkpt>
      <trkpt lat="52.081790000" lon="15.609650000">
        <ele>0.000</ele>
      </trkpt>
      <trkpt lat="52.081860000" lon="15.609810000">
        <ele>0.000</ele>
      </trkpt>
      <trkpt lat="52.081910000" lon="15.609900000">
        <ele>0.000</ele>
      </trkpt>
      <trkpt lat="52.081980000" lon="15.610000000">
        <ele>0.000</ele>
      </trkpt>
      <trkpt lat="52.081980000" lon="15.610040000">
        <ele>0.000</ele>
      </trkpt>
      <trkpt lat="52.081990000" lon="15.610100000">
        <ele>0.000</ele>
      </trkpt>
      <trkpt lat="52.082030000" lon="15.610130000">
        <ele>0.000</ele>
      </trkpt>
      <trkpt lat="52.082070000" lon="15.610120000">
        <ele>0.000</ele>
      </trkpt>
      <trkpt lat="52.082090000" lon="15.610060000">
        <ele>0.000</ele>
      </trkpt>
      <trkpt lat="52.082090000" lon="15.610020000">
        <ele>0.000</ele>
      </trkpt>
      <trkpt lat="52.082380000" lon="15.609960000">
        <ele>0.000</ele>
      </trkpt>
      <trkpt lat="52.083060000" lon="15.609890000">
        <ele>0.000</ele>
      </trkpt>
      <trkpt lat="52.083110000" lon="15.610840000">
        <ele>0.000</ele>
      </trkpt>
      <trkpt lat="52.084140000" lon="15.610670000">
        <ele>0.000</ele>
      </trkpt>
      <trkpt lat="52.084200000" lon="15.611530000">
        <ele>0.000</ele>
      </trkpt>
      <trkpt lat="52.085020000" lon="15.611630000">
        <ele>0.000</ele>
      </trkpt>
      <trkpt lat="52.085660000" lon="15.611740000">
        <ele>0.000</ele>
      </trkpt>
      <trkpt lat="52.085910000" lon="15.613940000">
        <ele>0.000</ele>
      </trkpt>
      <trkpt lat="52.086080000" lon="15.614750000">
        <ele>0.000</ele>
      </trkpt>
      <trkpt lat="52.086190000" lon="15.615230000">
        <ele>0.000</ele>
      </trkpt>
      <trkpt lat="52.086260000" lon="15.615420000">
        <ele>0.000</ele>
      </trkpt>
      <trkpt lat="52.086420000" lon="15.615740000">
        <ele>0.000</ele>
      </trkpt>
      <trkpt lat="52.086540000" lon="15.616030000">
        <ele>0.000</ele>
      </trkpt>
      <trkpt lat="52.086600000" lon="15.616320000">
        <ele>0.000</ele>
      </trkpt>
      <trkpt lat="52.086670000" lon="15.616800000">
        <ele>0.000</ele>
      </trkpt>
      <trkpt lat="52.086740000" lon="15.617170000">
        <ele>0.000</ele>
      </trkpt>
      <trkpt lat="52.086860000" lon="15.617550000">
        <ele>0.000</ele>
      </trkpt>
      <trkpt lat="52.086950000" lon="15.617790000">
        <ele>0.000</ele>
      </trkpt>
      <trkpt lat="52.087020000" lon="15.617850000">
        <ele>0.000</ele>
      </trkpt>
      <trkpt lat="52.087090000" lon="15.617870000">
        <ele>0.000</ele>
      </trkpt>
      <trkpt lat="52.087280000" lon="15.617910000">
        <ele>0.000</ele>
      </trkpt>
      <trkpt lat="52.087400000" lon="15.617950000">
        <ele>0.000</ele>
      </trkpt>
      <trkpt lat="52.087520000" lon="15.617910000">
        <ele>0.000</ele>
      </trkpt>
      <trkpt lat="52.088180000" lon="15.617870000">
        <ele>0.000</ele>
      </trkpt>
      <trkpt lat="52.089820000" lon="15.618170000">
        <ele>0.000</ele>
      </trkpt>
      <trkpt lat="52.090470000" lon="15.618270000">
        <ele>0.000</ele>
      </trkpt>
      <trkpt lat="52.090680000" lon="15.618330000">
        <ele>0.000</ele>
      </trkpt>
      <trkpt lat="52.090870000" lon="15.618420000">
        <ele>0.000</ele>
      </trkpt>
      <trkpt lat="52.091040000" lon="15.618600000">
        <ele>0.000</ele>
      </trkpt>
      <trkpt lat="52.091270000" lon="15.618940000">
        <ele>0.000</ele>
      </trkpt>
      <trkpt lat="52.091390000" lon="15.619090000">
        <ele>0.000</ele>
      </trkpt>
      <trkpt lat="52.091470000" lon="15.619140000">
        <ele>0.000</ele>
      </trkpt>
      <trkpt lat="52.091600000" lon="15.621040000">
        <ele>0.000</ele>
      </trkpt>
      <trkpt lat="52.092160000" lon="15.620940000">
        <ele>0.000</ele>
      </trkpt>
      <trkpt lat="52.093340000" lon="15.620670000">
        <ele>0.000</ele>
      </trkpt>
      <trkpt lat="52.093540000" lon="15.620650000">
        <ele>0.000</ele>
      </trkpt>
      <trkpt lat="52.093630000" lon="15.620750000">
        <ele>0.000</ele>
      </trkpt>
      <trkpt lat="52.094180000" lon="15.621610000">
        <ele>0.000</ele>
      </trkpt>
      <trkpt lat="52.094510000" lon="15.621180000">
        <ele>0.000</ele>
      </trkpt>
      <trkpt lat="52.095040000" lon="15.620520000">
        <ele>0.000</ele>
      </trkpt>
      <trkpt lat="52.097010000" lon="15.617980000">
        <ele>0.000</ele>
      </trkpt>
      <trkpt lat="52.097010000" lon="15.617900000">
        <ele>0.000</ele>
      </trkpt>
      <trkpt lat="52.097010000" lon="15.617850000">
        <ele>0.000</ele>
      </trkpt>
      <trkpt lat="52.097070000" lon="15.617790000">
        <ele>0.000</ele>
      </trkpt>
      <trkpt lat="52.098840000" lon="15.615540000">
        <ele>0.000</ele>
      </trkpt>
      <trkpt lat="52.099590000" lon="15.614500000">
        <ele>0.000</ele>
      </trkpt>
      <trkpt lat="52.099970000" lon="15.614000000">
        <ele>0.000</ele>
      </trkpt>
      <trkpt lat="52.100270000" lon="15.613560000">
        <ele>0.000</ele>
      </trkpt>
      <trkpt lat="52.100940000" lon="15.612700000">
        <ele>0.000</ele>
      </trkpt>
      <trkpt lat="52.101040000" lon="15.612890000">
        <ele>0.000</ele>
      </trkpt>
      <trkpt lat="52.101400000" lon="15.612410000">
        <ele>0.000</ele>
      </trkpt>
      <trkpt lat="52.101450000" lon="15.612490000">
        <ele>0.000</ele>
      </trkpt>
      <trkpt lat="52.101550000" lon="15.612430000">
        <ele>0.000</ele>
      </trkpt>
      <trkpt lat="52.102590000" lon="15.611100000">
        <ele>0.000</ele>
      </trkpt>
      <trkpt lat="52.103980000" lon="15.609350000">
        <ele>0.000</ele>
      </trkpt>
      <trkpt lat="52.104800000" lon="15.608270000">
        <ele>0.000</ele>
      </trkpt>
      <trkpt lat="52.105980000" lon="15.606780000">
        <ele>0.000</ele>
      </trkpt>
      <trkpt lat="52.106250000" lon="15.606400000">
        <ele>0.000</ele>
      </trkpt>
      <trkpt lat="52.106460000" lon="15.605970000">
        <ele>0.000</ele>
      </trkpt>
      <trkpt lat="52.108800000" lon="15.602970000">
        <ele>0.000</ele>
      </trkpt>
      <trkpt lat="52.109320000" lon="15.602360000">
        <ele>0.000</ele>
      </trkpt>
      <trkpt lat="52.109510000" lon="15.602170000">
        <ele>0.000</ele>
      </trkpt>
      <trkpt lat="52.109830000" lon="15.601870000">
        <ele>0.000</ele>
      </trkpt>
      <trkpt lat="52.113300000" lon="15.599020000">
        <ele>0.000</ele>
      </trkpt>
      <trkpt lat="52.114530000" lon="15.598040000">
        <ele>0.000</ele>
      </trkpt>
      <trkpt lat="52.116680000" lon="15.596280000">
        <ele>0.000</ele>
      </trkpt>
      <trkpt lat="52.119940000" lon="15.593620000">
        <ele>0.000</ele>
      </trkpt>
      <trkpt lat="52.122540000" lon="15.591470000">
        <ele>0.000</ele>
      </trkpt>
      <trkpt lat="52.122830000" lon="15.591250000">
        <ele>0.000</ele>
      </trkpt>
      <trkpt lat="52.123020000" lon="15.591140000">
        <ele>0.000</ele>
      </trkpt>
      <trkpt lat="52.123020000" lon="15.590990000">
        <ele>0.000</ele>
      </trkpt>
      <trkpt lat="52.123320000" lon="15.590840000">
        <ele>0.000</ele>
      </trkpt>
      <trkpt lat="52.123660000" lon="15.590720000">
        <ele>0.000</ele>
      </trkpt>
      <trkpt lat="52.123980000" lon="15.590640000">
        <ele>0.000</ele>
      </trkpt>
      <trkpt lat="52.124590000" lon="15.590540000">
        <ele>0.000</ele>
      </trkpt>
      <trkpt lat="52.125260000" lon="15.590400000">
        <ele>0.000</ele>
      </trkpt>
      <trkpt lat="52.125830000" lon="15.590200000">
        <ele>0.000</ele>
      </trkpt>
      <trkpt lat="52.129190000" lon="15.588550000">
        <ele>0.000</ele>
      </trkpt>
      <trkpt lat="52.129230000" lon="15.588700000">
        <ele>0.000</ele>
      </trkpt>
      <trkpt lat="52.130190000" lon="15.588220000">
        <ele>0.000</ele>
      </trkpt>
      <trkpt lat="52.131420000" lon="15.587580000">
        <ele>0.000</ele>
      </trkpt>
      <trkpt lat="52.132780000" lon="15.586910000">
        <ele>0.000</ele>
      </trkpt>
      <trkpt lat="52.133400000" lon="15.586620000">
        <ele>0.000</ele>
      </trkpt>
      <trkpt lat="52.134630000" lon="15.586240000">
        <ele>0.000</ele>
      </trkpt>
      <trkpt lat="52.136430000" lon="15.585640000">
        <ele>0.000</ele>
      </trkpt>
      <trkpt lat="52.136410000" lon="15.585530000">
        <ele>0.000</ele>
      </trkpt>
      <trkpt lat="52.142570000" lon="15.583510000">
        <ele>0.000</ele>
      </trkpt>
      <trkpt lat="52.147000000" lon="15.582050000">
        <ele>0.000</ele>
      </trkpt>
      <trkpt lat="52.149620000" lon="15.581200000">
        <ele>0.000</ele>
      </trkpt>
      <trkpt lat="52.151170000" lon="15.580680000">
        <ele>0.000</ele>
      </trkpt>
      <trkpt lat="52.152790000" lon="15.580160000">
        <ele>0.000</ele>
      </trkpt>
      <trkpt lat="52.153440000" lon="15.579920000">
        <ele>0.000</ele>
      </trkpt>
      <trkpt lat="52.157530000" lon="15.578580000">
        <ele>0.000</ele>
      </trkpt>
      <trkpt lat="52.157520000" lon="15.578440000">
        <ele>0.000</ele>
      </trkpt>
      <trkpt lat="52.157840000" lon="15.578320000">
        <ele>0.000</ele>
      </trkpt>
      <trkpt lat="52.159030000" lon="15.577910000">
        <ele>0.000</ele>
      </trkpt>
      <trkpt lat="52.160210000" lon="15.577530000">
        <ele>0.000</ele>
      </trkpt>
      <trkpt lat="52.161210000" lon="15.577290000">
        <ele>0.000</ele>
      </trkpt>
      <trkpt lat="52.161800000" lon="15.577400000">
        <ele>0.000</ele>
      </trkpt>
      <trkpt lat="52.162190000" lon="15.577540000">
        <ele>0.000</ele>
      </trkpt>
      <trkpt lat="52.162330000" lon="15.577700000">
        <ele>0.000</ele>
      </trkpt>
      <trkpt lat="52.163430000" lon="15.578000000">
        <ele>0.000</ele>
      </trkpt>
      <trkpt lat="52.164810000" lon="15.578450000">
        <ele>0.000</ele>
      </trkpt>
      <trkpt lat="52.164980000" lon="15.578470000">
        <ele>0.000</ele>
      </trkpt>
      <trkpt lat="52.165200000" lon="15.578460000">
        <ele>0.000</ele>
      </trkpt>
      <trkpt lat="52.165590000" lon="15.578360000">
        <ele>0.000</ele>
      </trkpt>
      <trkpt lat="52.165960000" lon="15.578310000">
        <ele>0.000</ele>
      </trkpt>
      <trkpt lat="52.170280000" lon="15.579240000">
        <ele>0.000</ele>
      </trkpt>
      <trkpt lat="52.171000000" lon="15.579370000">
        <ele>0.000</ele>
      </trkpt>
      <trkpt lat="52.171600000" lon="15.579450000">
        <ele>0.000</ele>
      </trkpt>
      <trkpt lat="52.171970000" lon="15.579460000">
        <ele>0.000</ele>
      </trkpt>
      <trkpt lat="52.172320000" lon="15.579440000">
        <ele>0.000</ele>
      </trkpt>
      <trkpt lat="52.172630000" lon="15.579390000">
        <ele>0.000</ele>
      </trkpt>
      <trkpt lat="52.173010000" lon="15.579320000">
        <ele>0.000</ele>
      </trkpt>
      <trkpt lat="52.173250000" lon="15.579250000">
        <ele>0.000</ele>
      </trkpt>
      <trkpt lat="52.173640000" lon="15.579100000">
        <ele>0.000</ele>
      </trkpt>
      <trkpt lat="52.173960000" lon="15.578960000">
        <ele>0.000</ele>
      </trkpt>
      <trkpt lat="52.174230000" lon="15.578820000">
        <ele>0.000</ele>
      </trkpt>
      <trkpt lat="52.176350000" lon="15.577580000">
        <ele>0.000</ele>
      </trkpt>
      <trkpt lat="52.181840000" lon="15.574310000">
        <ele>0.000</ele>
      </trkpt>
      <trkpt lat="52.186650000" lon="15.571480000">
        <ele>0.000</ele>
      </trkpt>
      <trkpt lat="52.193680000" lon="15.567320000">
        <ele>0.000</ele>
      </trkpt>
      <trkpt lat="52.197420000" lon="15.565120000">
        <ele>0.000</ele>
      </trkpt>
      <trkpt lat="52.203070000" lon="15.561760000">
        <ele>0.000</ele>
      </trkpt>
      <trkpt lat="52.207600000" lon="15.559060000">
        <ele>0.000</ele>
      </trkpt>
      <trkpt lat="52.215160000" lon="15.554550000">
        <ele>0.000</ele>
      </trkpt>
      <trkpt lat="52.218500000" lon="15.552540000">
        <ele>0.000</ele>
      </trkpt>
      <trkpt lat="52.225210000" lon="15.548500000">
        <ele>0.000</ele>
      </trkpt>
      <trkpt lat="52.226610000" lon="15.547720000">
        <ele>0.000</ele>
      </trkpt>
      <trkpt lat="52.227160000" lon="15.547460000">
        <ele>0.000</ele>
      </trkpt>
      <trkpt lat="52.227380000" lon="15.547380000">
        <ele>0.000</ele>
      </trkpt>
      <trkpt lat="52.227910000" lon="15.547220000">
        <ele>0.000</ele>
      </trkpt>
      <trkpt lat="52.228140000" lon="15.547170000">
        <ele>0.000</ele>
      </trkpt>
      <trkpt lat="52.228740000" lon="15.547080000">
        <ele>0.000</ele>
      </trkpt>
      <trkpt lat="52.229050000" lon="15.547060000">
        <ele>0.000</ele>
      </trkpt>
      <trkpt lat="52.229050000" lon="15.546970000">
        <ele>0.000</ele>
      </trkpt>
      <trkpt lat="52.229060000" lon="15.546890000">
        <ele>0.000</ele>
      </trkpt>
      <trkpt lat="52.229160000" lon="15.546540000">
        <ele>0.000</ele>
      </trkpt>
      <trkpt lat="52.229230000" lon="15.546320000">
        <ele>0.000</ele>
      </trkpt>
      <trkpt lat="52.229310000" lon="15.546130000">
        <ele>0.000</ele>
      </trkpt>
      <trkpt lat="52.229390000" lon="15.546010000">
        <ele>0.000</ele>
      </trkpt>
      <trkpt lat="52.229510000" lon="15.545930000">
        <ele>0.000</ele>
      </trkpt>
      <trkpt lat="52.231170000" lon="15.544940000">
        <ele>0.000</ele>
      </trkpt>
      <trkpt lat="52.231130000" lon="15.544820000">
        <ele>0.000</ele>
      </trkpt>
      <trkpt lat="52.232200000" lon="15.544190000">
        <ele>0.000</ele>
      </trkpt>
      <trkpt lat="52.232340000" lon="15.544010000">
        <ele>0.000</ele>
      </trkpt>
      <trkpt lat="52.232420000" lon="15.543920000">
        <ele>0.000</ele>
      </trkpt>
      <trkpt lat="52.232650000" lon="15.543780000">
        <ele>0.000</ele>
      </trkpt>
      <trkpt lat="52.233040000" lon="15.543550000">
        <ele>0.000</ele>
      </trkpt>
      <trkpt lat="52.233230000" lon="15.543510000">
        <ele>0.000</ele>
      </trkpt>
      <trkpt lat="52.233350000" lon="15.543460000">
        <ele>0.000</ele>
      </trkpt>
      <trkpt lat="52.233710000" lon="15.543270000">
        <ele>0.000</ele>
      </trkpt>
      <trkpt lat="52.234120000" lon="15.543030000">
        <ele>0.000</ele>
      </trkpt>
      <trkpt lat="52.234200000" lon="15.542820000">
        <ele>0.000</ele>
      </trkpt>
      <trkpt lat="52.234270000" lon="15.542720000">
        <ele>0.000</ele>
      </trkpt>
      <trkpt lat="52.234290000" lon="15.542670000">
        <ele>0.000</ele>
      </trkpt>
      <trkpt lat="52.234310000" lon="15.542560000">
        <ele>0.000</ele>
      </trkpt>
      <trkpt lat="52.234520000" lon="15.542610000">
        <ele>0.000</ele>
      </trkpt>
      <trkpt lat="52.234510000" lon="15.542660000">
        <ele>0.000</ele>
      </trkpt>
      <trkpt lat="52.234530000" lon="15.542690000">
        <ele>0.000</ele>
      </trkpt>
      <trkpt lat="52.234550000" lon="15.542720000">
        <ele>0.000</ele>
      </trkpt>
      <trkpt lat="52.234580000" lon="15.542730000">
        <ele>0.000</ele>
      </trkpt>
      <trkpt lat="52.234660000" lon="15.542690000">
        <ele>0.000</ele>
      </trkpt>
      <trkpt lat="52.234770000" lon="15.542630000">
        <ele>0.000</ele>
      </trkpt>
      <trkpt lat="52.234850000" lon="15.542520000">
        <ele>0.000</ele>
      </trkpt>
      <trkpt lat="52.235990000" lon="15.541880000">
        <ele>0.000</ele>
      </trkpt>
      <trkpt lat="52.236050000" lon="15.541780000">
        <ele>0.000</ele>
      </trkpt>
      <trkpt lat="52.236090000" lon="15.541730000">
        <ele>0.000</ele>
      </trkpt>
      <trkpt lat="52.236210000" lon="15.541650000">
        <ele>0.000</ele>
      </trkpt>
      <trkpt lat="52.236330000" lon="15.541650000">
        <ele>0.000</ele>
      </trkpt>
      <trkpt lat="52.238060000" lon="15.540610000">
        <ele>0.000</ele>
      </trkpt>
      <trkpt lat="52.239080000" lon="15.540040000">
        <ele>0.000</ele>
      </trkpt>
      <trkpt lat="52.239370000" lon="15.539920000">
        <ele>0.000</ele>
      </trkpt>
      <trkpt lat="52.239610000" lon="15.539770000">
        <ele>0.000</ele>
      </trkpt>
      <trkpt lat="52.239660000" lon="15.539780000">
        <ele>0.000</ele>
      </trkpt>
      <trkpt lat="52.240090000" lon="15.539530000">
        <ele>0.000</ele>
      </trkpt>
      <trkpt lat="52.240100000" lon="15.539490000">
        <ele>0.000</ele>
      </trkpt>
      <trkpt lat="52.240100000" lon="15.539460000">
        <ele>0.000</ele>
      </trkpt>
      <trkpt lat="52.240210000" lon="15.539340000">
        <ele>0.000</ele>
      </trkpt>
      <trkpt lat="52.240220000" lon="15.539370000">
        <ele>0.000</ele>
      </trkpt>
      <trkpt lat="52.240260000" lon="15.539400000">
        <ele>0.000</ele>
      </trkpt>
      <trkpt lat="52.240300000" lon="15.539400000">
        <ele>0.000</ele>
      </trkpt>
      <trkpt lat="52.240740000" lon="15.539170000">
        <ele>0.000</ele>
      </trkpt>
      <trkpt lat="52.240970000" lon="15.538990000">
        <ele>0.000</ele>
      </trkpt>
      <trkpt lat="52.241560000" lon="15.538670000">
        <ele>0.000</ele>
      </trkpt>
      <trkpt lat="52.241650000" lon="15.538680000">
        <ele>0.000</ele>
      </trkpt>
      <trkpt lat="52.241840000" lon="15.538570000">
        <ele>0.000</ele>
      </trkpt>
      <trkpt lat="52.241970000" lon="15.538450000">
        <ele>0.000</ele>
      </trkpt>
      <trkpt lat="52.242000000" lon="15.538470000">
        <ele>0.000</ele>
      </trkpt>
      <trkpt lat="52.242040000" lon="15.538470000">
        <ele>0.000</ele>
      </trkpt>
      <trkpt lat="52.242610000" lon="15.538150000">
        <ele>0.000</ele>
      </trkpt>
      <trkpt lat="52.242830000" lon="15.537960000">
        <ele>0.000</ele>
      </trkpt>
      <trkpt lat="52.242860000" lon="15.537920000">
        <ele>0.000</ele>
      </trkpt>
      <trkpt lat="52.242870000" lon="15.537880000">
        <ele>0.000</ele>
      </trkpt>
      <trkpt lat="52.242900000" lon="15.537850000">
        <ele>0.000</ele>
      </trkpt>
      <trkpt lat="52.242950000" lon="15.538030000">
        <ele>0.000</ele>
      </trkpt>
      <trkpt lat="52.243320000" lon="15.537870000">
        <ele>0.000</ele>
      </trkpt>
      <trkpt lat="52.243900000" lon="15.537710000">
        <ele>0.000</ele>
      </trkpt>
      <trkpt lat="52.244380000" lon="15.537620000">
        <ele>0.000</ele>
      </trkpt>
      <trkpt lat="52.244560000" lon="15.537550000">
        <ele>0.000</ele>
      </trkpt>
      <trkpt lat="52.244970000" lon="15.537280000">
        <ele>0.000</ele>
      </trkpt>
      <trkpt lat="52.246130000" lon="15.536440000">
        <ele>0.000</ele>
      </trkpt>
      <trkpt lat="52.246600000" lon="15.536070000">
        <ele>0.000</ele>
      </trkpt>
      <trkpt lat="52.246690000" lon="15.536030000">
        <ele>0.000</ele>
      </trkpt>
      <trkpt lat="52.246770000" lon="15.536010000">
        <ele>0.000</ele>
      </trkpt>
      <trkpt lat="52.247320000" lon="15.536020000">
        <ele>0.000</ele>
      </trkpt>
      <trkpt lat="52.247520000" lon="15.535990000">
        <ele>0.000</ele>
      </trkpt>
      <trkpt lat="52.247700000" lon="15.535950000">
        <ele>0.000</ele>
      </trkpt>
      <trkpt lat="52.247380000" lon="15.533890000">
        <ele>0.000</ele>
      </trkpt>
      <trkpt lat="52.247370000" lon="15.533750000">
        <ele>0.000</ele>
      </trkpt>
      <trkpt lat="52.247430000" lon="15.533000000">
        <ele>0.000</ele>
      </trkpt>
      <trkpt lat="52.247490000" lon="15.533010000">
        <ele>0.000</ele>
      </trkpt>
      <trkpt lat="52.247760000" lon="15.532910000">
        <ele>0.000</ele>
      </trkpt>
      <trkpt lat="52.248050000" lon="15.532830000">
        <ele>0.000</ele>
      </trkpt>
      <trkpt lat="52.248050000" lon="15.532620000">
        <ele>0.000</ele>
      </trkpt>
      <trkpt lat="52.248070000" lon="15.532480000">
        <ele>0.000</ele>
      </trkpt>
      <trkpt lat="52.248100000" lon="15.532310000">
        <ele>0.000</ele>
      </trkpt>
      <trkpt lat="52.248190000" lon="15.531990000">
        <ele>0.000</ele>
      </trkpt>
      <trkpt lat="52.248260000" lon="15.531840000">
        <ele>0.000</ele>
      </trkpt>
      <trkpt lat="52.248580000" lon="15.531200000">
        <ele>0.000</ele>
      </trkpt>
      <trkpt lat="52.248680000" lon="15.531050000">
        <ele>0.000</ele>
      </trkpt>
      <trkpt lat="52.248760000" lon="15.530990000">
        <ele>0.000</ele>
      </trkpt>
      <trkpt lat="52.249120000" lon="15.531510000">
        <ele>0.000</ele>
      </trkpt>
      <trkpt lat="52.249140000" lon="15.531480000">
        <ele>0.000</ele>
      </trkpt>
      <trkpt lat="52.249550000" lon="15.532390000">
        <ele>0.000</ele>
      </trkpt>
      <trkpt lat="52.249570000" lon="15.532470000">
        <ele>0.000</ele>
      </trkpt>
      <trkpt lat="52.249590000" lon="15.532480000">
        <ele>0.000</ele>
      </trkpt>
      <trkpt lat="52.249640000" lon="15.532470000">
        <ele>0.000</ele>
      </trkpt>
      <trkpt lat="52.249780000" lon="15.532340000">
        <ele>0.000</ele>
      </trkpt>
      <trkpt lat="52.249780000" lon="15.532340000">
        <ele>0.000</ele>
      </trkpt>
      <trkpt lat="52.249640000" lon="15.532470000">
        <ele>0.000</ele>
      </trkpt>
      <trkpt lat="52.249590000" lon="15.532480000">
        <ele>0.000</ele>
      </trkpt>
      <trkpt lat="52.249570000" lon="15.532470000">
        <ele>0.000</ele>
      </trkpt>
      <trkpt lat="52.249550000" lon="15.532520000">
        <ele>0.000</ele>
      </trkpt>
      <trkpt lat="52.249220000" lon="15.532870000">
        <ele>0.000</ele>
      </trkpt>
      <trkpt lat="52.248960000" lon="15.533170000">
        <ele>0.000</ele>
      </trkpt>
      <trkpt lat="52.249540000" lon="15.534520000">
        <ele>0.000</ele>
      </trkpt>
      <trkpt lat="52.249760000" lon="15.535100000">
        <ele>0.000</ele>
      </trkpt>
      <trkpt lat="52.250320000" lon="15.534820000">
        <ele>0.000</ele>
      </trkpt>
      <trkpt lat="52.250340000" lon="15.534940000">
        <ele>0.000</ele>
      </trkpt>
      <trkpt lat="52.250350000" lon="15.535110000">
        <ele>0.000</ele>
      </trkpt>
      <trkpt lat="52.250350000" lon="15.535510000">
        <ele>0.000</ele>
      </trkpt>
      <trkpt lat="52.250400000" lon="15.535800000">
        <ele>0.000</ele>
      </trkpt>
      <trkpt lat="52.250570000" lon="15.536550000">
        <ele>0.000</ele>
      </trkpt>
      <trkpt lat="52.250840000" lon="15.537680000">
        <ele>0.000</ele>
      </trkpt>
      <trkpt lat="52.252960000" lon="15.536370000">
        <ele>0.000</ele>
      </trkpt>
      <trkpt lat="52.253350000" lon="15.537910000">
        <ele>0.000</ele>
      </trkpt>
      <trkpt lat="52.253390000" lon="15.537900000">
        <ele>0.000</ele>
      </trkpt>
      <trkpt lat="52.253630000" lon="15.538810000">
        <ele>0.000</ele>
      </trkpt>
      <trkpt lat="52.253780000" lon="15.539500000">
        <ele>0.000</ele>
      </trkpt>
      <trkpt lat="52.254910000" lon="15.544710000">
        <ele>0.000</ele>
      </trkpt>
      <trkpt lat="52.255030000" lon="15.545270000">
        <ele>0.000</ele>
      </trkpt>
      <trkpt lat="52.254950000" lon="15.545310000">
        <ele>0.000</ele>
      </trkpt>
      <trkpt lat="52.255770000" lon="15.549120000">
        <ele>0.000</ele>
      </trkpt>
      <trkpt lat="52.255800000" lon="15.549060000">
        <ele>0.000</ele>
      </trkpt>
      <trkpt lat="52.255870000" lon="15.549370000">
        <ele>0.000</ele>
      </trkpt>
      <trkpt lat="52.257500000" lon="15.556930000">
        <ele>0.000</ele>
      </trkpt>
      <trkpt lat="52.257600000" lon="15.557360000">
        <ele>0.000</ele>
      </trkpt>
      <trkpt lat="52.257690000" lon="15.557710000">
        <ele>0.000</ele>
      </trkpt>
      <trkpt lat="52.257850000" lon="15.558090000">
        <ele>0.000</ele>
      </trkpt>
      <trkpt lat="52.258010000" lon="15.558400000">
        <ele>0.000</ele>
      </trkpt>
      <trkpt lat="52.258090000" lon="15.558520000">
        <ele>0.000</ele>
      </trkpt>
      <trkpt lat="52.259060000" lon="15.559750000">
        <ele>0.000</ele>
      </trkpt>
      <trkpt lat="52.259310000" lon="15.560530000">
        <ele>0.000</ele>
      </trkpt>
      <trkpt lat="52.260190000" lon="15.563160000">
        <ele>0.000</ele>
      </trkpt>
      <trkpt lat="52.260340000" lon="15.563500000">
        <ele>0.000</ele>
      </trkpt>
      <trkpt lat="52.260740000" lon="15.564160000">
        <ele>0.000</ele>
      </trkpt>
      <trkpt lat="52.261310000" lon="15.565070000">
        <ele>0.000</ele>
      </trkpt>
      <trkpt lat="52.261520000" lon="15.565670000">
        <ele>0.000</ele>
      </trkpt>
      <trkpt lat="52.261690000" lon="15.566280000">
        <ele>0.000</ele>
      </trkpt>
      <trkpt lat="52.261820000" lon="15.566240000">
        <ele>0.000</ele>
      </trkpt>
      <trkpt lat="52.262570000" lon="15.565440000">
        <ele>0.000</ele>
      </trkpt>
      <trkpt lat="52.263910000" lon="15.564380000">
        <ele>0.000</ele>
      </trkpt>
      <trkpt lat="52.264650000" lon="15.563590000">
        <ele>0.000</ele>
      </trkpt>
      <trkpt lat="52.266140000" lon="15.562260000">
        <ele>0.000</ele>
      </trkpt>
      <trkpt lat="52.268020000" lon="15.560620000">
        <ele>0.000</ele>
      </trkpt>
      <trkpt lat="52.271640000" lon="15.557370000">
        <ele>0.000</ele>
      </trkpt>
      <trkpt lat="52.271900000" lon="15.557110000">
        <ele>0.000</ele>
      </trkpt>
      <trkpt lat="52.272090000" lon="15.556960000">
        <ele>0.000</ele>
      </trkpt>
      <trkpt lat="52.272770000" lon="15.556720000">
        <ele>0.000</ele>
      </trkpt>
      <trkpt lat="52.273600000" lon="15.556440000">
        <ele>0.000</ele>
      </trkpt>
      <trkpt lat="52.275400000" lon="15.555910000">
        <ele>0.000</ele>
      </trkpt>
      <trkpt lat="52.282360000" lon="15.553760000">
        <ele>0.000</ele>
      </trkpt>
      <trkpt lat="52.285330000" lon="15.553950000">
        <ele>0.000</ele>
      </trkpt>
      <trkpt lat="52.285790000" lon="15.553970000">
        <ele>0.000</ele>
      </trkpt>
      <trkpt lat="52.286100000" lon="15.553950000">
        <ele>0.000</ele>
      </trkpt>
      <trkpt lat="52.286250000" lon="15.553900000">
        <ele>0.000</ele>
      </trkpt>
      <trkpt lat="52.286890000" lon="15.553490000">
        <ele>0.000</ele>
      </trkpt>
      <trkpt lat="52.287040000" lon="15.553420000">
        <ele>0.000</ele>
      </trkpt>
      <trkpt lat="52.289300000" lon="15.552670000">
        <ele>0.000</ele>
      </trkpt>
      <trkpt lat="52.289830000" lon="15.552320000">
        <ele>0.000</ele>
      </trkpt>
      <trkpt lat="52.290270000" lon="15.552000000">
        <ele>0.000</ele>
      </trkpt>
      <trkpt lat="52.291080000" lon="15.551390000">
        <ele>0.000</ele>
      </trkpt>
      <trkpt lat="52.293380000" lon="15.550860000">
        <ele>0.000</ele>
      </trkpt>
      <trkpt lat="52.297440000" lon="15.549790000">
        <ele>0.000</ele>
      </trkpt>
      <trkpt lat="52.299360000" lon="15.549250000">
        <ele>0.000</ele>
      </trkpt>
      <trkpt lat="52.301330000" lon="15.548590000">
        <ele>0.000</ele>
      </trkpt>
      <trkpt lat="52.302410000" lon="15.549490000">
        <ele>0.000</ele>
      </trkpt>
      <trkpt lat="52.303440000" lon="15.550440000">
        <ele>0.000</ele>
      </trkpt>
      <trkpt lat="52.304600000" lon="15.551570000">
        <ele>0.000</ele>
      </trkpt>
      <trkpt lat="52.304640000" lon="15.551650000">
        <ele>0.000</ele>
      </trkpt>
      <trkpt lat="52.304670000" lon="15.551770000">
        <ele>0.000</ele>
      </trkpt>
      <trkpt lat="52.304960000" lon="15.552200000">
        <ele>0.000</ele>
      </trkpt>
      <trkpt lat="52.305100000" lon="15.552120000">
        <ele>0.000</ele>
      </trkpt>
      <trkpt lat="52.305240000" lon="15.552120000">
        <ele>0.000</ele>
      </trkpt>
      <trkpt lat="52.306300000" lon="15.553000000">
        <ele>0.000</ele>
      </trkpt>
      <trkpt lat="52.306460000" lon="15.553060000">
        <ele>0.000</ele>
      </trkpt>
      <trkpt lat="52.306690000" lon="15.553100000">
        <ele>0.000</ele>
      </trkpt>
      <trkpt lat="52.306850000" lon="15.553090000">
        <ele>0.000</ele>
      </trkpt>
      <trkpt lat="52.306950000" lon="15.553090000">
        <ele>0.000</ele>
      </trkpt>
      <trkpt lat="52.307060000" lon="15.553120000">
        <ele>0.000</ele>
      </trkpt>
      <trkpt lat="52.307230000" lon="15.553190000">
        <ele>0.000</ele>
      </trkpt>
      <trkpt lat="52.307380000" lon="15.553290000">
        <ele>0.000</ele>
      </trkpt>
      <trkpt lat="52.307690000" lon="15.553590000">
        <ele>0.000</ele>
      </trkpt>
      <trkpt lat="52.307970000" lon="15.553570000">
        <ele>0.000</ele>
      </trkpt>
      <trkpt lat="52.312290000" lon="15.553000000">
        <ele>0.000</ele>
      </trkpt>
      <trkpt lat="52.315840000" lon="15.552660000">
        <ele>0.000</ele>
      </trkpt>
      <trkpt lat="52.318890000" lon="15.552330000">
        <ele>0.000</ele>
      </trkpt>
      <trkpt lat="52.322500000" lon="15.552000000">
        <ele>0.000</ele>
      </trkpt>
      <trkpt lat="52.322660000" lon="15.552000000">
        <ele>0.000</ele>
      </trkpt>
      <trkpt lat="52.322830000" lon="15.552030000">
        <ele>0.000</ele>
      </trkpt>
      <trkpt lat="52.323000000" lon="15.552110000">
        <ele>0.000</ele>
      </trkpt>
      <trkpt lat="52.323250000" lon="15.552230000">
        <ele>0.000</ele>
      </trkpt>
      <trkpt lat="52.323640000" lon="15.552470000">
        <ele>0.000</ele>
      </trkpt>
      <trkpt lat="52.323840000" lon="15.552620000">
        <ele>0.000</ele>
      </trkpt>
      <trkpt lat="52.324150000" lon="15.552950000">
        <ele>0.000</ele>
      </trkpt>
      <trkpt lat="52.324300000" lon="15.553090000">
        <ele>0.000</ele>
      </trkpt>
      <trkpt lat="52.324410000" lon="15.553170000">
        <ele>0.000</ele>
      </trkpt>
      <trkpt lat="52.328280000" lon="15.555220000">
        <ele>0.000</ele>
      </trkpt>
      <trkpt lat="52.329640000" lon="15.555900000">
        <ele>0.000</ele>
      </trkpt>
      <trkpt lat="52.329900000" lon="15.556020000">
        <ele>0.000</ele>
      </trkpt>
      <trkpt lat="52.330130000" lon="15.556150000">
        <ele>0.000</ele>
      </trkpt>
      <trkpt lat="52.330700000" lon="15.556580000">
        <ele>0.000</ele>
      </trkpt>
      <trkpt lat="52.330760000" lon="15.556300000">
        <ele>0.000</ele>
      </trkpt>
      <trkpt lat="52.330940000" lon="15.555070000">
        <ele>0.000</ele>
      </trkpt>
      <trkpt lat="52.331030000" lon="15.554500000">
        <ele>0.000</ele>
      </trkpt>
      <trkpt lat="52.331350000" lon="15.553270000">
        <ele>0.000</ele>
      </trkpt>
      <trkpt lat="52.331700000" lon="15.552010000">
        <ele>0.000</ele>
      </trkpt>
      <trkpt lat="52.332340000" lon="15.549550000">
        <ele>0.000</ele>
      </trkpt>
      <trkpt lat="52.332540000" lon="15.548750000">
        <ele>0.000</ele>
      </trkpt>
      <trkpt lat="52.332630000" lon="15.548800000">
        <ele>0.000</ele>
      </trkpt>
      <trkpt lat="52.333490000" lon="15.548650000">
        <ele>0.000</ele>
      </trkpt>
      <trkpt lat="52.333710000" lon="15.548590000">
        <ele>0.000</ele>
      </trkpt>
      <trkpt lat="52.333890000" lon="15.548500000">
        <ele>0.000</ele>
      </trkpt>
      <trkpt lat="52.333980000" lon="15.548410000">
        <ele>0.000</ele>
      </trkpt>
      <trkpt lat="52.334070000" lon="15.548260000">
        <ele>0.000</ele>
      </trkpt>
      <trkpt lat="52.334190000" lon="15.547940000">
        <ele>0.000</ele>
      </trkpt>
      <trkpt lat="52.334250000" lon="15.548060000">
        <ele>0.000</ele>
      </trkpt>
      <trkpt lat="52.334660000" lon="15.548350000">
        <ele>0.000</ele>
      </trkpt>
      <trkpt lat="52.334800000" lon="15.548490000">
        <ele>0.000</ele>
      </trkpt>
      <trkpt lat="52.334910000" lon="15.548980000">
        <ele>0.000</ele>
      </trkpt>
      <trkpt lat="52.335300000" lon="15.549650000">
        <ele>0.000</ele>
      </trkpt>
      <trkpt lat="52.335730000" lon="15.550330000">
        <ele>0.000</ele>
      </trkpt>
      <trkpt lat="52.336130000" lon="15.550730000">
        <ele>0.000</ele>
      </trkpt>
      <trkpt lat="52.336480000" lon="15.550950000">
        <ele>0.000</ele>
      </trkpt>
      <trkpt lat="52.336730000" lon="15.551050000">
        <ele>0.000</ele>
      </trkpt>
      <trkpt lat="52.336910000" lon="15.551060000">
        <ele>0.000</ele>
      </trkpt>
      <trkpt lat="52.337110000" lon="15.550980000">
        <ele>0.000</ele>
      </trkpt>
      <trkpt lat="52.337320000" lon="15.550880000">
        <ele>0.000</ele>
      </trkpt>
      <trkpt lat="52.337440000" lon="15.550770000">
        <ele>0.000</ele>
      </trkpt>
      <trkpt lat="52.337630000" lon="15.550460000">
        <ele>0.000</ele>
      </trkpt>
      <trkpt lat="52.337700000" lon="15.550420000">
        <ele>0.000</ele>
      </trkpt>
      <trkpt lat="52.337800000" lon="15.550410000">
        <ele>0.000</ele>
      </trkpt>
      <trkpt lat="52.338240000" lon="15.550440000">
        <ele>0.000</ele>
      </trkpt>
      <trkpt lat="52.338210000" lon="15.550170000">
        <ele>0.000</ele>
      </trkpt>
      <trkpt lat="52.338200000" lon="15.549920000">
        <ele>0.000</ele>
      </trkpt>
      <trkpt lat="52.338200000" lon="15.549540000">
        <ele>0.000</ele>
      </trkpt>
      <trkpt lat="52.338240000" lon="15.548960000">
        <ele>0.000</ele>
      </trkpt>
      <trkpt lat="52.338280000" lon="15.547910000">
        <ele>0.000</ele>
      </trkpt>
      <trkpt lat="52.338300000" lon="15.547660000">
        <ele>0.000</ele>
      </trkpt>
      <trkpt lat="52.338340000" lon="15.547490000">
        <ele>0.000</ele>
      </trkpt>
      <trkpt lat="52.338420000" lon="15.547300000">
        <ele>0.000</ele>
      </trkpt>
      <trkpt lat="52.338520000" lon="15.547380000">
        <ele>0.000</ele>
      </trkpt>
      <trkpt lat="52.338620000" lon="15.547450000">
        <ele>0.000</ele>
      </trkpt>
      <trkpt lat="52.338760000" lon="15.547500000">
        <ele>0.000</ele>
      </trkpt>
      <trkpt lat="52.338890000" lon="15.547520000">
        <ele>0.000</ele>
      </trkpt>
      <trkpt lat="52.339120000" lon="15.547490000">
        <ele>0.000</ele>
      </trkpt>
      <trkpt lat="52.339860000" lon="15.547350000">
        <ele>0.000</ele>
      </trkpt>
      <trkpt lat="52.340070000" lon="15.547290000">
        <ele>0.000</ele>
      </trkpt>
      <trkpt lat="52.342510000" lon="15.546190000">
        <ele>0.000</ele>
      </trkpt>
      <trkpt lat="52.342670000" lon="15.546130000">
        <ele>0.000</ele>
      </trkpt>
      <trkpt lat="52.342840000" lon="15.546100000">
        <ele>0.000</ele>
      </trkpt>
      <trkpt lat="52.343120000" lon="15.546070000">
        <ele>0.000</ele>
      </trkpt>
      <trkpt lat="52.343290000" lon="15.546080000">
        <ele>0.000</ele>
      </trkpt>
      <trkpt lat="52.343420000" lon="15.546100000">
        <ele>0.000</ele>
      </trkpt>
      <trkpt lat="52.343570000" lon="15.546150000">
        <ele>0.000</ele>
      </trkpt>
      <trkpt lat="52.343690000" lon="15.546200000">
        <ele>0.000</ele>
      </trkpt>
      <trkpt lat="52.344010000" lon="15.546390000">
        <ele>0.000</ele>
      </trkpt>
      <trkpt lat="52.344310000" lon="15.546650000">
        <ele>0.000</ele>
      </trkpt>
      <trkpt lat="52.345300000" lon="15.547770000">
        <ele>0.000</ele>
      </trkpt>
      <trkpt lat="52.345430000" lon="15.547890000">
        <ele>0.000</ele>
      </trkpt>
      <trkpt lat="52.345550000" lon="15.548000000">
        <ele>0.000</ele>
      </trkpt>
      <trkpt lat="52.345680000" lon="15.548100000">
        <ele>0.000</ele>
      </trkpt>
      <trkpt lat="52.345860000" lon="15.548220000">
        <ele>0.000</ele>
      </trkpt>
      <trkpt lat="52.346170000" lon="15.548350000">
        <ele>0.000</ele>
      </trkpt>
      <trkpt lat="52.346460000" lon="15.548410000">
        <ele>0.000</ele>
      </trkpt>
      <trkpt lat="52.346760000" lon="15.548410000">
        <ele>0.000</ele>
      </trkpt>
      <trkpt lat="52.347040000" lon="15.548350000">
        <ele>0.000</ele>
      </trkpt>
      <trkpt lat="52.347190000" lon="15.548300000">
        <ele>0.000</ele>
      </trkpt>
      <trkpt lat="52.347460000" lon="15.548150000">
        <ele>0.000</ele>
      </trkpt>
      <trkpt lat="52.348170000" lon="15.547640000">
        <ele>0.000</ele>
      </trkpt>
      <trkpt lat="52.367170000" lon="15.533650000">
        <ele>0.000</ele>
      </trkpt>
      <trkpt lat="52.367440000" lon="15.533470000">
        <ele>0.000</ele>
      </trkpt>
      <trkpt lat="52.367600000" lon="15.533390000">
        <ele>0.000</ele>
      </trkpt>
      <trkpt lat="52.367800000" lon="15.533320000">
        <ele>0.000</ele>
      </trkpt>
      <trkpt lat="52.367990000" lon="15.533290000">
        <ele>0.000</ele>
      </trkpt>
      <trkpt lat="52.368270000" lon="15.533300000">
        <ele>0.000</ele>
      </trkpt>
      <trkpt lat="52.369090000" lon="15.533350000">
        <ele>0.000</ele>
      </trkpt>
      <trkpt lat="52.369090000" lon="15.533490000">
        <ele>0.000</ele>
      </trkpt>
      <trkpt lat="52.369700000" lon="15.533520000">
        <ele>0.000</ele>
      </trkpt>
      <trkpt lat="52.369720000" lon="15.533380000">
        <ele>0.000</ele>
      </trkpt>
      <trkpt lat="52.370980000" lon="15.533460000">
        <ele>0.000</ele>
      </trkpt>
      <trkpt lat="52.371640000" lon="15.533510000">
        <ele>0.000</ele>
      </trkpt>
      <trkpt lat="52.372030000" lon="15.533580000">
        <ele>0.000</ele>
      </trkpt>
      <trkpt lat="52.377680000" lon="15.534730000">
        <ele>0.000</ele>
      </trkpt>
      <trkpt lat="52.383320000" lon="15.535780000">
        <ele>0.000</ele>
      </trkpt>
      <trkpt lat="52.383660000" lon="15.535860000">
        <ele>0.000</ele>
      </trkpt>
      <trkpt lat="52.389710000" lon="15.537520000">
        <ele>0.000</ele>
      </trkpt>
      <trkpt lat="52.396820000" lon="15.539510000">
        <ele>0.000</ele>
      </trkpt>
      <trkpt lat="52.398960000" lon="15.540140000">
        <ele>0.000</ele>
      </trkpt>
      <trkpt lat="52.403010000" lon="15.541360000">
        <ele>0.000</ele>
      </trkpt>
      <trkpt lat="52.403470000" lon="15.541480000">
        <ele>0.000</ele>
      </trkpt>
      <trkpt lat="52.403950000" lon="15.541560000">
        <ele>0.000</ele>
      </trkpt>
      <trkpt lat="52.404420000" lon="15.541590000">
        <ele>0.000</ele>
      </trkpt>
      <trkpt lat="52.409510000" lon="15.541820000">
        <ele>0.000</ele>
      </trkpt>
      <trkpt lat="52.410010000" lon="15.541860000">
        <ele>0.000</ele>
      </trkpt>
      <trkpt lat="52.410430000" lon="15.541930000">
        <ele>0.000</ele>
      </trkpt>
      <trkpt lat="52.410660000" lon="15.541840000">
        <ele>0.000</ele>
      </trkpt>
      <trkpt lat="52.410730000" lon="15.541850000">
        <ele>0.000</ele>
      </trkpt>
      <trkpt lat="52.411470000" lon="15.541900000">
        <ele>0.000</ele>
      </trkpt>
      <trkpt lat="52.412530000" lon="15.541920000">
        <ele>0.000</ele>
      </trkpt>
      <trkpt lat="52.412690000" lon="15.541930000">
        <ele>0.000</ele>
      </trkpt>
      <trkpt lat="52.413110000" lon="15.542120000">
        <ele>0.000</ele>
      </trkpt>
      <trkpt lat="52.413370000" lon="15.542350000">
        <ele>0.000</ele>
      </trkpt>
      <trkpt lat="52.414030000" lon="15.543380000">
        <ele>0.000</ele>
      </trkpt>
      <trkpt lat="52.414740000" lon="15.544620000">
        <ele>0.000</ele>
      </trkpt>
      <trkpt lat="52.415040000" lon="15.545200000">
        <ele>0.000</ele>
      </trkpt>
      <trkpt lat="52.415710000" lon="15.546210000">
        <ele>0.000</ele>
      </trkpt>
      <trkpt lat="52.416010000" lon="15.546600000">
        <ele>0.000</ele>
      </trkpt>
      <trkpt lat="52.416160000" lon="15.546750000">
        <ele>0.000</ele>
      </trkpt>
      <trkpt lat="52.416400000" lon="15.546950000">
        <ele>0.000</ele>
      </trkpt>
      <trkpt lat="52.416980000" lon="15.547390000">
        <ele>0.000</ele>
      </trkpt>
      <trkpt lat="52.417270000" lon="15.547670000">
        <ele>0.000</ele>
      </trkpt>
      <trkpt lat="52.417560000" lon="15.548030000">
        <ele>0.000</ele>
      </trkpt>
      <trkpt lat="52.417790000" lon="15.548400000">
        <ele>0.000</ele>
      </trkpt>
      <trkpt lat="52.417970000" lon="15.548770000">
        <ele>0.000</ele>
      </trkpt>
      <trkpt lat="52.418070000" lon="15.549000000">
        <ele>0.000</ele>
      </trkpt>
      <trkpt lat="52.418130000" lon="15.549190000">
        <ele>0.000</ele>
      </trkpt>
      <trkpt lat="52.418230000" lon="15.549480000">
        <ele>0.000</ele>
      </trkpt>
      <trkpt lat="52.418860000" lon="15.551820000">
        <ele>0.000</ele>
      </trkpt>
      <trkpt lat="52.419850000" lon="15.555480000">
        <ele>0.000</ele>
      </trkpt>
      <trkpt lat="52.419970000" lon="15.555830000">
        <ele>0.000</ele>
      </trkpt>
      <trkpt lat="52.420140000" lon="15.556040000">
        <ele>0.000</ele>
      </trkpt>
      <trkpt lat="52.420180000" lon="15.556120000">
        <ele>0.000</ele>
      </trkpt>
      <trkpt lat="52.420180000" lon="15.556190000">
        <ele>0.000</ele>
      </trkpt>
      <trkpt lat="52.420190000" lon="15.556250000">
        <ele>0.000</ele>
      </trkpt>
      <trkpt lat="52.420210000" lon="15.556310000">
        <ele>0.000</ele>
      </trkpt>
      <trkpt lat="52.420240000" lon="15.556360000">
        <ele>0.000</ele>
      </trkpt>
      <trkpt lat="52.420280000" lon="15.556390000">
        <ele>0.000</ele>
      </trkpt>
      <trkpt lat="52.420300000" lon="15.556450000">
        <ele>0.000</ele>
      </trkpt>
      <trkpt lat="52.420320000" lon="15.556650000">
        <ele>0.000</ele>
      </trkpt>
      <trkpt lat="52.420340000" lon="15.556910000">
        <ele>0.000</ele>
      </trkpt>
      <trkpt lat="52.420390000" lon="15.557210000">
        <ele>0.000</ele>
      </trkpt>
      <trkpt lat="52.420460000" lon="15.557530000">
        <ele>0.000</ele>
      </trkpt>
      <trkpt lat="52.420580000" lon="15.557960000">
        <ele>0.000</ele>
      </trkpt>
      <trkpt lat="52.420670000" lon="15.558230000">
        <ele>0.000</ele>
      </trkpt>
      <trkpt lat="52.420850000" lon="15.558570000">
        <ele>0.000</ele>
      </trkpt>
      <trkpt lat="52.421020000" lon="15.558870000">
        <ele>0.000</ele>
      </trkpt>
      <trkpt lat="52.421250000" lon="15.559180000">
        <ele>0.000</ele>
      </trkpt>
      <trkpt lat="52.421460000" lon="15.559410000">
        <ele>0.000</ele>
      </trkpt>
      <trkpt lat="52.421680000" lon="15.559620000">
        <ele>0.000</ele>
      </trkpt>
      <trkpt lat="52.422120000" lon="15.559940000">
        <ele>0.000</ele>
      </trkpt>
      <trkpt lat="52.422970000" lon="15.560680000">
        <ele>0.000</ele>
      </trkpt>
      <trkpt lat="52.423020000" lon="15.560570000">
        <ele>0.000</ele>
      </trkpt>
      <trkpt lat="52.425100000" lon="15.562370000">
        <ele>0.000</ele>
      </trkpt>
      <trkpt lat="52.426900000" lon="15.563960000">
        <ele>0.000</ele>
      </trkpt>
      <trkpt lat="52.428450000" lon="15.565310000">
        <ele>0.000</ele>
      </trkpt>
      <trkpt lat="52.428830000" lon="15.565640000">
        <ele>0.000</ele>
      </trkpt>
      <trkpt lat="52.428910000" lon="15.565770000">
        <ele>0.000</ele>
      </trkpt>
      <trkpt lat="52.429320000" lon="15.566140000">
        <ele>0.000</ele>
      </trkpt>
      <trkpt lat="52.429480000" lon="15.566240000">
        <ele>0.000</ele>
      </trkpt>
      <trkpt lat="52.430300000" lon="15.566950000">
        <ele>0.000</ele>
      </trkpt>
      <trkpt lat="52.430370000" lon="15.567040000">
        <ele>0.000</ele>
      </trkpt>
      <trkpt lat="52.430340000" lon="15.567120000">
        <ele>0.000</ele>
      </trkpt>
      <trkpt lat="52.431960000" lon="15.568530000">
        <ele>0.000</ele>
      </trkpt>
      <trkpt lat="52.431770000" lon="15.569160000">
        <ele>0.000</ele>
      </trkpt>
      <trkpt lat="52.431890000" lon="15.569260000">
        <ele>0.000</ele>
      </trkpt>
      <trkpt lat="52.432800000" lon="15.570060000">
        <ele>0.000</ele>
      </trkpt>
      <trkpt lat="52.433240000" lon="15.570410000">
        <ele>0.000</ele>
      </trkpt>
      <trkpt lat="52.433410000" lon="15.570610000">
        <ele>0.000</ele>
      </trkpt>
      <trkpt lat="52.433570000" lon="15.570720000">
        <ele>0.000</ele>
      </trkpt>
      <trkpt lat="52.434500000" lon="15.571600000">
        <ele>0.000</ele>
      </trkpt>
      <trkpt lat="52.435600000" lon="15.572590000">
        <ele>0.000</ele>
      </trkpt>
      <trkpt lat="52.435820000" lon="15.571930000">
        <ele>0.000</ele>
      </trkpt>
      <trkpt lat="52.436230000" lon="15.572270000">
        <ele>0.000</ele>
      </trkpt>
      <trkpt lat="52.438040000" lon="15.573890000">
        <ele>0.000</ele>
      </trkpt>
      <trkpt lat="52.438700000" lon="15.574440000">
        <ele>0.000</ele>
      </trkpt>
      <trkpt lat="52.439760000" lon="15.575250000">
        <ele>0.000</ele>
      </trkpt>
      <trkpt lat="52.440370000" lon="15.575590000">
        <ele>0.000</ele>
      </trkpt>
      <trkpt lat="52.440850000" lon="15.575860000">
        <ele>0.000</ele>
      </trkpt>
      <trkpt lat="52.442970000" lon="15.577160000">
        <ele>0.000</ele>
      </trkpt>
      <trkpt lat="52.443930000" lon="15.577700000">
        <ele>0.000</ele>
      </trkpt>
      <trkpt lat="52.444350000" lon="15.577880000">
        <ele>0.000</ele>
      </trkpt>
      <trkpt lat="52.444560000" lon="15.577990000">
        <ele>0.000</ele>
      </trkpt>
      <trkpt lat="52.444840000" lon="15.578110000">
        <ele>0.000</ele>
      </trkpt>
      <trkpt lat="52.445250000" lon="15.578260000">
        <ele>0.000</ele>
      </trkpt>
      <trkpt lat="52.445240000" lon="15.578330000">
        <ele>0.000</ele>
      </trkpt>
      <trkpt lat="52.444880000" lon="15.578210000">
        <ele>0.000</ele>
      </trkpt>
      <trkpt lat="52.444880000" lon="15.578210000">
        <ele>0.000</ele>
      </trkpt>
      <trkpt lat="52.445240000" lon="15.578330000">
        <ele>0.000</ele>
      </trkpt>
      <trkpt lat="52.445250000" lon="15.578260000">
        <ele>0.000</ele>
      </trkpt>
      <trkpt lat="52.445320000" lon="15.578280000">
        <ele>0.000</ele>
      </trkpt>
      <trkpt lat="52.445470000" lon="15.577050000">
        <ele>0.000</ele>
      </trkpt>
      <trkpt lat="52.444820000" lon="15.576810000">
        <ele>0.000</ele>
      </trkpt>
      <trkpt lat="52.444930000" lon="15.576370000">
        <ele>0.000</ele>
      </trkpt>
      <trkpt lat="52.444980000" lon="15.576110000">
        <ele>0.000</ele>
      </trkpt>
      <trkpt lat="52.445020000" lon="15.575780000">
        <ele>0.000</ele>
      </trkpt>
      <trkpt lat="52.445080000" lon="15.575130000">
        <ele>0.000</ele>
      </trkpt>
      <trkpt lat="52.445080000" lon="15.575040000">
        <ele>0.000</ele>
      </trkpt>
      <trkpt lat="52.445050000" lon="15.574860000">
        <ele>0.000</ele>
      </trkpt>
      <trkpt lat="52.445010000" lon="15.574720000">
        <ele>0.000</ele>
      </trkpt>
      <trkpt lat="52.444900000" lon="15.574590000">
        <ele>0.000</ele>
      </trkpt>
      <trkpt lat="52.444850000" lon="15.574540000">
        <ele>0.000</ele>
      </trkpt>
      <trkpt lat="52.444730000" lon="15.574470000">
        <ele>0.000</ele>
      </trkpt>
      <trkpt lat="52.444130000" lon="15.574260000">
        <ele>0.000</ele>
      </trkpt>
      <trkpt lat="52.444020000" lon="15.574190000">
        <ele>0.000</ele>
      </trkpt>
      <trkpt lat="52.443920000" lon="15.574110000">
        <ele>0.000</ele>
      </trkpt>
      <trkpt lat="52.443850000" lon="15.574000000">
        <ele>0.000</ele>
      </trkpt>
      <trkpt lat="52.443760000" lon="15.573840000">
        <ele>0.000</ele>
      </trkpt>
      <trkpt lat="52.443570000" lon="15.573370000">
        <ele>0.000</ele>
      </trkpt>
      <trkpt lat="52.443480000" lon="15.573040000">
        <ele>0.000</ele>
      </trkpt>
      <trkpt lat="52.443160000" lon="15.571610000">
        <ele>0.000</ele>
      </trkpt>
      <trkpt lat="52.443060000" lon="15.571030000">
        <ele>0.000</ele>
      </trkpt>
      <trkpt lat="52.442880000" lon="15.569440000">
        <ele>0.000</ele>
      </trkpt>
      <trkpt lat="52.442770000" lon="15.568550000">
        <ele>0.000</ele>
      </trkpt>
      <trkpt lat="52.442650000" lon="15.567630000">
        <ele>0.000</ele>
      </trkpt>
      <trkpt lat="52.442610000" lon="15.567400000">
        <ele>0.000</ele>
      </trkpt>
      <trkpt lat="52.442330000" lon="15.565280000">
        <ele>0.000</ele>
      </trkpt>
      <trkpt lat="52.442260000" lon="15.564590000">
        <ele>0.000</ele>
      </trkpt>
      <trkpt lat="52.442270000" lon="15.564500000">
        <ele>0.000</ele>
      </trkpt>
      <trkpt lat="52.442270000" lon="15.564270000">
        <ele>0.000</ele>
      </trkpt>
      <trkpt lat="52.442280000" lon="15.564200000">
        <ele>0.000</ele>
      </trkpt>
      <trkpt lat="52.442310000" lon="15.564130000">
        <ele>0.000</ele>
      </trkpt>
      <trkpt lat="52.442310000" lon="15.564030000">
        <ele>0.000</ele>
      </trkpt>
      <trkpt lat="52.442290000" lon="15.563940000">
        <ele>0.000</ele>
      </trkpt>
      <trkpt lat="52.442250000" lon="15.563900000">
        <ele>0.000</ele>
      </trkpt>
      <trkpt lat="52.442230000" lon="15.563830000">
        <ele>0.000</ele>
      </trkpt>
      <trkpt lat="52.442190000" lon="15.563610000">
        <ele>0.000</ele>
      </trkpt>
      <trkpt lat="52.442160000" lon="15.563500000">
        <ele>0.000</ele>
      </trkpt>
      <trkpt lat="52.442000000" lon="15.561710000">
        <ele>0.000</ele>
      </trkpt>
      <trkpt lat="52.441900000" lon="15.561740000">
        <ele>0.000</ele>
      </trkpt>
      <trkpt lat="52.441840000" lon="15.561210000">
        <ele>0.000</ele>
      </trkpt>
      <trkpt lat="52.441830000" lon="15.561160000">
        <ele>0.000</ele>
      </trkpt>
      <trkpt lat="52.441750000" lon="15.561050000">
        <ele>0.000</ele>
      </trkpt>
      <trkpt lat="52.441690000" lon="15.561030000">
        <ele>0.000</ele>
      </trkpt>
      <trkpt lat="52.441660000" lon="15.560810000">
        <ele>0.000</ele>
      </trkpt>
      <trkpt lat="52.441710000" lon="15.560740000">
        <ele>0.000</ele>
      </trkpt>
      <trkpt lat="52.441750000" lon="15.560600000">
        <ele>0.000</ele>
      </trkpt>
      <trkpt lat="52.441760000" lon="15.560520000">
        <ele>0.000</ele>
      </trkpt>
      <trkpt lat="52.441640000" lon="15.559770000">
        <ele>0.000</ele>
      </trkpt>
      <trkpt lat="52.441580000" lon="15.559310000">
        <ele>0.000</ele>
      </trkpt>
      <trkpt lat="52.441430000" lon="15.558470000">
        <ele>0.000</ele>
      </trkpt>
      <trkpt lat="52.441270000" lon="15.557490000">
        <ele>0.000</ele>
      </trkpt>
      <trkpt lat="52.441180000" lon="15.556970000">
        <ele>0.000</ele>
      </trkpt>
      <trkpt lat="52.441160000" lon="15.556910000">
        <ele>0.000</ele>
      </trkpt>
      <trkpt lat="52.441110000" lon="15.556860000">
        <ele>0.000</ele>
      </trkpt>
      <trkpt lat="52.441030000" lon="15.556760000">
        <ele>0.000</ele>
      </trkpt>
      <trkpt lat="52.440970000" lon="15.556750000">
        <ele>0.000</ele>
      </trkpt>
      <trkpt lat="52.440950000" lon="15.556610000">
        <ele>0.000</ele>
      </trkpt>
      <trkpt lat="52.441000000" lon="15.556510000">
        <ele>0.000</ele>
      </trkpt>
      <trkpt lat="52.441020000" lon="15.556380000">
        <ele>0.000</ele>
      </trkpt>
      <trkpt lat="52.441060000" lon="15.556270000">
        <ele>0.000</ele>
      </trkpt>
      <trkpt lat="52.440950000" lon="15.555580000">
        <ele>0.000</ele>
      </trkpt>
      <trkpt lat="52.440930000" lon="15.554820000">
        <ele>0.000</ele>
      </trkpt>
      <trkpt lat="52.440980000" lon="15.554010000">
        <ele>0.000</ele>
      </trkpt>
      <trkpt lat="52.441040000" lon="15.553230000">
        <ele>0.000</ele>
      </trkpt>
      <trkpt lat="52.441080000" lon="15.552790000">
        <ele>0.000</ele>
      </trkpt>
      <trkpt lat="52.441220000" lon="15.549870000">
        <ele>0.000</ele>
      </trkpt>
      <trkpt lat="52.441210000" lon="15.549350000">
        <ele>0.000</ele>
      </trkpt>
      <trkpt lat="52.441190000" lon="15.548930000">
        <ele>0.000</ele>
      </trkpt>
      <trkpt lat="52.441060000" lon="15.547420000">
        <ele>0.000</ele>
      </trkpt>
      <trkpt lat="52.440920000" lon="15.545290000">
        <ele>0.000</ele>
      </trkpt>
      <trkpt lat="52.440360000" lon="15.537940000">
        <ele>0.000</ele>
      </trkpt>
      <trkpt lat="52.440300000" lon="15.537920000">
        <ele>0.000</ele>
      </trkpt>
      <trkpt lat="52.440280000" lon="15.537650000">
        <ele>0.000</ele>
      </trkpt>
      <trkpt lat="52.440460000" lon="15.537630000">
        <ele>0.000</ele>
      </trkpt>
      <trkpt lat="52.440130000" lon="15.533830000">
        <ele>0.000</ele>
      </trkpt>
      <trkpt lat="52.439940000" lon="15.531870000">
        <ele>0.000</ele>
      </trkpt>
      <trkpt lat="52.439770000" lon="15.529890000">
        <ele>0.000</ele>
      </trkpt>
      <trkpt lat="52.439510000" lon="15.527110000">
        <ele>0.000</ele>
      </trkpt>
      <trkpt lat="52.439480000" lon="15.526660000">
        <ele>0.000</ele>
      </trkpt>
      <trkpt lat="52.439460000" lon="15.526100000">
        <ele>0.000</ele>
      </trkpt>
      <trkpt lat="52.439460000" lon="15.523510000">
        <ele>0.000</ele>
      </trkpt>
      <trkpt lat="52.439420000" lon="15.523030000">
        <ele>0.000</ele>
      </trkpt>
      <trkpt lat="52.439340000" lon="15.522470000">
        <ele>0.000</ele>
      </trkpt>
      <trkpt lat="52.439220000" lon="15.521960000">
        <ele>0.000</ele>
      </trkpt>
      <trkpt lat="52.439060000" lon="15.521460000">
        <ele>0.000</ele>
      </trkpt>
      <trkpt lat="52.438950000" lon="15.521190000">
        <ele>0.000</ele>
      </trkpt>
      <trkpt lat="52.438750000" lon="15.520770000">
        <ele>0.000</ele>
      </trkpt>
      <trkpt lat="52.438540000" lon="15.520420000">
        <ele>0.000</ele>
      </trkpt>
      <trkpt lat="52.436720000" lon="15.517450000">
        <ele>0.000</ele>
      </trkpt>
      <trkpt lat="52.436480000" lon="15.517010000">
        <ele>0.000</ele>
      </trkpt>
      <trkpt lat="52.436300000" lon="15.516660000">
        <ele>0.000</ele>
      </trkpt>
      <trkpt lat="52.436150000" lon="15.516290000">
        <ele>0.000</ele>
      </trkpt>
      <trkpt lat="52.435980000" lon="15.515860000">
        <ele>0.000</ele>
      </trkpt>
      <trkpt lat="52.435650000" lon="15.514850000">
        <ele>0.000</ele>
      </trkpt>
      <trkpt lat="52.435140000" lon="15.513080000">
        <ele>0.000</ele>
      </trkpt>
      <trkpt lat="52.435010000" lon="15.512520000">
        <ele>0.000</ele>
      </trkpt>
      <trkpt lat="52.434890000" lon="15.511960000">
        <ele>0.000</ele>
      </trkpt>
      <trkpt lat="52.433270000" lon="15.503260000">
        <ele>0.000</ele>
      </trkpt>
      <trkpt lat="52.433090000" lon="15.502260000">
        <ele>0.000</ele>
      </trkpt>
      <trkpt lat="52.432860000" lon="15.501110000">
        <ele>0.000</ele>
      </trkpt>
      <trkpt lat="52.432730000" lon="15.500590000">
        <ele>0.000</ele>
      </trkpt>
      <trkpt lat="52.432420000" lon="15.499750000">
        <ele>0.000</ele>
      </trkpt>
      <trkpt lat="52.429790000" lon="15.493290000">
        <ele>0.000</ele>
      </trkpt>
      <trkpt lat="52.429280000" lon="15.492030000">
        <ele>0.000</ele>
      </trkpt>
      <trkpt lat="52.429080000" lon="15.491450000">
        <ele>0.000</ele>
      </trkpt>
      <trkpt lat="52.427270000" lon="15.485390000">
        <ele>0.000</ele>
      </trkpt>
      <trkpt lat="52.425560000" lon="15.479590000">
        <ele>0.000</ele>
      </trkpt>
      <trkpt lat="52.424720000" lon="15.476760000">
        <ele>0.000</ele>
      </trkpt>
      <trkpt lat="52.424630000" lon="15.476400000">
        <ele>0.000</ele>
      </trkpt>
      <trkpt lat="52.424560000" lon="15.476030000">
        <ele>0.000</ele>
      </trkpt>
      <trkpt lat="52.424350000" lon="15.474450000">
        <ele>0.000</ele>
      </trkpt>
      <trkpt lat="52.424250000" lon="15.473850000">
        <ele>0.000</ele>
      </trkpt>
      <trkpt lat="52.423840000" lon="15.471000000">
        <ele>0.000</ele>
      </trkpt>
      <trkpt lat="52.423050000" lon="15.465700000">
        <ele>0.000</ele>
      </trkpt>
      <trkpt lat="52.422710000" lon="15.463250000">
        <ele>0.000</ele>
      </trkpt>
      <trkpt lat="52.421900000" lon="15.457860000">
        <ele>0.000</ele>
      </trkpt>
      <trkpt lat="52.421800000" lon="15.457070000">
        <ele>0.000</ele>
      </trkpt>
      <trkpt lat="52.421330000" lon="15.452970000">
        <ele>0.000</ele>
      </trkpt>
      <trkpt lat="52.419480000" lon="15.436020000">
        <ele>0.000</ele>
      </trkpt>
      <trkpt lat="52.419410000" lon="15.435630000">
        <ele>0.000</ele>
      </trkpt>
      <trkpt lat="52.419320000" lon="15.435270000">
        <ele>0.000</ele>
      </trkpt>
      <trkpt lat="52.419260000" lon="15.435100000">
        <ele>0.000</ele>
      </trkpt>
      <trkpt lat="52.418830000" lon="15.434190000">
        <ele>0.000</ele>
      </trkpt>
      <trkpt lat="52.418780000" lon="15.433950000">
        <ele>0.000</ele>
      </trkpt>
      <trkpt lat="52.418770000" lon="15.433780000">
        <ele>0.000</ele>
      </trkpt>
      <trkpt lat="52.418780000" lon="15.433590000">
        <ele>0.000</ele>
      </trkpt>
      <trkpt lat="52.418820000" lon="15.433420000">
        <ele>0.000</ele>
      </trkpt>
      <trkpt lat="52.419160000" lon="15.431990000">
        <ele>0.000</ele>
      </trkpt>
      <trkpt lat="52.419840000" lon="15.429210000">
        <ele>0.000</ele>
      </trkpt>
      <trkpt lat="52.419980000" lon="15.428850000">
        <ele>0.000</ele>
      </trkpt>
      <trkpt lat="52.420110000" lon="15.428570000">
        <ele>0.000</ele>
      </trkpt>
      <trkpt lat="52.420300000" lon="15.428210000">
        <ele>0.000</ele>
      </trkpt>
      <trkpt lat="52.420650000" lon="15.427610000">
        <ele>0.000</ele>
      </trkpt>
      <trkpt lat="52.420910000" lon="15.427210000">
        <ele>0.000</ele>
      </trkpt>
      <trkpt lat="52.421300000" lon="15.426660000">
        <ele>0.000</ele>
      </trkpt>
      <trkpt lat="52.422580000" lon="15.424930000">
        <ele>0.000</ele>
      </trkpt>
      <trkpt lat="52.427680000" lon="15.417850000">
        <ele>0.000</ele>
      </trkpt>
      <trkpt lat="52.427870000" lon="15.417550000">
        <ele>0.000</ele>
      </trkpt>
      <trkpt lat="52.428010000" lon="15.417290000">
        <ele>0.000</ele>
      </trkpt>
      <trkpt lat="52.428150000" lon="15.416980000">
        <ele>0.000</ele>
      </trkpt>
      <trkpt lat="52.428260000" lon="15.416670000">
        <ele>0.000</ele>
      </trkpt>
      <trkpt lat="52.428360000" lon="15.416320000">
        <ele>0.000</ele>
      </trkpt>
      <trkpt lat="52.428420000" lon="15.416030000">
        <ele>0.000</ele>
      </trkpt>
      <trkpt lat="52.428500000" lon="15.415550000">
        <ele>0.000</ele>
      </trkpt>
      <trkpt lat="52.428680000" lon="15.414050000">
        <ele>0.000</ele>
      </trkpt>
      <trkpt lat="52.428830000" lon="15.412890000">
        <ele>0.000</ele>
      </trkpt>
      <trkpt lat="52.428960000" lon="15.412140000">
        <ele>0.000</ele>
      </trkpt>
      <trkpt lat="52.429140000" lon="15.411350000">
        <ele>0.000</ele>
      </trkpt>
      <trkpt lat="52.429360000" lon="15.410530000">
        <ele>0.000</ele>
      </trkpt>
      <trkpt lat="52.429590000" lon="15.409810000">
        <ele>0.000</ele>
      </trkpt>
      <trkpt lat="52.431320000" lon="15.405410000">
        <ele>0.000</ele>
      </trkpt>
      <trkpt lat="52.432960000" lon="15.401300000">
        <ele>0.000</ele>
      </trkpt>
      <trkpt lat="52.434600000" lon="15.397140000">
        <ele>0.000</ele>
      </trkpt>
      <trkpt lat="52.437070000" lon="15.390880000">
        <ele>0.000</ele>
      </trkpt>
      <trkpt lat="52.439410000" lon="15.384910000">
        <ele>0.000</ele>
      </trkpt>
      <trkpt lat="52.439920000" lon="15.383500000">
        <ele>0.000</ele>
      </trkpt>
      <trkpt lat="52.440020000" lon="15.383100000">
        <ele>0.000</ele>
      </trkpt>
      <trkpt lat="52.440100000" lon="15.382610000">
        <ele>0.000</ele>
      </trkpt>
      <trkpt lat="52.440140000" lon="15.381960000">
        <ele>0.000</ele>
      </trkpt>
      <trkpt lat="52.440150000" lon="15.381430000">
        <ele>0.000</ele>
      </trkpt>
      <trkpt lat="52.440090000" lon="15.380250000">
        <ele>0.000</ele>
      </trkpt>
      <trkpt lat="52.439690000" lon="15.366460000">
        <ele>0.000</ele>
      </trkpt>
      <trkpt lat="52.439660000" lon="15.363770000">
        <ele>0.000</ele>
      </trkpt>
      <trkpt lat="52.439680000" lon="15.361120000">
        <ele>0.000</ele>
      </trkpt>
      <trkpt lat="52.439740000" lon="15.355550000">
        <ele>0.000</ele>
      </trkpt>
      <trkpt lat="52.439780000" lon="15.350410000">
        <ele>0.000</ele>
      </trkpt>
      <trkpt lat="52.439800000" lon="15.349430000">
        <ele>0.000</ele>
      </trkpt>
      <trkpt lat="52.439880000" lon="15.348210000">
        <ele>0.000</ele>
      </trkpt>
      <trkpt lat="52.440010000" lon="15.346680000">
        <ele>0.000</ele>
      </trkpt>
      <trkpt lat="52.440230000" lon="15.343290000">
        <ele>0.000</ele>
      </trkpt>
      <trkpt lat="52.440480000" lon="15.340100000">
        <ele>0.000</ele>
      </trkpt>
      <trkpt lat="52.440580000" lon="15.339110000">
        <ele>0.000</ele>
      </trkpt>
      <trkpt lat="52.440910000" lon="15.336700000">
        <ele>0.000</ele>
      </trkpt>
      <trkpt lat="52.441140000" lon="15.335160000">
        <ele>0.000</ele>
      </trkpt>
      <trkpt lat="52.442220000" lon="15.327600000">
        <ele>0.000</ele>
      </trkpt>
      <trkpt lat="52.442330000" lon="15.327000000">
        <ele>0.000</ele>
      </trkpt>
      <trkpt lat="52.442470000" lon="15.326450000">
        <ele>0.000</ele>
      </trkpt>
      <trkpt lat="52.442610000" lon="15.326000000">
        <ele>0.000</ele>
      </trkpt>
      <trkpt lat="52.442790000" lon="15.325530000">
        <ele>0.000</ele>
      </trkpt>
      <trkpt lat="52.443770000" lon="15.323010000">
        <ele>0.000</ele>
      </trkpt>
      <trkpt lat="52.443940000" lon="15.322520000">
        <ele>0.000</ele>
      </trkpt>
      <trkpt lat="52.444090000" lon="15.322000000">
        <ele>0.000</ele>
      </trkpt>
      <trkpt lat="52.444200000" lon="15.321460000">
        <ele>0.000</ele>
      </trkpt>
      <trkpt lat="52.444280000" lon="15.320920000">
        <ele>0.000</ele>
      </trkpt>
      <trkpt lat="52.444330000" lon="15.320290000">
        <ele>0.000</ele>
      </trkpt>
      <trkpt lat="52.444330000" lon="15.319550000">
        <ele>0.000</ele>
      </trkpt>
      <trkpt lat="52.444260000" lon="15.318740000">
        <ele>0.000</ele>
      </trkpt>
      <trkpt lat="52.444150000" lon="15.317970000">
        <ele>0.000</ele>
      </trkpt>
      <trkpt lat="52.444030000" lon="15.317190000">
        <ele>0.000</ele>
      </trkpt>
      <trkpt lat="52.443950000" lon="15.316760000">
        <ele>0.000</ele>
      </trkpt>
      <trkpt lat="52.443820000" lon="15.316250000">
        <ele>0.000</ele>
      </trkpt>
      <trkpt lat="52.443450000" lon="15.314950000">
        <ele>0.000</ele>
      </trkpt>
      <trkpt lat="52.443270000" lon="15.314370000">
        <ele>0.000</ele>
      </trkpt>
      <trkpt lat="52.443100000" lon="15.313880000">
        <ele>0.000</ele>
      </trkpt>
      <trkpt lat="52.442880000" lon="15.313430000">
        <ele>0.000</ele>
      </trkpt>
      <trkpt lat="52.442670000" lon="15.313070000">
        <ele>0.000</ele>
      </trkpt>
      <trkpt lat="52.442420000" lon="15.312740000">
        <ele>0.000</ele>
      </trkpt>
      <trkpt lat="52.441990000" lon="15.312270000">
        <ele>0.000</ele>
      </trkpt>
      <trkpt lat="52.441230000" lon="15.311530000">
        <ele>0.000</ele>
      </trkpt>
      <trkpt lat="52.440850000" lon="15.311120000">
        <ele>0.000</ele>
      </trkpt>
      <trkpt lat="52.440490000" lon="15.310690000">
        <ele>0.000</ele>
      </trkpt>
      <trkpt lat="52.440230000" lon="15.310350000">
        <ele>0.000</ele>
      </trkpt>
      <trkpt lat="52.439870000" lon="15.309780000">
        <ele>0.000</ele>
      </trkpt>
      <trkpt lat="52.439630000" lon="15.309310000">
        <ele>0.000</ele>
      </trkpt>
      <trkpt lat="52.439400000" lon="15.308780000">
        <ele>0.000</ele>
      </trkpt>
      <trkpt lat="52.439160000" lon="15.308070000">
        <ele>0.000</ele>
      </trkpt>
      <trkpt lat="52.438990000" lon="15.307490000">
        <ele>0.000</ele>
      </trkpt>
      <trkpt lat="52.438850000" lon="15.306910000">
        <ele>0.000</ele>
      </trkpt>
      <trkpt lat="52.438700000" lon="15.306180000">
        <ele>0.000</ele>
      </trkpt>
      <trkpt lat="52.438600000" lon="15.305610000">
        <ele>0.000</ele>
      </trkpt>
      <trkpt lat="52.437650000" lon="15.299060000">
        <ele>0.000</ele>
      </trkpt>
      <trkpt lat="52.437450000" lon="15.297410000">
        <ele>0.000</ele>
      </trkpt>
      <trkpt lat="52.437410000" lon="15.296960000">
        <ele>0.000</ele>
      </trkpt>
      <trkpt lat="52.437390000" lon="15.296550000">
        <ele>0.000</ele>
      </trkpt>
      <trkpt lat="52.437400000" lon="15.296040000">
        <ele>0.000</ele>
      </trkpt>
      <trkpt lat="52.437450000" lon="15.295510000">
        <ele>0.000</ele>
      </trkpt>
      <trkpt lat="52.438010000" lon="15.290010000">
        <ele>0.000</ele>
      </trkpt>
      <trkpt lat="52.438130000" lon="15.289020000">
        <ele>0.000</ele>
      </trkpt>
      <trkpt lat="52.438500000" lon="15.286270000">
        <ele>0.000</ele>
      </trkpt>
      <trkpt lat="52.438770000" lon="15.284610000">
        <ele>0.000</ele>
      </trkpt>
      <trkpt lat="52.438820000" lon="15.284250000">
        <ele>0.000</ele>
      </trkpt>
      <trkpt lat="52.438840000" lon="15.283930000">
        <ele>0.000</ele>
      </trkpt>
      <trkpt lat="52.438840000" lon="15.283530000">
        <ele>0.000</ele>
      </trkpt>
      <trkpt lat="52.438810000" lon="15.282930000">
        <ele>0.000</ele>
      </trkpt>
      <trkpt lat="52.438800000" lon="15.282840000">
        <ele>0.000</ele>
      </trkpt>
      <trkpt lat="52.438840000" lon="15.282760000">
        <ele>0.000</ele>
      </trkpt>
      <trkpt lat="52.438840000" lon="15.282580000">
        <ele>0.000</ele>
      </trkpt>
      <trkpt lat="52.438870000" lon="15.282250000">
        <ele>0.000</ele>
      </trkpt>
      <trkpt lat="52.438880000" lon="15.281820000">
        <ele>0.000</ele>
      </trkpt>
      <trkpt lat="52.438870000" lon="15.281560000">
        <ele>0.000</ele>
      </trkpt>
      <trkpt lat="52.438550000" lon="15.279910000">
        <ele>0.000</ele>
      </trkpt>
      <trkpt lat="52.438220000" lon="15.280090000">
        <ele>0.000</ele>
      </trkpt>
      <trkpt lat="52.435890000" lon="15.269900000">
        <ele>0.000</ele>
      </trkpt>
      <trkpt lat="52.435220000" lon="15.267100000">
        <ele>0.000</ele>
      </trkpt>
      <trkpt lat="52.434890000" lon="15.265600000">
        <ele>0.000</ele>
      </trkpt>
      <trkpt lat="52.434750000" lon="15.264670000">
        <ele>0.000</ele>
      </trkpt>
      <trkpt lat="52.434520000" lon="15.262840000">
        <ele>0.000</ele>
      </trkpt>
      <trkpt lat="52.434370000" lon="15.261530000">
        <ele>0.000</ele>
      </trkpt>
      <trkpt lat="52.434180000" lon="15.260340000">
        <ele>0.000</ele>
      </trkpt>
      <trkpt lat="52.434110000" lon="15.259820000">
        <ele>0.000</ele>
      </trkpt>
      <trkpt lat="52.434090000" lon="15.259410000">
        <ele>0.000</ele>
      </trkpt>
      <trkpt lat="52.434100000" lon="15.259000000">
        <ele>0.000</ele>
      </trkpt>
      <trkpt lat="52.434120000" lon="15.258730000">
        <ele>0.000</ele>
      </trkpt>
      <trkpt lat="52.434070000" lon="15.258550000">
        <ele>0.000</ele>
      </trkpt>
      <trkpt lat="52.434080000" lon="15.258350000">
        <ele>0.000</ele>
      </trkpt>
      <trkpt lat="52.434110000" lon="15.258200000">
        <ele>0.000</ele>
      </trkpt>
      <trkpt lat="52.434150000" lon="15.258080000">
        <ele>0.000</ele>
      </trkpt>
      <trkpt lat="52.434240000" lon="15.257940000">
        <ele>0.000</ele>
      </trkpt>
      <trkpt lat="52.434330000" lon="15.257610000">
        <ele>0.000</ele>
      </trkpt>
      <trkpt lat="52.434430000" lon="15.257300000">
        <ele>0.000</ele>
      </trkpt>
      <trkpt lat="52.434570000" lon="15.257020000">
        <ele>0.000</ele>
      </trkpt>
      <trkpt lat="52.434750000" lon="15.256710000">
        <ele>0.000</ele>
      </trkpt>
      <trkpt lat="52.435080000" lon="15.256220000">
        <ele>0.000</ele>
      </trkpt>
      <trkpt lat="52.435140000" lon="15.256090000">
        <ele>0.000</ele>
      </trkpt>
      <trkpt lat="52.435290000" lon="15.255730000">
        <ele>0.000</ele>
      </trkpt>
      <trkpt lat="52.435370000" lon="15.255420000">
        <ele>0.000</ele>
      </trkpt>
      <trkpt lat="52.435430000" lon="15.255070000">
        <ele>0.000</ele>
      </trkpt>
      <trkpt lat="52.435560000" lon="15.253220000">
        <ele>0.000</ele>
      </trkpt>
      <trkpt lat="52.435780000" lon="15.250460000">
        <ele>0.000</ele>
      </trkpt>
      <trkpt lat="52.435800000" lon="15.250330000">
        <ele>0.000</ele>
      </trkpt>
      <trkpt lat="52.435860000" lon="15.250090000">
        <ele>0.000</ele>
      </trkpt>
      <trkpt lat="52.435970000" lon="15.249700000">
        <ele>0.000</ele>
      </trkpt>
      <trkpt lat="52.436070000" lon="15.249410000">
        <ele>0.000</ele>
      </trkpt>
      <trkpt lat="52.436100000" lon="15.249270000">
        <ele>0.000</ele>
      </trkpt>
      <trkpt lat="52.436100000" lon="15.249220000">
        <ele>0.000</ele>
      </trkpt>
      <trkpt lat="52.436080000" lon="15.249080000">
        <ele>0.000</ele>
      </trkpt>
      <trkpt lat="52.436030000" lon="15.248940000">
        <ele>0.000</ele>
      </trkpt>
      <trkpt lat="52.436000000" lon="15.248900000">
        <ele>0.000</ele>
      </trkpt>
      <trkpt lat="52.435890000" lon="15.248790000">
        <ele>0.000</ele>
      </trkpt>
      <trkpt lat="52.435860000" lon="15.248730000">
        <ele>0.000</ele>
      </trkpt>
      <trkpt lat="52.435850000" lon="15.248670000">
        <ele>0.000</ele>
      </trkpt>
      <trkpt lat="52.435840000" lon="15.248580000">
        <ele>0.000</ele>
      </trkpt>
      <trkpt lat="52.435860000" lon="15.248460000">
        <ele>0.000</ele>
      </trkpt>
      <trkpt lat="52.435960000" lon="15.247950000">
        <ele>0.000</ele>
      </trkpt>
      <trkpt lat="52.435990000" lon="15.247670000">
        <ele>0.000</ele>
      </trkpt>
      <trkpt lat="52.436660000" lon="15.238700000">
        <ele>0.000</ele>
      </trkpt>
      <trkpt lat="52.436720000" lon="15.238090000">
        <ele>0.000</ele>
      </trkpt>
      <trkpt lat="52.436860000" lon="15.237290000">
        <ele>0.000</ele>
      </trkpt>
      <trkpt lat="52.437020000" lon="15.236570000">
        <ele>0.000</ele>
      </trkpt>
      <trkpt lat="52.438040000" lon="15.233050000">
        <ele>0.000</ele>
      </trkpt>
      <trkpt lat="52.438790000" lon="15.230530000">
        <ele>0.000</ele>
      </trkpt>
      <trkpt lat="52.438900000" lon="15.230040000">
        <ele>0.000</ele>
      </trkpt>
      <trkpt lat="52.438990000" lon="15.229520000">
        <ele>0.000</ele>
      </trkpt>
      <trkpt lat="52.439220000" lon="15.227950000">
        <ele>0.000</ele>
      </trkpt>
      <trkpt lat="52.439610000" lon="15.224930000">
        <ele>0.000</ele>
      </trkpt>
      <trkpt lat="52.439770000" lon="15.223840000">
        <ele>0.000</ele>
      </trkpt>
      <trkpt lat="52.441230000" lon="15.212990000">
        <ele>0.000</ele>
      </trkpt>
      <trkpt lat="52.441740000" lon="15.209110000">
        <ele>0.000</ele>
      </trkpt>
      <trkpt lat="52.442660000" lon="15.202010000">
        <ele>0.000</ele>
      </trkpt>
      <trkpt lat="52.443650000" lon="15.194390000">
        <ele>0.000</ele>
      </trkpt>
      <trkpt lat="52.444120000" lon="15.190600000">
        <ele>0.000</ele>
      </trkpt>
      <trkpt lat="52.444240000" lon="15.189700000">
        <ele>0.000</ele>
      </trkpt>
      <trkpt lat="52.444300000" lon="15.189210000">
        <ele>0.000</ele>
      </trkpt>
      <trkpt lat="52.444390000" lon="15.188780000">
        <ele>0.000</ele>
      </trkpt>
      <trkpt lat="52.444500000" lon="15.188360000">
        <ele>0.000</ele>
      </trkpt>
      <trkpt lat="52.444640000" lon="15.187960000">
        <ele>0.000</ele>
      </trkpt>
      <trkpt lat="52.444790000" lon="15.187610000">
        <ele>0.000</ele>
      </trkpt>
      <trkpt lat="52.445010000" lon="15.187170000">
        <ele>0.000</ele>
      </trkpt>
      <trkpt lat="52.446100000" lon="15.185410000">
        <ele>0.000</ele>
      </trkpt>
      <trkpt lat="52.446400000" lon="15.184860000">
        <ele>0.000</ele>
      </trkpt>
      <trkpt lat="52.446650000" lon="15.184330000">
        <ele>0.000</ele>
      </trkpt>
      <trkpt lat="52.446730000" lon="15.184170000">
        <ele>0.000</ele>
      </trkpt>
      <trkpt lat="52.446830000" lon="15.183910000">
        <ele>0.000</ele>
      </trkpt>
      <trkpt lat="52.447210000" lon="15.182750000">
        <ele>0.000</ele>
      </trkpt>
      <trkpt lat="52.447430000" lon="15.181980000">
        <ele>0.000</ele>
      </trkpt>
      <trkpt lat="52.447720000" lon="15.180640000">
        <ele>0.000</ele>
      </trkpt>
      <trkpt lat="52.447830000" lon="15.180030000">
        <ele>0.000</ele>
      </trkpt>
      <trkpt lat="52.447910000" lon="15.179350000">
        <ele>0.000</ele>
      </trkpt>
      <trkpt lat="52.447980000" lon="15.178390000">
        <ele>0.000</ele>
      </trkpt>
      <trkpt lat="52.448000000" lon="15.177350000">
        <ele>0.000</ele>
      </trkpt>
      <trkpt lat="52.447980000" lon="15.176120000">
        <ele>0.000</ele>
      </trkpt>
      <trkpt lat="52.447850000" lon="15.171530000">
        <ele>0.000</ele>
      </trkpt>
      <trkpt lat="52.447800000" lon="15.169640000">
        <ele>0.000</ele>
      </trkpt>
      <trkpt lat="52.447730000" lon="15.167930000">
        <ele>0.000</ele>
      </trkpt>
      <trkpt lat="52.447680000" lon="15.167400000">
        <ele>0.000</ele>
      </trkpt>
      <trkpt lat="52.445740000" lon="15.151920000">
        <ele>0.000</ele>
      </trkpt>
      <trkpt lat="52.445280000" lon="15.148000000">
        <ele>0.000</ele>
      </trkpt>
      <trkpt lat="52.444930000" lon="15.145120000">
        <ele>0.000</ele>
      </trkpt>
      <trkpt lat="52.444150000" lon="15.139040000">
        <ele>0.000</ele>
      </trkpt>
      <trkpt lat="52.443480000" lon="15.133610000">
        <ele>0.000</ele>
      </trkpt>
      <trkpt lat="52.443370000" lon="15.132820000">
        <ele>0.000</ele>
      </trkpt>
      <trkpt lat="52.443260000" lon="15.132200000">
        <ele>0.000</ele>
      </trkpt>
      <trkpt lat="52.443130000" lon="15.131630000">
        <ele>0.000</ele>
      </trkpt>
      <trkpt lat="52.441770000" lon="15.126480000">
        <ele>0.000</ele>
      </trkpt>
      <trkpt lat="52.442830000" lon="15.126170000">
        <ele>0.000</ele>
      </trkpt>
      <trkpt lat="52.441950000" lon="15.118090000">
        <ele>0.000</ele>
      </trkpt>
      <trkpt lat="52.441990000" lon="15.118070000">
        <ele>0.000</ele>
      </trkpt>
      <trkpt lat="52.441990000" lon="15.118030000">
        <ele>0.000</ele>
      </trkpt>
      <trkpt lat="52.442350000" lon="15.117880000">
        <ele>0.000</ele>
      </trkpt>
      <trkpt lat="52.442630000" lon="15.117720000">
        <ele>0.000</ele>
      </trkpt>
      <trkpt lat="52.442680000" lon="15.117840000">
        <ele>0.000</ele>
      </trkpt>
      <trkpt lat="52.442730000" lon="15.117820000">
        <ele>0.000</ele>
      </trkpt>
      <trkpt lat="52.442700000" lon="15.117570000">
        <ele>0.000</ele>
      </trkpt>
      <trkpt lat="52.442830000" lon="15.117490000">
        <ele>0.000</ele>
      </trkpt>
      <trkpt lat="52.442810000" lon="15.117390000">
        <ele>0.000</ele>
      </trkpt>
      <trkpt lat="52.442730000" lon="15.117340000">
        <ele>0.000</ele>
      </trkpt>
      <trkpt lat="52.442710000" lon="15.117310000">
        <ele>0.000</ele>
      </trkpt>
      <trkpt lat="52.442630000" lon="15.117350000">
        <ele>0.000</ele>
      </trkpt>
      <trkpt lat="52.442370000" lon="15.115750000">
        <ele>0.000</ele>
      </trkpt>
      <trkpt lat="52.442100000" lon="15.115920000">
        <ele>0.000</ele>
      </trkpt>
      <trkpt lat="52.441350000" lon="15.116240000">
        <ele>0.000</ele>
      </trkpt>
      <trkpt lat="52.441390000" lon="15.116160000">
        <ele>0.000</ele>
      </trkpt>
      <trkpt lat="52.441390000" lon="15.116160000">
        <ele>0.000</ele>
      </trkpt>
      <trkpt lat="52.441350000" lon="15.116240000">
        <ele>0.000</ele>
      </trkpt>
      <trkpt lat="52.441580000" lon="15.116150000">
        <ele>0.000</ele>
      </trkpt>
      <trkpt lat="52.442100000" lon="15.115920000">
        <ele>0.000</ele>
      </trkpt>
      <trkpt lat="52.442400000" lon="15.115720000">
        <ele>0.000</ele>
      </trkpt>
      <trkpt lat="52.442700000" lon="15.117570000">
        <ele>0.000</ele>
      </trkpt>
      <trkpt lat="52.443240000" lon="15.117250000">
        <ele>0.000</ele>
      </trkpt>
      <trkpt lat="52.443270000" lon="15.117360000">
        <ele>0.000</ele>
      </trkpt>
      <trkpt lat="52.443860000" lon="15.117010000">
        <ele>0.000</ele>
      </trkpt>
      <trkpt lat="52.443910000" lon="15.116970000">
        <ele>0.000</ele>
      </trkpt>
      <trkpt lat="52.444400000" lon="15.116450000">
        <ele>0.000</ele>
      </trkpt>
      <trkpt lat="52.446220000" lon="15.115040000">
        <ele>0.000</ele>
      </trkpt>
      <trkpt lat="52.446630000" lon="15.114590000">
        <ele>0.000</ele>
      </trkpt>
      <trkpt lat="52.446700000" lon="15.114490000">
        <ele>0.000</ele>
      </trkpt>
      <trkpt lat="52.446710000" lon="15.114400000">
        <ele>0.000</ele>
      </trkpt>
      <trkpt lat="52.446710000" lon="15.114210000">
        <ele>0.000</ele>
      </trkpt>
      <trkpt lat="52.446700000" lon="15.114130000">
        <ele>0.000</ele>
      </trkpt>
      <trkpt lat="52.446790000" lon="15.114080000">
        <ele>0.000</ele>
      </trkpt>
      <trkpt lat="52.446880000" lon="15.114050000">
        <ele>0.000</ele>
      </trkpt>
      <trkpt lat="52.446960000" lon="15.114050000">
        <ele>0.000</ele>
      </trkpt>
      <trkpt lat="52.447110000" lon="15.114080000">
        <ele>0.000</ele>
      </trkpt>
      <trkpt lat="52.447200000" lon="15.114130000">
        <ele>0.000</ele>
      </trkpt>
      <trkpt lat="52.447440000" lon="15.114310000">
        <ele>0.000</ele>
      </trkpt>
      <trkpt lat="52.447600000" lon="15.114440000">
        <ele>0.000</ele>
      </trkpt>
      <trkpt lat="52.447840000" lon="15.114600000">
        <ele>0.000</ele>
      </trkpt>
      <trkpt lat="52.449140000" lon="15.115350000">
        <ele>0.000</ele>
      </trkpt>
      <trkpt lat="52.449710000" lon="15.115630000">
        <ele>0.000</ele>
      </trkpt>
      <trkpt lat="52.452360000" lon="15.116630000">
        <ele>0.000</ele>
      </trkpt>
      <trkpt lat="52.455210000" lon="15.117610000">
        <ele>0.000</ele>
      </trkpt>
      <trkpt lat="52.456230000" lon="15.117980000">
        <ele>0.000</ele>
      </trkpt>
      <trkpt lat="52.456430000" lon="15.118090000">
        <ele>0.000</ele>
      </trkpt>
      <trkpt lat="52.456590000" lon="15.118210000">
        <ele>0.000</ele>
      </trkpt>
      <trkpt lat="52.456950000" lon="15.118490000">
        <ele>0.000</ele>
      </trkpt>
      <trkpt lat="52.457540000" lon="15.119020000">
        <ele>0.000</ele>
      </trkpt>
      <trkpt lat="52.460380000" lon="15.121610000">
        <ele>0.000</ele>
      </trkpt>
      <trkpt lat="52.460360000" lon="15.121670000">
        <ele>0.000</ele>
      </trkpt>
      <trkpt lat="52.462790000" lon="15.123960000">
        <ele>0.000</ele>
      </trkpt>
      <trkpt lat="52.463580000" lon="15.124800000">
        <ele>0.000</ele>
      </trkpt>
      <trkpt lat="52.463650000" lon="15.124880000">
        <ele>0.000</ele>
      </trkpt>
      <trkpt lat="52.463750000" lon="15.125080000">
        <ele>0.000</ele>
      </trkpt>
      <trkpt lat="52.464460000" lon="15.126100000">
        <ele>0.000</ele>
      </trkpt>
      <trkpt lat="52.464550000" lon="15.126150000">
        <ele>0.000</ele>
      </trkpt>
      <trkpt lat="52.464700000" lon="15.126220000">
        <ele>0.000</ele>
      </trkpt>
      <trkpt lat="52.465000000" lon="15.126530000">
        <ele>0.000</ele>
      </trkpt>
      <trkpt lat="52.465540000" lon="15.127010000">
        <ele>0.000</ele>
      </trkpt>
      <trkpt lat="52.465800000" lon="15.127210000">
        <ele>0.000</ele>
      </trkpt>
      <trkpt lat="52.466070000" lon="15.127400000">
        <ele>0.000</ele>
      </trkpt>
      <trkpt lat="52.467320000" lon="15.128160000">
        <ele>0.000</ele>
      </trkpt>
      <trkpt lat="52.469790000" lon="15.129640000">
        <ele>0.000</ele>
      </trkpt>
      <trkpt lat="52.470580000" lon="15.130070000">
        <ele>0.000</ele>
      </trkpt>
      <trkpt lat="52.471610000" lon="15.130740000">
        <ele>0.000</ele>
      </trkpt>
      <trkpt lat="52.472810000" lon="15.131420000">
        <ele>0.000</ele>
      </trkpt>
      <trkpt lat="52.474210000" lon="15.132250000">
        <ele>0.000</ele>
      </trkpt>
      <trkpt lat="52.474430000" lon="15.132400000">
        <ele>0.000</ele>
      </trkpt>
      <trkpt lat="52.475960000" lon="15.133250000">
        <ele>0.000</ele>
      </trkpt>
      <trkpt lat="52.476070000" lon="15.133290000">
        <ele>0.000</ele>
      </trkpt>
      <trkpt lat="52.476190000" lon="15.133270000">
        <ele>0.000</ele>
      </trkpt>
      <trkpt lat="52.476230000" lon="15.133290000">
        <ele>0.000</ele>
      </trkpt>
      <trkpt lat="52.477000000" lon="15.133720000">
        <ele>0.000</ele>
      </trkpt>
      <trkpt lat="52.477200000" lon="15.133870000">
        <ele>0.000</ele>
      </trkpt>
      <trkpt lat="52.477360000" lon="15.134110000">
        <ele>0.000</ele>
      </trkpt>
      <trkpt lat="52.477810000" lon="15.134430000">
        <ele>0.000</ele>
      </trkpt>
      <trkpt lat="52.479940000" lon="15.135950000">
        <ele>0.000</ele>
      </trkpt>
      <trkpt lat="52.479990000" lon="15.135800000">
        <ele>0.000</ele>
      </trkpt>
      <trkpt lat="52.486170000" lon="15.140290000">
        <ele>0.000</ele>
      </trkpt>
      <trkpt lat="52.489780000" lon="15.142950000">
        <ele>0.000</ele>
      </trkpt>
      <trkpt lat="52.490780000" lon="15.143580000">
        <ele>0.000</ele>
      </trkpt>
      <trkpt lat="52.491780000" lon="15.144130000">
        <ele>0.000</ele>
      </trkpt>
      <trkpt lat="52.497220000" lon="15.147040000">
        <ele>0.000</ele>
      </trkpt>
      <trkpt lat="52.497880000" lon="15.147300000">
        <ele>0.000</ele>
      </trkpt>
      <trkpt lat="52.498280000" lon="15.147340000">
        <ele>0.000</ele>
      </trkpt>
      <trkpt lat="52.498720000" lon="15.147220000">
        <ele>0.000</ele>
      </trkpt>
      <trkpt lat="52.500950000" lon="15.145580000">
        <ele>0.000</ele>
      </trkpt>
      <trkpt lat="52.501300000" lon="15.145300000">
        <ele>0.000</ele>
      </trkpt>
      <trkpt lat="52.501490000" lon="15.145210000">
        <ele>0.000</ele>
      </trkpt>
      <trkpt lat="52.501690000" lon="15.145170000">
        <ele>0.000</ele>
      </trkpt>
      <trkpt lat="52.501930000" lon="15.145200000">
        <ele>0.000</ele>
      </trkpt>
      <trkpt lat="52.502290000" lon="15.145330000">
        <ele>0.000</ele>
      </trkpt>
      <trkpt lat="52.502560000" lon="15.145390000">
        <ele>0.000</ele>
      </trkpt>
      <trkpt lat="52.503330000" lon="15.145190000">
        <ele>0.000</ele>
      </trkpt>
      <trkpt lat="52.504130000" lon="15.145130000">
        <ele>0.000</ele>
      </trkpt>
      <trkpt lat="52.505650000" lon="15.144970000">
        <ele>0.000</ele>
      </trkpt>
      <trkpt lat="52.505690000" lon="15.145700000">
        <ele>0.000</ele>
      </trkpt>
      <trkpt lat="52.505840000" lon="15.147860000">
        <ele>0.000</ele>
      </trkpt>
      <trkpt lat="52.505880000" lon="15.148180000">
        <ele>0.000</ele>
      </trkpt>
      <trkpt lat="52.505930000" lon="15.148470000">
        <ele>0.000</ele>
      </trkpt>
      <trkpt lat="52.506040000" lon="15.148830000">
        <ele>0.000</ele>
      </trkpt>
      <trkpt lat="52.506170000" lon="15.149180000">
        <ele>0.000</ele>
      </trkpt>
      <trkpt lat="52.507980000" lon="15.152630000">
        <ele>0.000</ele>
      </trkpt>
      <trkpt lat="52.509910000" lon="15.156350000">
        <ele>0.000</ele>
      </trkpt>
      <trkpt lat="52.510540000" lon="15.157540000">
        <ele>0.000</ele>
      </trkpt>
      <trkpt lat="52.511380000" lon="15.159150000">
        <ele>0.000</ele>
      </trkpt>
      <trkpt lat="52.511550000" lon="15.159490000">
        <ele>0.000</ele>
      </trkpt>
      <trkpt lat="52.511690000" lon="15.159840000">
        <ele>0.000</ele>
      </trkpt>
      <trkpt lat="52.511870000" lon="15.160420000">
        <ele>0.000</ele>
      </trkpt>
      <trkpt lat="52.512020000" lon="15.161010000">
        <ele>0.000</ele>
      </trkpt>
      <trkpt lat="52.512260000" lon="15.162060000">
        <ele>0.000</ele>
      </trkpt>
      <trkpt lat="52.513100000" lon="15.166090000">
        <ele>0.000</ele>
      </trkpt>
      <trkpt lat="52.513200000" lon="15.166530000">
        <ele>0.000</ele>
      </trkpt>
      <trkpt lat="52.513290000" lon="15.166770000">
        <ele>0.000</ele>
      </trkpt>
      <trkpt lat="52.513380000" lon="15.166890000">
        <ele>0.000</ele>
      </trkpt>
      <trkpt lat="52.514080000" lon="15.167370000">
        <ele>0.000</ele>
      </trkpt>
      <trkpt lat="52.514210000" lon="15.167440000">
        <ele>0.000</ele>
      </trkpt>
      <trkpt lat="52.514540000" lon="15.167550000">
        <ele>0.000</ele>
      </trkpt>
      <trkpt lat="52.514670000" lon="15.167570000">
        <ele>0.000</ele>
      </trkpt>
      <trkpt lat="52.515170000" lon="15.167680000">
        <ele>0.000</ele>
      </trkpt>
      <trkpt lat="52.515420000" lon="15.167770000">
        <ele>0.000</ele>
      </trkpt>
      <trkpt lat="52.516370000" lon="15.168240000">
        <ele>0.000</ele>
      </trkpt>
      <trkpt lat="52.516970000" lon="15.168470000">
        <ele>0.000</ele>
      </trkpt>
      <trkpt lat="52.517090000" lon="15.168570000">
        <ele>0.000</ele>
      </trkpt>
      <trkpt lat="52.517420000" lon="15.168640000">
        <ele>0.000</ele>
      </trkpt>
      <trkpt lat="52.517590000" lon="15.168650000">
        <ele>0.000</ele>
      </trkpt>
      <trkpt lat="52.517780000" lon="15.168650000">
        <ele>0.000</ele>
      </trkpt>
      <trkpt lat="52.518070000" lon="15.168620000">
        <ele>0.000</ele>
      </trkpt>
      <trkpt lat="52.518420000" lon="15.168630000">
        <ele>0.000</ele>
      </trkpt>
      <trkpt lat="52.518640000" lon="15.168660000">
        <ele>0.000</ele>
      </trkpt>
      <trkpt lat="52.518870000" lon="15.168730000">
        <ele>0.000</ele>
      </trkpt>
      <trkpt lat="52.519100000" lon="15.168830000">
        <ele>0.000</ele>
      </trkpt>
      <trkpt lat="52.519330000" lon="15.168960000">
        <ele>0.000</ele>
      </trkpt>
      <trkpt lat="52.519400000" lon="15.169070000">
        <ele>0.000</ele>
      </trkpt>
      <trkpt lat="52.519450000" lon="15.169160000">
        <ele>0.000</ele>
      </trkpt>
      <trkpt lat="52.519650000" lon="15.169650000">
        <ele>0.000</ele>
      </trkpt>
      <trkpt lat="52.519780000" lon="15.170010000">
        <ele>0.000</ele>
      </trkpt>
      <trkpt lat="52.519910000" lon="15.170320000">
        <ele>0.000</ele>
      </trkpt>
      <trkpt lat="52.522200000" lon="15.170550000">
        <ele>0.000</ele>
      </trkpt>
      <trkpt lat="52.523310000" lon="15.170640000">
        <ele>0.000</ele>
      </trkpt>
      <trkpt lat="52.524040000" lon="15.170730000">
        <ele>0.000</ele>
      </trkpt>
      <trkpt lat="52.526500000" lon="15.170980000">
        <ele>0.000</ele>
      </trkpt>
      <trkpt lat="52.526960000" lon="15.171000000">
        <ele>0.000</ele>
      </trkpt>
      <trkpt lat="52.529370000" lon="15.173560000">
        <ele>0.000</ele>
      </trkpt>
      <trkpt lat="52.529750000" lon="15.173790000">
        <ele>0.000</ele>
      </trkpt>
      <trkpt lat="52.531700000" lon="15.174830000">
        <ele>0.000</ele>
      </trkpt>
      <trkpt lat="52.532180000" lon="15.175070000">
        <ele>0.000</ele>
      </trkpt>
      <trkpt lat="52.533900000" lon="15.176010000">
        <ele>0.000</ele>
      </trkpt>
      <trkpt lat="52.534670000" lon="15.176400000">
        <ele>0.000</ele>
      </trkpt>
      <trkpt lat="52.536280000" lon="15.177040000">
        <ele>0.000</ele>
      </trkpt>
      <trkpt lat="52.538120000" lon="15.178110000">
        <ele>0.000</ele>
      </trkpt>
      <trkpt lat="52.539600000" lon="15.178750000">
        <ele>0.000</ele>
      </trkpt>
      <trkpt lat="52.541990000" lon="15.179900000">
        <ele>0.000</ele>
      </trkpt>
      <trkpt lat="52.549290000" lon="15.183510000">
        <ele>0.000</ele>
      </trkpt>
      <trkpt lat="52.550940000" lon="15.184290000">
        <ele>0.000</ele>
      </trkpt>
      <trkpt lat="52.552720000" lon="15.184900000">
        <ele>0.000</ele>
      </trkpt>
      <trkpt lat="52.558070000" lon="15.186490000">
        <ele>0.000</ele>
      </trkpt>
      <trkpt lat="52.559820000" lon="15.186790000">
        <ele>0.000</ele>
      </trkpt>
      <trkpt lat="52.561930000" lon="15.187190000">
        <ele>0.000</ele>
      </trkpt>
      <trkpt lat="52.563460000" lon="15.187520000">
        <ele>0.000</ele>
      </trkpt>
      <trkpt lat="52.564890000" lon="15.187690000">
        <ele>0.000</ele>
      </trkpt>
      <trkpt lat="52.568770000" lon="15.188420000">
        <ele>0.000</ele>
      </trkpt>
      <trkpt lat="52.569220000" lon="15.188550000">
        <ele>0.000</ele>
      </trkpt>
      <trkpt lat="52.572790000" lon="15.189130000">
        <ele>0.000</ele>
      </trkpt>
      <trkpt lat="52.575160000" lon="15.189480000">
        <ele>0.000</ele>
      </trkpt>
      <trkpt lat="52.576570000" lon="15.189460000">
        <ele>0.000</ele>
      </trkpt>
      <trkpt lat="52.576740000" lon="15.189490000">
        <ele>0.000</ele>
      </trkpt>
      <trkpt lat="52.576920000" lon="15.189670000">
        <ele>0.000</ele>
      </trkpt>
      <trkpt lat="52.577060000" lon="15.189750000">
        <ele>0.000</ele>
      </trkpt>
      <trkpt lat="52.579710000" lon="15.190450000">
        <ele>0.000</ele>
      </trkpt>
      <trkpt lat="52.579960000" lon="15.190590000">
        <ele>0.000</ele>
      </trkpt>
      <trkpt lat="52.581010000" lon="15.191620000">
        <ele>0.000</ele>
      </trkpt>
      <trkpt lat="52.581440000" lon="15.191200000">
        <ele>0.000</ele>
      </trkpt>
      <trkpt lat="52.581860000" lon="15.190820000">
        <ele>0.000</ele>
      </trkpt>
      <trkpt lat="52.581990000" lon="15.190810000">
        <ele>0.000</ele>
      </trkpt>
      <trkpt lat="52.582140000" lon="15.190690000">
        <ele>0.000</ele>
      </trkpt>
      <trkpt lat="52.582410000" lon="15.190470000">
        <ele>0.000</ele>
      </trkpt>
      <trkpt lat="52.582510000" lon="15.190340000">
        <ele>0.000</ele>
      </trkpt>
      <trkpt lat="52.583430000" lon="15.189540000">
        <ele>0.000</ele>
      </trkpt>
      <trkpt lat="52.583990000" lon="15.189070000">
        <ele>0.000</ele>
      </trkpt>
      <trkpt lat="52.584560000" lon="15.188750000">
        <ele>0.000</ele>
      </trkpt>
      <trkpt lat="52.585180000" lon="15.188540000">
        <ele>0.000</ele>
      </trkpt>
      <trkpt lat="52.585800000" lon="15.188390000">
        <ele>0.000</ele>
      </trkpt>
      <trkpt lat="52.590840000" lon="15.187440000">
        <ele>0.000</ele>
      </trkpt>
      <trkpt lat="52.594190000" lon="15.186670000">
        <ele>0.000</ele>
      </trkpt>
      <trkpt lat="52.599080000" lon="15.184840000">
        <ele>0.000</ele>
      </trkpt>
      <trkpt lat="52.599890000" lon="15.184550000">
        <ele>0.000</ele>
      </trkpt>
      <trkpt lat="52.600470000" lon="15.184450000">
        <ele>0.000</ele>
      </trkpt>
      <trkpt lat="52.601040000" lon="15.184440000">
        <ele>0.000</ele>
      </trkpt>
      <trkpt lat="52.601620000" lon="15.184500000">
        <ele>0.000</ele>
      </trkpt>
      <trkpt lat="52.601920000" lon="15.184560000">
        <ele>0.000</ele>
      </trkpt>
      <trkpt lat="52.602170000" lon="15.184650000">
        <ele>0.000</ele>
      </trkpt>
      <trkpt lat="52.603780000" lon="15.185320000">
        <ele>0.000</ele>
      </trkpt>
      <trkpt lat="52.605220000" lon="15.186020000">
        <ele>0.000</ele>
      </trkpt>
      <trkpt lat="52.607250000" lon="15.187040000">
        <ele>0.000</ele>
      </trkpt>
      <trkpt lat="52.607390000" lon="15.187180000">
        <ele>0.000</ele>
      </trkpt>
      <trkpt lat="52.607460000" lon="15.187260000">
        <ele>0.000</ele>
      </trkpt>
      <trkpt lat="52.608430000" lon="15.188560000">
        <ele>0.000</ele>
      </trkpt>
      <trkpt lat="52.608920000" lon="15.189420000">
        <ele>0.000</ele>
      </trkpt>
      <trkpt lat="52.609150000" lon="15.189740000">
        <ele>0.000</ele>
      </trkpt>
      <trkpt lat="52.609330000" lon="15.189940000">
        <ele>0.000</ele>
      </trkpt>
      <trkpt lat="52.609370000" lon="15.190100000">
        <ele>0.000</ele>
      </trkpt>
      <trkpt lat="52.610190000" lon="15.190790000">
        <ele>0.000</ele>
      </trkpt>
      <trkpt lat="52.610630000" lon="15.191150000">
        <ele>0.000</ele>
      </trkpt>
      <trkpt lat="52.612630000" lon="15.192730000">
        <ele>0.000</ele>
      </trkpt>
      <trkpt lat="52.613560000" lon="15.193540000">
        <ele>0.000</ele>
      </trkpt>
      <trkpt lat="52.613830000" lon="15.193880000">
        <ele>0.000</ele>
      </trkpt>
      <trkpt lat="52.613950000" lon="15.194070000">
        <ele>0.000</ele>
      </trkpt>
      <trkpt lat="52.614250000" lon="15.194580000">
        <ele>0.000</ele>
      </trkpt>
      <trkpt lat="52.614420000" lon="15.194900000">
        <ele>0.000</ele>
      </trkpt>
      <trkpt lat="52.614590000" lon="15.195250000">
        <ele>0.000</ele>
      </trkpt>
      <trkpt lat="52.614730000" lon="15.195660000">
        <ele>0.000</ele>
      </trkpt>
      <trkpt lat="52.614850000" lon="15.196080000">
        <ele>0.000</ele>
      </trkpt>
      <trkpt lat="52.615200000" lon="15.197750000">
        <ele>0.000</ele>
      </trkpt>
      <trkpt lat="52.615300000" lon="15.198150000">
        <ele>0.000</ele>
      </trkpt>
      <trkpt lat="52.615410000" lon="15.198320000">
        <ele>0.000</ele>
      </trkpt>
      <trkpt lat="52.615460000" lon="15.198380000">
        <ele>0.000</ele>
      </trkpt>
      <trkpt lat="52.615610000" lon="15.198410000">
        <ele>0.000</ele>
      </trkpt>
      <trkpt lat="52.616370000" lon="15.198250000">
        <ele>0.000</ele>
      </trkpt>
      <trkpt lat="52.616810000" lon="15.198130000">
        <ele>0.000</ele>
      </trkpt>
      <trkpt lat="52.617300000" lon="15.198040000">
        <ele>0.000</ele>
      </trkpt>
      <trkpt lat="52.617540000" lon="15.197930000">
        <ele>0.000</ele>
      </trkpt>
      <trkpt lat="52.617780000" lon="15.197870000">
        <ele>0.000</ele>
      </trkpt>
      <trkpt lat="52.618860000" lon="15.197720000">
        <ele>0.000</ele>
      </trkpt>
      <trkpt lat="52.619040000" lon="15.197670000">
        <ele>0.000</ele>
      </trkpt>
      <trkpt lat="52.619130000" lon="15.197680000">
        <ele>0.000</ele>
      </trkpt>
      <trkpt lat="52.619400000" lon="15.197630000">
        <ele>0.000</ele>
      </trkpt>
      <trkpt lat="52.620170000" lon="15.197520000">
        <ele>0.000</ele>
      </trkpt>
      <trkpt lat="52.620840000" lon="15.197450000">
        <ele>0.000</ele>
      </trkpt>
      <trkpt lat="52.621760000" lon="15.197250000">
        <ele>0.000</ele>
      </trkpt>
      <trkpt lat="52.621870000" lon="15.197210000">
        <ele>0.000</ele>
      </trkpt>
      <trkpt lat="52.621970000" lon="15.197200000">
        <ele>0.000</ele>
      </trkpt>
      <trkpt lat="52.622050000" lon="15.197220000">
        <ele>0.000</ele>
      </trkpt>
      <trkpt lat="52.622330000" lon="15.197180000">
        <ele>0.000</ele>
      </trkpt>
      <trkpt lat="52.622580000" lon="15.197160000">
        <ele>0.000</ele>
      </trkpt>
      <trkpt lat="52.622700000" lon="15.197170000">
        <ele>0.000</ele>
      </trkpt>
      <trkpt lat="52.622790000" lon="15.197160000">
        <ele>0.000</ele>
      </trkpt>
      <trkpt lat="52.622930000" lon="15.197110000">
        <ele>0.000</ele>
      </trkpt>
      <trkpt lat="52.623170000" lon="15.197070000">
        <ele>0.000</ele>
      </trkpt>
      <trkpt lat="52.623600000" lon="15.197030000">
        <ele>0.000</ele>
      </trkpt>
      <trkpt lat="52.624120000" lon="15.197000000">
        <ele>0.000</ele>
      </trkpt>
      <trkpt lat="52.624310000" lon="15.197000000">
        <ele>0.000</ele>
      </trkpt>
      <trkpt lat="52.624560000" lon="15.196970000">
        <ele>0.000</ele>
      </trkpt>
      <trkpt lat="52.625030000" lon="15.196940000">
        <ele>0.000</ele>
      </trkpt>
      <trkpt lat="52.625280000" lon="15.196900000">
        <ele>0.000</ele>
      </trkpt>
      <trkpt lat="52.625700000" lon="15.196820000">
        <ele>0.000</ele>
      </trkpt>
      <trkpt lat="52.626030000" lon="15.196830000">
        <ele>0.000</ele>
      </trkpt>
      <trkpt lat="52.626150000" lon="15.196820000">
        <ele>0.000</ele>
      </trkpt>
      <trkpt lat="52.626210000" lon="15.196750000">
        <ele>0.000</ele>
      </trkpt>
      <trkpt lat="52.626250000" lon="15.196720000">
        <ele>0.000</ele>
      </trkpt>
      <trkpt lat="52.627320000" lon="15.198140000">
        <ele>0.000</ele>
      </trkpt>
      <trkpt lat="52.630530000" lon="15.202040000">
        <ele>0.000</ele>
      </trkpt>
      <trkpt lat="52.633730000" lon="15.206050000">
        <ele>0.000</ele>
      </trkpt>
      <trkpt lat="52.637150000" lon="15.210290000">
        <ele>0.000</ele>
      </trkpt>
      <trkpt lat="52.638470000" lon="15.211890000">
        <ele>0.000</ele>
      </trkpt>
      <trkpt lat="52.638910000" lon="15.212470000">
        <ele>0.000</ele>
      </trkpt>
      <trkpt lat="52.638970000" lon="15.212710000">
        <ele>0.000</ele>
      </trkpt>
      <trkpt lat="52.638950000" lon="15.212890000">
        <ele>0.000</ele>
      </trkpt>
      <trkpt lat="52.638910000" lon="15.212960000">
        <ele>0.000</ele>
      </trkpt>
      <trkpt lat="52.639030000" lon="15.213120000">
        <ele>0.000</ele>
      </trkpt>
      <trkpt lat="52.639350000" lon="15.213480000">
        <ele>0.000</ele>
      </trkpt>
      <trkpt lat="52.639710000" lon="15.213990000">
        <ele>0.000</ele>
      </trkpt>
      <trkpt lat="52.639790000" lon="15.213550000">
        <ele>0.000</ele>
      </trkpt>
      <trkpt lat="52.639870000" lon="15.212900000">
        <ele>0.000</ele>
      </trkpt>
      <trkpt lat="52.640750000" lon="15.207300000">
        <ele>0.000</ele>
      </trkpt>
      <trkpt lat="52.642060000" lon="15.198470000">
        <ele>0.000</ele>
      </trkpt>
      <trkpt lat="52.643500000" lon="15.200870000">
        <ele>0.000</ele>
      </trkpt>
      <trkpt lat="52.644970000" lon="15.203280000">
        <ele>0.000</ele>
      </trkpt>
      <trkpt lat="52.645920000" lon="15.204730000">
        <ele>0.000</ele>
      </trkpt>
      <trkpt lat="52.646670000" lon="15.205930000">
        <ele>0.000</ele>
      </trkpt>
      <trkpt lat="52.647050000" lon="15.206390000">
        <ele>0.000</ele>
      </trkpt>
      <trkpt lat="52.647370000" lon="15.206720000">
        <ele>0.000</ele>
      </trkpt>
      <trkpt lat="52.647930000" lon="15.207200000">
        <ele>0.000</ele>
      </trkpt>
      <trkpt lat="52.649170000" lon="15.207990000">
        <ele>0.000</ele>
      </trkpt>
      <trkpt lat="52.650070000" lon="15.208390000">
        <ele>0.000</ele>
      </trkpt>
      <trkpt lat="52.650950000" lon="15.208550000">
        <ele>0.000</ele>
      </trkpt>
      <trkpt lat="52.653350000" lon="15.208280000">
        <ele>0.000</ele>
      </trkpt>
      <trkpt lat="52.654650000" lon="15.208010000">
        <ele>0.000</ele>
      </trkpt>
      <trkpt lat="52.656010000" lon="15.207690000">
        <ele>0.000</ele>
      </trkpt>
      <trkpt lat="52.657980000" lon="15.207310000">
        <ele>0.000</ele>
      </trkpt>
      <trkpt lat="52.658580000" lon="15.207180000">
        <ele>0.000</ele>
      </trkpt>
      <trkpt lat="52.659800000" lon="15.206860000">
        <ele>0.000</ele>
      </trkpt>
      <trkpt lat="52.660790000" lon="15.206660000">
        <ele>0.000</ele>
      </trkpt>
      <trkpt lat="52.660900000" lon="15.206630000">
        <ele>0.000</ele>
      </trkpt>
      <trkpt lat="52.660950000" lon="15.206890000">
        <ele>0.000</ele>
      </trkpt>
      <trkpt lat="52.661000000" lon="15.206970000">
        <ele>0.000</ele>
      </trkpt>
      <trkpt lat="52.661130000" lon="15.207110000">
        <ele>0.000</ele>
      </trkpt>
      <trkpt lat="52.661190000" lon="15.207150000">
        <ele>0.000</ele>
      </trkpt>
      <trkpt lat="52.661230000" lon="15.207170000">
        <ele>0.000</ele>
      </trkpt>
      <trkpt lat="52.663060000" lon="15.213770000">
        <ele>0.000</ele>
      </trkpt>
      <trkpt lat="52.663460000" lon="15.215230000">
        <ele>0.000</ele>
      </trkpt>
      <trkpt lat="52.663700000" lon="15.216130000">
        <ele>0.000</ele>
      </trkpt>
      <trkpt lat="52.663720000" lon="15.216200000">
        <ele>0.000</ele>
      </trkpt>
      <trkpt lat="52.663760000" lon="15.216250000">
        <ele>0.000</ele>
      </trkpt>
      <trkpt lat="52.663790000" lon="15.216280000">
        <ele>0.000</ele>
      </trkpt>
      <trkpt lat="52.663830000" lon="15.216300000">
        <ele>0.000</ele>
      </trkpt>
      <trkpt lat="52.663870000" lon="15.216300000">
        <ele>0.000</ele>
      </trkpt>
      <trkpt lat="52.663970000" lon="15.216260000">
        <ele>0.000</ele>
      </trkpt>
      <trkpt lat="52.664490000" lon="15.215920000">
        <ele>0.000</ele>
      </trkpt>
      <trkpt lat="52.664660000" lon="15.215900000">
        <ele>0.000</ele>
      </trkpt>
      <trkpt lat="52.664840000" lon="15.215940000">
        <ele>0.000</ele>
      </trkpt>
      <trkpt lat="52.665240000" lon="15.216120000">
        <ele>0.000</ele>
      </trkpt>
      <trkpt lat="52.665400000" lon="15.216230000">
        <ele>0.000</ele>
      </trkpt>
      <trkpt lat="52.665510000" lon="15.216360000">
        <ele>0.000</ele>
      </trkpt>
      <trkpt lat="52.666650000" lon="15.218790000">
        <ele>0.000</ele>
      </trkpt>
      <trkpt lat="52.666690000" lon="15.218750000">
        <ele>0.000</ele>
      </trkpt>
      <trkpt lat="52.666720000" lon="15.218730000">
        <ele>0.000</ele>
      </trkpt>
      <trkpt lat="52.667990000" lon="15.218250000">
        <ele>0.000</ele>
      </trkpt>
      <trkpt lat="52.668600000" lon="15.218000000">
        <ele>0.000</ele>
      </trkpt>
      <trkpt lat="52.669290000" lon="15.217750000">
        <ele>0.000</ele>
      </trkpt>
      <trkpt lat="52.669690000" lon="15.217640000">
        <ele>0.000</ele>
      </trkpt>
      <trkpt lat="52.669930000" lon="15.217630000">
        <ele>0.000</ele>
      </trkpt>
      <trkpt lat="52.670080000" lon="15.217640000">
        <ele>0.000</ele>
      </trkpt>
      <trkpt lat="52.670170000" lon="15.217610000">
        <ele>0.000</ele>
      </trkpt>
      <trkpt lat="52.670220000" lon="15.217570000">
        <ele>0.000</ele>
      </trkpt>
      <trkpt lat="52.670270000" lon="15.217500000">
        <ele>0.000</ele>
      </trkpt>
      <trkpt lat="52.670360000" lon="15.217440000">
        <ele>0.000</ele>
      </trkpt>
      <trkpt lat="52.670600000" lon="15.217390000">
        <ele>0.000</ele>
      </trkpt>
      <trkpt lat="52.670740000" lon="15.217340000">
        <ele>0.000</ele>
      </trkpt>
      <trkpt lat="52.671020000" lon="15.217200000">
        <ele>0.000</ele>
      </trkpt>
      <trkpt lat="52.672630000" lon="15.216640000">
        <ele>0.000</ele>
      </trkpt>
      <trkpt lat="52.673540000" lon="15.216420000">
        <ele>0.000</ele>
      </trkpt>
      <trkpt lat="52.674830000" lon="15.215970000">
        <ele>0.000</ele>
      </trkpt>
      <trkpt lat="52.676050000" lon="15.215610000">
        <ele>0.000</ele>
      </trkpt>
      <trkpt lat="52.676210000" lon="15.215610000">
        <ele>0.000</ele>
      </trkpt>
      <trkpt lat="52.676380000" lon="15.215700000">
        <ele>0.000</ele>
      </trkpt>
      <trkpt lat="52.676760000" lon="15.215920000">
        <ele>0.000</ele>
      </trkpt>
      <trkpt lat="52.676920000" lon="15.215940000">
        <ele>0.000</ele>
      </trkpt>
      <trkpt lat="52.677050000" lon="15.215860000">
        <ele>0.000</ele>
      </trkpt>
      <trkpt lat="52.677250000" lon="15.215670000">
        <ele>0.000</ele>
      </trkpt>
      <trkpt lat="52.677410000" lon="15.215480000">
        <ele>0.000</ele>
      </trkpt>
      <trkpt lat="52.677560000" lon="15.215240000">
        <ele>0.000</ele>
      </trkpt>
      <trkpt lat="52.677640000" lon="15.215070000">
        <ele>0.000</ele>
      </trkpt>
      <trkpt lat="52.677740000" lon="15.214640000">
        <ele>0.000</ele>
      </trkpt>
      <trkpt lat="52.677840000" lon="15.214440000">
        <ele>0.000</ele>
      </trkpt>
      <trkpt lat="52.678300000" lon="15.213810000">
        <ele>0.000</ele>
      </trkpt>
      <trkpt lat="52.678410000" lon="15.213700000">
        <ele>0.000</ele>
      </trkpt>
      <trkpt lat="52.678480000" lon="15.213660000">
        <ele>0.000</ele>
      </trkpt>
      <trkpt lat="52.678500000" lon="15.213700000">
        <ele>0.000</ele>
      </trkpt>
      <trkpt lat="52.678540000" lon="15.213730000">
        <ele>0.000</ele>
      </trkpt>
      <trkpt lat="52.678580000" lon="15.213730000">
        <ele>0.000</ele>
      </trkpt>
      <trkpt lat="52.678610000" lon="15.213710000">
        <ele>0.000</ele>
      </trkpt>
      <trkpt lat="52.678630000" lon="15.213680000">
        <ele>0.000</ele>
      </trkpt>
      <trkpt lat="52.678650000" lon="15.213630000">
        <ele>0.000</ele>
      </trkpt>
      <trkpt lat="52.678650000" lon="15.213580000">
        <ele>0.000</ele>
      </trkpt>
      <trkpt lat="52.678650000" lon="15.213520000">
        <ele>0.000</ele>
      </trkpt>
      <trkpt lat="52.678720000" lon="15.213460000">
        <ele>0.000</ele>
      </trkpt>
      <trkpt lat="52.679320000" lon="15.212700000">
        <ele>0.000</ele>
      </trkpt>
      <trkpt lat="52.679410000" lon="15.212640000">
        <ele>0.000</ele>
      </trkpt>
      <trkpt lat="52.679500000" lon="15.212640000">
        <ele>0.000</ele>
      </trkpt>
      <trkpt lat="52.679680000" lon="15.212680000">
        <ele>0.000</ele>
      </trkpt>
      <trkpt lat="52.679720000" lon="15.212680000">
        <ele>0.000</ele>
      </trkpt>
      <trkpt lat="52.679780000" lon="15.212630000">
        <ele>0.000</ele>
      </trkpt>
      <trkpt lat="52.679850000" lon="15.212530000">
        <ele>0.000</ele>
      </trkpt>
      <trkpt lat="52.679900000" lon="15.212520000">
        <ele>0.000</ele>
      </trkpt>
      <trkpt lat="52.679970000" lon="15.212530000">
        <ele>0.000</ele>
      </trkpt>
      <trkpt lat="52.680060000" lon="15.212600000">
        <ele>0.000</ele>
      </trkpt>
      <trkpt lat="52.683420000" lon="15.216220000">
        <ele>0.000</ele>
      </trkpt>
      <trkpt lat="52.684210000" lon="15.217100000">
        <ele>0.000</ele>
      </trkpt>
      <trkpt lat="52.686540000" lon="15.219640000">
        <ele>0.000</ele>
      </trkpt>
      <trkpt lat="52.689310000" lon="15.222680000">
        <ele>0.000</ele>
      </trkpt>
      <trkpt lat="52.691480000" lon="15.225050000">
        <ele>0.000</ele>
      </trkpt>
      <trkpt lat="52.691690000" lon="15.225260000">
        <ele>0.000</ele>
      </trkpt>
      <trkpt lat="52.693680000" lon="15.227110000">
        <ele>0.000</ele>
      </trkpt>
      <trkpt lat="52.693710000" lon="15.227170000">
        <ele>0.000</ele>
      </trkpt>
      <trkpt lat="52.693720000" lon="15.227240000">
        <ele>0.000</ele>
      </trkpt>
      <trkpt lat="52.693730000" lon="15.227330000">
        <ele>0.000</ele>
      </trkpt>
      <trkpt lat="52.693720000" lon="15.227390000">
        <ele>0.000</ele>
      </trkpt>
      <trkpt lat="52.693670000" lon="15.227670000">
        <ele>0.000</ele>
      </trkpt>
      <trkpt lat="52.693650000" lon="15.227740000">
        <ele>0.000</ele>
      </trkpt>
      <trkpt lat="52.694120000" lon="15.227970000">
        <ele>0.000</ele>
      </trkpt>
      <trkpt lat="52.694450000" lon="15.228160000">
        <ele>0.000</ele>
      </trkpt>
      <trkpt lat="52.694800000" lon="15.228390000">
        <ele>0.000</ele>
      </trkpt>
      <trkpt lat="52.695230000" lon="15.228730000">
        <ele>0.000</ele>
      </trkpt>
      <trkpt lat="52.695450000" lon="15.228920000">
        <ele>0.000</ele>
      </trkpt>
      <trkpt lat="52.695550000" lon="15.228970000">
        <ele>0.000</ele>
      </trkpt>
      <trkpt lat="52.696200000" lon="15.229600000">
        <ele>0.000</ele>
      </trkpt>
      <trkpt lat="52.696180000" lon="15.229670000">
        <ele>0.000</ele>
      </trkpt>
      <trkpt lat="52.696400000" lon="15.229950000">
        <ele>0.000</ele>
      </trkpt>
      <trkpt lat="52.696630000" lon="15.230170000">
        <ele>0.000</ele>
      </trkpt>
      <trkpt lat="52.696800000" lon="15.230340000">
        <ele>0.000</ele>
      </trkpt>
      <trkpt lat="52.696990000" lon="15.230560000">
        <ele>0.000</ele>
      </trkpt>
      <trkpt lat="52.697200000" lon="15.230760000">
        <ele>0.000</ele>
      </trkpt>
      <trkpt lat="52.697590000" lon="15.231050000">
        <ele>0.000</ele>
      </trkpt>
      <trkpt lat="52.698340000" lon="15.231690000">
        <ele>0.000</ele>
      </trkpt>
      <trkpt lat="52.698370000" lon="15.231740000">
        <ele>0.000</ele>
      </trkpt>
      <trkpt lat="52.698390000" lon="15.231820000">
        <ele>0.000</ele>
      </trkpt>
      <trkpt lat="52.698400000" lon="15.231940000">
        <ele>0.000</ele>
      </trkpt>
      <trkpt lat="52.698390000" lon="15.232060000">
        <ele>0.000</ele>
      </trkpt>
      <trkpt lat="52.698580000" lon="15.232160000">
        <ele>0.000</ele>
      </trkpt>
      <trkpt lat="52.698710000" lon="15.232090000">
        <ele>0.000</ele>
      </trkpt>
      <trkpt lat="52.698750000" lon="15.232090000">
        <ele>0.000</ele>
      </trkpt>
      <trkpt lat="52.698790000" lon="15.232110000">
        <ele>0.000</ele>
      </trkpt>
      <trkpt lat="52.699610000" lon="15.232720000">
        <ele>0.000</ele>
      </trkpt>
      <trkpt lat="52.701260000" lon="15.234000000">
        <ele>0.000</ele>
      </trkpt>
      <trkpt lat="52.702700000" lon="15.235300000">
        <ele>0.000</ele>
      </trkpt>
      <trkpt lat="52.703920000" lon="15.236380000">
        <ele>0.000</ele>
      </trkpt>
      <trkpt lat="52.703970000" lon="15.236360000">
        <ele>0.000</ele>
      </trkpt>
      <trkpt lat="52.704030000" lon="15.236400000">
        <ele>0.000</ele>
      </trkpt>
      <trkpt lat="52.704280000" lon="15.236680000">
        <ele>0.000</ele>
      </trkpt>
      <trkpt lat="52.704560000" lon="15.236930000">
        <ele>0.000</ele>
      </trkpt>
      <trkpt lat="52.704580000" lon="15.236960000">
        <ele>0.000</ele>
      </trkpt>
      <trkpt lat="52.707590000" lon="15.239610000">
        <ele>0.000</ele>
      </trkpt>
      <trkpt lat="52.707770000" lon="15.239780000">
        <ele>0.000</ele>
      </trkpt>
      <trkpt lat="52.708300000" lon="15.240330000">
        <ele>0.000</ele>
      </trkpt>
      <trkpt lat="52.708580000" lon="15.240600000">
        <ele>0.000</ele>
      </trkpt>
      <trkpt lat="52.709480000" lon="15.241420000">
        <ele>0.000</ele>
      </trkpt>
      <trkpt lat="52.709570000" lon="15.241500000">
        <ele>0.000</ele>
      </trkpt>
      <trkpt lat="52.709680000" lon="15.241540000">
        <ele>0.000</ele>
      </trkpt>
      <trkpt lat="52.709870000" lon="15.241760000">
        <ele>0.000</ele>
      </trkpt>
      <trkpt lat="52.709970000" lon="15.241840000">
        <ele>0.000</ele>
      </trkpt>
      <trkpt lat="52.709990000" lon="15.241910000">
        <ele>0.000</ele>
      </trkpt>
      <trkpt lat="52.710010000" lon="15.241940000">
        <ele>0.000</ele>
      </trkpt>
      <trkpt lat="52.710210000" lon="15.242080000">
        <ele>0.000</ele>
      </trkpt>
      <trkpt lat="52.710840000" lon="15.242550000">
        <ele>0.000</ele>
      </trkpt>
      <trkpt lat="52.711330000" lon="15.242990000">
        <ele>0.000</ele>
      </trkpt>
      <trkpt lat="52.713090000" lon="15.244610000">
        <ele>0.000</ele>
      </trkpt>
      <trkpt lat="52.713760000" lon="15.245280000">
        <ele>0.000</ele>
      </trkpt>
      <trkpt lat="52.714590000" lon="15.246080000">
        <ele>0.000</ele>
      </trkpt>
      <trkpt lat="52.714670000" lon="15.246040000">
        <ele>0.000</ele>
      </trkpt>
      <trkpt lat="52.714850000" lon="15.245850000">
        <ele>0.000</ele>
      </trkpt>
      <trkpt lat="52.714910000" lon="15.245740000">
        <ele>0.000</ele>
      </trkpt>
      <trkpt lat="52.714960000" lon="15.245570000">
        <ele>0.000</ele>
      </trkpt>
      <trkpt lat="52.715330000" lon="15.245360000">
        <ele>0.000</ele>
      </trkpt>
      <trkpt lat="52.715700000" lon="15.245100000">
        <ele>0.000</ele>
      </trkpt>
      <trkpt lat="52.716500000" lon="15.244330000">
        <ele>0.000</ele>
      </trkpt>
      <trkpt lat="52.716640000" lon="15.244150000">
        <ele>0.000</ele>
      </trkpt>
      <trkpt lat="52.716710000" lon="15.243990000">
        <ele>0.000</ele>
      </trkpt>
      <trkpt lat="52.716740000" lon="15.243880000">
        <ele>0.000</ele>
      </trkpt>
      <trkpt lat="52.716790000" lon="15.243750000">
        <ele>0.000</ele>
      </trkpt>
      <trkpt lat="52.717020000" lon="15.243530000">
        <ele>0.000</ele>
      </trkpt>
      <trkpt lat="52.717340000" lon="15.243260000">
        <ele>0.000</ele>
      </trkpt>
      <trkpt lat="52.717590000" lon="15.243080000">
        <ele>0.000</ele>
      </trkpt>
      <trkpt lat="52.717640000" lon="15.242950000">
        <ele>0.000</ele>
      </trkpt>
      <trkpt lat="52.717680000" lon="15.242700000">
        <ele>0.000</ele>
      </trkpt>
      <trkpt lat="52.717640000" lon="15.242340000">
        <ele>0.000</ele>
      </trkpt>
      <trkpt lat="52.717640000" lon="15.242220000">
        <ele>0.000</ele>
      </trkpt>
      <trkpt lat="52.717640000" lon="15.242100000">
        <ele>0.000</ele>
      </trkpt>
      <trkpt lat="52.717720000" lon="15.242020000">
        <ele>0.000</ele>
      </trkpt>
      <trkpt lat="52.718160000" lon="15.241660000">
        <ele>0.000</ele>
      </trkpt>
      <trkpt lat="52.718500000" lon="15.241410000">
        <ele>0.000</ele>
      </trkpt>
      <trkpt lat="52.718530000" lon="15.241360000">
        <ele>0.000</ele>
      </trkpt>
      <trkpt lat="52.718540000" lon="15.241280000">
        <ele>0.000</ele>
      </trkpt>
      <trkpt lat="52.718520000" lon="15.241210000">
        <ele>0.000</ele>
      </trkpt>
      <trkpt lat="52.718490000" lon="15.241130000">
        <ele>0.000</ele>
      </trkpt>
      <trkpt lat="52.718410000" lon="15.241030000">
        <ele>0.000</ele>
      </trkpt>
      <trkpt lat="52.718400000" lon="15.240960000">
        <ele>0.000</ele>
      </trkpt>
      <trkpt lat="52.718420000" lon="15.240920000">
        <ele>0.000</ele>
      </trkpt>
      <trkpt lat="52.718460000" lon="15.240910000">
        <ele>0.000</ele>
      </trkpt>
      <trkpt lat="52.718500000" lon="15.240960000">
        <ele>0.000</ele>
      </trkpt>
      <trkpt lat="52.718510000" lon="15.240990000">
        <ele>0.000</ele>
      </trkpt>
      <trkpt lat="52.718680000" lon="15.241260000">
        <ele>0.000</ele>
      </trkpt>
      <trkpt lat="52.718760000" lon="15.241360000">
        <ele>0.000</ele>
      </trkpt>
      <trkpt lat="52.718820000" lon="15.241430000">
        <ele>0.000</ele>
      </trkpt>
      <trkpt lat="52.718890000" lon="15.241600000">
        <ele>0.000</ele>
      </trkpt>
      <trkpt lat="52.718940000" lon="15.241770000">
        <ele>0.000</ele>
      </trkpt>
      <trkpt lat="52.719050000" lon="15.242040000">
        <ele>0.000</ele>
      </trkpt>
      <trkpt lat="52.719120000" lon="15.242170000">
        <ele>0.000</ele>
      </trkpt>
      <trkpt lat="52.719220000" lon="15.242440000">
        <ele>0.000</ele>
      </trkpt>
      <trkpt lat="52.719770000" lon="15.243740000">
        <ele>0.000</ele>
      </trkpt>
      <trkpt lat="52.720120000" lon="15.243370000">
        <ele>0.000</ele>
      </trkpt>
      <trkpt lat="52.721180000" lon="15.242370000">
        <ele>0.000</ele>
      </trkpt>
      <trkpt lat="52.723030000" lon="15.240580000">
        <ele>0.000</ele>
      </trkpt>
      <trkpt lat="52.723320000" lon="15.240340000">
        <ele>0.000</ele>
      </trkpt>
      <trkpt lat="52.723530000" lon="15.240140000">
        <ele>0.000</ele>
      </trkpt>
      <trkpt lat="52.724060000" lon="15.239690000">
        <ele>0.000</ele>
      </trkpt>
      <trkpt lat="52.724130000" lon="15.239650000">
        <ele>0.000</ele>
      </trkpt>
      <trkpt lat="52.724730000" lon="15.239100000">
        <ele>0.000</ele>
      </trkpt>
      <trkpt lat="52.724770000" lon="15.239080000">
        <ele>0.000</ele>
      </trkpt>
      <trkpt lat="52.724830000" lon="15.239100000">
        <ele>0.000</ele>
      </trkpt>
      <trkpt lat="52.725690000" lon="15.239420000">
        <ele>0.000</ele>
      </trkpt>
      <trkpt lat="52.727010000" lon="15.239200000">
        <ele>0.000</ele>
      </trkpt>
      <trkpt lat="52.727100000" lon="15.239170000">
        <ele>0.000</ele>
      </trkpt>
      <trkpt lat="52.727430000" lon="15.239020000">
        <ele>0.000</ele>
      </trkpt>
      <trkpt lat="52.727410000" lon="15.238920000">
        <ele>0.000</ele>
      </trkpt>
      <trkpt lat="52.727420000" lon="15.238820000">
        <ele>0.000</ele>
      </trkpt>
      <trkpt lat="52.727530000" lon="15.238730000">
        <ele>0.000</ele>
      </trkpt>
      <trkpt lat="52.727540000" lon="15.238730000">
        <ele>0.000</ele>
      </trkpt>
      <trkpt lat="52.727560000" lon="15.238750000">
        <ele>0.000</ele>
      </trkpt>
      <trkpt lat="52.727600000" lon="15.238850000">
        <ele>0.000</ele>
      </trkpt>
      <trkpt lat="52.727630000" lon="15.238850000">
        <ele>0.000</ele>
      </trkpt>
      <trkpt lat="52.727660000" lon="15.238830000">
        <ele>0.000</ele>
      </trkpt>
      <trkpt lat="52.728310000" lon="15.240430000">
        <ele>0.000</ele>
      </trkpt>
      <trkpt lat="52.728350000" lon="15.240500000">
        <ele>0.000</ele>
      </trkpt>
      <trkpt lat="52.728430000" lon="15.240720000">
        <ele>0.000</ele>
      </trkpt>
      <trkpt lat="52.728470000" lon="15.240780000">
        <ele>0.000</ele>
      </trkpt>
      <trkpt lat="52.728500000" lon="15.240810000">
        <ele>0.000</ele>
      </trkpt>
      <trkpt lat="52.728580000" lon="15.240820000">
        <ele>0.000</ele>
      </trkpt>
      <trkpt lat="52.728700000" lon="15.240760000">
        <ele>0.000</ele>
      </trkpt>
      <trkpt lat="52.729360000" lon="15.240250000">
        <ele>0.000</ele>
      </trkpt>
      <trkpt lat="52.729490000" lon="15.240120000">
        <ele>0.000</ele>
      </trkpt>
      <trkpt lat="52.729500000" lon="15.240060000">
        <ele>0.000</ele>
      </trkpt>
      <trkpt lat="52.729490000" lon="15.239940000">
        <ele>0.000</ele>
      </trkpt>
      <trkpt lat="52.729570000" lon="15.239880000">
        <ele>0.000</ele>
      </trkpt>
      <trkpt lat="52.729530000" lon="15.239710000">
        <ele>0.000</ele>
      </trkpt>
      <trkpt lat="52.729490000" lon="15.239460000">
        <ele>0.000</ele>
      </trkpt>
      <trkpt lat="52.729560000" lon="15.239410000">
        <ele>0.000</ele>
      </trkpt>
      <trkpt lat="52.729570000" lon="15.239370000">
        <ele>0.000</ele>
      </trkpt>
      <trkpt lat="52.729560000" lon="15.239340000">
        <ele>0.000</ele>
      </trkpt>
      <trkpt lat="52.729600000" lon="15.239310000">
        <ele>0.000</ele>
      </trkpt>
      <trkpt lat="52.729160000" lon="15.237700000">
        <ele>0.000</ele>
      </trkpt>
      <trkpt lat="52.728980000" lon="15.237030000">
        <ele>0.000</ele>
      </trkpt>
      <trkpt lat="52.729110000" lon="15.236940000">
        <ele>0.000</ele>
      </trkpt>
      <trkpt lat="52.729150000" lon="15.236880000">
        <ele>0.000</ele>
      </trkpt>
      <trkpt lat="52.729200000" lon="15.236760000">
        <ele>0.000</ele>
      </trkpt>
      <trkpt lat="52.729520000" lon="15.235580000">
        <ele>0.000</ele>
      </trkpt>
      <trkpt lat="52.729600000" lon="15.235360000">
        <ele>0.000</ele>
      </trkpt>
      <trkpt lat="52.729650000" lon="15.235250000">
        <ele>0.000</ele>
      </trkpt>
      <trkpt lat="52.729710000" lon="15.235140000">
        <ele>0.000</ele>
      </trkpt>
      <trkpt lat="52.729990000" lon="15.234940000">
        <ele>0.000</ele>
      </trkpt>
      <trkpt lat="52.730110000" lon="15.234890000">
        <ele>0.000</ele>
      </trkpt>
      <trkpt lat="52.730090000" lon="15.234760000">
        <ele>0.000</ele>
      </trkpt>
      <trkpt lat="52.730050000" lon="15.234620000">
        <ele>0.000</ele>
      </trkpt>
      <trkpt lat="52.730020000" lon="15.234270000">
        <ele>0.000</ele>
      </trkpt>
      <trkpt lat="52.730010000" lon="15.233940000">
        <ele>0.000</ele>
      </trkpt>
      <trkpt lat="52.730020000" lon="15.233080000">
        <ele>0.000</ele>
      </trkpt>
      <trkpt lat="52.730070000" lon="15.232250000">
        <ele>0.000</ele>
      </trkpt>
      <trkpt lat="52.730060000" lon="15.232020000">
        <ele>0.000</ele>
      </trkpt>
      <trkpt lat="52.730030000" lon="15.231360000">
        <ele>0.000</ele>
      </trkpt>
      <trkpt lat="52.730030000" lon="15.231220000">
        <ele>0.000</ele>
      </trkpt>
      <trkpt lat="52.730080000" lon="15.230490000">
        <ele>0.000</ele>
      </trkpt>
      <trkpt lat="52.730080000" lon="15.229900000">
        <ele>0.000</ele>
      </trkpt>
      <trkpt lat="52.730140000" lon="15.229760000">
        <ele>0.000</ele>
      </trkpt>
      <trkpt lat="52.730180000" lon="15.229550000">
        <ele>0.000</ele>
      </trkpt>
      <trkpt lat="52.730270000" lon="15.229340000">
        <ele>0.000</ele>
      </trkpt>
      <trkpt lat="52.730320000" lon="15.229140000">
        <ele>0.000</ele>
      </trkpt>
      <trkpt lat="52.730300000" lon="15.228980000">
        <ele>0.000</ele>
      </trkpt>
      <trkpt lat="52.730230000" lon="15.228900000">
        <ele>0.000</ele>
      </trkpt>
      <trkpt lat="52.730220000" lon="15.228750000">
        <ele>0.000</ele>
      </trkpt>
      <trkpt lat="52.730220000" lon="15.228560000">
        <ele>0.000</ele>
      </trkpt>
      <trkpt lat="52.730200000" lon="15.228370000">
        <ele>0.000</ele>
      </trkpt>
      <trkpt lat="52.730250000" lon="15.227920000">
        <ele>0.000</ele>
      </trkpt>
      <trkpt lat="52.730320000" lon="15.227480000">
        <ele>0.000</ele>
      </trkpt>
      <trkpt lat="52.730410000" lon="15.226760000">
        <ele>0.000</ele>
      </trkpt>
      <trkpt lat="52.730120000" lon="15.226130000">
        <ele>0.000</ele>
      </trkpt>
      <trkpt lat="52.729900000" lon="15.225520000">
        <ele>0.000</ele>
      </trkpt>
      <trkpt lat="52.729790000" lon="15.225230000">
        <ele>0.000</ele>
      </trkpt>
      <trkpt lat="52.729750000" lon="15.224980000">
        <ele>0.000</ele>
      </trkpt>
      <trkpt lat="52.729620000" lon="15.224580000">
        <ele>0.000</ele>
      </trkpt>
      <trkpt lat="52.729530000" lon="15.224370000">
        <ele>0.000</ele>
      </trkpt>
      <trkpt lat="52.729500000" lon="15.224330000">
        <ele>0.000</ele>
      </trkpt>
      <trkpt lat="52.729440000" lon="15.224290000">
        <ele>0.000</ele>
      </trkpt>
      <trkpt lat="52.729400000" lon="15.224300000">
        <ele>0.000</ele>
      </trkpt>
      <trkpt lat="52.729430000" lon="15.224220000">
        <ele>0.000</ele>
      </trkpt>
      <trkpt lat="52.729450000" lon="15.224130000">
        <ele>0.000</ele>
      </trkpt>
      <trkpt lat="52.729450000" lon="15.224050000">
        <ele>0.000</ele>
      </trkpt>
      <trkpt lat="52.729430000" lon="15.223920000">
        <ele>0.000</ele>
      </trkpt>
      <trkpt lat="52.729220000" lon="15.223220000">
        <ele>0.000</ele>
      </trkpt>
      <trkpt lat="52.728610000" lon="15.221380000">
        <ele>0.000</ele>
      </trkpt>
      <trkpt lat="52.728480000" lon="15.221070000">
        <ele>0.000</ele>
      </trkpt>
      <trkpt lat="52.728340000" lon="15.220780000">
        <ele>0.000</ele>
      </trkpt>
      <trkpt lat="52.727790000" lon="15.219730000">
        <ele>0.000</ele>
      </trkpt>
      <trkpt lat="52.727660000" lon="15.219450000">
        <ele>0.000</ele>
      </trkpt>
      <trkpt lat="52.727540000" lon="15.219050000">
        <ele>0.000</ele>
      </trkpt>
      <trkpt lat="52.727290000" lon="15.218000000">
        <ele>0.000</ele>
      </trkpt>
      <trkpt lat="52.727100000" lon="15.217080000">
        <ele>0.000</ele>
      </trkpt>
      <trkpt lat="52.725990000" lon="15.211270000">
        <ele>0.000</ele>
      </trkpt>
      <trkpt lat="52.725990000" lon="15.211140000">
        <ele>0.000</ele>
      </trkpt>
      <trkpt lat="52.726000000" lon="15.210960000">
        <ele>0.000</ele>
      </trkpt>
      <trkpt lat="52.726010000" lon="15.210870000">
        <ele>0.000</ele>
      </trkpt>
      <trkpt lat="52.726040000" lon="15.210800000">
        <ele>0.000</ele>
      </trkpt>
      <trkpt lat="52.726100000" lon="15.210720000">
        <ele>0.000</ele>
      </trkpt>
      <trkpt lat="52.726180000" lon="15.210650000">
        <ele>0.000</ele>
      </trkpt>
      <trkpt lat="52.726730000" lon="15.210360000">
        <ele>0.000</ele>
      </trkpt>
      <trkpt lat="52.726760000" lon="15.210350000">
        <ele>0.000</ele>
      </trkpt>
      <trkpt lat="52.727070000" lon="15.210150000">
        <ele>0.000</ele>
      </trkpt>
      <trkpt lat="52.727270000" lon="15.209990000">
        <ele>0.000</ele>
      </trkpt>
      <trkpt lat="52.727420000" lon="15.209940000">
        <ele>0.000</ele>
      </trkpt>
      <trkpt lat="52.727840000" lon="15.209870000">
        <ele>0.000</ele>
      </trkpt>
      <trkpt lat="52.728010000" lon="15.209890000">
        <ele>0.000</ele>
      </trkpt>
      <trkpt lat="52.728150000" lon="15.209950000">
        <ele>0.000</ele>
      </trkpt>
      <trkpt lat="52.728270000" lon="15.210040000">
        <ele>0.000</ele>
      </trkpt>
      <trkpt lat="52.728410000" lon="15.210200000">
        <ele>0.000</ele>
      </trkpt>
      <trkpt lat="52.728920000" lon="15.211020000">
        <ele>0.000</ele>
      </trkpt>
      <trkpt lat="52.729020000" lon="15.211160000">
        <ele>0.000</ele>
      </trkpt>
      <trkpt lat="52.729130000" lon="15.211270000">
        <ele>0.000</ele>
      </trkpt>
      <trkpt lat="52.729180000" lon="15.211240000">
        <ele>0.000</ele>
      </trkpt>
      <trkpt lat="52.729320000" lon="15.211480000">
        <ele>0.000</ele>
      </trkpt>
      <trkpt lat="52.729560000" lon="15.211700000">
        <ele>0.000</ele>
      </trkpt>
      <trkpt lat="52.729620000" lon="15.211610000">
        <ele>0.000</ele>
      </trkpt>
      <trkpt lat="52.729920000" lon="15.210960000">
        <ele>0.000</ele>
      </trkpt>
      <trkpt lat="52.729970000" lon="15.210900000">
        <ele>0.000</ele>
      </trkpt>
      <trkpt lat="52.730080000" lon="15.210890000">
        <ele>0.000</ele>
      </trkpt>
      <trkpt lat="52.730570000" lon="15.210930000">
        <ele>0.000</ele>
      </trkpt>
      <trkpt lat="52.730570000" lon="15.210930000">
        <ele>0.000</ele>
      </trkpt>
      <trkpt lat="52.730780000" lon="15.210950000">
        <ele>0.000</ele>
      </trkpt>
      <trkpt lat="52.730830000" lon="15.210820000">
        <ele>0.000</ele>
      </trkpt>
      <trkpt lat="52.730910000" lon="15.210750000">
        <ele>0.000</ele>
      </trkpt>
      <trkpt lat="52.731100000" lon="15.211430000">
        <ele>0.000</ele>
      </trkpt>
      <trkpt lat="52.731130000" lon="15.211600000">
        <ele>0.000</ele>
      </trkpt>
      <trkpt lat="52.731240000" lon="15.212010000">
        <ele>0.000</ele>
      </trkpt>
      <trkpt lat="52.731300000" lon="15.212290000">
        <ele>0.000</ele>
      </trkpt>
      <trkpt lat="52.731270000" lon="15.212320000">
        <ele>0.000</ele>
      </trkpt>
      <trkpt lat="52.731240000" lon="15.212440000">
        <ele>0.000</ele>
      </trkpt>
      <trkpt lat="52.731280000" lon="15.213550000">
        <ele>0.000</ele>
      </trkpt>
      <trkpt lat="52.731370000" lon="15.213590000">
        <ele>0.000</ele>
      </trkpt>
      <trkpt lat="52.731460000" lon="15.213620000">
        <ele>0.000</ele>
      </trkpt>
      <trkpt lat="52.731890000" lon="15.213590000">
        <ele>0.000</ele>
      </trkpt>
      <trkpt lat="52.731920000" lon="15.214350000">
        <ele>0.000</ele>
      </trkpt>
      <trkpt lat="52.731920000" lon="15.214550000">
        <ele>0.000</ele>
      </trkpt>
      <trkpt lat="52.731770000" lon="15.214730000">
        <ele>0.000</ele>
      </trkpt>
      <trkpt lat="52.731720000" lon="15.214750000">
        <ele>0.000</ele>
      </trkpt>
      <trkpt lat="52.731730000" lon="15.215730000">
        <ele>0.000</ele>
      </trkpt>
      <trkpt lat="52.731850000" lon="15.216520000">
        <ele>0.000</ele>
      </trkpt>
      <trkpt lat="52.731990000" lon="15.217200000">
        <ele>0.000</ele>
      </trkpt>
      <trkpt lat="52.732070000" lon="15.217570000">
        <ele>0.000</ele>
      </trkpt>
      <trkpt lat="52.732120000" lon="15.217670000">
        <ele>0.000</ele>
      </trkpt>
      <trkpt lat="52.732030000" lon="15.218020000">
        <ele>0.000</ele>
      </trkpt>
      <trkpt lat="52.731980000" lon="15.218280000">
        <ele>0.000</ele>
      </trkpt>
      <trkpt lat="52.731910000" lon="15.218670000">
        <ele>0.000</ele>
      </trkpt>
      <trkpt lat="52.731510000" lon="15.221160000">
        <ele>0.000</ele>
      </trkpt>
      <trkpt lat="52.731380000" lon="15.221870000">
        <ele>0.000</ele>
      </trkpt>
      <trkpt lat="52.731300000" lon="15.222190000">
        <ele>0.000</ele>
      </trkpt>
      <trkpt lat="52.731160000" lon="15.222670000">
        <ele>0.000</ele>
      </trkpt>
      <trkpt lat="52.730750000" lon="15.223930000">
        <ele>0.000</ele>
      </trkpt>
      <trkpt lat="52.730650000" lon="15.224260000">
        <ele>0.000</ele>
      </trkpt>
      <trkpt lat="52.730620000" lon="15.224420000">
        <ele>0.000</ele>
      </trkpt>
      <trkpt lat="52.730390000" lon="15.226710000">
        <ele>0.000</ele>
      </trkpt>
      <trkpt lat="52.730330000" lon="15.227100000">
        <ele>0.000</ele>
      </trkpt>
      <trkpt lat="52.730280000" lon="15.227470000">
        <ele>0.000</ele>
      </trkpt>
      <trkpt lat="52.730250000" lon="15.227920000">
        <ele>0.000</ele>
      </trkpt>
      <trkpt lat="52.730220000" lon="15.228180000">
        <ele>0.000</ele>
      </trkpt>
      <trkpt lat="52.730190000" lon="15.228460000">
        <ele>0.000</ele>
      </trkpt>
      <trkpt lat="52.730090000" lon="15.228740000">
        <ele>0.000</ele>
      </trkpt>
      <trkpt lat="52.730070000" lon="15.228830000">
        <ele>0.000</ele>
      </trkpt>
      <trkpt lat="52.730070000" lon="15.228890000">
        <ele>0.000</ele>
      </trkpt>
      <trkpt lat="52.730120000" lon="15.228890000">
        <ele>0.000</ele>
      </trkpt>
      <trkpt lat="52.730110000" lon="15.228980000">
        <ele>0.000</ele>
      </trkpt>
      <trkpt lat="52.730090000" lon="15.229050000">
        <ele>0.000</ele>
      </trkpt>
      <trkpt lat="52.730050000" lon="15.229110000">
        <ele>0.000</ele>
      </trkpt>
      <trkpt lat="52.730040000" lon="15.229190000">
        <ele>0.000</ele>
      </trkpt>
      <trkpt lat="52.730050000" lon="15.229270000">
        <ele>0.000</ele>
      </trkpt>
      <trkpt lat="52.730070000" lon="15.229320000">
        <ele>0.000</ele>
      </trkpt>
      <trkpt lat="52.730080000" lon="15.229420000">
        <ele>0.000</ele>
      </trkpt>
      <trkpt lat="52.730070000" lon="15.229710000">
        <ele>0.000</ele>
      </trkpt>
      <trkpt lat="52.730080000" lon="15.229900000">
        <ele>0.000</ele>
      </trkpt>
      <trkpt lat="52.730080000" lon="15.230490000">
        <ele>0.000</ele>
      </trkpt>
      <trkpt lat="52.730030000" lon="15.231220000">
        <ele>0.000</ele>
      </trkpt>
      <trkpt lat="52.730030000" lon="15.231360000">
        <ele>0.000</ele>
      </trkpt>
      <trkpt lat="52.730060000" lon="15.232020000">
        <ele>0.000</ele>
      </trkpt>
      <trkpt lat="52.730070000" lon="15.232250000">
        <ele>0.000</ele>
      </trkpt>
      <trkpt lat="52.730050000" lon="15.232500000">
        <ele>0.000</ele>
      </trkpt>
      <trkpt lat="52.730110000" lon="15.232510000">
        <ele>0.000</ele>
      </trkpt>
      <trkpt lat="52.730120000" lon="15.232310000">
        <ele>0.000</ele>
      </trkpt>
      <trkpt lat="52.730330000" lon="15.232280000">
        <ele>0.000</ele>
      </trkpt>
      <trkpt lat="52.730450000" lon="15.232330000">
        <ele>0.000</ele>
      </trkpt>
      <trkpt lat="52.730500000" lon="15.232390000">
        <ele>0.000</ele>
      </trkpt>
      <trkpt lat="52.730600000" lon="15.232570000">
        <ele>0.000</ele>
      </trkpt>
      <trkpt lat="52.730640000" lon="15.232660000">
        <ele>0.000</ele>
      </trkpt>
      <trkpt lat="52.730670000" lon="15.232810000">
        <ele>0.000</ele>
      </trkpt>
      <trkpt lat="52.730710000" lon="15.233050000">
        <ele>0.000</ele>
      </trkpt>
      <trkpt lat="52.730710000" lon="15.233210000">
        <ele>0.000</ele>
      </trkpt>
      <trkpt lat="52.730700000" lon="15.233340000">
        <ele>0.000</ele>
      </trkpt>
      <trkpt lat="52.730690000" lon="15.233390000">
        <ele>0.000</ele>
      </trkpt>
      <trkpt lat="52.730620000" lon="15.233580000">
        <ele>0.000</ele>
      </trkpt>
      <trkpt lat="52.730610000" lon="15.233670000">
        <ele>0.000</ele>
      </trkpt>
      <trkpt lat="52.730630000" lon="15.234040000">
        <ele>0.000</ele>
      </trkpt>
      <trkpt lat="52.730640000" lon="15.234100000">
        <ele>0.000</ele>
      </trkpt>
      <trkpt lat="52.730660000" lon="15.234130000">
        <ele>0.000</ele>
      </trkpt>
      <trkpt lat="52.730690000" lon="15.234160000">
        <ele>0.000</ele>
      </trkpt>
      <trkpt lat="52.731140000" lon="15.234390000">
        <ele>0.000</ele>
      </trkpt>
      <trkpt lat="52.731290000" lon="15.234540000">
        <ele>0.000</ele>
      </trkpt>
      <trkpt lat="52.731340000" lon="15.234620000">
        <ele>0.000</ele>
      </trkpt>
      <trkpt lat="52.731460000" lon="15.234950000">
        <ele>0.000</ele>
      </trkpt>
      <trkpt lat="52.731680000" lon="15.235380000">
        <ele>0.000</ele>
      </trkpt>
      <trkpt lat="52.731840000" lon="15.235820000">
        <ele>0.000</ele>
      </trkpt>
      <trkpt lat="52.732200000" lon="15.236870000">
        <ele>0.000</ele>
      </trkpt>
      <trkpt lat="52.732210000" lon="15.236890000">
        <ele>0.000</ele>
      </trkpt>
      <trkpt lat="52.732260000" lon="15.236910000">
        <ele>0.000</ele>
      </trkpt>
      <trkpt lat="52.732270000" lon="15.236990000">
        <ele>0.000</ele>
      </trkpt>
      <trkpt lat="52.732400000" lon="15.237390000">
        <ele>0.000</ele>
      </trkpt>
      <trkpt lat="52.732400000" lon="15.237560000">
        <ele>0.000</ele>
      </trkpt>
      <trkpt lat="52.732480000" lon="15.237570000">
        <ele>0.000</ele>
      </trkpt>
      <trkpt lat="52.732530000" lon="15.237590000">
        <ele>0.000</ele>
      </trkpt>
      <trkpt lat="52.732590000" lon="15.237660000">
        <ele>0.000</ele>
      </trkpt>
      <trkpt lat="52.732720000" lon="15.238020000">
        <ele>0.000</ele>
      </trkpt>
      <trkpt lat="52.732850000" lon="15.238370000">
        <ele>0.000</ele>
      </trkpt>
      <trkpt lat="52.732890000" lon="15.238530000">
        <ele>0.000</ele>
      </trkpt>
      <trkpt lat="52.733020000" lon="15.239200000">
        <ele>0.000</ele>
      </trkpt>
      <trkpt lat="52.733010000" lon="15.239590000">
        <ele>0.000</ele>
      </trkpt>
      <trkpt lat="52.732990000" lon="15.239660000">
        <ele>0.000</ele>
      </trkpt>
      <trkpt lat="52.732910000" lon="15.239780000">
        <ele>0.000</ele>
      </trkpt>
      <trkpt lat="52.732860000" lon="15.239920000">
        <ele>0.000</ele>
      </trkpt>
      <trkpt lat="52.732850000" lon="15.240040000">
        <ele>0.000</ele>
      </trkpt>
      <trkpt lat="52.732860000" lon="15.240150000">
        <ele>0.000</ele>
      </trkpt>
      <trkpt lat="52.732880000" lon="15.240250000">
        <ele>0.000</ele>
      </trkpt>
      <trkpt lat="52.733030000" lon="15.240700000">
        <ele>0.000</ele>
      </trkpt>
      <trkpt lat="52.733040000" lon="15.240900000">
        <ele>0.000</ele>
      </trkpt>
      <trkpt lat="52.733040000" lon="15.241110000">
        <ele>0.000</ele>
      </trkpt>
      <trkpt lat="52.733070000" lon="15.241270000">
        <ele>0.000</ele>
      </trkpt>
      <trkpt lat="52.733060000" lon="15.241840000">
        <ele>0.000</ele>
      </trkpt>
      <trkpt lat="52.732990000" lon="15.243170000">
        <ele>0.000</ele>
      </trkpt>
      <trkpt lat="52.732960000" lon="15.243260000">
        <ele>0.000</ele>
      </trkpt>
      <trkpt lat="52.732940000" lon="15.243450000">
        <ele>0.000</ele>
      </trkpt>
      <trkpt lat="52.732950000" lon="15.243570000">
        <ele>0.000</ele>
      </trkpt>
      <trkpt lat="52.732930000" lon="15.243690000">
        <ele>0.000</ele>
      </trkpt>
      <trkpt lat="52.733100000" lon="15.243800000">
        <ele>0.000</ele>
      </trkpt>
      <trkpt lat="52.733040000" lon="15.244090000">
        <ele>0.000</ele>
      </trkpt>
      <trkpt lat="52.733030000" lon="15.244170000">
        <ele>0.000</ele>
      </trkpt>
      <trkpt lat="52.733040000" lon="15.244250000">
        <ele>0.000</ele>
      </trkpt>
      <trkpt lat="52.733100000" lon="15.244600000">
        <ele>0.000</ele>
      </trkpt>
      <trkpt lat="52.733120000" lon="15.244780000">
        <ele>0.000</ele>
      </trkpt>
      <trkpt lat="52.733220000" lon="15.245850000">
        <ele>0.000</ele>
      </trkpt>
      <trkpt lat="52.733240000" lon="15.245930000">
        <ele>0.000</ele>
      </trkpt>
      <trkpt lat="52.733320000" lon="15.246080000">
        <ele>0.000</ele>
      </trkpt>
      <trkpt lat="52.733330000" lon="15.246130000">
        <ele>0.000</ele>
      </trkpt>
      <trkpt lat="52.733330000" lon="15.246210000">
        <ele>0.000</ele>
      </trkpt>
      <trkpt lat="52.733350000" lon="15.246290000">
        <ele>0.000</ele>
      </trkpt>
      <trkpt lat="52.733390000" lon="15.246500000">
        <ele>0.000</ele>
      </trkpt>
      <trkpt lat="52.733390000" lon="15.246620000">
        <ele>0.000</ele>
      </trkpt>
      <trkpt lat="52.733420000" lon="15.246720000">
        <ele>0.000</ele>
      </trkpt>
      <trkpt lat="52.733600000" lon="15.247710000">
        <ele>0.000</ele>
      </trkpt>
      <trkpt lat="52.733700000" lon="15.248450000">
        <ele>0.000</ele>
      </trkpt>
      <trkpt lat="52.733770000" lon="15.249120000">
        <ele>0.000</ele>
      </trkpt>
      <trkpt lat="52.733660000" lon="15.249160000">
        <ele>0.000</ele>
      </trkpt>
      <trkpt lat="52.733710000" lon="15.249790000">
        <ele>0.000</ele>
      </trkpt>
      <trkpt lat="52.733810000" lon="15.251620000">
        <ele>0.000</ele>
      </trkpt>
      <trkpt lat="52.733900000" lon="15.253000000">
        <ele>0.000</ele>
      </trkpt>
      <trkpt lat="52.733910000" lon="15.254280000">
        <ele>0.000</ele>
      </trkpt>
      <trkpt lat="52.733950000" lon="15.255120000">
        <ele>0.000</ele>
      </trkpt>
      <trkpt lat="52.733980000" lon="15.255230000">
        <ele>0.000</ele>
      </trkpt>
      <trkpt lat="52.734010000" lon="15.255560000">
        <ele>0.000</ele>
      </trkpt>
      <trkpt lat="52.734040000" lon="15.255720000">
        <ele>0.000</ele>
      </trkpt>
      <trkpt lat="52.734130000" lon="15.256030000">
        <ele>0.000</ele>
      </trkpt>
      <trkpt lat="52.734160000" lon="15.256100000">
        <ele>0.000</ele>
      </trkpt>
      <trkpt lat="52.734260000" lon="15.256230000">
        <ele>0.000</ele>
      </trkpt>
      <trkpt lat="52.734390000" lon="15.256340000">
        <ele>0.000</ele>
      </trkpt>
      <trkpt lat="52.734470000" lon="15.256490000">
        <ele>0.000</ele>
      </trkpt>
      <trkpt lat="52.734620000" lon="15.257830000">
        <ele>0.000</ele>
      </trkpt>
      <trkpt lat="52.734630000" lon="15.258010000">
        <ele>0.000</ele>
      </trkpt>
      <trkpt lat="52.734650000" lon="15.258410000">
        <ele>0.000</ele>
      </trkpt>
      <trkpt lat="52.734650000" lon="15.258940000">
        <ele>0.000</ele>
      </trkpt>
      <trkpt lat="52.734670000" lon="15.259220000">
        <ele>0.000</ele>
      </trkpt>
      <trkpt lat="52.734770000" lon="15.260040000">
        <ele>0.000</ele>
      </trkpt>
      <trkpt lat="52.734810000" lon="15.260380000">
        <ele>0.000</ele>
      </trkpt>
      <trkpt lat="52.735160000" lon="15.264100000">
        <ele>0.000</ele>
      </trkpt>
      <trkpt lat="52.735240000" lon="15.265260000">
        <ele>0.000</ele>
      </trkpt>
      <trkpt lat="52.735340000" lon="15.265970000">
        <ele>0.000</ele>
      </trkpt>
      <trkpt lat="52.735410000" lon="15.266640000">
        <ele>0.000</ele>
      </trkpt>
      <trkpt lat="52.735530000" lon="15.267930000">
        <ele>0.000</ele>
      </trkpt>
      <trkpt lat="52.735570000" lon="15.268320000">
        <ele>0.000</ele>
      </trkpt>
      <trkpt lat="52.735670000" lon="15.268970000">
        <ele>0.000</ele>
      </trkpt>
      <trkpt lat="52.735790000" lon="15.269550000">
        <ele>0.000</ele>
      </trkpt>
      <trkpt lat="52.735870000" lon="15.270280000">
        <ele>0.000</ele>
      </trkpt>
      <trkpt lat="52.735930000" lon="15.271000000">
        <ele>0.000</ele>
      </trkpt>
      <trkpt lat="52.735930000" lon="15.273040000">
        <ele>0.000</ele>
      </trkpt>
      <trkpt lat="52.735970000" lon="15.275210000">
        <ele>0.000</ele>
      </trkpt>
      <trkpt lat="52.735970000" lon="15.275350000">
        <ele>0.000</ele>
      </trkpt>
      <trkpt lat="52.735940000" lon="15.275610000">
        <ele>0.000</ele>
      </trkpt>
      <trkpt lat="52.735750000" lon="15.276690000">
        <ele>0.000</ele>
      </trkpt>
      <trkpt lat="52.735630000" lon="15.277930000">
        <ele>0.000</ele>
      </trkpt>
      <trkpt lat="52.735490000" lon="15.279170000">
        <ele>0.000</ele>
      </trkpt>
      <trkpt lat="52.735470000" lon="15.279350000">
        <ele>0.000</ele>
      </trkpt>
      <trkpt lat="52.735430000" lon="15.279530000">
        <ele>0.000</ele>
      </trkpt>
      <trkpt lat="52.735340000" lon="15.279880000">
        <ele>0.000</ele>
      </trkpt>
      <trkpt lat="52.735010000" lon="15.280690000">
        <ele>0.000</ele>
      </trkpt>
      <trkpt lat="52.734890000" lon="15.281100000">
        <ele>0.000</ele>
      </trkpt>
      <trkpt lat="52.734880000" lon="15.281170000">
        <ele>0.000</ele>
      </trkpt>
      <trkpt lat="52.734850000" lon="15.281390000">
        <ele>0.000</ele>
      </trkpt>
      <trkpt lat="52.734850000" lon="15.281710000">
        <ele>0.000</ele>
      </trkpt>
      <trkpt lat="52.734860000" lon="15.281890000">
        <ele>0.000</ele>
      </trkpt>
      <trkpt lat="52.734910000" lon="15.282180000">
        <ele>0.000</ele>
      </trkpt>
      <trkpt lat="52.734970000" lon="15.282690000">
        <ele>0.000</ele>
      </trkpt>
      <trkpt lat="52.734970000" lon="15.282840000">
        <ele>0.000</ele>
      </trkpt>
      <trkpt lat="52.734930000" lon="15.283010000">
        <ele>0.000</ele>
      </trkpt>
      <trkpt lat="52.734600000" lon="15.284080000">
        <ele>0.000</ele>
      </trkpt>
      <trkpt lat="52.734410000" lon="15.284780000">
        <ele>0.000</ele>
      </trkpt>
      <trkpt lat="52.734200000" lon="15.285770000">
        <ele>0.000</ele>
      </trkpt>
      <trkpt lat="52.733850000" lon="15.287220000">
        <ele>0.000</ele>
      </trkpt>
      <trkpt lat="52.733460000" lon="15.288640000">
        <ele>0.000</ele>
      </trkpt>
      <trkpt lat="52.733130000" lon="15.289780000">
        <ele>0.000</ele>
      </trkpt>
      <trkpt lat="52.732770000" lon="15.290970000">
        <ele>0.000</ele>
      </trkpt>
      <trkpt lat="52.732570000" lon="15.291420000">
        <ele>0.000</ele>
      </trkpt>
      <trkpt lat="52.731860000" lon="15.292840000">
        <ele>0.000</ele>
      </trkpt>
      <trkpt lat="52.731740000" lon="15.293230000">
        <ele>0.000</ele>
      </trkpt>
      <trkpt lat="52.731650000" lon="15.293700000">
        <ele>0.000</ele>
      </trkpt>
      <trkpt lat="52.731430000" lon="15.295060000">
        <ele>0.000</ele>
      </trkpt>
      <trkpt lat="52.731180000" lon="15.296560000">
        <ele>0.000</ele>
      </trkpt>
      <trkpt lat="52.731130000" lon="15.296720000">
        <ele>0.000</ele>
      </trkpt>
      <trkpt lat="52.730860000" lon="15.297400000">
        <ele>0.000</ele>
      </trkpt>
      <trkpt lat="52.730590000" lon="15.298050000">
        <ele>0.000</ele>
      </trkpt>
      <trkpt lat="52.730480000" lon="15.298350000">
        <ele>0.000</ele>
      </trkpt>
      <trkpt lat="52.730450000" lon="15.298530000">
        <ele>0.000</ele>
      </trkpt>
      <trkpt lat="52.730060000" lon="15.301750000">
        <ele>0.000</ele>
      </trkpt>
      <trkpt lat="52.729940000" lon="15.303100000">
        <ele>0.000</ele>
      </trkpt>
      <trkpt lat="52.729720000" lon="15.304880000">
        <ele>0.000</ele>
      </trkpt>
      <trkpt lat="52.729600000" lon="15.305580000">
        <ele>0.000</ele>
      </trkpt>
      <trkpt lat="52.729400000" lon="15.307740000">
        <ele>0.000</ele>
      </trkpt>
      <trkpt lat="52.729360000" lon="15.308110000">
        <ele>0.000</ele>
      </trkpt>
      <trkpt lat="52.729220000" lon="15.309050000">
        <ele>0.000</ele>
      </trkpt>
      <trkpt lat="52.729030000" lon="15.310850000">
        <ele>0.000</ele>
      </trkpt>
      <trkpt lat="52.728960000" lon="15.311420000">
        <ele>0.000</ele>
      </trkpt>
      <trkpt lat="52.728750000" lon="15.313330000">
        <ele>0.000</ele>
      </trkpt>
      <trkpt lat="52.728690000" lon="15.314120000">
        <ele>0.000</ele>
      </trkpt>
      <trkpt lat="52.728690000" lon="15.314460000">
        <ele>0.000</ele>
      </trkpt>
      <trkpt lat="52.728710000" lon="15.314580000">
        <ele>0.000</ele>
      </trkpt>
      <trkpt lat="52.728730000" lon="15.314660000">
        <ele>0.000</ele>
      </trkpt>
      <trkpt lat="52.728940000" lon="15.315110000">
        <ele>0.000</ele>
      </trkpt>
      <trkpt lat="52.728950000" lon="15.315220000">
        <ele>0.000</ele>
      </trkpt>
      <trkpt lat="52.728950000" lon="15.315460000">
        <ele>0.000</ele>
      </trkpt>
      <trkpt lat="52.728800000" lon="15.316660000">
        <ele>0.000</ele>
      </trkpt>
      <trkpt lat="52.728800000" lon="15.316840000">
        <ele>0.000</ele>
      </trkpt>
      <trkpt lat="52.729040000" lon="15.317350000">
        <ele>0.000</ele>
      </trkpt>
      <trkpt lat="52.729080000" lon="15.317460000">
        <ele>0.000</ele>
      </trkpt>
      <trkpt lat="52.729070000" lon="15.317550000">
        <ele>0.000</ele>
      </trkpt>
      <trkpt lat="52.728950000" lon="15.318160000">
        <ele>0.000</ele>
      </trkpt>
      <trkpt lat="52.728880000" lon="15.318580000">
        <ele>0.000</ele>
      </trkpt>
      <trkpt lat="52.728840000" lon="15.318910000">
        <ele>0.000</ele>
      </trkpt>
      <trkpt lat="52.728770000" lon="15.319590000">
        <ele>0.000</ele>
      </trkpt>
      <trkpt lat="52.728720000" lon="15.320300000">
        <ele>0.000</ele>
      </trkpt>
      <trkpt lat="52.728700000" lon="15.320700000">
        <ele>0.000</ele>
      </trkpt>
      <trkpt lat="52.728700000" lon="15.321420000">
        <ele>0.000</ele>
      </trkpt>
      <trkpt lat="52.728780000" lon="15.323890000">
        <ele>0.000</ele>
      </trkpt>
      <trkpt lat="52.728820000" lon="15.324720000">
        <ele>0.000</ele>
      </trkpt>
      <trkpt lat="52.728800000" lon="15.324790000">
        <ele>0.000</ele>
      </trkpt>
      <trkpt lat="52.728740000" lon="15.324910000">
        <ele>0.000</ele>
      </trkpt>
      <trkpt lat="52.728600000" lon="15.325170000">
        <ele>0.000</ele>
      </trkpt>
      <trkpt lat="52.728580000" lon="15.325230000">
        <ele>0.000</ele>
      </trkpt>
      <trkpt lat="52.728550000" lon="15.325440000">
        <ele>0.000</ele>
      </trkpt>
      <trkpt lat="52.728250000" lon="15.328970000">
        <ele>0.000</ele>
      </trkpt>
      <trkpt lat="52.728240000" lon="15.329330000">
        <ele>0.000</ele>
      </trkpt>
      <trkpt lat="52.728390000" lon="15.332890000">
        <ele>0.000</ele>
      </trkpt>
      <trkpt lat="52.728380000" lon="15.333000000">
        <ele>0.000</ele>
      </trkpt>
      <trkpt lat="52.728410000" lon="15.333310000">
        <ele>0.000</ele>
      </trkpt>
      <trkpt lat="52.728410000" lon="15.333600000">
        <ele>0.000</ele>
      </trkpt>
      <trkpt lat="52.728470000" lon="15.334710000">
        <ele>0.000</ele>
      </trkpt>
      <trkpt lat="52.728530000" lon="15.337340000">
        <ele>0.000</ele>
      </trkpt>
      <trkpt lat="52.728530000" lon="15.339060000">
        <ele>0.000</ele>
      </trkpt>
      <trkpt lat="52.728490000" lon="15.341920000">
        <ele>0.000</ele>
      </trkpt>
      <trkpt lat="52.728580000" lon="15.346960000">
        <ele>0.000</ele>
      </trkpt>
      <trkpt lat="52.728550000" lon="15.352680000">
        <ele>0.000</ele>
      </trkpt>
      <trkpt lat="52.728560000" lon="15.354830000">
        <ele>0.000</ele>
      </trkpt>
      <trkpt lat="52.728600000" lon="15.355370000">
        <ele>0.000</ele>
      </trkpt>
      <trkpt lat="52.728820000" lon="15.358230000">
        <ele>0.000</ele>
      </trkpt>
      <trkpt lat="52.729110000" lon="15.362300000">
        <ele>0.000</ele>
      </trkpt>
      <trkpt lat="52.729540000" lon="15.367820000">
        <ele>0.000</ele>
      </trkpt>
      <trkpt lat="52.729710000" lon="15.369590000">
        <ele>0.000</ele>
      </trkpt>
      <trkpt lat="52.729770000" lon="15.370110000">
        <ele>0.000</ele>
      </trkpt>
      <trkpt lat="52.729910000" lon="15.371290000">
        <ele>0.000</ele>
      </trkpt>
      <trkpt lat="52.730030000" lon="15.372470000">
        <ele>0.000</ele>
      </trkpt>
      <trkpt lat="52.730140000" lon="15.373620000">
        <ele>0.000</ele>
      </trkpt>
      <trkpt lat="52.730220000" lon="15.374210000">
        <ele>0.000</ele>
      </trkpt>
      <trkpt lat="52.730330000" lon="15.374780000">
        <ele>0.000</ele>
      </trkpt>
      <trkpt lat="52.730460000" lon="15.375470000">
        <ele>0.000</ele>
      </trkpt>
      <trkpt lat="52.730560000" lon="15.375920000">
        <ele>0.000</ele>
      </trkpt>
      <trkpt lat="52.730630000" lon="15.376260000">
        <ele>0.000</ele>
      </trkpt>
      <trkpt lat="52.730730000" lon="15.376730000">
        <ele>0.000</ele>
      </trkpt>
      <trkpt lat="52.730870000" lon="15.377350000">
        <ele>0.000</ele>
      </trkpt>
      <trkpt lat="52.730950000" lon="15.377770000">
        <ele>0.000</ele>
      </trkpt>
      <trkpt lat="52.731010000" lon="15.378220000">
        <ele>0.000</ele>
      </trkpt>
      <trkpt lat="52.731060000" lon="15.378700000">
        <ele>0.000</ele>
      </trkpt>
      <trkpt lat="52.731220000" lon="15.380410000">
        <ele>0.000</ele>
      </trkpt>
      <trkpt lat="52.731260000" lon="15.380710000">
        <ele>0.000</ele>
      </trkpt>
      <trkpt lat="52.731310000" lon="15.381010000">
        <ele>0.000</ele>
      </trkpt>
      <trkpt lat="52.732210000" lon="15.385540000">
        <ele>0.000</ele>
      </trkpt>
      <trkpt lat="52.732480000" lon="15.386940000">
        <ele>0.000</ele>
      </trkpt>
      <trkpt lat="52.733230000" lon="15.389690000">
        <ele>0.000</ele>
      </trkpt>
      <trkpt lat="52.733740000" lon="15.391700000">
        <ele>0.000</ele>
      </trkpt>
      <trkpt lat="52.733800000" lon="15.392030000">
        <ele>0.000</ele>
      </trkpt>
      <trkpt lat="52.733840000" lon="15.392440000">
        <ele>0.000</ele>
      </trkpt>
      <trkpt lat="52.733890000" lon="15.392900000">
        <ele>0.000</ele>
      </trkpt>
      <trkpt lat="52.733960000" lon="15.393290000">
        <ele>0.000</ele>
      </trkpt>
      <trkpt lat="52.734370000" lon="15.395370000">
        <ele>0.000</ele>
      </trkpt>
      <trkpt lat="52.734530000" lon="15.396200000">
        <ele>0.000</ele>
      </trkpt>
      <trkpt lat="52.734690000" lon="15.397170000">
        <ele>0.000</ele>
      </trkpt>
      <trkpt lat="52.734870000" lon="15.398390000">
        <ele>0.000</ele>
      </trkpt>
      <trkpt lat="52.734940000" lon="15.398690000">
        <ele>0.000</ele>
      </trkpt>
      <trkpt lat="52.735400000" lon="15.400100000">
        <ele>0.000</ele>
      </trkpt>
      <trkpt lat="52.735470000" lon="15.400280000">
        <ele>0.000</ele>
      </trkpt>
      <trkpt lat="52.735780000" lon="15.401040000">
        <ele>0.000</ele>
      </trkpt>
      <trkpt lat="52.735820000" lon="15.401210000">
        <ele>0.000</ele>
      </trkpt>
      <trkpt lat="52.736090000" lon="15.402770000">
        <ele>0.000</ele>
      </trkpt>
      <trkpt lat="52.736140000" lon="15.403010000">
        <ele>0.000</ele>
      </trkpt>
      <trkpt lat="52.736230000" lon="15.403360000">
        <ele>0.000</ele>
      </trkpt>
      <trkpt lat="52.736380000" lon="15.403890000">
        <ele>0.000</ele>
      </trkpt>
      <trkpt lat="52.736470000" lon="15.404170000">
        <ele>0.000</ele>
      </trkpt>
      <trkpt lat="52.736630000" lon="15.404550000">
        <ele>0.000</ele>
      </trkpt>
      <trkpt lat="52.738160000" lon="15.407700000">
        <ele>0.000</ele>
      </trkpt>
      <trkpt lat="52.738430000" lon="15.408340000">
        <ele>0.000</ele>
      </trkpt>
      <trkpt lat="52.738730000" lon="15.408930000">
        <ele>0.000</ele>
      </trkpt>
      <trkpt lat="52.741160000" lon="15.413640000">
        <ele>0.000</ele>
      </trkpt>
      <trkpt lat="52.741680000" lon="15.414580000">
        <ele>0.000</ele>
      </trkpt>
      <trkpt lat="52.741790000" lon="15.414740000">
        <ele>0.000</ele>
      </trkpt>
      <trkpt lat="52.742560000" lon="15.415730000">
        <ele>0.000</ele>
      </trkpt>
      <trkpt lat="52.745180000" lon="15.418940000">
        <ele>0.000</ele>
      </trkpt>
      <trkpt lat="52.747020000" lon="15.421180000">
        <ele>0.000</ele>
      </trkpt>
      <trkpt lat="52.748520000" lon="15.423050000">
        <ele>0.000</ele>
      </trkpt>
      <trkpt lat="52.750180000" lon="15.425040000">
        <ele>0.000</ele>
      </trkpt>
      <trkpt lat="52.750360000" lon="15.425170000">
        <ele>0.000</ele>
      </trkpt>
      <trkpt lat="52.750680000" lon="15.425130000">
        <ele>0.000</ele>
      </trkpt>
      <trkpt lat="52.751030000" lon="15.425560000">
        <ele>0.000</ele>
      </trkpt>
      <trkpt lat="52.751990000" lon="15.426610000">
        <ele>0.000</ele>
      </trkpt>
      <trkpt lat="52.752700000" lon="15.427250000">
        <ele>0.000</ele>
      </trkpt>
      <trkpt lat="52.753050000" lon="15.427540000">
        <ele>0.000</ele>
      </trkpt>
      <trkpt lat="52.753230000" lon="15.427650000">
        <ele>0.000</ele>
      </trkpt>
      <trkpt lat="52.753390000" lon="15.427720000">
        <ele>0.000</ele>
      </trkpt>
      <trkpt lat="52.755900000" lon="15.428290000">
        <ele>0.000</ele>
      </trkpt>
      <trkpt lat="52.757420000" lon="15.428660000">
        <ele>0.000</ele>
      </trkpt>
      <trkpt lat="52.760760000" lon="15.429430000">
        <ele>0.000</ele>
      </trkpt>
      <trkpt lat="52.763810000" lon="15.430200000">
        <ele>0.000</ele>
      </trkpt>
      <trkpt lat="52.765510000" lon="15.430650000">
        <ele>0.000</ele>
      </trkpt>
      <trkpt lat="52.766040000" lon="15.430760000">
        <ele>0.000</ele>
      </trkpt>
      <trkpt lat="52.767340000" lon="15.431110000">
        <ele>0.000</ele>
      </trkpt>
      <trkpt lat="52.767640000" lon="15.431270000">
        <ele>0.000</ele>
      </trkpt>
      <trkpt lat="52.767880000" lon="15.431420000">
        <ele>0.000</ele>
      </trkpt>
      <trkpt lat="52.768390000" lon="15.431900000">
        <ele>0.000</ele>
      </trkpt>
      <trkpt lat="52.768840000" lon="15.432310000">
        <ele>0.000</ele>
      </trkpt>
      <trkpt lat="52.771690000" lon="15.433700000">
        <ele>0.000</ele>
      </trkpt>
      <trkpt lat="52.772950000" lon="15.434190000">
        <ele>0.000</ele>
      </trkpt>
      <trkpt lat="52.773930000" lon="15.434690000">
        <ele>0.000</ele>
      </trkpt>
      <trkpt lat="52.774860000" lon="15.435350000">
        <ele>0.000</ele>
      </trkpt>
      <trkpt lat="52.775040000" lon="15.435500000">
        <ele>0.000</ele>
      </trkpt>
      <trkpt lat="52.775380000" lon="15.435840000">
        <ele>0.000</ele>
      </trkpt>
      <trkpt lat="52.776330000" lon="15.436900000">
        <ele>0.000</ele>
      </trkpt>
      <trkpt lat="52.776300000" lon="15.437060000">
        <ele>0.000</ele>
      </trkpt>
      <trkpt lat="52.776260000" lon="15.437160000">
        <ele>0.000</ele>
      </trkpt>
      <trkpt lat="52.775900000" lon="15.437580000">
        <ele>0.000</ele>
      </trkpt>
      <trkpt lat="52.775880000" lon="15.437670000">
        <ele>0.000</ele>
      </trkpt>
      <trkpt lat="52.775860000" lon="15.437900000">
        <ele>0.000</ele>
      </trkpt>
      <trkpt lat="52.776010000" lon="15.438400000">
        <ele>0.000</ele>
      </trkpt>
      <trkpt lat="52.776150000" lon="15.438840000">
        <ele>0.000</ele>
      </trkpt>
      <trkpt lat="52.776290000" lon="15.439220000">
        <ele>0.000</ele>
      </trkpt>
      <trkpt lat="52.776580000" lon="15.439880000">
        <ele>0.000</ele>
      </trkpt>
      <trkpt lat="52.776800000" lon="15.440270000">
        <ele>0.000</ele>
      </trkpt>
      <trkpt lat="52.776860000" lon="15.440400000">
        <ele>0.000</ele>
      </trkpt>
      <trkpt lat="52.776960000" lon="15.440670000">
        <ele>0.000</ele>
      </trkpt>
      <trkpt lat="52.777070000" lon="15.441030000">
        <ele>0.000</ele>
      </trkpt>
      <trkpt lat="52.777560000" lon="15.442740000">
        <ele>0.000</ele>
      </trkpt>
      <trkpt lat="52.777810000" lon="15.443540000">
        <ele>0.000</ele>
      </trkpt>
      <trkpt lat="52.777960000" lon="15.443940000">
        <ele>0.000</ele>
      </trkpt>
      <trkpt lat="52.778140000" lon="15.444500000">
        <ele>0.000</ele>
      </trkpt>
      <trkpt lat="52.778250000" lon="15.444960000">
        <ele>0.000</ele>
      </trkpt>
      <trkpt lat="52.778350000" lon="15.445460000">
        <ele>0.000</ele>
      </trkpt>
      <trkpt lat="52.778590000" lon="15.446440000">
        <ele>0.000</ele>
      </trkpt>
      <trkpt lat="52.778730000" lon="15.447190000">
        <ele>0.000</ele>
      </trkpt>
      <trkpt lat="52.779070000" lon="15.448260000">
        <ele>0.000</ele>
      </trkpt>
      <trkpt lat="52.779270000" lon="15.449130000">
        <ele>0.000</ele>
      </trkpt>
      <trkpt lat="52.779560000" lon="15.450620000">
        <ele>0.000</ele>
      </trkpt>
      <trkpt lat="52.779730000" lon="15.451350000">
        <ele>0.000</ele>
      </trkpt>
      <trkpt lat="52.779920000" lon="15.451750000">
        <ele>0.000</ele>
      </trkpt>
      <trkpt lat="52.780050000" lon="15.452210000">
        <ele>0.000</ele>
      </trkpt>
      <trkpt lat="52.780160000" lon="15.452540000">
        <ele>0.000</ele>
      </trkpt>
      <trkpt lat="52.780210000" lon="15.452790000">
        <ele>0.000</ele>
      </trkpt>
      <trkpt lat="52.780350000" lon="15.453590000">
        <ele>0.000</ele>
      </trkpt>
      <trkpt lat="52.780410000" lon="15.454020000">
        <ele>0.000</ele>
      </trkpt>
      <trkpt lat="52.780500000" lon="15.454460000">
        <ele>0.000</ele>
      </trkpt>
      <trkpt lat="52.780490000" lon="15.454700000">
        <ele>0.000</ele>
      </trkpt>
      <trkpt lat="52.780470000" lon="15.454880000">
        <ele>0.000</ele>
      </trkpt>
      <trkpt lat="52.780440000" lon="15.455260000">
        <ele>0.000</ele>
      </trkpt>
      <trkpt lat="52.780430000" lon="15.455780000">
        <ele>0.000</ele>
      </trkpt>
      <trkpt lat="52.780480000" lon="15.455980000">
        <ele>0.000</ele>
      </trkpt>
      <trkpt lat="52.780610000" lon="15.456220000">
        <ele>0.000</ele>
      </trkpt>
      <trkpt lat="52.780750000" lon="15.456540000">
        <ele>0.000</ele>
      </trkpt>
      <trkpt lat="52.780840000" lon="15.456780000">
        <ele>0.000</ele>
      </trkpt>
      <trkpt lat="52.781080000" lon="15.457170000">
        <ele>0.000</ele>
      </trkpt>
      <trkpt lat="52.781230000" lon="15.457510000">
        <ele>0.000</ele>
      </trkpt>
      <trkpt lat="52.781250000" lon="15.457600000">
        <ele>0.000</ele>
      </trkpt>
      <trkpt lat="52.781250000" lon="15.457710000">
        <ele>0.000</ele>
      </trkpt>
      <trkpt lat="52.781220000" lon="15.457840000">
        <ele>0.000</ele>
      </trkpt>
      <trkpt lat="52.781110000" lon="15.458180000">
        <ele>0.000</ele>
      </trkpt>
      <trkpt lat="52.781060000" lon="15.458430000">
        <ele>0.000</ele>
      </trkpt>
      <trkpt lat="52.780980000" lon="15.459350000">
        <ele>0.000</ele>
      </trkpt>
      <trkpt lat="52.780920000" lon="15.460190000">
        <ele>0.000</ele>
      </trkpt>
      <trkpt lat="52.780900000" lon="15.460790000">
        <ele>0.000</ele>
      </trkpt>
      <trkpt lat="52.780950000" lon="15.462140000">
        <ele>0.000</ele>
      </trkpt>
      <trkpt lat="52.781030000" lon="15.463330000">
        <ele>0.000</ele>
      </trkpt>
      <trkpt lat="52.781020000" lon="15.463830000">
        <ele>0.000</ele>
      </trkpt>
      <trkpt lat="52.781090000" lon="15.464140000">
        <ele>0.000</ele>
      </trkpt>
      <trkpt lat="52.781150000" lon="15.464510000">
        <ele>0.000</ele>
      </trkpt>
      <trkpt lat="52.781120000" lon="15.465130000">
        <ele>0.000</ele>
      </trkpt>
      <trkpt lat="52.781150000" lon="15.465810000">
        <ele>0.000</ele>
      </trkpt>
      <trkpt lat="52.781220000" lon="15.466150000">
        <ele>0.000</ele>
      </trkpt>
      <trkpt lat="52.781280000" lon="15.466500000">
        <ele>0.000</ele>
      </trkpt>
      <trkpt lat="52.781310000" lon="15.466840000">
        <ele>0.000</ele>
      </trkpt>
      <trkpt lat="52.781320000" lon="15.467100000">
        <ele>0.000</ele>
      </trkpt>
      <trkpt lat="52.781300000" lon="15.467300000">
        <ele>0.000</ele>
      </trkpt>
      <trkpt lat="52.781310000" lon="15.467510000">
        <ele>0.000</ele>
      </trkpt>
      <trkpt lat="52.781490000" lon="15.468650000">
        <ele>0.000</ele>
      </trkpt>
      <trkpt lat="52.781710000" lon="15.469800000">
        <ele>0.000</ele>
      </trkpt>
      <trkpt lat="52.782020000" lon="15.471110000">
        <ele>0.000</ele>
      </trkpt>
      <trkpt lat="52.782120000" lon="15.471690000">
        <ele>0.000</ele>
      </trkpt>
      <trkpt lat="52.782300000" lon="15.472330000">
        <ele>0.000</ele>
      </trkpt>
      <trkpt lat="52.782550000" lon="15.473150000">
        <ele>0.000</ele>
      </trkpt>
      <trkpt lat="52.782780000" lon="15.473400000">
        <ele>0.000</ele>
      </trkpt>
      <trkpt lat="52.783480000" lon="15.474040000">
        <ele>0.000</ele>
      </trkpt>
      <trkpt lat="52.783710000" lon="15.474210000">
        <ele>0.000</ele>
      </trkpt>
      <trkpt lat="52.784050000" lon="15.474430000">
        <ele>0.000</ele>
      </trkpt>
      <trkpt lat="52.784410000" lon="15.474730000">
        <ele>0.000</ele>
      </trkpt>
      <trkpt lat="52.784470000" lon="15.474840000">
        <ele>0.000</ele>
      </trkpt>
      <trkpt lat="52.784510000" lon="15.474960000">
        <ele>0.000</ele>
      </trkpt>
      <trkpt lat="52.784530000" lon="15.475080000">
        <ele>0.000</ele>
      </trkpt>
      <trkpt lat="52.784530000" lon="15.475340000">
        <ele>0.000</ele>
      </trkpt>
      <trkpt lat="52.784180000" lon="15.478130000">
        <ele>0.000</ele>
      </trkpt>
      <trkpt lat="52.784160000" lon="15.478470000">
        <ele>0.000</ele>
      </trkpt>
      <trkpt lat="52.784190000" lon="15.479140000">
        <ele>0.000</ele>
      </trkpt>
      <trkpt lat="52.784300000" lon="15.479770000">
        <ele>0.000</ele>
      </trkpt>
      <trkpt lat="52.784250000" lon="15.480040000">
        <ele>0.000</ele>
      </trkpt>
      <trkpt lat="52.784120000" lon="15.480430000">
        <ele>0.000</ele>
      </trkpt>
      <trkpt lat="52.783830000" lon="15.481400000">
        <ele>0.000</ele>
      </trkpt>
      <trkpt lat="52.783540000" lon="15.482470000">
        <ele>0.000</ele>
      </trkpt>
      <trkpt lat="52.783180000" lon="15.485680000">
        <ele>0.000</ele>
      </trkpt>
      <trkpt lat="52.783210000" lon="15.486180000">
        <ele>0.000</ele>
      </trkpt>
      <trkpt lat="52.783290000" lon="15.486700000">
        <ele>0.000</ele>
      </trkpt>
      <trkpt lat="52.783250000" lon="15.487560000">
        <ele>0.000</ele>
      </trkpt>
      <trkpt lat="52.783190000" lon="15.488340000">
        <ele>0.000</ele>
      </trkpt>
      <trkpt lat="52.783220000" lon="15.488710000">
        <ele>0.000</ele>
      </trkpt>
      <trkpt lat="52.783370000" lon="15.488880000">
        <ele>0.000</ele>
      </trkpt>
      <trkpt lat="52.784450000" lon="15.490250000">
        <ele>0.000</ele>
      </trkpt>
      <trkpt lat="52.784780000" lon="15.490570000">
        <ele>0.000</ele>
      </trkpt>
      <trkpt lat="52.785280000" lon="15.490730000">
        <ele>0.000</ele>
      </trkpt>
      <trkpt lat="52.785950000" lon="15.490860000">
        <ele>0.000</ele>
      </trkpt>
      <trkpt lat="52.786190000" lon="15.491110000">
        <ele>0.000</ele>
      </trkpt>
      <trkpt lat="52.786420000" lon="15.491390000">
        <ele>0.000</ele>
      </trkpt>
      <trkpt lat="52.786550000" lon="15.491940000">
        <ele>0.000</ele>
      </trkpt>
      <trkpt lat="52.786680000" lon="15.493510000">
        <ele>0.000</ele>
      </trkpt>
      <trkpt lat="52.786800000" lon="15.496890000">
        <ele>0.000</ele>
      </trkpt>
      <trkpt lat="52.786800000" lon="15.497150000">
        <ele>0.000</ele>
      </trkpt>
      <trkpt lat="52.786730000" lon="15.497280000">
        <ele>0.000</ele>
      </trkpt>
      <trkpt lat="52.786610000" lon="15.497630000">
        <ele>0.000</ele>
      </trkpt>
      <trkpt lat="52.786410000" lon="15.498060000">
        <ele>0.000</ele>
      </trkpt>
      <trkpt lat="52.786270000" lon="15.498310000">
        <ele>0.000</ele>
      </trkpt>
      <trkpt lat="52.785990000" lon="15.498760000">
        <ele>0.000</ele>
      </trkpt>
      <trkpt lat="52.785820000" lon="15.499070000">
        <ele>0.000</ele>
      </trkpt>
      <trkpt lat="52.785780000" lon="15.499360000">
        <ele>0.000</ele>
      </trkpt>
      <trkpt lat="52.785720000" lon="15.499670000">
        <ele>0.000</ele>
      </trkpt>
      <trkpt lat="52.785710000" lon="15.499840000">
        <ele>0.000</ele>
      </trkpt>
      <trkpt lat="52.785720000" lon="15.500050000">
        <ele>0.000</ele>
      </trkpt>
      <trkpt lat="52.786190000" lon="15.500260000">
        <ele>0.000</ele>
      </trkpt>
      <trkpt lat="52.786440000" lon="15.500490000">
        <ele>0.000</ele>
      </trkpt>
      <trkpt lat="52.786660000" lon="15.500800000">
        <ele>0.000</ele>
      </trkpt>
      <trkpt lat="52.786960000" lon="15.501320000">
        <ele>0.000</ele>
      </trkpt>
      <trkpt lat="52.787670000" lon="15.502490000">
        <ele>0.000</ele>
      </trkpt>
      <trkpt lat="52.787730000" lon="15.502540000">
        <ele>0.000</ele>
      </trkpt>
      <trkpt lat="52.787860000" lon="15.502630000">
        <ele>0.000</ele>
      </trkpt>
      <trkpt lat="52.789460000" lon="15.503760000">
        <ele>0.000</ele>
      </trkpt>
      <trkpt lat="52.789700000" lon="15.503950000">
        <ele>0.000</ele>
      </trkpt>
      <trkpt lat="52.789840000" lon="15.503860000">
        <ele>0.000</ele>
      </trkpt>
      <trkpt lat="52.789850000" lon="15.503990000">
        <ele>0.000</ele>
      </trkpt>
      <trkpt lat="52.789920000" lon="15.504050000">
        <ele>0.000</ele>
      </trkpt>
      <trkpt lat="52.790090000" lon="15.504230000">
        <ele>0.000</ele>
      </trkpt>
      <trkpt lat="52.790250000" lon="15.504420000">
        <ele>0.000</ele>
      </trkpt>
      <trkpt lat="52.790360000" lon="15.504570000">
        <ele>0.000</ele>
      </trkpt>
      <trkpt lat="52.790450000" lon="15.504780000">
        <ele>0.000</ele>
      </trkpt>
      <trkpt lat="52.790510000" lon="15.504790000">
        <ele>0.000</ele>
      </trkpt>
      <trkpt lat="52.790540000" lon="15.504950000">
        <ele>0.000</ele>
      </trkpt>
      <trkpt lat="52.790520000" lon="15.504990000">
        <ele>0.000</ele>
      </trkpt>
      <trkpt lat="52.790530000" lon="15.505020000">
        <ele>0.000</ele>
      </trkpt>
      <trkpt lat="52.790980000" lon="15.506630000">
        <ele>0.000</ele>
      </trkpt>
      <trkpt lat="52.790890000" lon="15.506700000">
        <ele>0.000</ele>
      </trkpt>
      <trkpt lat="52.791980000" lon="15.510650000">
        <ele>0.000</ele>
      </trkpt>
      <trkpt lat="52.792340000" lon="15.511920000">
        <ele>0.000</ele>
      </trkpt>
      <trkpt lat="52.792450000" lon="15.512370000">
        <ele>0.000</ele>
      </trkpt>
      <trkpt lat="52.792590000" lon="15.512870000">
        <ele>0.000</ele>
      </trkpt>
      <trkpt lat="52.793130000" lon="15.514780000">
        <ele>0.000</ele>
      </trkpt>
      <trkpt lat="52.794430000" lon="15.519480000">
        <ele>0.000</ele>
      </trkpt>
      <trkpt lat="52.794630000" lon="15.520290000">
        <ele>0.000</ele>
      </trkpt>
      <trkpt lat="52.794750000" lon="15.520660000">
        <ele>0.000</ele>
      </trkpt>
      <trkpt lat="52.795110000" lon="15.521930000">
        <ele>0.000</ele>
      </trkpt>
      <trkpt lat="52.795300000" lon="15.522660000">
        <ele>0.000</ele>
      </trkpt>
      <trkpt lat="52.795350000" lon="15.522630000">
        <ele>0.000</ele>
      </trkpt>
      <trkpt lat="52.795500000" lon="15.523320000">
        <ele>0.000</ele>
      </trkpt>
      <trkpt lat="52.795690000" lon="15.524570000">
        <ele>0.000</ele>
      </trkpt>
      <trkpt lat="52.795760000" lon="15.524530000">
        <ele>0.000</ele>
      </trkpt>
      <trkpt lat="52.795820000" lon="15.525030000">
        <ele>0.000</ele>
      </trkpt>
      <trkpt lat="52.796020000" lon="15.526320000">
        <ele>0.000</ele>
      </trkpt>
      <trkpt lat="52.796070000" lon="15.526630000">
        <ele>0.000</ele>
      </trkpt>
      <trkpt lat="52.796180000" lon="15.527100000">
        <ele>0.000</ele>
      </trkpt>
      <trkpt lat="52.796260000" lon="15.527350000">
        <ele>0.000</ele>
      </trkpt>
      <trkpt lat="52.796340000" lon="15.527570000">
        <ele>0.000</ele>
      </trkpt>
      <trkpt lat="52.796470000" lon="15.527880000">
        <ele>0.000</ele>
      </trkpt>
      <trkpt lat="52.796630000" lon="15.528190000">
        <ele>0.000</ele>
      </trkpt>
      <trkpt lat="52.796820000" lon="15.528460000">
        <ele>0.000</ele>
      </trkpt>
      <trkpt lat="52.797030000" lon="15.528700000">
        <ele>0.000</ele>
      </trkpt>
      <trkpt lat="52.797320000" lon="15.529000000">
        <ele>0.000</ele>
      </trkpt>
      <trkpt lat="52.798030000" lon="15.529680000">
        <ele>0.000</ele>
      </trkpt>
      <trkpt lat="52.798910000" lon="15.530500000">
        <ele>0.000</ele>
      </trkpt>
      <trkpt lat="52.799450000" lon="15.531020000">
        <ele>0.000</ele>
      </trkpt>
      <trkpt lat="52.799950000" lon="15.531490000">
        <ele>0.000</ele>
      </trkpt>
      <trkpt lat="52.800310000" lon="15.531850000">
        <ele>0.000</ele>
      </trkpt>
      <trkpt lat="52.800590000" lon="15.532110000">
        <ele>0.000</ele>
      </trkpt>
      <trkpt lat="52.800760000" lon="15.532300000">
        <ele>0.000</ele>
      </trkpt>
      <trkpt lat="52.800850000" lon="15.532340000">
        <ele>0.000</ele>
      </trkpt>
      <trkpt lat="52.800900000" lon="15.532510000">
        <ele>0.000</ele>
      </trkpt>
      <trkpt lat="52.801510000" lon="15.535200000">
        <ele>0.000</ele>
      </trkpt>
      <trkpt lat="52.801810000" lon="15.536460000">
        <ele>0.000</ele>
      </trkpt>
      <trkpt lat="52.801930000" lon="15.536910000">
        <ele>0.000</ele>
      </trkpt>
      <trkpt lat="52.801990000" lon="15.537080000">
        <ele>0.000</ele>
      </trkpt>
      <trkpt lat="52.802060000" lon="15.537230000">
        <ele>0.000</ele>
      </trkpt>
      <trkpt lat="52.802170000" lon="15.537450000">
        <ele>0.000</ele>
      </trkpt>
      <trkpt lat="52.802110000" lon="15.537540000">
        <ele>0.000</ele>
      </trkpt>
      <trkpt lat="52.802320000" lon="15.537860000">
        <ele>0.000</ele>
      </trkpt>
      <trkpt lat="52.802440000" lon="15.538010000">
        <ele>0.000</ele>
      </trkpt>
      <trkpt lat="52.802550000" lon="15.538140000">
        <ele>0.000</ele>
      </trkpt>
      <trkpt lat="52.802730000" lon="15.538310000">
        <ele>0.000</ele>
      </trkpt>
      <trkpt lat="52.802810000" lon="15.538360000">
        <ele>0.000</ele>
      </trkpt>
      <trkpt lat="52.803060000" lon="15.538480000">
        <ele>0.000</ele>
      </trkpt>
      <trkpt lat="52.803310000" lon="15.538550000">
        <ele>0.000</ele>
      </trkpt>
      <trkpt lat="52.808510000" lon="15.539400000">
        <ele>0.000</ele>
      </trkpt>
      <trkpt lat="52.809660000" lon="15.539610000">
        <ele>0.000</ele>
      </trkpt>
      <trkpt lat="52.809990000" lon="15.539630000">
        <ele>0.000</ele>
      </trkpt>
      <trkpt lat="52.810230000" lon="15.539580000">
        <ele>0.000</ele>
      </trkpt>
      <trkpt lat="52.810510000" lon="15.539490000">
        <ele>0.000</ele>
      </trkpt>
      <trkpt lat="52.813230000" lon="15.538470000">
        <ele>0.000</ele>
      </trkpt>
      <trkpt lat="52.813220000" lon="15.538400000">
        <ele>0.000</ele>
      </trkpt>
      <trkpt lat="52.813370000" lon="15.538370000">
        <ele>0.000</ele>
      </trkpt>
      <trkpt lat="52.813450000" lon="15.538360000">
        <ele>0.000</ele>
      </trkpt>
      <trkpt lat="52.813650000" lon="15.538390000">
        <ele>0.000</ele>
      </trkpt>
      <trkpt lat="52.813730000" lon="15.538430000">
        <ele>0.000</ele>
      </trkpt>
      <trkpt lat="52.813810000" lon="15.538490000">
        <ele>0.000</ele>
      </trkpt>
      <trkpt lat="52.813950000" lon="15.538650000">
        <ele>0.000</ele>
      </trkpt>
      <trkpt lat="52.814040000" lon="15.538770000">
        <ele>0.000</ele>
      </trkpt>
      <trkpt lat="52.814110000" lon="15.538910000">
        <ele>0.000</ele>
      </trkpt>
      <trkpt lat="52.814330000" lon="15.539420000">
        <ele>0.000</ele>
      </trkpt>
      <trkpt lat="52.815150000" lon="15.541000000">
        <ele>0.000</ele>
      </trkpt>
      <trkpt lat="52.816280000" lon="15.543070000">
        <ele>0.000</ele>
      </trkpt>
      <trkpt lat="52.817160000" lon="15.541880000">
        <ele>0.000</ele>
      </trkpt>
      <trkpt lat="52.817370000" lon="15.541630000">
        <ele>0.000</ele>
      </trkpt>
      <trkpt lat="52.818770000" lon="15.539790000">
        <ele>0.000</ele>
      </trkpt>
      <trkpt lat="52.819690000" lon="15.538910000">
        <ele>0.000</ele>
      </trkpt>
      <trkpt lat="52.820450000" lon="15.538040000">
        <ele>0.000</ele>
      </trkpt>
      <trkpt lat="52.821300000" lon="15.537190000">
        <ele>0.000</ele>
      </trkpt>
      <trkpt lat="52.821410000" lon="15.537180000">
        <ele>0.000</ele>
      </trkpt>
      <trkpt lat="52.821490000" lon="15.537240000">
        <ele>0.000</ele>
      </trkpt>
      <trkpt lat="52.821540000" lon="15.537350000">
        <ele>0.000</ele>
      </trkpt>
      <trkpt lat="52.821590000" lon="15.537520000">
        <ele>0.000</ele>
      </trkpt>
      <trkpt lat="52.821660000" lon="15.537900000">
        <ele>0.000</ele>
      </trkpt>
      <trkpt lat="52.821760000" lon="15.538330000">
        <ele>0.000</ele>
      </trkpt>
      <trkpt lat="52.821840000" lon="15.538630000">
        <ele>0.000</ele>
      </trkpt>
      <trkpt lat="52.821910000" lon="15.538800000">
        <ele>0.000</ele>
      </trkpt>
      <trkpt lat="52.822020000" lon="15.538920000">
        <ele>0.000</ele>
      </trkpt>
      <trkpt lat="52.822090000" lon="15.538960000">
        <ele>0.000</ele>
      </trkpt>
      <trkpt lat="52.822250000" lon="15.538970000">
        <ele>0.000</ele>
      </trkpt>
      <trkpt lat="52.822830000" lon="15.538820000">
        <ele>0.000</ele>
      </trkpt>
      <trkpt lat="52.823070000" lon="15.538780000">
        <ele>0.000</ele>
      </trkpt>
      <trkpt lat="52.823190000" lon="15.538800000">
        <ele>0.000</ele>
      </trkpt>
      <trkpt lat="52.823490000" lon="15.538930000">
        <ele>0.000</ele>
      </trkpt>
      <trkpt lat="52.823740000" lon="15.539070000">
        <ele>0.000</ele>
      </trkpt>
      <trkpt lat="52.823970000" lon="15.539220000">
        <ele>0.000</ele>
      </trkpt>
      <trkpt lat="52.824650000" lon="15.538200000">
        <ele>0.000</ele>
      </trkpt>
      <trkpt lat="52.824950000" lon="15.537900000">
        <ele>0.000</ele>
      </trkpt>
      <trkpt lat="52.825360000" lon="15.537550000">
        <ele>0.000</ele>
      </trkpt>
      <trkpt lat="52.825610000" lon="15.537420000">
        <ele>0.000</ele>
      </trkpt>
      <trkpt lat="52.826940000" lon="15.537320000">
        <ele>0.000</ele>
      </trkpt>
      <trkpt lat="52.829110000" lon="15.537200000">
        <ele>0.000</ele>
      </trkpt>
      <trkpt lat="52.831560000" lon="15.536980000">
        <ele>0.000</ele>
      </trkpt>
      <trkpt lat="52.834280000" lon="15.536660000">
        <ele>0.000</ele>
      </trkpt>
      <trkpt lat="52.835540000" lon="15.536320000">
        <ele>0.000</ele>
      </trkpt>
      <trkpt lat="52.837990000" lon="15.535600000">
        <ele>0.000</ele>
      </trkpt>
      <trkpt lat="52.838180000" lon="15.535370000">
        <ele>0.000</ele>
      </trkpt>
      <trkpt lat="52.838460000" lon="15.534770000">
        <ele>0.000</ele>
      </trkpt>
      <trkpt lat="52.839460000" lon="15.532780000">
        <ele>0.000</ele>
      </trkpt>
      <trkpt lat="52.839970000" lon="15.531690000">
        <ele>0.000</ele>
      </trkpt>
      <trkpt lat="52.840130000" lon="15.531340000">
        <ele>0.000</ele>
      </trkpt>
      <trkpt lat="52.840350000" lon="15.530860000">
        <ele>0.000</ele>
      </trkpt>
      <trkpt lat="52.840850000" lon="15.529690000">
        <ele>0.000</ele>
      </trkpt>
      <trkpt lat="52.841390000" lon="15.528440000">
        <ele>0.000</ele>
      </trkpt>
      <trkpt lat="52.841980000" lon="15.527260000">
        <ele>0.000</ele>
      </trkpt>
      <trkpt lat="52.842540000" lon="15.526060000">
        <ele>0.000</ele>
      </trkpt>
      <trkpt lat="52.842640000" lon="15.525760000">
        <ele>0.000</ele>
      </trkpt>
      <trkpt lat="52.842860000" lon="15.524920000">
        <ele>0.000</ele>
      </trkpt>
      <trkpt lat="52.842980000" lon="15.525040000">
        <ele>0.000</ele>
      </trkpt>
      <trkpt lat="52.843230000" lon="15.525420000">
        <ele>0.000</ele>
      </trkpt>
      <trkpt lat="52.844130000" lon="15.526510000">
        <ele>0.000</ele>
      </trkpt>
      <trkpt lat="52.844220000" lon="15.526540000">
        <ele>0.000</ele>
      </trkpt>
      <trkpt lat="52.845440000" lon="15.527920000">
        <ele>0.000</ele>
      </trkpt>
      <trkpt lat="52.845590000" lon="15.528050000">
        <ele>0.000</ele>
      </trkpt>
      <trkpt lat="52.845910000" lon="15.528280000">
        <ele>0.000</ele>
      </trkpt>
      <trkpt lat="52.846150000" lon="15.528410000">
        <ele>0.000</ele>
      </trkpt>
      <trkpt lat="52.848470000" lon="15.529180000">
        <ele>0.000</ele>
      </trkpt>
      <trkpt lat="52.848660000" lon="15.529220000">
        <ele>0.000</ele>
      </trkpt>
      <trkpt lat="52.848780000" lon="15.529200000">
        <ele>0.000</ele>
      </trkpt>
      <trkpt lat="52.848960000" lon="15.529150000">
        <ele>0.000</ele>
      </trkpt>
      <trkpt lat="52.849120000" lon="15.529060000">
        <ele>0.000</ele>
      </trkpt>
      <trkpt lat="52.849210000" lon="15.528960000">
        <ele>0.000</ele>
      </trkpt>
      <trkpt lat="52.850530000" lon="15.527830000">
        <ele>0.000</ele>
      </trkpt>
      <trkpt lat="52.850700000" lon="15.527660000">
        <ele>0.000</ele>
      </trkpt>
      <trkpt lat="52.851450000" lon="15.526750000">
        <ele>0.000</ele>
      </trkpt>
      <trkpt lat="52.851670000" lon="15.526520000">
        <ele>0.000</ele>
      </trkpt>
      <trkpt lat="52.851910000" lon="15.526360000">
        <ele>0.000</ele>
      </trkpt>
      <trkpt lat="52.852140000" lon="15.526240000">
        <ele>0.000</ele>
      </trkpt>
      <trkpt lat="52.852340000" lon="15.526190000">
        <ele>0.000</ele>
      </trkpt>
      <trkpt lat="52.853340000" lon="15.526100000">
        <ele>0.000</ele>
      </trkpt>
      <trkpt lat="52.857280000" lon="15.525900000">
        <ele>0.000</ele>
      </trkpt>
      <trkpt lat="52.858180000" lon="15.525860000">
        <ele>0.000</ele>
      </trkpt>
      <trkpt lat="52.859790000" lon="15.525890000">
        <ele>0.000</ele>
      </trkpt>
      <trkpt lat="52.863550000" lon="15.525820000">
        <ele>0.000</ele>
      </trkpt>
      <trkpt lat="52.865320000" lon="15.525800000">
        <ele>0.000</ele>
      </trkpt>
      <trkpt lat="52.865590000" lon="15.525840000">
        <ele>0.000</ele>
      </trkpt>
      <trkpt lat="52.865790000" lon="15.525890000">
        <ele>0.000</ele>
      </trkpt>
      <trkpt lat="52.865960000" lon="15.525970000">
        <ele>0.000</ele>
      </trkpt>
      <trkpt lat="52.866210000" lon="15.526120000">
        <ele>0.000</ele>
      </trkpt>
      <trkpt lat="52.867370000" lon="15.526860000">
        <ele>0.000</ele>
      </trkpt>
      <trkpt lat="52.867890000" lon="15.527180000">
        <ele>0.000</ele>
      </trkpt>
      <trkpt lat="52.868470000" lon="15.527570000">
        <ele>0.000</ele>
      </trkpt>
      <trkpt lat="52.870080000" lon="15.528810000">
        <ele>0.000</ele>
      </trkpt>
      <trkpt lat="52.870330000" lon="15.528970000">
        <ele>0.000</ele>
      </trkpt>
      <trkpt lat="52.870530000" lon="15.529130000">
        <ele>0.000</ele>
      </trkpt>
      <trkpt lat="52.870500000" lon="15.529210000">
        <ele>0.000</ele>
      </trkpt>
      <trkpt lat="52.870810000" lon="15.529440000">
        <ele>0.000</ele>
      </trkpt>
      <trkpt lat="52.870970000" lon="15.529540000">
        <ele>0.000</ele>
      </trkpt>
      <trkpt lat="52.871200000" lon="15.529600000">
        <ele>0.000</ele>
      </trkpt>
      <trkpt lat="52.872780000" lon="15.529690000">
        <ele>0.000</ele>
      </trkpt>
      <trkpt lat="52.872830000" lon="15.529690000">
        <ele>0.000</ele>
      </trkpt>
      <trkpt lat="52.872830000" lon="15.529610000">
        <ele>0.000</ele>
      </trkpt>
      <trkpt lat="52.873000000" lon="15.529630000">
        <ele>0.000</ele>
      </trkpt>
      <trkpt lat="52.873250000" lon="15.529620000">
        <ele>0.000</ele>
      </trkpt>
      <trkpt lat="52.873270000" lon="15.529610000">
        <ele>0.000</ele>
      </trkpt>
      <trkpt lat="52.873300000" lon="15.529560000">
        <ele>0.000</ele>
      </trkpt>
      <trkpt lat="52.873370000" lon="15.529580000">
        <ele>0.000</ele>
      </trkpt>
      <trkpt lat="52.873370000" lon="15.529630000">
        <ele>0.000</ele>
      </trkpt>
      <trkpt lat="52.873400000" lon="15.529650000">
        <ele>0.000</ele>
      </trkpt>
      <trkpt lat="52.873850000" lon="15.529670000">
        <ele>0.000</ele>
      </trkpt>
      <trkpt lat="52.874170000" lon="15.529660000">
        <ele>0.000</ele>
      </trkpt>
      <trkpt lat="52.874230000" lon="15.529570000">
        <ele>0.000</ele>
      </trkpt>
      <trkpt lat="52.874320000" lon="15.529750000">
        <ele>0.000</ele>
      </trkpt>
      <trkpt lat="52.874380000" lon="15.529810000">
        <ele>0.000</ele>
      </trkpt>
      <trkpt lat="52.875080000" lon="15.530360000">
        <ele>0.000</ele>
      </trkpt>
      <trkpt lat="52.875370000" lon="15.530600000">
        <ele>0.000</ele>
      </trkpt>
      <trkpt lat="52.875490000" lon="15.530690000">
        <ele>0.000</ele>
      </trkpt>
      <trkpt lat="52.875650000" lon="15.530780000">
        <ele>0.000</ele>
      </trkpt>
      <trkpt lat="52.875670000" lon="15.530710000">
        <ele>0.000</ele>
      </trkpt>
      <trkpt lat="52.875700000" lon="15.530610000">
        <ele>0.000</ele>
      </trkpt>
      <trkpt lat="52.875900000" lon="15.530180000">
        <ele>0.000</ele>
      </trkpt>
      <trkpt lat="52.875950000" lon="15.530090000">
        <ele>0.000</ele>
      </trkpt>
      <trkpt lat="52.875980000" lon="15.530090000">
        <ele>0.000</ele>
      </trkpt>
      <trkpt lat="52.876020000" lon="15.530150000">
        <ele>0.000</ele>
      </trkpt>
      <trkpt lat="52.876290000" lon="15.530720000">
        <ele>0.000</ele>
      </trkpt>
      <trkpt lat="52.876900000" lon="15.529970000">
        <ele>0.000</ele>
      </trkpt>
      <trkpt lat="52.877050000" lon="15.529740000">
        <ele>0.000</ele>
      </trkpt>
      <trkpt lat="52.877110000" lon="15.529780000">
        <ele>0.000</ele>
      </trkpt>
      <trkpt lat="52.877140000" lon="15.529790000">
        <ele>0.000</ele>
      </trkpt>
      <trkpt lat="52.877180000" lon="15.529780000">
        <ele>0.000</ele>
      </trkpt>
      <trkpt lat="52.877210000" lon="15.529750000">
        <ele>0.000</ele>
      </trkpt>
      <trkpt lat="52.877240000" lon="15.529700000">
        <ele>0.000</ele>
      </trkpt>
      <trkpt lat="52.877500000" lon="15.530230000">
        <ele>0.000</ele>
      </trkpt>
      <trkpt lat="52.877920000" lon="15.531160000">
        <ele>0.000</ele>
      </trkpt>
      <trkpt lat="52.878010000" lon="15.531040000">
        <ele>0.000</ele>
      </trkpt>
      <trkpt lat="52.878200000" lon="15.530900000">
        <ele>0.000</ele>
      </trkpt>
      <trkpt lat="52.878230000" lon="15.530960000">
        <ele>0.000</ele>
      </trkpt>
      <trkpt lat="52.878780000" lon="15.532290000">
        <ele>0.000</ele>
      </trkpt>
      <trkpt lat="52.878640000" lon="15.532450000">
        <ele>0.000</ele>
      </trkpt>
      <trkpt lat="52.878560000" lon="15.532560000">
        <ele>0.000</ele>
      </trkpt>
      <trkpt lat="52.878600000" lon="15.532650000">
        <ele>0.000</ele>
      </trkpt>
    </trkseg>
  </trk>
</gpx>
