<?xml version="1.0" encoding="UTF-8"?>
<gpx version="1.0" creator="GPSBabel - https://www.gpsbabel.org" xmlns="http://www.topografix.com/GPX/1/0">
  <time>2026-09-17T15:03:59.418Z</time>
  <bounds minlat="50.490430000" minlon="16.438631000" maxlat="50.722731000" maxlon="16.511239000"/>
  <trk>
    <name>Etap2</name>
    <trkseg>
      <trkpt lat="50.722262000" lon="16.463285000">
        <ele>0.000</ele>
      </trkpt>
      <trkpt lat="50.722260000" lon="16.463321000">
        <ele>0.000</ele>
      </trkpt>
      <trkpt lat="50.722272000" lon="16.463624000">
        <ele>0.000</ele>
      </trkpt>
      <trkpt lat="50.722318000" lon="16.464070000">
        <ele>0.000</ele>
      </trkpt>
      <trkpt lat="50.722379000" lon="16.464400000">
        <ele>0.000</ele>
      </trkpt>
      <trkpt lat="50.722388000" lon="16.464607000">
        <ele>0.000</ele>
      </trkpt>
      <trkpt lat="50.722397000" lon="16.464844000">
        <ele>0.000</ele>
      </trkpt>
      <trkpt lat="50.722406000" lon="16.465225000">
        <ele>0.000</ele>
      </trkpt>
      <trkpt lat="50.722418000" lon="16.465387000">
        <ele>0.000</ele>
      </trkpt>
      <trkpt lat="50.722452000" lon="16.465574000">
        <ele>0.000</ele>
      </trkpt>
      <trkpt lat="50.722490000" lon="16.465787000">
        <ele>0.000</ele>
      </trkpt>
      <trkpt lat="50.722573000" lon="16.466138000">
        <ele>0.000</ele>
      </trkpt>
      <trkpt lat="50.722590000" lon="16.466212000">
        <ele>0.000</ele>
      </trkpt>
      <trkpt lat="50.722675000" lon="16.466621000">
        <ele>0.000</ele>
      </trkpt>
      <trkpt lat="50.722712000" lon="16.466816000">
        <ele>0.000</ele>
      </trkpt>
      <trkpt lat="50.722720000" lon="16.466886000">
        <ele>0.000</ele>
      </trkpt>
      <trkpt lat="50.722731000" lon="16.467044000">
        <ele>0.000</ele>
      </trkpt>
      <trkpt lat="50.722713000" lon="16.467197000">
        <ele>0.000</ele>
      </trkpt>
      <trkpt lat="50.722640000" lon="16.467345000">
        <ele>0.000</ele>
      </trkpt>
      <trkpt lat="50.722577000" lon="16.467430000">
        <ele>0.000</ele>
      </trkpt>
      <trkpt lat="50.721684000" lon="16.468659000">
        <ele>0.000</ele>
      </trkpt>
      <trkpt lat="50.721624000" lon="16.468936000">
        <ele>0.000</ele>
      </trkpt>
      <trkpt lat="50.721542000" lon="16.469316000">
        <ele>0.000</ele>
      </trkpt>
      <trkpt lat="50.721538000" lon="16.469334000">
        <ele>0.000</ele>
      </trkpt>
      <trkpt lat="50.721525000" lon="16.469429000">
        <ele>0.000</ele>
      </trkpt>
      <trkpt lat="50.721525000" lon="16.469530000">
        <ele>0.000</ele>
      </trkpt>
      <trkpt lat="50.721560000" lon="16.469841000">
        <ele>0.000</ele>
      </trkpt>
      <trkpt lat="50.721559000" lon="16.469921000">
        <ele>0.000</ele>
      </trkpt>
      <trkpt lat="50.721537000" lon="16.469997000">
        <ele>0.000</ele>
      </trkpt>
      <trkpt lat="50.721446000" lon="16.470163000">
        <ele>0.000</ele>
      </trkpt>
      <trkpt lat="50.721259000" lon="16.470375000">
        <ele>0.000</ele>
      </trkpt>
      <trkpt lat="50.721134000" lon="16.470545000">
        <ele>0.000</ele>
      </trkpt>
      <trkpt lat="50.721127000" lon="16.470555000">
        <ele>0.000</ele>
      </trkpt>
      <trkpt lat="50.720552000" lon="16.471561000">
        <ele>0.000</ele>
      </trkpt>
      <trkpt lat="50.720518000" lon="16.471673000">
        <ele>0.000</ele>
      </trkpt>
      <trkpt lat="50.720499000" lon="16.471818000">
        <ele>0.000</ele>
      </trkpt>
      <trkpt lat="50.720482000" lon="16.472144000">
        <ele>0.000</ele>
      </trkpt>
      <trkpt lat="50.720474000" lon="16.472262000">
        <ele>0.000</ele>
      </trkpt>
      <trkpt lat="50.720478000" lon="16.472398000">
        <ele>0.000</ele>
      </trkpt>
      <trkpt lat="50.720369000" lon="16.472463000">
        <ele>0.000</ele>
      </trkpt>
      <trkpt lat="50.720323000" lon="16.472488000">
        <ele>0.000</ele>
      </trkpt>
      <trkpt lat="50.720283000" lon="16.472500000">
        <ele>0.000</ele>
      </trkpt>
      <trkpt lat="50.720254000" lon="16.472586000">
        <ele>0.000</ele>
      </trkpt>
      <trkpt lat="50.720214000" lon="16.472680000">
        <ele>0.000</ele>
      </trkpt>
      <trkpt lat="50.720172000" lon="16.472750000">
        <ele>0.000</ele>
      </trkpt>
      <trkpt lat="50.720116000" lon="16.472804000">
        <ele>0.000</ele>
      </trkpt>
      <trkpt lat="50.720063000" lon="16.472841000">
        <ele>0.000</ele>
      </trkpt>
      <trkpt lat="50.719992000" lon="16.472840000">
        <ele>0.000</ele>
      </trkpt>
      <trkpt lat="50.719968000" lon="16.472840000">
        <ele>0.000</ele>
      </trkpt>
      <trkpt lat="50.719923000" lon="16.472840000">
        <ele>0.000</ele>
      </trkpt>
      <trkpt lat="50.719860000" lon="16.472820000">
        <ele>0.000</ele>
      </trkpt>
      <trkpt lat="50.719774000" lon="16.472781000">
        <ele>0.000</ele>
      </trkpt>
      <trkpt lat="50.719702000" lon="16.472777000">
        <ele>0.000</ele>
      </trkpt>
      <trkpt lat="50.719530000" lon="16.472801000">
        <ele>0.000</ele>
      </trkpt>
      <trkpt lat="50.719389000" lon="16.472587000">
        <ele>0.000</ele>
      </trkpt>
      <trkpt lat="50.719041000" lon="16.472053000">
        <ele>0.000</ele>
      </trkpt>
      <trkpt lat="50.718889000" lon="16.471841000">
        <ele>0.000</ele>
      </trkpt>
      <trkpt lat="50.718746000" lon="16.471671000">
        <ele>0.000</ele>
      </trkpt>
      <trkpt lat="50.718085000" lon="16.470970000">
        <ele>0.000</ele>
      </trkpt>
      <trkpt lat="50.718029000" lon="16.470854000">
        <ele>0.000</ele>
      </trkpt>
      <trkpt lat="50.717991000" lon="16.470712000">
        <ele>0.000</ele>
      </trkpt>
      <trkpt lat="50.717974000" lon="16.470504000">
        <ele>0.000</ele>
      </trkpt>
      <trkpt lat="50.717969000" lon="16.470260000">
        <ele>0.000</ele>
      </trkpt>
      <trkpt lat="50.717979000" lon="16.469308000">
        <ele>0.000</ele>
      </trkpt>
      <trkpt lat="50.717981000" lon="16.469093000">
        <ele>0.000</ele>
      </trkpt>
      <trkpt lat="50.717974000" lon="16.468959000">
        <ele>0.000</ele>
      </trkpt>
      <trkpt lat="50.717925000" lon="16.468679000">
        <ele>0.000</ele>
      </trkpt>
      <trkpt lat="50.717830000" lon="16.468211000">
        <ele>0.000</ele>
      </trkpt>
      <trkpt lat="50.717794000" lon="16.467932000">
        <ele>0.000</ele>
      </trkpt>
      <trkpt lat="50.717778000" lon="16.467612000">
        <ele>0.000</ele>
      </trkpt>
      <trkpt lat="50.717740000" lon="16.466999000">
        <ele>0.000</ele>
      </trkpt>
      <trkpt lat="50.717704000" lon="16.466707000">
        <ele>0.000</ele>
      </trkpt>
      <trkpt lat="50.717682000" lon="16.466545000">
        <ele>0.000</ele>
      </trkpt>
      <trkpt lat="50.717561000" lon="16.465850000">
        <ele>0.000</ele>
      </trkpt>
      <trkpt lat="50.717523000" lon="16.465547000">
        <ele>0.000</ele>
      </trkpt>
      <trkpt lat="50.717512000" lon="16.465319000">
        <ele>0.000</ele>
      </trkpt>
      <trkpt lat="50.717469000" lon="16.465086000">
        <ele>0.000</ele>
      </trkpt>
      <trkpt lat="50.717400000" lon="16.464953000">
        <ele>0.000</ele>
      </trkpt>
      <trkpt lat="50.717325000" lon="16.464883000">
        <ele>0.000</ele>
      </trkpt>
      <trkpt lat="50.716910000" lon="16.464882000">
        <ele>0.000</ele>
      </trkpt>
      <trkpt lat="50.716795000" lon="16.464864000">
        <ele>0.000</ele>
      </trkpt>
      <trkpt lat="50.716709000" lon="16.464820000">
        <ele>0.000</ele>
      </trkpt>
      <trkpt lat="50.716637000" lon="16.464738000">
        <ele>0.000</ele>
      </trkpt>
      <trkpt lat="50.716542000" lon="16.464585000">
        <ele>0.000</ele>
      </trkpt>
      <trkpt lat="50.716383000" lon="16.464221000">
        <ele>0.000</ele>
      </trkpt>
      <trkpt lat="50.716303000" lon="16.463976000">
        <ele>0.000</ele>
      </trkpt>
      <trkpt lat="50.716227000" lon="16.463653000">
        <ele>0.000</ele>
      </trkpt>
      <trkpt lat="50.715888000" lon="16.462762000">
        <ele>0.000</ele>
      </trkpt>
      <trkpt lat="50.715167000" lon="16.461356000">
        <ele>0.000</ele>
      </trkpt>
      <trkpt lat="50.714837000" lon="16.460380000">
        <ele>0.000</ele>
      </trkpt>
      <trkpt lat="50.714571000" lon="16.459919000">
        <ele>0.000</ele>
      </trkpt>
      <trkpt lat="50.713886000" lon="16.459345000">
        <ele>0.000</ele>
      </trkpt>
      <trkpt lat="50.713348000" lon="16.459072000">
        <ele>0.000</ele>
      </trkpt>
      <trkpt lat="50.713090000" lon="16.458869000">
        <ele>0.000</ele>
      </trkpt>
      <trkpt lat="50.712851000" lon="16.458644000">
        <ele>0.000</ele>
      </trkpt>
      <trkpt lat="50.712743000" lon="16.458288000">
        <ele>0.000</ele>
      </trkpt>
      <trkpt lat="50.712629000" lon="16.457408000">
        <ele>0.000</ele>
      </trkpt>
      <trkpt lat="50.712446000" lon="16.456561000">
        <ele>0.000</ele>
      </trkpt>
      <trkpt lat="50.712366000" lon="16.456244000">
        <ele>0.000</ele>
      </trkpt>
      <trkpt lat="50.712234000" lon="16.455882000">
        <ele>0.000</ele>
      </trkpt>
      <trkpt lat="50.712144000" lon="16.455705000">
        <ele>0.000</ele>
      </trkpt>
      <trkpt lat="50.712035000" lon="16.455536000">
        <ele>0.000</ele>
      </trkpt>
      <trkpt lat="50.711890000" lon="16.455352000">
        <ele>0.000</ele>
      </trkpt>
      <trkpt lat="50.711797000" lon="16.455253000">
        <ele>0.000</ele>
      </trkpt>
      <trkpt lat="50.711547000" lon="16.455056000">
        <ele>0.000</ele>
      </trkpt>
      <trkpt lat="50.711322000" lon="16.454901000">
        <ele>0.000</ele>
      </trkpt>
      <trkpt lat="50.710946000" lon="16.454649000">
        <ele>0.000</ele>
      </trkpt>
      <trkpt lat="50.710813000" lon="16.454544000">
        <ele>0.000</ele>
      </trkpt>
      <trkpt lat="50.710582000" lon="16.454402000">
        <ele>0.000</ele>
      </trkpt>
      <trkpt lat="50.710219000" lon="16.454184000">
        <ele>0.000</ele>
      </trkpt>
      <trkpt lat="50.709685000" lon="16.453890000">
        <ele>0.000</ele>
      </trkpt>
      <trkpt lat="50.708591000" lon="16.453066000">
        <ele>0.000</ele>
      </trkpt>
      <trkpt lat="50.708377000" lon="16.452754000">
        <ele>0.000</ele>
      </trkpt>
      <trkpt lat="50.708353000" lon="16.452648000">
        <ele>0.000</ele>
      </trkpt>
      <trkpt lat="50.708367000" lon="16.452551000">
        <ele>0.000</ele>
      </trkpt>
      <trkpt lat="50.708475000" lon="16.451934000">
        <ele>0.000</ele>
      </trkpt>
      <trkpt lat="50.708510000" lon="16.451606000">
        <ele>0.000</ele>
      </trkpt>
      <trkpt lat="50.708526000" lon="16.450508000">
        <ele>0.000</ele>
      </trkpt>
      <trkpt lat="50.708546000" lon="16.450268000">
        <ele>0.000</ele>
      </trkpt>
      <trkpt lat="50.708635000" lon="16.449976000">
        <ele>0.000</ele>
      </trkpt>
      <trkpt lat="50.708863000" lon="16.449468000">
        <ele>0.000</ele>
      </trkpt>
      <trkpt lat="50.708904000" lon="16.449377000">
        <ele>0.000</ele>
      </trkpt>
      <trkpt lat="50.708924000" lon="16.449228000">
        <ele>0.000</ele>
      </trkpt>
      <trkpt lat="50.708909000" lon="16.449126000">
        <ele>0.000</ele>
      </trkpt>
      <trkpt lat="50.708801000" lon="16.448769000">
        <ele>0.000</ele>
      </trkpt>
      <trkpt lat="50.708762000" lon="16.448604000">
        <ele>0.000</ele>
      </trkpt>
      <trkpt lat="50.708732000" lon="16.448337000">
        <ele>0.000</ele>
      </trkpt>
      <trkpt lat="50.708744000" lon="16.448081000">
        <ele>0.000</ele>
      </trkpt>
      <trkpt lat="50.708750000" lon="16.447916000">
        <ele>0.000</ele>
      </trkpt>
      <trkpt lat="50.708711000" lon="16.447718000">
        <ele>0.000</ele>
      </trkpt>
      <trkpt lat="50.708606000" lon="16.447631000">
        <ele>0.000</ele>
      </trkpt>
      <trkpt lat="50.708237000" lon="16.447587000">
        <ele>0.000</ele>
      </trkpt>
      <trkpt lat="50.707131000" lon="16.447641000">
        <ele>0.000</ele>
      </trkpt>
      <trkpt lat="50.706895000" lon="16.447630000">
        <ele>0.000</ele>
      </trkpt>
      <trkpt lat="50.706464000" lon="16.447531000">
        <ele>0.000</ele>
      </trkpt>
      <trkpt lat="50.706070000" lon="16.447437000">
        <ele>0.000</ele>
      </trkpt>
      <trkpt lat="50.705895000" lon="16.447426000">
        <ele>0.000</ele>
      </trkpt>
      <trkpt lat="50.705575000" lon="16.447447000">
        <ele>0.000</ele>
      </trkpt>
      <trkpt lat="50.705167000" lon="16.447581000">
        <ele>0.000</ele>
      </trkpt>
      <trkpt lat="50.704889000" lon="16.447611000">
        <ele>0.000</ele>
      </trkpt>
      <trkpt lat="50.704127000" lon="16.447540000">
        <ele>0.000</ele>
      </trkpt>
      <trkpt lat="50.703924000" lon="16.447477000">
        <ele>0.000</ele>
      </trkpt>
      <trkpt lat="50.703839000" lon="16.447406000">
        <ele>0.000</ele>
      </trkpt>
      <trkpt lat="50.703755000" lon="16.447325000">
        <ele>0.000</ele>
      </trkpt>
      <trkpt lat="50.703213000" lon="16.447234000">
        <ele>0.000</ele>
      </trkpt>
      <trkpt lat="50.703162000" lon="16.447258000">
        <ele>0.000</ele>
      </trkpt>
      <trkpt lat="50.703095000" lon="16.447245000">
        <ele>0.000</ele>
      </trkpt>
      <trkpt lat="50.702753000" lon="16.446842000">
        <ele>0.000</ele>
      </trkpt>
      <trkpt lat="50.702483000" lon="16.446452000">
        <ele>0.000</ele>
      </trkpt>
      <trkpt lat="50.702357000" lon="16.446196000">
        <ele>0.000</ele>
      </trkpt>
      <trkpt lat="50.702246000" lon="16.445875000">
        <ele>0.000</ele>
      </trkpt>
      <trkpt lat="50.702191000" lon="16.445650000">
        <ele>0.000</ele>
      </trkpt>
      <trkpt lat="50.702148000" lon="16.445386000">
        <ele>0.000</ele>
      </trkpt>
      <trkpt lat="50.702070000" lon="16.444662000">
        <ele>0.000</ele>
      </trkpt>
      <trkpt lat="50.701958000" lon="16.444253000">
        <ele>0.000</ele>
      </trkpt>
      <trkpt lat="50.701767000" lon="16.443754000">
        <ele>0.000</ele>
      </trkpt>
      <trkpt lat="50.701538000" lon="16.443416000">
        <ele>0.000</ele>
      </trkpt>
      <trkpt lat="50.701365000" lon="16.443198000">
        <ele>0.000</ele>
      </trkpt>
      <trkpt lat="50.701119000" lon="16.442968000">
        <ele>0.000</ele>
      </trkpt>
      <trkpt lat="50.700933000" lon="16.442838000">
        <ele>0.000</ele>
      </trkpt>
      <trkpt lat="50.700733000" lon="16.442737000">
        <ele>0.000</ele>
      </trkpt>
      <trkpt lat="50.700521000" lon="16.442663000">
        <ele>0.000</ele>
      </trkpt>
      <trkpt lat="50.700379000" lon="16.442628000">
        <ele>0.000</ele>
      </trkpt>
      <trkpt lat="50.700244000" lon="16.442594000">
        <ele>0.000</ele>
      </trkpt>
      <trkpt lat="50.699884000" lon="16.442631000">
        <ele>0.000</ele>
      </trkpt>
      <trkpt lat="50.699760000" lon="16.442650000">
        <ele>0.000</ele>
      </trkpt>
      <trkpt lat="50.699638000" lon="16.442714000">
        <ele>0.000</ele>
      </trkpt>
      <trkpt lat="50.699457000" lon="16.442784000">
        <ele>0.000</ele>
      </trkpt>
      <trkpt lat="50.699275000" lon="16.442845000">
        <ele>0.000</ele>
      </trkpt>
      <trkpt lat="50.699135000" lon="16.442868000">
        <ele>0.000</ele>
      </trkpt>
      <trkpt lat="50.698995000" lon="16.442872000">
        <ele>0.000</ele>
      </trkpt>
      <trkpt lat="50.698843000" lon="16.442835000">
        <ele>0.000</ele>
      </trkpt>
      <trkpt lat="50.698712000" lon="16.442747000">
        <ele>0.000</ele>
      </trkpt>
      <trkpt lat="50.698628000" lon="16.442585000">
        <ele>0.000</ele>
      </trkpt>
      <trkpt lat="50.698547000" lon="16.442397000">
        <ele>0.000</ele>
      </trkpt>
      <trkpt lat="50.698492000" lon="16.442281000">
        <ele>0.000</ele>
      </trkpt>
      <trkpt lat="50.698388000" lon="16.441973000">
        <ele>0.000</ele>
      </trkpt>
      <trkpt lat="50.698327000" lon="16.441784000">
        <ele>0.000</ele>
      </trkpt>
      <trkpt lat="50.698309000" lon="16.441618000">
        <ele>0.000</ele>
      </trkpt>
      <trkpt lat="50.698213000" lon="16.441623000">
        <ele>0.000</ele>
      </trkpt>
      <trkpt lat="50.697953000" lon="16.441550000">
        <ele>0.000</ele>
      </trkpt>
      <trkpt lat="50.697849000" lon="16.441556000">
        <ele>0.000</ele>
      </trkpt>
      <trkpt lat="50.697731000" lon="16.441634000">
        <ele>0.000</ele>
      </trkpt>
      <trkpt lat="50.697687000" lon="16.441682000">
        <ele>0.000</ele>
      </trkpt>
      <trkpt lat="50.697636000" lon="16.441773000">
        <ele>0.000</ele>
      </trkpt>
      <trkpt lat="50.697576000" lon="16.441909000">
        <ele>0.000</ele>
      </trkpt>
      <trkpt lat="50.697524000" lon="16.442038000">
        <ele>0.000</ele>
      </trkpt>
      <trkpt lat="50.697434000" lon="16.442156000">
        <ele>0.000</ele>
      </trkpt>
      <trkpt lat="50.697270000" lon="16.442225000">
        <ele>0.000</ele>
      </trkpt>
      <trkpt lat="50.696992000" lon="16.442318000">
        <ele>0.000</ele>
      </trkpt>
      <trkpt lat="50.696920000" lon="16.442342000">
        <ele>0.000</ele>
      </trkpt>
      <trkpt lat="50.696612000" lon="16.442473000">
        <ele>0.000</ele>
      </trkpt>
      <trkpt lat="50.696436000" lon="16.442583000">
        <ele>0.000</ele>
      </trkpt>
      <trkpt lat="50.696313000" lon="16.442734000">
        <ele>0.000</ele>
      </trkpt>
      <trkpt lat="50.696235000" lon="16.442886000">
        <ele>0.000</ele>
      </trkpt>
      <trkpt lat="50.695989000" lon="16.443395000">
        <ele>0.000</ele>
      </trkpt>
      <trkpt lat="50.695889000" lon="16.443695000">
        <ele>0.000</ele>
      </trkpt>
      <trkpt lat="50.695831000" lon="16.443842000">
        <ele>0.000</ele>
      </trkpt>
      <trkpt lat="50.695742000" lon="16.443961000">
        <ele>0.000</ele>
      </trkpt>
      <trkpt lat="50.695629000" lon="16.444052000">
        <ele>0.000</ele>
      </trkpt>
      <trkpt lat="50.695447000" lon="16.444171000">
        <ele>0.000</ele>
      </trkpt>
      <trkpt lat="50.695290000" lon="16.444282000">
        <ele>0.000</ele>
      </trkpt>
      <trkpt lat="50.695164000" lon="16.444402000">
        <ele>0.000</ele>
      </trkpt>
      <trkpt lat="50.695079000" lon="16.444510000">
        <ele>0.000</ele>
      </trkpt>
      <trkpt lat="50.694874000" lon="16.444772000">
        <ele>0.000</ele>
      </trkpt>
      <trkpt lat="50.694794000" lon="16.444840000">
        <ele>0.000</ele>
      </trkpt>
      <trkpt lat="50.694576000" lon="16.444983000">
        <ele>0.000</ele>
      </trkpt>
      <trkpt lat="50.694436000" lon="16.445038000">
        <ele>0.000</ele>
      </trkpt>
      <trkpt lat="50.694205000" lon="16.445115000">
        <ele>0.000</ele>
      </trkpt>
      <trkpt lat="50.694084000" lon="16.445134000">
        <ele>0.000</ele>
      </trkpt>
      <trkpt lat="50.693629000" lon="16.444972000">
        <ele>0.000</ele>
      </trkpt>
      <trkpt lat="50.693460000" lon="16.444931000">
        <ele>0.000</ele>
      </trkpt>
      <trkpt lat="50.693304000" lon="16.444899000">
        <ele>0.000</ele>
      </trkpt>
      <trkpt lat="50.693190000" lon="16.444920000">
        <ele>0.000</ele>
      </trkpt>
      <trkpt lat="50.693051000" lon="16.444982000">
        <ele>0.000</ele>
      </trkpt>
      <trkpt lat="50.692578000" lon="16.445281000">
        <ele>0.000</ele>
      </trkpt>
      <trkpt lat="50.692101000" lon="16.445429000">
        <ele>0.000</ele>
      </trkpt>
      <trkpt lat="50.691602000" lon="16.445699000">
        <ele>0.000</ele>
      </trkpt>
      <trkpt lat="50.691188000" lon="16.445792000">
        <ele>0.000</ele>
      </trkpt>
      <trkpt lat="50.691100000" lon="16.445803000">
        <ele>0.000</ele>
      </trkpt>
      <trkpt lat="50.690765000" lon="16.445828000">
        <ele>0.000</ele>
      </trkpt>
      <trkpt lat="50.690515000" lon="16.445859000">
        <ele>0.000</ele>
      </trkpt>
      <trkpt lat="50.690198000" lon="16.445879000">
        <ele>0.000</ele>
      </trkpt>
      <trkpt lat="50.689676000" lon="16.445796000">
        <ele>0.000</ele>
      </trkpt>
      <trkpt lat="50.689080000" lon="16.445667000">
        <ele>0.000</ele>
      </trkpt>
      <trkpt lat="50.688830000" lon="16.445641000">
        <ele>0.000</ele>
      </trkpt>
      <trkpt lat="50.688715000" lon="16.445626000">
        <ele>0.000</ele>
      </trkpt>
      <trkpt lat="50.688426000" lon="16.445587000">
        <ele>0.000</ele>
      </trkpt>
      <trkpt lat="50.688170000" lon="16.445536000">
        <ele>0.000</ele>
      </trkpt>
      <trkpt lat="50.687915000" lon="16.445421000">
        <ele>0.000</ele>
      </trkpt>
      <trkpt lat="50.687767000" lon="16.445328000">
        <ele>0.000</ele>
      </trkpt>
      <trkpt lat="50.687501000" lon="16.445043000">
        <ele>0.000</ele>
      </trkpt>
      <trkpt lat="50.687342000" lon="16.444823000">
        <ele>0.000</ele>
      </trkpt>
      <trkpt lat="50.687211000" lon="16.444596000">
        <ele>0.000</ele>
      </trkpt>
      <trkpt lat="50.687000000" lon="16.444160000">
        <ele>0.000</ele>
      </trkpt>
      <trkpt lat="50.686815000" lon="16.443773000">
        <ele>0.000</ele>
      </trkpt>
      <trkpt lat="50.686694000" lon="16.443363000">
        <ele>0.000</ele>
      </trkpt>
      <trkpt lat="50.686617000" lon="16.442931000">
        <ele>0.000</ele>
      </trkpt>
      <trkpt lat="50.686570000" lon="16.442736000">
        <ele>0.000</ele>
      </trkpt>
      <trkpt lat="50.686523000" lon="16.442536000">
        <ele>0.000</ele>
      </trkpt>
      <trkpt lat="50.686408000" lon="16.442247000">
        <ele>0.000</ele>
      </trkpt>
      <trkpt lat="50.686047000" lon="16.441564000">
        <ele>0.000</ele>
      </trkpt>
      <trkpt lat="50.685726000" lon="16.440975000">
        <ele>0.000</ele>
      </trkpt>
      <trkpt lat="50.685030000" lon="16.439744000">
        <ele>0.000</ele>
      </trkpt>
      <trkpt lat="50.684989000" lon="16.439673000">
        <ele>0.000</ele>
      </trkpt>
      <trkpt lat="50.684799000" lon="16.439350000">
        <ele>0.000</ele>
      </trkpt>
      <trkpt lat="50.684641000" lon="16.439164000">
        <ele>0.000</ele>
      </trkpt>
      <trkpt lat="50.684481000" lon="16.439023000">
        <ele>0.000</ele>
      </trkpt>
      <trkpt lat="50.684322000" lon="16.438909000">
        <ele>0.000</ele>
      </trkpt>
      <trkpt lat="50.684154000" lon="16.438817000">
        <ele>0.000</ele>
      </trkpt>
      <trkpt lat="50.683948000" lon="16.438749000">
        <ele>0.000</ele>
      </trkpt>
      <trkpt lat="50.683656000" lon="16.438660000">
        <ele>0.000</ele>
      </trkpt>
      <trkpt lat="50.683526000" lon="16.438641000">
        <ele>0.000</ele>
      </trkpt>
      <trkpt lat="50.683318000" lon="16.438674000">
        <ele>0.000</ele>
      </trkpt>
      <trkpt lat="50.683168000" lon="16.438713000">
        <ele>0.000</ele>
      </trkpt>
      <trkpt lat="50.682989000" lon="16.438730000">
        <ele>0.000</ele>
      </trkpt>
      <trkpt lat="50.682681000" lon="16.438656000">
        <ele>0.000</ele>
      </trkpt>
      <trkpt lat="50.682561000" lon="16.438631000">
        <ele>0.000</ele>
      </trkpt>
      <trkpt lat="50.682443000" lon="16.438634000">
        <ele>0.000</ele>
      </trkpt>
      <trkpt lat="50.682305000" lon="16.438664000">
        <ele>0.000</ele>
      </trkpt>
      <trkpt lat="50.682161000" lon="16.438746000">
        <ele>0.000</ele>
      </trkpt>
      <trkpt lat="50.681910000" lon="16.439003000">
        <ele>0.000</ele>
      </trkpt>
      <trkpt lat="50.681734000" lon="16.439188000">
        <ele>0.000</ele>
      </trkpt>
      <trkpt lat="50.681605000" lon="16.439277000">
        <ele>0.000</ele>
      </trkpt>
      <trkpt lat="50.681480000" lon="16.439340000">
        <ele>0.000</ele>
      </trkpt>
      <trkpt lat="50.681357000" lon="16.439393000">
        <ele>0.000</ele>
      </trkpt>
      <trkpt lat="50.681208000" lon="16.439452000">
        <ele>0.000</ele>
      </trkpt>
      <trkpt lat="50.681053000" lon="16.439536000">
        <ele>0.000</ele>
      </trkpt>
      <trkpt lat="50.680888000" lon="16.439664000">
        <ele>0.000</ele>
      </trkpt>
      <trkpt lat="50.680816000" lon="16.439729000">
        <ele>0.000</ele>
      </trkpt>
      <trkpt lat="50.680700000" lon="16.439850000">
        <ele>0.000</ele>
      </trkpt>
      <trkpt lat="50.680541000" lon="16.440032000">
        <ele>0.000</ele>
      </trkpt>
      <trkpt lat="50.680397000" lon="16.440260000">
        <ele>0.000</ele>
      </trkpt>
      <trkpt lat="50.679402000" lon="16.442116000">
        <ele>0.000</ele>
      </trkpt>
      <trkpt lat="50.679251000" lon="16.442386000">
        <ele>0.000</ele>
      </trkpt>
      <trkpt lat="50.679085000" lon="16.442605000">
        <ele>0.000</ele>
      </trkpt>
      <trkpt lat="50.678592000" lon="16.443167000">
        <ele>0.000</ele>
      </trkpt>
      <trkpt lat="50.678420000" lon="16.443397000">
        <ele>0.000</ele>
      </trkpt>
      <trkpt lat="50.678317000" lon="16.443568000">
        <ele>0.000</ele>
      </trkpt>
      <trkpt lat="50.678241000" lon="16.443724000">
        <ele>0.000</ele>
      </trkpt>
      <trkpt lat="50.678098000" lon="16.444161000">
        <ele>0.000</ele>
      </trkpt>
      <trkpt lat="50.678026000" lon="16.444344000">
        <ele>0.000</ele>
      </trkpt>
      <trkpt lat="50.677955000" lon="16.444493000">
        <ele>0.000</ele>
      </trkpt>
      <trkpt lat="50.677888000" lon="16.444618000">
        <ele>0.000</ele>
      </trkpt>
      <trkpt lat="50.677811000" lon="16.444723000">
        <ele>0.000</ele>
      </trkpt>
      <trkpt lat="50.677687000" lon="16.444854000">
        <ele>0.000</ele>
      </trkpt>
      <trkpt lat="50.677429000" lon="16.445066000">
        <ele>0.000</ele>
      </trkpt>
      <trkpt lat="50.677195000" lon="16.445257000">
        <ele>0.000</ele>
      </trkpt>
      <trkpt lat="50.676963000" lon="16.445475000">
        <ele>0.000</ele>
      </trkpt>
      <trkpt lat="50.676045000" lon="16.446464000">
        <ele>0.000</ele>
      </trkpt>
      <trkpt lat="50.675859000" lon="16.446722000">
        <ele>0.000</ele>
      </trkpt>
      <trkpt lat="50.675584000" lon="16.447315000">
        <ele>0.000</ele>
      </trkpt>
      <trkpt lat="50.675434000" lon="16.447602000">
        <ele>0.000</ele>
      </trkpt>
      <trkpt lat="50.675274000" lon="16.447837000">
        <ele>0.000</ele>
      </trkpt>
      <trkpt lat="50.675097000" lon="16.448045000">
        <ele>0.000</ele>
      </trkpt>
      <trkpt lat="50.674717000" lon="16.448380000">
        <ele>0.000</ele>
      </trkpt>
      <trkpt lat="50.674533000" lon="16.448541000">
        <ele>0.000</ele>
      </trkpt>
      <trkpt lat="50.674160000" lon="16.448845000">
        <ele>0.000</ele>
      </trkpt>
      <trkpt lat="50.673961000" lon="16.448933000">
        <ele>0.000</ele>
      </trkpt>
      <trkpt lat="50.673700000" lon="16.449062000">
        <ele>0.000</ele>
      </trkpt>
      <trkpt lat="50.673471000" lon="16.449174000">
        <ele>0.000</ele>
      </trkpt>
      <trkpt lat="50.673182000" lon="16.449384000">
        <ele>0.000</ele>
      </trkpt>
      <trkpt lat="50.672851000" lon="16.449665000">
        <ele>0.000</ele>
      </trkpt>
      <trkpt lat="50.672658000" lon="16.449829000">
        <ele>0.000</ele>
      </trkpt>
      <trkpt lat="50.672576000" lon="16.449916000">
        <ele>0.000</ele>
      </trkpt>
      <trkpt lat="50.672264000" lon="16.450243000">
        <ele>0.000</ele>
      </trkpt>
      <trkpt lat="50.672059000" lon="16.450579000">
        <ele>0.000</ele>
      </trkpt>
      <trkpt lat="50.671924000" lon="16.450871000">
        <ele>0.000</ele>
      </trkpt>
      <trkpt lat="50.671713000" lon="16.451348000">
        <ele>0.000</ele>
      </trkpt>
      <trkpt lat="50.671373000" lon="16.451931000">
        <ele>0.000</ele>
      </trkpt>
      <trkpt lat="50.670983000" lon="16.452589000">
        <ele>0.000</ele>
      </trkpt>
      <trkpt lat="50.670836000" lon="16.452945000">
        <ele>0.000</ele>
      </trkpt>
      <trkpt lat="50.670765000" lon="16.453137000">
        <ele>0.000</ele>
      </trkpt>
      <trkpt lat="50.670687000" lon="16.453409000">
        <ele>0.000</ele>
      </trkpt>
      <trkpt lat="50.670635000" lon="16.453547000">
        <ele>0.000</ele>
      </trkpt>
      <trkpt lat="50.670517000" lon="16.453860000">
        <ele>0.000</ele>
      </trkpt>
      <trkpt lat="50.670338000" lon="16.454165000">
        <ele>0.000</ele>
      </trkpt>
      <trkpt lat="50.670220000" lon="16.454427000">
        <ele>0.000</ele>
      </trkpt>
      <trkpt lat="50.670135000" lon="16.454671000">
        <ele>0.000</ele>
      </trkpt>
      <trkpt lat="50.670066000" lon="16.454987000">
        <ele>0.000</ele>
      </trkpt>
      <trkpt lat="50.669985000" lon="16.455507000">
        <ele>0.000</ele>
      </trkpt>
      <trkpt lat="50.669873000" lon="16.456245000">
        <ele>0.000</ele>
      </trkpt>
      <trkpt lat="50.669808000" lon="16.456486000">
        <ele>0.000</ele>
      </trkpt>
      <trkpt lat="50.669741000" lon="16.456704000">
        <ele>0.000</ele>
      </trkpt>
      <trkpt lat="50.669682000" lon="16.456854000">
        <ele>0.000</ele>
      </trkpt>
      <trkpt lat="50.669541000" lon="16.457143000">
        <ele>0.000</ele>
      </trkpt>
      <trkpt lat="50.668849000" lon="16.458326000">
        <ele>0.000</ele>
      </trkpt>
      <trkpt lat="50.668378000" lon="16.459130000">
        <ele>0.000</ele>
      </trkpt>
      <trkpt lat="50.668286000" lon="16.459319000">
        <ele>0.000</ele>
      </trkpt>
      <trkpt lat="50.668255000" lon="16.459394000">
        <ele>0.000</ele>
      </trkpt>
      <trkpt lat="50.668037000" lon="16.459936000">
        <ele>0.000</ele>
      </trkpt>
      <trkpt lat="50.667891000" lon="16.460297000">
        <ele>0.000</ele>
      </trkpt>
      <trkpt lat="50.667726000" lon="16.460644000">
        <ele>0.000</ele>
      </trkpt>
      <trkpt lat="50.667623000" lon="16.460820000">
        <ele>0.000</ele>
      </trkpt>
      <trkpt lat="50.667589000" lon="16.460879000">
        <ele>0.000</ele>
      </trkpt>
      <trkpt lat="50.667378000" lon="16.461141000">
        <ele>0.000</ele>
      </trkpt>
      <trkpt lat="50.667188000" lon="16.461322000">
        <ele>0.000</ele>
      </trkpt>
      <trkpt lat="50.667007000" lon="16.461450000">
        <ele>0.000</ele>
      </trkpt>
      <trkpt lat="50.666875000" lon="16.461518000">
        <ele>0.000</ele>
      </trkpt>
      <trkpt lat="50.666713000" lon="16.461604000">
        <ele>0.000</ele>
      </trkpt>
      <trkpt lat="50.666223000" lon="16.461856000">
        <ele>0.000</ele>
      </trkpt>
      <trkpt lat="50.665976000" lon="16.461976000">
        <ele>0.000</ele>
      </trkpt>
      <trkpt lat="50.665728000" lon="16.462070000">
        <ele>0.000</ele>
      </trkpt>
      <trkpt lat="50.665422000" lon="16.462206000">
        <ele>0.000</ele>
      </trkpt>
      <trkpt lat="50.665205000" lon="16.462302000">
        <ele>0.000</ele>
      </trkpt>
      <trkpt lat="50.664972000" lon="16.462427000">
        <ele>0.000</ele>
      </trkpt>
      <trkpt lat="50.664903000" lon="16.462471000">
        <ele>0.000</ele>
      </trkpt>
      <trkpt lat="50.664668000" lon="16.462718000">
        <ele>0.000</ele>
      </trkpt>
      <trkpt lat="50.664294000" lon="16.463111000">
        <ele>0.000</ele>
      </trkpt>
      <trkpt lat="50.664173000" lon="16.463258000">
        <ele>0.000</ele>
      </trkpt>
      <trkpt lat="50.663924000" lon="16.463527000">
        <ele>0.000</ele>
      </trkpt>
      <trkpt lat="50.663604000" lon="16.463868000">
        <ele>0.000</ele>
      </trkpt>
      <trkpt lat="50.663414000" lon="16.464065000">
        <ele>0.000</ele>
      </trkpt>
      <trkpt lat="50.663264000" lon="16.464169000">
        <ele>0.000</ele>
      </trkpt>
      <trkpt lat="50.663102000" lon="16.464299000">
        <ele>0.000</ele>
      </trkpt>
      <trkpt lat="50.662943000" lon="16.464477000">
        <ele>0.000</ele>
      </trkpt>
      <trkpt lat="50.662714000" lon="16.464821000">
        <ele>0.000</ele>
      </trkpt>
      <trkpt lat="50.662369000" lon="16.465427000">
        <ele>0.000</ele>
      </trkpt>
      <trkpt lat="50.662258000" lon="16.465624000">
        <ele>0.000</ele>
      </trkpt>
      <trkpt lat="50.662143000" lon="16.465833000">
        <ele>0.000</ele>
      </trkpt>
      <trkpt lat="50.662127000" lon="16.465855000">
        <ele>0.000</ele>
      </trkpt>
      <trkpt lat="50.662103000" lon="16.465886000">
        <ele>0.000</ele>
      </trkpt>
      <trkpt lat="50.662082000" lon="16.465922000">
        <ele>0.000</ele>
      </trkpt>
      <trkpt lat="50.661909000" lon="16.466082000">
        <ele>0.000</ele>
      </trkpt>
      <trkpt lat="50.661454000" lon="16.466412000">
        <ele>0.000</ele>
      </trkpt>
      <trkpt lat="50.661388000" lon="16.466461000">
        <ele>0.000</ele>
      </trkpt>
      <trkpt lat="50.661356000" lon="16.466488000">
        <ele>0.000</ele>
      </trkpt>
      <trkpt lat="50.661308000" lon="16.466536000">
        <ele>0.000</ele>
      </trkpt>
      <trkpt lat="50.661262000" lon="16.466595000">
        <ele>0.000</ele>
      </trkpt>
      <trkpt lat="50.661170253" lon="16.466674671">
        <ele>0.000</ele>
      </trkpt>
      <trkpt lat="50.660908507" lon="16.467057439">
        <ele>0.000</ele>
      </trkpt>
      <trkpt lat="50.660476801" lon="16.467421982">
        <ele>0.000</ele>
      </trkpt>
      <trkpt lat="50.659632887" lon="16.468093225">
        <ele>0.000</ele>
      </trkpt>
      <trkpt lat="50.659320985" lon="16.468570971">
        <ele>0.000</ele>
      </trkpt>
      <trkpt lat="50.659121064" lon="16.469038753">
        <ele>0.000</ele>
      </trkpt>
      <trkpt lat="50.659045129" lon="16.469719070">
        <ele>0.000</ele>
      </trkpt>
      <trkpt lat="50.658961756" lon="16.470224398">
        <ele>0.000</ele>
      </trkpt>
      <trkpt lat="50.658840961" lon="16.470738090">
        <ele>0.000</ele>
      </trkpt>
      <trkpt lat="50.658342152" lon="16.471313654">
        <ele>0.000</ele>
      </trkpt>
      <trkpt lat="50.658057719" lon="16.471537904">
        <ele>0.000</ele>
      </trkpt>
      <trkpt lat="50.657727818" lon="16.471889456">
        <ele>0.000</ele>
      </trkpt>
      <trkpt lat="50.657327111" lon="16.472361620">
        <ele>0.000</ele>
      </trkpt>
      <trkpt lat="50.656772174" lon="16.472626340">
        <ele>0.000</ele>
      </trkpt>
      <trkpt lat="50.656246844" lon="16.472671076">
        <ele>0.000</ele>
      </trkpt>
      <trkpt lat="50.655686421" lon="16.473035055">
        <ele>0.000</ele>
      </trkpt>
      <trkpt lat="50.655338583" lon="16.473187238">
        <ele>0.000</ele>
      </trkpt>
      <trkpt lat="50.655276000" lon="16.473296000">
        <ele>0.000</ele>
      </trkpt>
      <trkpt lat="50.655181000" lon="16.473224000">
        <ele>0.000</ele>
      </trkpt>
      <trkpt lat="50.655165000" lon="16.473212000">
        <ele>0.000</ele>
      </trkpt>
      <trkpt lat="50.655055000" lon="16.473154000">
        <ele>0.000</ele>
      </trkpt>
      <trkpt lat="50.654938000" lon="16.473114000">
        <ele>0.000</ele>
      </trkpt>
      <trkpt lat="50.654789000" lon="16.473075000">
        <ele>0.000</ele>
      </trkpt>
      <trkpt lat="50.654732000" lon="16.473053000">
        <ele>0.000</ele>
      </trkpt>
      <trkpt lat="50.654612000" lon="16.472979000">
        <ele>0.000</ele>
      </trkpt>
      <trkpt lat="50.654428000" lon="16.472836000">
        <ele>0.000</ele>
      </trkpt>
      <trkpt lat="50.654370000" lon="16.472804000">
        <ele>0.000</ele>
      </trkpt>
      <trkpt lat="50.654314000" lon="16.472783000">
        <ele>0.000</ele>
      </trkpt>
      <trkpt lat="50.654026000" lon="16.472724000">
        <ele>0.000</ele>
      </trkpt>
      <trkpt lat="50.653992000" lon="16.472717000">
        <ele>0.000</ele>
      </trkpt>
      <trkpt lat="50.653874000" lon="16.472682000">
        <ele>0.000</ele>
      </trkpt>
      <trkpt lat="50.653602000" lon="16.472567000">
        <ele>0.000</ele>
      </trkpt>
      <trkpt lat="50.653385000" lon="16.472481000">
        <ele>0.000</ele>
      </trkpt>
      <trkpt lat="50.653319000" lon="16.472459000">
        <ele>0.000</ele>
      </trkpt>
      <trkpt lat="50.653288000" lon="16.472451000">
        <ele>0.000</ele>
      </trkpt>
      <trkpt lat="50.653205000" lon="16.472442000">
        <ele>0.000</ele>
      </trkpt>
      <trkpt lat="50.652979000" lon="16.472444000">
        <ele>0.000</ele>
      </trkpt>
      <trkpt lat="50.652804000" lon="16.472463000">
        <ele>0.000</ele>
      </trkpt>
      <trkpt lat="50.652748000" lon="16.472489000">
        <ele>0.000</ele>
      </trkpt>
      <trkpt lat="50.652709000" lon="16.472471000">
        <ele>0.000</ele>
      </trkpt>
      <trkpt lat="50.652341000" lon="16.472311000">
        <ele>0.000</ele>
      </trkpt>
      <trkpt lat="50.651939000" lon="16.472095000">
        <ele>0.000</ele>
      </trkpt>
      <trkpt lat="50.651845000" lon="16.472055000">
        <ele>0.000</ele>
      </trkpt>
      <trkpt lat="50.651705000" lon="16.472048000">
        <ele>0.000</ele>
      </trkpt>
      <trkpt lat="50.651557000" lon="16.472070000">
        <ele>0.000</ele>
      </trkpt>
      <trkpt lat="50.651420000" lon="16.472140000">
        <ele>0.000</ele>
      </trkpt>
      <trkpt lat="50.651227000" lon="16.472235000">
        <ele>0.000</ele>
      </trkpt>
      <trkpt lat="50.651028000" lon="16.472340000">
        <ele>0.000</ele>
      </trkpt>
      <trkpt lat="50.650760000" lon="16.472464000">
        <ele>0.000</ele>
      </trkpt>
      <trkpt lat="50.650550000" lon="16.472534000">
        <ele>0.000</ele>
      </trkpt>
      <trkpt lat="50.650336000" lon="16.472610000">
        <ele>0.000</ele>
      </trkpt>
      <trkpt lat="50.650233000" lon="16.472639000">
        <ele>0.000</ele>
      </trkpt>
      <trkpt lat="50.650056000" lon="16.472683000">
        <ele>0.000</ele>
      </trkpt>
      <trkpt lat="50.649922000" lon="16.472732000">
        <ele>0.000</ele>
      </trkpt>
      <trkpt lat="50.649803000" lon="16.472787000">
        <ele>0.000</ele>
      </trkpt>
      <trkpt lat="50.649557000" lon="16.472939000">
        <ele>0.000</ele>
      </trkpt>
      <trkpt lat="50.649284000" lon="16.473092000">
        <ele>0.000</ele>
      </trkpt>
      <trkpt lat="50.649017000" lon="16.473182000">
        <ele>0.000</ele>
      </trkpt>
      <trkpt lat="50.648574000" lon="16.473202000">
        <ele>0.000</ele>
      </trkpt>
      <trkpt lat="50.648404000" lon="16.473256000">
        <ele>0.000</ele>
      </trkpt>
      <trkpt lat="50.648313000" lon="16.473302000">
        <ele>0.000</ele>
      </trkpt>
      <trkpt lat="50.648164000" lon="16.473415000">
        <ele>0.000</ele>
      </trkpt>
      <trkpt lat="50.648050000" lon="16.473553000">
        <ele>0.000</ele>
      </trkpt>
      <trkpt lat="50.647916000" lon="16.473773000">
        <ele>0.000</ele>
      </trkpt>
      <trkpt lat="50.647850000" lon="16.473917000">
        <ele>0.000</ele>
      </trkpt>
      <trkpt lat="50.647776000" lon="16.474133000">
        <ele>0.000</ele>
      </trkpt>
      <trkpt lat="50.647721000" lon="16.474291000">
        <ele>0.000</ele>
      </trkpt>
      <trkpt lat="50.647649000" lon="16.474439000">
        <ele>0.000</ele>
      </trkpt>
      <trkpt lat="50.647575000" lon="16.474554000">
        <ele>0.000</ele>
      </trkpt>
      <trkpt lat="50.647503000" lon="16.474639000">
        <ele>0.000</ele>
      </trkpt>
      <trkpt lat="50.647423000" lon="16.474699000">
        <ele>0.000</ele>
      </trkpt>
      <trkpt lat="50.647340000" lon="16.474743000">
        <ele>0.000</ele>
      </trkpt>
      <trkpt lat="50.646853000" lon="16.474904000">
        <ele>0.000</ele>
      </trkpt>
      <trkpt lat="50.646448000" lon="16.475038000">
        <ele>0.000</ele>
      </trkpt>
      <trkpt lat="50.646428000" lon="16.475042000">
        <ele>0.000</ele>
      </trkpt>
      <trkpt lat="50.646332000" lon="16.475033000">
        <ele>0.000</ele>
      </trkpt>
      <trkpt lat="50.646302000" lon="16.475038000">
        <ele>0.000</ele>
      </trkpt>
      <trkpt lat="50.646228000" lon="16.475076000">
        <ele>0.000</ele>
      </trkpt>
      <trkpt lat="50.646135000" lon="16.475124000">
        <ele>0.000</ele>
      </trkpt>
      <trkpt lat="50.645996000" lon="16.475214000">
        <ele>0.000</ele>
      </trkpt>
      <trkpt lat="50.645899000" lon="16.475263000">
        <ele>0.000</ele>
      </trkpt>
      <trkpt lat="50.645784000" lon="16.475320000">
        <ele>0.000</ele>
      </trkpt>
      <trkpt lat="50.645658000" lon="16.475375000">
        <ele>0.000</ele>
      </trkpt>
      <trkpt lat="50.645530000" lon="16.475415000">
        <ele>0.000</ele>
      </trkpt>
      <trkpt lat="50.645278000" lon="16.475427000">
        <ele>0.000</ele>
      </trkpt>
      <trkpt lat="50.645213000" lon="16.475428000">
        <ele>0.000</ele>
      </trkpt>
      <trkpt lat="50.645116000" lon="16.475413000">
        <ele>0.000</ele>
      </trkpt>
      <trkpt lat="50.644979000" lon="16.475374000">
        <ele>0.000</ele>
      </trkpt>
      <trkpt lat="50.644836000" lon="16.475319000">
        <ele>0.000</ele>
      </trkpt>
      <trkpt lat="50.644677000" lon="16.475223000">
        <ele>0.000</ele>
      </trkpt>
      <trkpt lat="50.644322000" lon="16.474990000">
        <ele>0.000</ele>
      </trkpt>
      <trkpt lat="50.644237000" lon="16.474948000">
        <ele>0.000</ele>
      </trkpt>
      <trkpt lat="50.644141000" lon="16.474908000">
        <ele>0.000</ele>
      </trkpt>
      <trkpt lat="50.643953000" lon="16.474858000">
        <ele>0.000</ele>
      </trkpt>
      <trkpt lat="50.643623000" lon="16.474752000">
        <ele>0.000</ele>
      </trkpt>
      <trkpt lat="50.643452000" lon="16.474723000">
        <ele>0.000</ele>
      </trkpt>
      <trkpt lat="50.643432000" lon="16.474720000">
        <ele>0.000</ele>
      </trkpt>
      <trkpt lat="50.643231000" lon="16.474686000">
        <ele>0.000</ele>
      </trkpt>
      <trkpt lat="50.643211000" lon="16.474681000">
        <ele>0.000</ele>
      </trkpt>
      <trkpt lat="50.643088000" lon="16.474652000">
        <ele>0.000</ele>
      </trkpt>
      <trkpt lat="50.642933000" lon="16.474575000">
        <ele>0.000</ele>
      </trkpt>
      <trkpt lat="50.642754000" lon="16.474417000">
        <ele>0.000</ele>
      </trkpt>
      <trkpt lat="50.642526000" lon="16.474004000">
        <ele>0.000</ele>
      </trkpt>
      <trkpt lat="50.642437000" lon="16.473832000">
        <ele>0.000</ele>
      </trkpt>
      <trkpt lat="50.642326000" lon="16.473656000">
        <ele>0.000</ele>
      </trkpt>
      <trkpt lat="50.641827000" lon="16.473230000">
        <ele>0.000</ele>
      </trkpt>
      <trkpt lat="50.641681000" lon="16.473140000">
        <ele>0.000</ele>
      </trkpt>
      <trkpt lat="50.641570000" lon="16.472988000">
        <ele>0.000</ele>
      </trkpt>
      <trkpt lat="50.641350000" lon="16.472468000">
        <ele>0.000</ele>
      </trkpt>
      <trkpt lat="50.641244000" lon="16.472164000">
        <ele>0.000</ele>
      </trkpt>
      <trkpt lat="50.641138000" lon="16.471704000">
        <ele>0.000</ele>
      </trkpt>
      <trkpt lat="50.641069000" lon="16.471406000">
        <ele>0.000</ele>
      </trkpt>
      <trkpt lat="50.641051000" lon="16.471329000">
        <ele>0.000</ele>
      </trkpt>
      <trkpt lat="50.640874000" lon="16.470620000">
        <ele>0.000</ele>
      </trkpt>
      <trkpt lat="50.640870000" lon="16.470602000">
        <ele>0.000</ele>
      </trkpt>
      <trkpt lat="50.640786000" lon="16.470255000">
        <ele>0.000</ele>
      </trkpt>
      <trkpt lat="50.640684000" lon="16.469916000">
        <ele>0.000</ele>
      </trkpt>
      <trkpt lat="50.640462000" lon="16.469188000">
        <ele>0.000</ele>
      </trkpt>
      <trkpt lat="50.640421000" lon="16.469087000">
        <ele>0.000</ele>
      </trkpt>
      <trkpt lat="50.640338000" lon="16.468915000">
        <ele>0.000</ele>
      </trkpt>
      <trkpt lat="50.640268000" lon="16.468791000">
        <ele>0.000</ele>
      </trkpt>
      <trkpt lat="50.640181000" lon="16.468666000">
        <ele>0.000</ele>
      </trkpt>
      <trkpt lat="50.640089000" lon="16.468568000">
        <ele>0.000</ele>
      </trkpt>
      <trkpt lat="50.639992000" lon="16.468486000">
        <ele>0.000</ele>
      </trkpt>
      <trkpt lat="50.639492000" lon="16.468104000">
        <ele>0.000</ele>
      </trkpt>
      <trkpt lat="50.639414000" lon="16.468040000">
        <ele>0.000</ele>
      </trkpt>
      <trkpt lat="50.639229000" lon="16.467906000">
        <ele>0.000</ele>
      </trkpt>
      <trkpt lat="50.639110000" lon="16.467783000">
        <ele>0.000</ele>
      </trkpt>
      <trkpt lat="50.638976000" lon="16.467624000">
        <ele>0.000</ele>
      </trkpt>
      <trkpt lat="50.638794000" lon="16.467378000">
        <ele>0.000</ele>
      </trkpt>
      <trkpt lat="50.638618000" lon="16.467106000">
        <ele>0.000</ele>
      </trkpt>
      <trkpt lat="50.638406000" lon="16.466654000">
        <ele>0.000</ele>
      </trkpt>
      <trkpt lat="50.638345000" lon="16.466521000">
        <ele>0.000</ele>
      </trkpt>
      <trkpt lat="50.638090000" lon="16.465979000">
        <ele>0.000</ele>
      </trkpt>
      <trkpt lat="50.638005000" lon="16.465828000">
        <ele>0.000</ele>
      </trkpt>
      <trkpt lat="50.637426000" lon="16.464787000">
        <ele>0.000</ele>
      </trkpt>
      <trkpt lat="50.637358000" lon="16.464687000">
        <ele>0.000</ele>
      </trkpt>
      <trkpt lat="50.637287000" lon="16.464643000">
        <ele>0.000</ele>
      </trkpt>
      <trkpt lat="50.637216000" lon="16.464611000">
        <ele>0.000</ele>
      </trkpt>
      <trkpt lat="50.637112000" lon="16.464535000">
        <ele>0.000</ele>
      </trkpt>
      <trkpt lat="50.636853000" lon="16.464261000">
        <ele>0.000</ele>
      </trkpt>
      <trkpt lat="50.636598000" lon="16.463944000">
        <ele>0.000</ele>
      </trkpt>
      <trkpt lat="50.636398000" lon="16.463696000">
        <ele>0.000</ele>
      </trkpt>
      <trkpt lat="50.636345000" lon="16.463632000">
        <ele>0.000</ele>
      </trkpt>
      <trkpt lat="50.636250000" lon="16.463542000">
        <ele>0.000</ele>
      </trkpt>
      <trkpt lat="50.636185000" lon="16.463522000">
        <ele>0.000</ele>
      </trkpt>
      <trkpt lat="50.636073000" lon="16.463538000">
        <ele>0.000</ele>
      </trkpt>
      <trkpt lat="50.635963000" lon="16.463576000">
        <ele>0.000</ele>
      </trkpt>
      <trkpt lat="50.635870000" lon="16.463653000">
        <ele>0.000</ele>
      </trkpt>
      <trkpt lat="50.635783000" lon="16.463726000">
        <ele>0.000</ele>
      </trkpt>
      <trkpt lat="50.635615000" lon="16.463854000">
        <ele>0.000</ele>
      </trkpt>
      <trkpt lat="50.635506000" lon="16.463916000">
        <ele>0.000</ele>
      </trkpt>
      <trkpt lat="50.635395000" lon="16.463938000">
        <ele>0.000</ele>
      </trkpt>
      <trkpt lat="50.635292000" lon="16.463932000">
        <ele>0.000</ele>
      </trkpt>
      <trkpt lat="50.635144000" lon="16.463852000">
        <ele>0.000</ele>
      </trkpt>
      <trkpt lat="50.635004000" lon="16.463714000">
        <ele>0.000</ele>
      </trkpt>
      <trkpt lat="50.634809000" lon="16.463523000">
        <ele>0.000</ele>
      </trkpt>
      <trkpt lat="50.634722000" lon="16.463437000">
        <ele>0.000</ele>
      </trkpt>
      <trkpt lat="50.634616000" lon="16.463364000">
        <ele>0.000</ele>
      </trkpt>
      <trkpt lat="50.634492000" lon="16.463300000">
        <ele>0.000</ele>
      </trkpt>
      <trkpt lat="50.634444000" lon="16.463275000">
        <ele>0.000</ele>
      </trkpt>
      <trkpt lat="50.634246000" lon="16.463307000">
        <ele>0.000</ele>
      </trkpt>
      <trkpt lat="50.633844000" lon="16.463453000">
        <ele>0.000</ele>
      </trkpt>
      <trkpt lat="50.633546000" lon="16.463641000">
        <ele>0.000</ele>
      </trkpt>
      <trkpt lat="50.633399000" lon="16.463710000">
        <ele>0.000</ele>
      </trkpt>
      <trkpt lat="50.633266000" lon="16.463723000">
        <ele>0.000</ele>
      </trkpt>
      <trkpt lat="50.633138000" lon="16.463705000">
        <ele>0.000</ele>
      </trkpt>
      <trkpt lat="50.632983000" lon="16.463636000">
        <ele>0.000</ele>
      </trkpt>
      <trkpt lat="50.632737000" lon="16.463448000">
        <ele>0.000</ele>
      </trkpt>
      <trkpt lat="50.632164000" lon="16.462947000">
        <ele>0.000</ele>
      </trkpt>
      <trkpt lat="50.631984000" lon="16.462801000">
        <ele>0.000</ele>
      </trkpt>
      <trkpt lat="50.631824000" lon="16.462738000">
        <ele>0.000</ele>
      </trkpt>
      <trkpt lat="50.631609000" lon="16.462724000">
        <ele>0.000</ele>
      </trkpt>
      <trkpt lat="50.631538000" lon="16.462702000">
        <ele>0.000</ele>
      </trkpt>
      <trkpt lat="50.631484000" lon="16.462686000">
        <ele>0.000</ele>
      </trkpt>
      <trkpt lat="50.631269000" lon="16.462607000">
        <ele>0.000</ele>
      </trkpt>
      <trkpt lat="50.630738000" lon="16.462413000">
        <ele>0.000</ele>
      </trkpt>
      <trkpt lat="50.630668000" lon="16.462395000">
        <ele>0.000</ele>
      </trkpt>
      <trkpt lat="50.630399000" lon="16.462325000">
        <ele>0.000</ele>
      </trkpt>
      <trkpt lat="50.630328000" lon="16.462307000">
        <ele>0.000</ele>
      </trkpt>
      <trkpt lat="50.630178000" lon="16.462297000">
        <ele>0.000</ele>
      </trkpt>
      <trkpt lat="50.629483000" lon="16.462426000">
        <ele>0.000</ele>
      </trkpt>
      <trkpt lat="50.629275000" lon="16.462414000">
        <ele>0.000</ele>
      </trkpt>
      <trkpt lat="50.628974000" lon="16.462407000">
        <ele>0.000</ele>
      </trkpt>
      <trkpt lat="50.628912000" lon="16.462405000">
        <ele>0.000</ele>
      </trkpt>
      <trkpt lat="50.628435000" lon="16.462437000">
        <ele>0.000</ele>
      </trkpt>
      <trkpt lat="50.627868000" lon="16.462536000">
        <ele>0.000</ele>
      </trkpt>
      <trkpt lat="50.627397000" lon="16.462608000">
        <ele>0.000</ele>
      </trkpt>
      <trkpt lat="50.626853000" lon="16.462546000">
        <ele>0.000</ele>
      </trkpt>
      <trkpt lat="50.626486000" lon="16.462502000">
        <ele>0.000</ele>
      </trkpt>
      <trkpt lat="50.626168000" lon="16.462382000">
        <ele>0.000</ele>
      </trkpt>
      <trkpt lat="50.625870000" lon="16.462296000">
        <ele>0.000</ele>
      </trkpt>
      <trkpt lat="50.625574000" lon="16.462289000">
        <ele>0.000</ele>
      </trkpt>
      <trkpt lat="50.625507000" lon="16.462253000">
        <ele>0.000</ele>
      </trkpt>
      <trkpt lat="50.625453000" lon="16.462204000">
        <ele>0.000</ele>
      </trkpt>
      <trkpt lat="50.625404000" lon="16.462133000">
        <ele>0.000</ele>
      </trkpt>
      <trkpt lat="50.625368000" lon="16.462050000">
        <ele>0.000</ele>
      </trkpt>
      <trkpt lat="50.625318000" lon="16.461975000">
        <ele>0.000</ele>
      </trkpt>
      <trkpt lat="50.625066000" lon="16.461811000">
        <ele>0.000</ele>
      </trkpt>
      <trkpt lat="50.624775000" lon="16.461823000">
        <ele>0.000</ele>
      </trkpt>
      <trkpt lat="50.624628000" lon="16.461758000">
        <ele>0.000</ele>
      </trkpt>
      <trkpt lat="50.624321000" lon="16.461557000">
        <ele>0.000</ele>
      </trkpt>
      <trkpt lat="50.624079000" lon="16.461399000">
        <ele>0.000</ele>
      </trkpt>
      <trkpt lat="50.623910000" lon="16.461258000">
        <ele>0.000</ele>
      </trkpt>
      <trkpt lat="50.623788000" lon="16.461065000">
        <ele>0.000</ele>
      </trkpt>
      <trkpt lat="50.623691000" lon="16.461186000">
        <ele>0.000</ele>
      </trkpt>
      <trkpt lat="50.623605000" lon="16.461314000">
        <ele>0.000</ele>
      </trkpt>
      <trkpt lat="50.623144000" lon="16.462041000">
        <ele>0.000</ele>
      </trkpt>
      <trkpt lat="50.622868000" lon="16.462467000">
        <ele>0.000</ele>
      </trkpt>
      <trkpt lat="50.622703000" lon="16.462705000">
        <ele>0.000</ele>
      </trkpt>
      <trkpt lat="50.622678000" lon="16.462739000">
        <ele>0.000</ele>
      </trkpt>
      <trkpt lat="50.622511000" lon="16.462968000">
        <ele>0.000</ele>
      </trkpt>
      <trkpt lat="50.622396000" lon="16.463129000">
        <ele>0.000</ele>
      </trkpt>
      <trkpt lat="50.622377000" lon="16.463156000">
        <ele>0.000</ele>
      </trkpt>
      <trkpt lat="50.622263000" lon="16.463332000">
        <ele>0.000</ele>
      </trkpt>
      <trkpt lat="50.622219000" lon="16.463409000">
        <ele>0.000</ele>
      </trkpt>
      <trkpt lat="50.622181000" lon="16.463485000">
        <ele>0.000</ele>
      </trkpt>
      <trkpt lat="50.622149000" lon="16.463557000">
        <ele>0.000</ele>
      </trkpt>
      <trkpt lat="50.622121000" lon="16.463619000">
        <ele>0.000</ele>
      </trkpt>
      <trkpt lat="50.621994000" lon="16.463962000">
        <ele>0.000</ele>
      </trkpt>
      <trkpt lat="50.621874000" lon="16.464322000">
        <ele>0.000</ele>
      </trkpt>
      <trkpt lat="50.621673000" lon="16.465025000">
        <ele>0.000</ele>
      </trkpt>
      <trkpt lat="50.621595000" lon="16.465304000">
        <ele>0.000</ele>
      </trkpt>
      <trkpt lat="50.621561000" lon="16.465434000">
        <ele>0.000</ele>
      </trkpt>
      <trkpt lat="50.621464000" lon="16.465853000">
        <ele>0.000</ele>
      </trkpt>
      <trkpt lat="50.621390000" lon="16.466227000">
        <ele>0.000</ele>
      </trkpt>
      <trkpt lat="50.621336000" lon="16.466576000">
        <ele>0.000</ele>
      </trkpt>
      <trkpt lat="50.621284000" lon="16.467057000">
        <ele>0.000</ele>
      </trkpt>
      <trkpt lat="50.621289000" lon="16.467449000">
        <ele>0.000</ele>
      </trkpt>
      <trkpt lat="50.621332000" lon="16.468225000">
        <ele>0.000</ele>
      </trkpt>
      <trkpt lat="50.621302000" lon="16.468229000">
        <ele>0.000</ele>
      </trkpt>
      <trkpt lat="50.621247000" lon="16.468235000">
        <ele>0.000</ele>
      </trkpt>
      <trkpt lat="50.621221000" lon="16.468256000">
        <ele>0.000</ele>
      </trkpt>
      <trkpt lat="50.621197000" lon="16.468292000">
        <ele>0.000</ele>
      </trkpt>
      <trkpt lat="50.621144000" lon="16.468392000">
        <ele>0.000</ele>
      </trkpt>
      <trkpt lat="50.621051000" lon="16.468571000">
        <ele>0.000</ele>
      </trkpt>
      <trkpt lat="50.620900000" lon="16.468954000">
        <ele>0.000</ele>
      </trkpt>
      <trkpt lat="50.620837000" lon="16.469103000">
        <ele>0.000</ele>
      </trkpt>
      <trkpt lat="50.620780000" lon="16.469228000">
        <ele>0.000</ele>
      </trkpt>
      <trkpt lat="50.620669000" lon="16.469432000">
        <ele>0.000</ele>
      </trkpt>
      <trkpt lat="50.620636000" lon="16.469500000">
        <ele>0.000</ele>
      </trkpt>
      <trkpt lat="50.620620000" lon="16.469560000">
        <ele>0.000</ele>
      </trkpt>
      <trkpt lat="50.620614000" lon="16.469638000">
        <ele>0.000</ele>
      </trkpt>
      <trkpt lat="50.620616000" lon="16.469650000">
        <ele>0.000</ele>
      </trkpt>
      <trkpt lat="50.620664000" lon="16.470013000">
        <ele>0.000</ele>
      </trkpt>
      <trkpt lat="50.620692000" lon="16.470242000">
        <ele>0.000</ele>
      </trkpt>
      <trkpt lat="50.620684000" lon="16.470360000">
        <ele>0.000</ele>
      </trkpt>
      <trkpt lat="50.620669000" lon="16.470455000">
        <ele>0.000</ele>
      </trkpt>
      <trkpt lat="50.620642000" lon="16.470573000">
        <ele>0.000</ele>
      </trkpt>
      <trkpt lat="50.620604000" lon="16.470678000">
        <ele>0.000</ele>
      </trkpt>
      <trkpt lat="50.620445000" lon="16.471041000">
        <ele>0.000</ele>
      </trkpt>
      <trkpt lat="50.620284000" lon="16.471421000">
        <ele>0.000</ele>
      </trkpt>
      <trkpt lat="50.620104000" lon="16.471838000">
        <ele>0.000</ele>
      </trkpt>
      <trkpt lat="50.620033000" lon="16.472002000">
        <ele>0.000</ele>
      </trkpt>
      <trkpt lat="50.620011000" lon="16.472054000">
        <ele>0.000</ele>
      </trkpt>
      <trkpt lat="50.619903000" lon="16.472306000">
        <ele>0.000</ele>
      </trkpt>
      <trkpt lat="50.619763000" lon="16.472645000">
        <ele>0.000</ele>
      </trkpt>
      <trkpt lat="50.619666000" lon="16.472880000">
        <ele>0.000</ele>
      </trkpt>
      <trkpt lat="50.619587000" lon="16.473055000">
        <ele>0.000</ele>
      </trkpt>
      <trkpt lat="50.619499000" lon="16.473196000">
        <ele>0.000</ele>
      </trkpt>
      <trkpt lat="50.619462000" lon="16.473244000">
        <ele>0.000</ele>
      </trkpt>
      <trkpt lat="50.619344000" lon="16.473398000">
        <ele>0.000</ele>
      </trkpt>
      <trkpt lat="50.619241000" lon="16.473496000">
        <ele>0.000</ele>
      </trkpt>
      <trkpt lat="50.619173000" lon="16.473590000">
        <ele>0.000</ele>
      </trkpt>
      <trkpt lat="50.619140000" lon="16.473652000">
        <ele>0.000</ele>
      </trkpt>
      <trkpt lat="50.619119000" lon="16.473705000">
        <ele>0.000</ele>
      </trkpt>
      <trkpt lat="50.619102000" lon="16.473774000">
        <ele>0.000</ele>
      </trkpt>
      <trkpt lat="50.619076000" lon="16.473852000">
        <ele>0.000</ele>
      </trkpt>
      <trkpt lat="50.619044000" lon="16.473912000">
        <ele>0.000</ele>
      </trkpt>
      <trkpt lat="50.618877000" lon="16.474144000">
        <ele>0.000</ele>
      </trkpt>
      <trkpt lat="50.618820000" lon="16.474212000">
        <ele>0.000</ele>
      </trkpt>
      <trkpt lat="50.618780000" lon="16.474261000">
        <ele>0.000</ele>
      </trkpt>
      <trkpt lat="50.618435000" lon="16.474638000">
        <ele>0.000</ele>
      </trkpt>
      <trkpt lat="50.618199000" lon="16.474944000">
        <ele>0.000</ele>
      </trkpt>
      <trkpt lat="50.617971000" lon="16.475236000">
        <ele>0.000</ele>
      </trkpt>
      <trkpt lat="50.617739000" lon="16.475456000">
        <ele>0.000</ele>
      </trkpt>
      <trkpt lat="50.617605000" lon="16.475576000">
        <ele>0.000</ele>
      </trkpt>
      <trkpt lat="50.617563000" lon="16.475591000">
        <ele>0.000</ele>
      </trkpt>
      <trkpt lat="50.617318000" lon="16.475748000">
        <ele>0.000</ele>
      </trkpt>
      <trkpt lat="50.617237000" lon="16.475817000">
        <ele>0.000</ele>
      </trkpt>
      <trkpt lat="50.617212000" lon="16.475847000">
        <ele>0.000</ele>
      </trkpt>
      <trkpt lat="50.617210000" lon="16.475851000">
        <ele>0.000</ele>
      </trkpt>
      <trkpt lat="50.617140000" lon="16.475934000">
        <ele>0.000</ele>
      </trkpt>
      <trkpt lat="50.617108000" lon="16.475991000">
        <ele>0.000</ele>
      </trkpt>
      <trkpt lat="50.617071000" lon="16.476090000">
        <ele>0.000</ele>
      </trkpt>
      <trkpt lat="50.617051000" lon="16.476194000">
        <ele>0.000</ele>
      </trkpt>
      <trkpt lat="50.616934000" lon="16.476619000">
        <ele>0.000</ele>
      </trkpt>
      <trkpt lat="50.616875000" lon="16.476840000">
        <ele>0.000</ele>
      </trkpt>
      <trkpt lat="50.616751000" lon="16.477282000">
        <ele>0.000</ele>
      </trkpt>
      <trkpt lat="50.616672000" lon="16.477559000">
        <ele>0.000</ele>
      </trkpt>
      <trkpt lat="50.616537000" lon="16.477966000">
        <ele>0.000</ele>
      </trkpt>
      <trkpt lat="50.616453000" lon="16.478179000">
        <ele>0.000</ele>
      </trkpt>
      <trkpt lat="50.616163000" lon="16.478851000">
        <ele>0.000</ele>
      </trkpt>
      <trkpt lat="50.616135000" lon="16.478916000">
        <ele>0.000</ele>
      </trkpt>
      <trkpt lat="50.616104000" lon="16.478989000">
        <ele>0.000</ele>
      </trkpt>
      <trkpt lat="50.615912000" lon="16.479461000">
        <ele>0.000</ele>
      </trkpt>
      <trkpt lat="50.615733000" lon="16.479762000">
        <ele>0.000</ele>
      </trkpt>
      <trkpt lat="50.615667000" lon="16.479875000">
        <ele>0.000</ele>
      </trkpt>
      <trkpt lat="50.615635000" lon="16.479947000">
        <ele>0.000</ele>
      </trkpt>
      <trkpt lat="50.615571000" lon="16.480132000">
        <ele>0.000</ele>
      </trkpt>
      <trkpt lat="50.615509000" lon="16.480374000">
        <ele>0.000</ele>
      </trkpt>
      <trkpt lat="50.615439000" lon="16.480799000">
        <ele>0.000</ele>
      </trkpt>
      <trkpt lat="50.615174000" lon="16.482419000">
        <ele>0.000</ele>
      </trkpt>
      <trkpt lat="50.615122000" lon="16.482702000">
        <ele>0.000</ele>
      </trkpt>
      <trkpt lat="50.615039000" lon="16.483136000">
        <ele>0.000</ele>
      </trkpt>
      <trkpt lat="50.614926000" lon="16.483406000">
        <ele>0.000</ele>
      </trkpt>
      <trkpt lat="50.614693000" lon="16.484235000">
        <ele>0.000</ele>
      </trkpt>
      <trkpt lat="50.614437000" lon="16.484949000">
        <ele>0.000</ele>
      </trkpt>
      <trkpt lat="50.614335000" lon="16.485120000">
        <ele>0.000</ele>
      </trkpt>
      <trkpt lat="50.614168000" lon="16.485404000">
        <ele>0.000</ele>
      </trkpt>
      <trkpt lat="50.613957000" lon="16.485964000">
        <ele>0.000</ele>
      </trkpt>
      <trkpt lat="50.613855000" lon="16.486334000">
        <ele>0.000</ele>
      </trkpt>
      <trkpt lat="50.613814000" lon="16.486656000">
        <ele>0.000</ele>
      </trkpt>
      <trkpt lat="50.613739000" lon="16.487040000">
        <ele>0.000</ele>
      </trkpt>
      <trkpt lat="50.613711000" lon="16.487196000">
        <ele>0.000</ele>
      </trkpt>
      <trkpt lat="50.613717000" lon="16.487227000">
        <ele>0.000</ele>
      </trkpt>
      <trkpt lat="50.613725000" lon="16.487263000">
        <ele>0.000</ele>
      </trkpt>
      <trkpt lat="50.613745000" lon="16.487249000">
        <ele>0.000</ele>
      </trkpt>
      <trkpt lat="50.613841000" lon="16.487193000">
        <ele>0.000</ele>
      </trkpt>
      <trkpt lat="50.613964000" lon="16.487154000">
        <ele>0.000</ele>
      </trkpt>
      <trkpt lat="50.613965000" lon="16.487208000">
        <ele>0.000</ele>
      </trkpt>
      <trkpt lat="50.613912000" lon="16.487329000">
        <ele>0.000</ele>
      </trkpt>
      <trkpt lat="50.613747000" lon="16.487702000">
        <ele>0.000</ele>
      </trkpt>
      <trkpt lat="50.613112000" lon="16.488830000">
        <ele>0.000</ele>
      </trkpt>
      <trkpt lat="50.613006000" lon="16.488907000">
        <ele>0.000</ele>
      </trkpt>
      <trkpt lat="50.612937000" lon="16.488968000">
        <ele>0.000</ele>
      </trkpt>
      <trkpt lat="50.612839000" lon="16.489084000">
        <ele>0.000</ele>
      </trkpt>
      <trkpt lat="50.612676000" lon="16.489357000">
        <ele>0.000</ele>
      </trkpt>
      <trkpt lat="50.612608000" lon="16.489504000">
        <ele>0.000</ele>
      </trkpt>
      <trkpt lat="50.612447000" lon="16.489773000">
        <ele>0.000</ele>
      </trkpt>
      <trkpt lat="50.612238000" lon="16.490106000">
        <ele>0.000</ele>
      </trkpt>
      <trkpt lat="50.612091000" lon="16.490259000">
        <ele>0.000</ele>
      </trkpt>
      <trkpt lat="50.611646000" lon="16.490794000">
        <ele>0.000</ele>
      </trkpt>
      <trkpt lat="50.611248000" lon="16.491150000">
        <ele>0.000</ele>
      </trkpt>
      <trkpt lat="50.611126000" lon="16.491351000">
        <ele>0.000</ele>
      </trkpt>
      <trkpt lat="50.611013000" lon="16.491580000">
        <ele>0.000</ele>
      </trkpt>
      <trkpt lat="50.610906000" lon="16.492053000">
        <ele>0.000</ele>
      </trkpt>
      <trkpt lat="50.610846000" lon="16.492315000">
        <ele>0.000</ele>
      </trkpt>
      <trkpt lat="50.610776000" lon="16.492500000">
        <ele>0.000</ele>
      </trkpt>
      <trkpt lat="50.610364000" lon="16.493378000">
        <ele>0.000</ele>
      </trkpt>
      <trkpt lat="50.610290000" lon="16.493490000">
        <ele>0.000</ele>
      </trkpt>
      <trkpt lat="50.610205000" lon="16.493579000">
        <ele>0.000</ele>
      </trkpt>
      <trkpt lat="50.609887000" lon="16.493772000">
        <ele>0.000</ele>
      </trkpt>
      <trkpt lat="50.609624000" lon="16.494032000">
        <ele>0.000</ele>
      </trkpt>
      <trkpt lat="50.609495000" lon="16.494241000">
        <ele>0.000</ele>
      </trkpt>
      <trkpt lat="50.609239000" lon="16.494749000">
        <ele>0.000</ele>
      </trkpt>
      <trkpt lat="50.609086000" lon="16.494991000">
        <ele>0.000</ele>
      </trkpt>
      <trkpt lat="50.608994000" lon="16.495157000">
        <ele>0.000</ele>
      </trkpt>
      <trkpt lat="50.608896000" lon="16.495317000">
        <ele>0.000</ele>
      </trkpt>
      <trkpt lat="50.608674000" lon="16.495613000">
        <ele>0.000</ele>
      </trkpt>
      <trkpt lat="50.608271000" lon="16.496035000">
        <ele>0.000</ele>
      </trkpt>
      <trkpt lat="50.607638000" lon="16.496657000">
        <ele>0.000</ele>
      </trkpt>
      <trkpt lat="50.607431000" lon="16.496892000">
        <ele>0.000</ele>
      </trkpt>
      <trkpt lat="50.607328000" lon="16.497011000">
        <ele>0.000</ele>
      </trkpt>
      <trkpt lat="50.607252000" lon="16.497067000">
        <ele>0.000</ele>
      </trkpt>
      <trkpt lat="50.607187000" lon="16.497097000">
        <ele>0.000</ele>
      </trkpt>
      <trkpt lat="50.606803000" lon="16.497216000">
        <ele>0.000</ele>
      </trkpt>
      <trkpt lat="50.606722000" lon="16.497256000">
        <ele>0.000</ele>
      </trkpt>
      <trkpt lat="50.606647000" lon="16.497305000">
        <ele>0.000</ele>
      </trkpt>
      <trkpt lat="50.606564000" lon="16.497388000">
        <ele>0.000</ele>
      </trkpt>
      <trkpt lat="50.606444000" lon="16.497530000">
        <ele>0.000</ele>
      </trkpt>
      <trkpt lat="50.606212000" lon="16.497807000">
        <ele>0.000</ele>
      </trkpt>
      <trkpt lat="50.605962000" lon="16.498082000">
        <ele>0.000</ele>
      </trkpt>
      <trkpt lat="50.605892000" lon="16.498185000">
        <ele>0.000</ele>
      </trkpt>
      <trkpt lat="50.605831000" lon="16.498298000">
        <ele>0.000</ele>
      </trkpt>
      <trkpt lat="50.605552000" lon="16.498911000">
        <ele>0.000</ele>
      </trkpt>
      <trkpt lat="50.605456000" lon="16.499097000">
        <ele>0.000</ele>
      </trkpt>
      <trkpt lat="50.605324000" lon="16.499318000">
        <ele>0.000</ele>
      </trkpt>
      <trkpt lat="50.605204000" lon="16.499513000">
        <ele>0.000</ele>
      </trkpt>
      <trkpt lat="50.605125000" lon="16.499692000">
        <ele>0.000</ele>
      </trkpt>
      <trkpt lat="50.605091000" lon="16.499804000">
        <ele>0.000</ele>
      </trkpt>
      <trkpt lat="50.605044000" lon="16.499948000">
        <ele>0.000</ele>
      </trkpt>
      <trkpt lat="50.604991000" lon="16.500234000">
        <ele>0.000</ele>
      </trkpt>
      <trkpt lat="50.604983000" lon="16.500930000">
        <ele>0.000</ele>
      </trkpt>
      <trkpt lat="50.604974000" lon="16.501012000">
        <ele>0.000</ele>
      </trkpt>
      <trkpt lat="50.604923000" lon="16.501260000">
        <ele>0.000</ele>
      </trkpt>
      <trkpt lat="50.604905000" lon="16.501378000">
        <ele>0.000</ele>
      </trkpt>
      <trkpt lat="50.604868000" lon="16.501835000">
        <ele>0.000</ele>
      </trkpt>
      <trkpt lat="50.604787000" lon="16.502143000">
        <ele>0.000</ele>
      </trkpt>
      <trkpt lat="50.604729000" lon="16.502268000">
        <ele>0.000</ele>
      </trkpt>
      <trkpt lat="50.604650000" lon="16.502359000">
        <ele>0.000</ele>
      </trkpt>
      <trkpt lat="50.604415000" lon="16.502523000">
        <ele>0.000</ele>
      </trkpt>
      <trkpt lat="50.604210000" lon="16.502664000">
        <ele>0.000</ele>
      </trkpt>
      <trkpt lat="50.603910000" lon="16.502860000">
        <ele>0.000</ele>
      </trkpt>
      <trkpt lat="50.603626000" lon="16.503059000">
        <ele>0.000</ele>
      </trkpt>
      <trkpt lat="50.603474000" lon="16.503134000">
        <ele>0.000</ele>
      </trkpt>
      <trkpt lat="50.603060000" lon="16.503231000">
        <ele>0.000</ele>
      </trkpt>
      <trkpt lat="50.602929000" lon="16.503254000">
        <ele>0.000</ele>
      </trkpt>
      <trkpt lat="50.602853000" lon="16.503274000">
        <ele>0.000</ele>
      </trkpt>
      <trkpt lat="50.602806000" lon="16.503306000">
        <ele>0.000</ele>
      </trkpt>
      <trkpt lat="50.602766000" lon="16.503348000">
        <ele>0.000</ele>
      </trkpt>
      <trkpt lat="50.602670000" lon="16.503471000">
        <ele>0.000</ele>
      </trkpt>
      <trkpt lat="50.602520000" lon="16.503721000">
        <ele>0.000</ele>
      </trkpt>
      <trkpt lat="50.602462000" lon="16.503820000">
        <ele>0.000</ele>
      </trkpt>
      <trkpt lat="50.602378000" lon="16.503956000">
        <ele>0.000</ele>
      </trkpt>
      <trkpt lat="50.602328000" lon="16.504091000">
        <ele>0.000</ele>
      </trkpt>
      <trkpt lat="50.602304000" lon="16.504215000">
        <ele>0.000</ele>
      </trkpt>
      <trkpt lat="50.602296000" lon="16.504449000">
        <ele>0.000</ele>
      </trkpt>
      <trkpt lat="50.602326000" lon="16.504976000">
        <ele>0.000</ele>
      </trkpt>
      <trkpt lat="50.602375000" lon="16.505444000">
        <ele>0.000</ele>
      </trkpt>
      <trkpt lat="50.602379000" lon="16.505509000">
        <ele>0.000</ele>
      </trkpt>
      <trkpt lat="50.602387000" lon="16.505617000">
        <ele>0.000</ele>
      </trkpt>
      <trkpt lat="50.602395000" lon="16.505865000">
        <ele>0.000</ele>
      </trkpt>
      <trkpt lat="50.602384000" lon="16.506297000">
        <ele>0.000</ele>
      </trkpt>
      <trkpt lat="50.602381000" lon="16.506601000">
        <ele>0.000</ele>
      </trkpt>
      <trkpt lat="50.602380000" lon="16.506619000">
        <ele>0.000</ele>
      </trkpt>
      <trkpt lat="50.602371000" lon="16.506660000">
        <ele>0.000</ele>
      </trkpt>
      <trkpt lat="50.602313000" lon="16.506616000">
        <ele>0.000</ele>
      </trkpt>
      <trkpt lat="50.602173000" lon="16.506512000">
        <ele>0.000</ele>
      </trkpt>
      <trkpt lat="50.602152000" lon="16.506497000">
        <ele>0.000</ele>
      </trkpt>
      <trkpt lat="50.602080000" lon="16.506446000">
        <ele>0.000</ele>
      </trkpt>
      <trkpt lat="50.601996000" lon="16.506385000">
        <ele>0.000</ele>
      </trkpt>
      <trkpt lat="50.601972000" lon="16.506463000">
        <ele>0.000</ele>
      </trkpt>
      <trkpt lat="50.601965000" lon="16.506486000">
        <ele>0.000</ele>
      </trkpt>
      <trkpt lat="50.601914000" lon="16.506659000">
        <ele>0.000</ele>
      </trkpt>
      <trkpt lat="50.601859000" lon="16.506787000">
        <ele>0.000</ele>
      </trkpt>
      <trkpt lat="50.601865000" lon="16.506833000">
        <ele>0.000</ele>
      </trkpt>
      <trkpt lat="50.601665000" lon="16.506905000">
        <ele>0.000</ele>
      </trkpt>
      <trkpt lat="50.601561000" lon="16.507000000">
        <ele>0.000</ele>
      </trkpt>
      <trkpt lat="50.601373000" lon="16.507223000">
        <ele>0.000</ele>
      </trkpt>
      <trkpt lat="50.601319000" lon="16.507309000">
        <ele>0.000</ele>
      </trkpt>
      <trkpt lat="50.601159000" lon="16.507620000">
        <ele>0.000</ele>
      </trkpt>
      <trkpt lat="50.600962000" lon="16.508031000">
        <ele>0.000</ele>
      </trkpt>
      <trkpt lat="50.600837000" lon="16.508132000">
        <ele>0.000</ele>
      </trkpt>
      <trkpt lat="50.600450000" lon="16.508402000">
        <ele>0.000</ele>
      </trkpt>
      <trkpt lat="50.600350000" lon="16.508485000">
        <ele>0.000</ele>
      </trkpt>
      <trkpt lat="50.600249000" lon="16.508555000">
        <ele>0.000</ele>
      </trkpt>
      <trkpt lat="50.600159000" lon="16.508592000">
        <ele>0.000</ele>
      </trkpt>
      <trkpt lat="50.600059000" lon="16.508589000">
        <ele>0.000</ele>
      </trkpt>
      <trkpt lat="50.599942000" lon="16.508595000">
        <ele>0.000</ele>
      </trkpt>
      <trkpt lat="50.599830000" lon="16.508634000">
        <ele>0.000</ele>
      </trkpt>
      <trkpt lat="50.599789000" lon="16.508652000">
        <ele>0.000</ele>
      </trkpt>
      <trkpt lat="50.599125000" lon="16.509030000">
        <ele>0.000</ele>
      </trkpt>
      <trkpt lat="50.599052000" lon="16.509091000">
        <ele>0.000</ele>
      </trkpt>
      <trkpt lat="50.598978000" lon="16.509162000">
        <ele>0.000</ele>
      </trkpt>
      <trkpt lat="50.598902000" lon="16.509216000">
        <ele>0.000</ele>
      </trkpt>
      <trkpt lat="50.598854000" lon="16.509236000">
        <ele>0.000</ele>
      </trkpt>
      <trkpt lat="50.598789000" lon="16.509243000">
        <ele>0.000</ele>
      </trkpt>
      <trkpt lat="50.598727000" lon="16.509238000">
        <ele>0.000</ele>
      </trkpt>
      <trkpt lat="50.598626000" lon="16.509248000">
        <ele>0.000</ele>
      </trkpt>
      <trkpt lat="50.598560000" lon="16.509276000">
        <ele>0.000</ele>
      </trkpt>
      <trkpt lat="50.598452000" lon="16.509347000">
        <ele>0.000</ele>
      </trkpt>
      <trkpt lat="50.598351000" lon="16.509431000">
        <ele>0.000</ele>
      </trkpt>
      <trkpt lat="50.598260000" lon="16.509515000">
        <ele>0.000</ele>
      </trkpt>
      <trkpt lat="50.598223000" lon="16.509548000">
        <ele>0.000</ele>
      </trkpt>
      <trkpt lat="50.598006000" lon="16.509704000">
        <ele>0.000</ele>
      </trkpt>
      <trkpt lat="50.597688000" lon="16.509905000">
        <ele>0.000</ele>
      </trkpt>
      <trkpt lat="50.597589000" lon="16.509949000">
        <ele>0.000</ele>
      </trkpt>
      <trkpt lat="50.597468000" lon="16.510002000">
        <ele>0.000</ele>
      </trkpt>
      <trkpt lat="50.597086000" lon="16.510129000">
        <ele>0.000</ele>
      </trkpt>
      <trkpt lat="50.596530000" lon="16.510352000">
        <ele>0.000</ele>
      </trkpt>
      <trkpt lat="50.595906000" lon="16.510603000">
        <ele>0.000</ele>
      </trkpt>
      <trkpt lat="50.595763000" lon="16.510656000">
        <ele>0.000</ele>
      </trkpt>
      <trkpt lat="50.595434000" lon="16.510776000">
        <ele>0.000</ele>
      </trkpt>
      <trkpt lat="50.595326000" lon="16.510815000">
        <ele>0.000</ele>
      </trkpt>
      <trkpt lat="50.595244000" lon="16.510832000">
        <ele>0.000</ele>
      </trkpt>
      <trkpt lat="50.595047000" lon="16.510825000">
        <ele>0.000</ele>
      </trkpt>
      <trkpt lat="50.594588000" lon="16.510659000">
        <ele>0.000</ele>
      </trkpt>
      <trkpt lat="50.594298000" lon="16.510643000">
        <ele>0.000</ele>
      </trkpt>
      <trkpt lat="50.593809000" lon="16.510572000">
        <ele>0.000</ele>
      </trkpt>
      <trkpt lat="50.593672000" lon="16.510531000">
        <ele>0.000</ele>
      </trkpt>
      <trkpt lat="50.593623000" lon="16.510508000">
        <ele>0.000</ele>
      </trkpt>
      <trkpt lat="50.593493000" lon="16.510442000">
        <ele>0.000</ele>
      </trkpt>
      <trkpt lat="50.593376000" lon="16.510418000">
        <ele>0.000</ele>
      </trkpt>
      <trkpt lat="50.593307000" lon="16.510446000">
        <ele>0.000</ele>
      </trkpt>
      <trkpt lat="50.593264000" lon="16.510464000">
        <ele>0.000</ele>
      </trkpt>
      <trkpt lat="50.593069000" lon="16.510617000">
        <ele>0.000</ele>
      </trkpt>
      <trkpt lat="50.592322000" lon="16.511239000">
        <ele>0.000</ele>
      </trkpt>
      <trkpt lat="50.592296000" lon="16.511152000">
        <ele>0.000</ele>
      </trkpt>
      <trkpt lat="50.592242000" lon="16.510960000">
        <ele>0.000</ele>
      </trkpt>
      <trkpt lat="50.592216000" lon="16.510869000">
        <ele>0.000</ele>
      </trkpt>
      <trkpt lat="50.592191000" lon="16.510782000">
        <ele>0.000</ele>
      </trkpt>
      <trkpt lat="50.592174000" lon="16.510722000">
        <ele>0.000</ele>
      </trkpt>
      <trkpt lat="50.592067000" lon="16.510806000">
        <ele>0.000</ele>
      </trkpt>
      <trkpt lat="50.591914000" lon="16.510886000">
        <ele>0.000</ele>
      </trkpt>
      <trkpt lat="50.591818000" lon="16.510923000">
        <ele>0.000</ele>
      </trkpt>
      <trkpt lat="50.591697000" lon="16.510930000">
        <ele>0.000</ele>
      </trkpt>
      <trkpt lat="50.591620000" lon="16.510935000">
        <ele>0.000</ele>
      </trkpt>
      <trkpt lat="50.591548000" lon="16.510935000">
        <ele>0.000</ele>
      </trkpt>
      <trkpt lat="50.591537000" lon="16.510935000">
        <ele>0.000</ele>
      </trkpt>
      <trkpt lat="50.591438000" lon="16.510916000">
        <ele>0.000</ele>
      </trkpt>
      <trkpt lat="50.591408000" lon="16.510907000">
        <ele>0.000</ele>
      </trkpt>
      <trkpt lat="50.591353000" lon="16.510886000">
        <ele>0.000</ele>
      </trkpt>
      <trkpt lat="50.591261000" lon="16.510848000">
        <ele>0.000</ele>
      </trkpt>
      <trkpt lat="50.591126000" lon="16.510781000">
        <ele>0.000</ele>
      </trkpt>
      <trkpt lat="50.590802000" lon="16.510596000">
        <ele>0.000</ele>
      </trkpt>
      <trkpt lat="50.590660000" lon="16.510498000">
        <ele>0.000</ele>
      </trkpt>
      <trkpt lat="50.590594000" lon="16.510441000">
        <ele>0.000</ele>
      </trkpt>
      <trkpt lat="50.590531000" lon="16.510380000">
        <ele>0.000</ele>
      </trkpt>
      <trkpt lat="50.590481000" lon="16.510327000">
        <ele>0.000</ele>
      </trkpt>
      <trkpt lat="50.590434000" lon="16.510269000">
        <ele>0.000</ele>
      </trkpt>
      <trkpt lat="50.590388000" lon="16.510204000">
        <ele>0.000</ele>
      </trkpt>
      <trkpt lat="50.590329000" lon="16.510113000">
        <ele>0.000</ele>
      </trkpt>
      <trkpt lat="50.590268000" lon="16.509978000">
        <ele>0.000</ele>
      </trkpt>
      <trkpt lat="50.590213000" lon="16.509847000">
        <ele>0.000</ele>
      </trkpt>
      <trkpt lat="50.590120000" lon="16.509575000">
        <ele>0.000</ele>
      </trkpt>
      <trkpt lat="50.590026000" lon="16.509298000">
        <ele>0.000</ele>
      </trkpt>
      <trkpt lat="50.589916000" lon="16.509025000">
        <ele>0.000</ele>
      </trkpt>
      <trkpt lat="50.589763000" lon="16.508739000">
        <ele>0.000</ele>
      </trkpt>
      <trkpt lat="50.589718000" lon="16.508663000">
        <ele>0.000</ele>
      </trkpt>
      <trkpt lat="50.589561000" lon="16.508397000">
        <ele>0.000</ele>
      </trkpt>
      <trkpt lat="50.589556000" lon="16.508389000">
        <ele>0.000</ele>
      </trkpt>
      <trkpt lat="50.589384000" lon="16.508120000">
        <ele>0.000</ele>
      </trkpt>
      <trkpt lat="50.589363000" lon="16.508079000">
        <ele>0.000</ele>
      </trkpt>
      <trkpt lat="50.589191000" lon="16.507912000">
        <ele>0.000</ele>
      </trkpt>
      <trkpt lat="50.588740000" lon="16.507554000">
        <ele>0.000</ele>
      </trkpt>
      <trkpt lat="50.588694000" lon="16.507512000">
        <ele>0.000</ele>
      </trkpt>
      <trkpt lat="50.588492000" lon="16.507299000">
        <ele>0.000</ele>
      </trkpt>
      <trkpt lat="50.588213000" lon="16.506932000">
        <ele>0.000</ele>
      </trkpt>
      <trkpt lat="50.588147000" lon="16.506820000">
        <ele>0.000</ele>
      </trkpt>
      <trkpt lat="50.588043000" lon="16.506644000">
        <ele>0.000</ele>
      </trkpt>
      <trkpt lat="50.587865000" lon="16.506250000">
        <ele>0.000</ele>
      </trkpt>
      <trkpt lat="50.587764000" lon="16.505998000">
        <ele>0.000</ele>
      </trkpt>
      <trkpt lat="50.587717000" lon="16.505873000">
        <ele>0.000</ele>
      </trkpt>
      <trkpt lat="50.587516000" lon="16.505308000">
        <ele>0.000</ele>
      </trkpt>
      <trkpt lat="50.587495000" lon="16.505257000">
        <ele>0.000</ele>
      </trkpt>
      <trkpt lat="50.587370000" lon="16.504882000">
        <ele>0.000</ele>
      </trkpt>
      <trkpt lat="50.587294000" lon="16.504694000">
        <ele>0.000</ele>
      </trkpt>
      <trkpt lat="50.587268000" lon="16.504618000">
        <ele>0.000</ele>
      </trkpt>
      <trkpt lat="50.587192000" lon="16.504401000">
        <ele>0.000</ele>
      </trkpt>
      <trkpt lat="50.587137000" lon="16.504127000">
        <ele>0.000</ele>
      </trkpt>
      <trkpt lat="50.587111000" lon="16.504032000">
        <ele>0.000</ele>
      </trkpt>
      <trkpt lat="50.587065000" lon="16.503926000">
        <ele>0.000</ele>
      </trkpt>
      <trkpt lat="50.586871000" lon="16.503623000">
        <ele>0.000</ele>
      </trkpt>
      <trkpt lat="50.586862000" lon="16.503610000">
        <ele>0.000</ele>
      </trkpt>
      <trkpt lat="50.586775000" lon="16.503476000">
        <ele>0.000</ele>
      </trkpt>
      <trkpt lat="50.586478000" lon="16.503048000">
        <ele>0.000</ele>
      </trkpt>
      <trkpt lat="50.586353000" lon="16.502869000">
        <ele>0.000</ele>
      </trkpt>
      <trkpt lat="50.586283000" lon="16.502743000">
        <ele>0.000</ele>
      </trkpt>
      <trkpt lat="50.586099000" lon="16.502378000">
        <ele>0.000</ele>
      </trkpt>
      <trkpt lat="50.585950000" lon="16.502192000">
        <ele>0.000</ele>
      </trkpt>
      <trkpt lat="50.585783000" lon="16.502036000">
        <ele>0.000</ele>
      </trkpt>
      <trkpt lat="50.585595000" lon="16.501895000">
        <ele>0.000</ele>
      </trkpt>
      <trkpt lat="50.585460000" lon="16.501824000">
        <ele>0.000</ele>
      </trkpt>
      <trkpt lat="50.584653000" lon="16.501533000">
        <ele>0.000</ele>
      </trkpt>
      <trkpt lat="50.583904000" lon="16.501189000">
        <ele>0.000</ele>
      </trkpt>
      <trkpt lat="50.583503000" lon="16.501088000">
        <ele>0.000</ele>
      </trkpt>
      <trkpt lat="50.583414000" lon="16.501061000">
        <ele>0.000</ele>
      </trkpt>
      <trkpt lat="50.583082000" lon="16.500897000">
        <ele>0.000</ele>
      </trkpt>
      <trkpt lat="50.582724000" lon="16.500632000">
        <ele>0.000</ele>
      </trkpt>
      <trkpt lat="50.582625000" lon="16.500559000">
        <ele>0.000</ele>
      </trkpt>
      <trkpt lat="50.582386000" lon="16.500348000">
        <ele>0.000</ele>
      </trkpt>
      <trkpt lat="50.582233000" lon="16.500202000">
        <ele>0.000</ele>
      </trkpt>
      <trkpt lat="50.582040000" lon="16.500018000">
        <ele>0.000</ele>
      </trkpt>
      <trkpt lat="50.581976000" lon="16.499973000">
        <ele>0.000</ele>
      </trkpt>
      <trkpt lat="50.581846000" lon="16.500046000">
        <ele>0.000</ele>
      </trkpt>
      <trkpt lat="50.581672000" lon="16.500111000">
        <ele>0.000</ele>
      </trkpt>
      <trkpt lat="50.581630000" lon="16.500125000">
        <ele>0.000</ele>
      </trkpt>
      <trkpt lat="50.581305000" lon="16.500232000">
        <ele>0.000</ele>
      </trkpt>
      <trkpt lat="50.581225000" lon="16.500256000">
        <ele>0.000</ele>
      </trkpt>
      <trkpt lat="50.581116000" lon="16.500353000">
        <ele>0.000</ele>
      </trkpt>
      <trkpt lat="50.581065000" lon="16.500399000">
        <ele>0.000</ele>
      </trkpt>
      <trkpt lat="50.580940000" lon="16.500558000">
        <ele>0.000</ele>
      </trkpt>
      <trkpt lat="50.580889000" lon="16.500622000">
        <ele>0.000</ele>
      </trkpt>
      <trkpt lat="50.580854000" lon="16.500647000">
        <ele>0.000</ele>
      </trkpt>
      <trkpt lat="50.580836000" lon="16.500650000">
        <ele>0.000</ele>
      </trkpt>
      <trkpt lat="50.580815000" lon="16.500655000">
        <ele>0.000</ele>
      </trkpt>
      <trkpt lat="50.580754000" lon="16.500635000">
        <ele>0.000</ele>
      </trkpt>
      <trkpt lat="50.580676000" lon="16.500550000">
        <ele>0.000</ele>
      </trkpt>
      <trkpt lat="50.580502000" lon="16.500346000">
        <ele>0.000</ele>
      </trkpt>
      <trkpt lat="50.580363000" lon="16.500145000">
        <ele>0.000</ele>
      </trkpt>
      <trkpt lat="50.580179000" lon="16.499866000">
        <ele>0.000</ele>
      </trkpt>
      <trkpt lat="50.580123000" lon="16.499780000">
        <ele>0.000</ele>
      </trkpt>
      <trkpt lat="50.579889000" lon="16.499416000">
        <ele>0.000</ele>
      </trkpt>
      <trkpt lat="50.579852000" lon="16.499288000">
        <ele>0.000</ele>
      </trkpt>
      <trkpt lat="50.579696000" lon="16.498747000">
        <ele>0.000</ele>
      </trkpt>
      <trkpt lat="50.579475000" lon="16.497986000">
        <ele>0.000</ele>
      </trkpt>
      <trkpt lat="50.579473000" lon="16.497783000">
        <ele>0.000</ele>
      </trkpt>
      <trkpt lat="50.579523000" lon="16.497591000">
        <ele>0.000</ele>
      </trkpt>
      <trkpt lat="50.579760000" lon="16.497073000">
        <ele>0.000</ele>
      </trkpt>
      <trkpt lat="50.579886000" lon="16.496795000">
        <ele>0.000</ele>
      </trkpt>
      <trkpt lat="50.579926000" lon="16.496662000">
        <ele>0.000</ele>
      </trkpt>
      <trkpt lat="50.579939000" lon="16.496517000">
        <ele>0.000</ele>
      </trkpt>
      <trkpt lat="50.579929000" lon="16.496382000">
        <ele>0.000</ele>
      </trkpt>
      <trkpt lat="50.579825000" lon="16.495899000">
        <ele>0.000</ele>
      </trkpt>
      <trkpt lat="50.579785000" lon="16.495725000">
        <ele>0.000</ele>
      </trkpt>
      <trkpt lat="50.579757000" lon="16.495524000">
        <ele>0.000</ele>
      </trkpt>
      <trkpt lat="50.579770000" lon="16.494455000">
        <ele>0.000</ele>
      </trkpt>
      <trkpt lat="50.579739000" lon="16.494143000">
        <ele>0.000</ele>
      </trkpt>
      <trkpt lat="50.579723000" lon="16.494011000">
        <ele>0.000</ele>
      </trkpt>
      <trkpt lat="50.579649000" lon="16.493538000">
        <ele>0.000</ele>
      </trkpt>
      <trkpt lat="50.579627000" lon="16.493102000">
        <ele>0.000</ele>
      </trkpt>
      <trkpt lat="50.579630000" lon="16.492826000">
        <ele>0.000</ele>
      </trkpt>
      <trkpt lat="50.579631000" lon="16.492311000">
        <ele>0.000</ele>
      </trkpt>
      <trkpt lat="50.579693000" lon="16.491755000">
        <ele>0.000</ele>
      </trkpt>
      <trkpt lat="50.579745000" lon="16.491561000">
        <ele>0.000</ele>
      </trkpt>
      <trkpt lat="50.579797000" lon="16.491399000">
        <ele>0.000</ele>
      </trkpt>
      <trkpt lat="50.579905000" lon="16.491033000">
        <ele>0.000</ele>
      </trkpt>
      <trkpt lat="50.579955000" lon="16.490851000">
        <ele>0.000</ele>
      </trkpt>
      <trkpt lat="50.580064000" lon="16.490458000">
        <ele>0.000</ele>
      </trkpt>
      <trkpt lat="50.580169000" lon="16.490054000">
        <ele>0.000</ele>
      </trkpt>
      <trkpt lat="50.580201000" lon="16.489885000">
        <ele>0.000</ele>
      </trkpt>
      <trkpt lat="50.580298000" lon="16.489366000">
        <ele>0.000</ele>
      </trkpt>
      <trkpt lat="50.580342000" lon="16.488915000">
        <ele>0.000</ele>
      </trkpt>
      <trkpt lat="50.580349000" lon="16.488688000">
        <ele>0.000</ele>
      </trkpt>
      <trkpt lat="50.580335000" lon="16.488456000">
        <ele>0.000</ele>
      </trkpt>
      <trkpt lat="50.580326000" lon="16.488273000">
        <ele>0.000</ele>
      </trkpt>
      <trkpt lat="50.580308000" lon="16.488079000">
        <ele>0.000</ele>
      </trkpt>
      <trkpt lat="50.580274000" lon="16.487790000">
        <ele>0.000</ele>
      </trkpt>
      <trkpt lat="50.580124000" lon="16.486671000">
        <ele>0.000</ele>
      </trkpt>
      <trkpt lat="50.580118000" lon="16.486608000">
        <ele>0.000</ele>
      </trkpt>
      <trkpt lat="50.580104000" lon="16.486479000">
        <ele>0.000</ele>
      </trkpt>
      <trkpt lat="50.580093000" lon="16.486390000">
        <ele>0.000</ele>
      </trkpt>
      <trkpt lat="50.580068000" lon="16.486169000">
        <ele>0.000</ele>
      </trkpt>
      <trkpt lat="50.580003000" lon="16.485604000">
        <ele>0.000</ele>
      </trkpt>
      <trkpt lat="50.579920000" lon="16.485078000">
        <ele>0.000</ele>
      </trkpt>
      <trkpt lat="50.579809000" lon="16.484702000">
        <ele>0.000</ele>
      </trkpt>
      <trkpt lat="50.579679000" lon="16.484401000">
        <ele>0.000</ele>
      </trkpt>
      <trkpt lat="50.579332000" lon="16.483734000">
        <ele>0.000</ele>
      </trkpt>
      <trkpt lat="50.579029000" lon="16.483229000">
        <ele>0.000</ele>
      </trkpt>
      <trkpt lat="50.578779000" lon="16.482822000">
        <ele>0.000</ele>
      </trkpt>
      <trkpt lat="50.578656000" lon="16.482645000">
        <ele>0.000</ele>
      </trkpt>
      <trkpt lat="50.578154000" lon="16.481964000">
        <ele>0.000</ele>
      </trkpt>
      <trkpt lat="50.577712000" lon="16.481306000">
        <ele>0.000</ele>
      </trkpt>
      <trkpt lat="50.577585000" lon="16.481099000">
        <ele>0.000</ele>
      </trkpt>
      <trkpt lat="50.577422000" lon="16.480829000">
        <ele>0.000</ele>
      </trkpt>
      <trkpt lat="50.576760000" lon="16.479626000">
        <ele>0.000</ele>
      </trkpt>
      <trkpt lat="50.576662000" lon="16.479415000">
        <ele>0.000</ele>
      </trkpt>
      <trkpt lat="50.576492000" lon="16.479049000">
        <ele>0.000</ele>
      </trkpt>
      <trkpt lat="50.576221000" lon="16.478366000">
        <ele>0.000</ele>
      </trkpt>
      <trkpt lat="50.576094000" lon="16.478038000">
        <ele>0.000</ele>
      </trkpt>
      <trkpt lat="50.575849000" lon="16.477433000">
        <ele>0.000</ele>
      </trkpt>
      <trkpt lat="50.575640000" lon="16.476911000">
        <ele>0.000</ele>
      </trkpt>
      <trkpt lat="50.575501000" lon="16.476602000">
        <ele>0.000</ele>
      </trkpt>
      <trkpt lat="50.575413000" lon="16.476408000">
        <ele>0.000</ele>
      </trkpt>
      <trkpt lat="50.575333000" lon="16.476241000">
        <ele>0.000</ele>
      </trkpt>
      <trkpt lat="50.575263000" lon="16.476116000">
        <ele>0.000</ele>
      </trkpt>
      <trkpt lat="50.575219000" lon="16.476050000">
        <ele>0.000</ele>
      </trkpt>
      <trkpt lat="50.575109000" lon="16.475887000">
        <ele>0.000</ele>
      </trkpt>
      <trkpt lat="50.575059000" lon="16.475829000">
        <ele>0.000</ele>
      </trkpt>
      <trkpt lat="50.574975000" lon="16.475780000">
        <ele>0.000</ele>
      </trkpt>
      <trkpt lat="50.574938000" lon="16.475758000">
        <ele>0.000</ele>
      </trkpt>
      <trkpt lat="50.574909000" lon="16.475741000">
        <ele>0.000</ele>
      </trkpt>
      <trkpt lat="50.574781000" lon="16.475690000">
        <ele>0.000</ele>
      </trkpt>
      <trkpt lat="50.574622000" lon="16.475643000">
        <ele>0.000</ele>
      </trkpt>
      <trkpt lat="50.573994000" lon="16.475469000">
        <ele>0.000</ele>
      </trkpt>
      <trkpt lat="50.573820000" lon="16.475405000">
        <ele>0.000</ele>
      </trkpt>
      <trkpt lat="50.573584000" lon="16.475298000">
        <ele>0.000</ele>
      </trkpt>
      <trkpt lat="50.573579000" lon="16.475344000">
        <ele>0.000</ele>
      </trkpt>
      <trkpt lat="50.573569000" lon="16.475430000">
        <ele>0.000</ele>
      </trkpt>
      <trkpt lat="50.573022000" lon="16.475436000">
        <ele>0.000</ele>
      </trkpt>
      <trkpt lat="50.572733000" lon="16.475371000">
        <ele>0.000</ele>
      </trkpt>
      <trkpt lat="50.572625000" lon="16.475343000">
        <ele>0.000</ele>
      </trkpt>
      <trkpt lat="50.572523000" lon="16.475261000">
        <ele>0.000</ele>
      </trkpt>
      <trkpt lat="50.572384000" lon="16.475130000">
        <ele>0.000</ele>
      </trkpt>
      <trkpt lat="50.572255000" lon="16.474992000">
        <ele>0.000</ele>
      </trkpt>
      <trkpt lat="50.572094000" lon="16.474852000">
        <ele>0.000</ele>
      </trkpt>
      <trkpt lat="50.571996000" lon="16.474777000">
        <ele>0.000</ele>
      </trkpt>
      <trkpt lat="50.571942000" lon="16.474755000">
        <ele>0.000</ele>
      </trkpt>
      <trkpt lat="50.571595000" lon="16.474585000">
        <ele>0.000</ele>
      </trkpt>
      <trkpt lat="50.571552000" lon="16.474564000">
        <ele>0.000</ele>
      </trkpt>
      <trkpt lat="50.571191000" lon="16.474297000">
        <ele>0.000</ele>
      </trkpt>
      <trkpt lat="50.571148000" lon="16.474327000">
        <ele>0.000</ele>
      </trkpt>
      <trkpt lat="50.571016000" lon="16.474390000">
        <ele>0.000</ele>
      </trkpt>
      <trkpt lat="50.570977000" lon="16.474392000">
        <ele>0.000</ele>
      </trkpt>
      <trkpt lat="50.570815000" lon="16.474193000">
        <ele>0.000</ele>
      </trkpt>
      <trkpt lat="50.570719000" lon="16.474094000">
        <ele>0.000</ele>
      </trkpt>
      <trkpt lat="50.570594000" lon="16.474004000">
        <ele>0.000</ele>
      </trkpt>
      <trkpt lat="50.570358000" lon="16.473832000">
        <ele>0.000</ele>
      </trkpt>
      <trkpt lat="50.570261000" lon="16.473783000">
        <ele>0.000</ele>
      </trkpt>
      <trkpt lat="50.570163000" lon="16.473774000">
        <ele>0.000</ele>
      </trkpt>
      <trkpt lat="50.570119000" lon="16.473767000">
        <ele>0.000</ele>
      </trkpt>
      <trkpt lat="50.570055000" lon="16.473757000">
        <ele>0.000</ele>
      </trkpt>
      <trkpt lat="50.569946000" lon="16.473761000">
        <ele>0.000</ele>
      </trkpt>
      <trkpt lat="50.569751000" lon="16.473779000">
        <ele>0.000</ele>
      </trkpt>
      <trkpt lat="50.569556000" lon="16.473818000">
        <ele>0.000</ele>
      </trkpt>
      <trkpt lat="50.569261000" lon="16.473900000">
        <ele>0.000</ele>
      </trkpt>
      <trkpt lat="50.569176000" lon="16.473908000">
        <ele>0.000</ele>
      </trkpt>
      <trkpt lat="50.569104000" lon="16.473911000">
        <ele>0.000</ele>
      </trkpt>
      <trkpt lat="50.568959000" lon="16.473891000">
        <ele>0.000</ele>
      </trkpt>
      <trkpt lat="50.568842000" lon="16.473845000">
        <ele>0.000</ele>
      </trkpt>
      <trkpt lat="50.568725000" lon="16.473797000">
        <ele>0.000</ele>
      </trkpt>
      <trkpt lat="50.568413000" lon="16.473572000">
        <ele>0.000</ele>
      </trkpt>
      <trkpt lat="50.568243000" lon="16.473460000">
        <ele>0.000</ele>
      </trkpt>
      <trkpt lat="50.568164000" lon="16.473400000">
        <ele>0.000</ele>
      </trkpt>
      <trkpt lat="50.568086000" lon="16.473373000">
        <ele>0.000</ele>
      </trkpt>
      <trkpt lat="50.567946000" lon="16.473362000">
        <ele>0.000</ele>
      </trkpt>
      <trkpt lat="50.567809000" lon="16.473370000">
        <ele>0.000</ele>
      </trkpt>
      <trkpt lat="50.567701000" lon="16.473407000">
        <ele>0.000</ele>
      </trkpt>
      <trkpt lat="50.567604000" lon="16.473453000">
        <ele>0.000</ele>
      </trkpt>
      <trkpt lat="50.567538000" lon="16.473480000">
        <ele>0.000</ele>
      </trkpt>
      <trkpt lat="50.567477000" lon="16.473506000">
        <ele>0.000</ele>
      </trkpt>
      <trkpt lat="50.567324000" lon="16.473552000">
        <ele>0.000</ele>
      </trkpt>
      <trkpt lat="50.567019000" lon="16.473560000">
        <ele>0.000</ele>
      </trkpt>
      <trkpt lat="50.566768000" lon="16.473570000">
        <ele>0.000</ele>
      </trkpt>
      <trkpt lat="50.566677000" lon="16.473572000">
        <ele>0.000</ele>
      </trkpt>
      <trkpt lat="50.566440000" lon="16.473541000">
        <ele>0.000</ele>
      </trkpt>
      <trkpt lat="50.565756000" lon="16.473435000">
        <ele>0.000</ele>
      </trkpt>
      <trkpt lat="50.565536000" lon="16.473372000">
        <ele>0.000</ele>
      </trkpt>
      <trkpt lat="50.565228000" lon="16.473246000">
        <ele>0.000</ele>
      </trkpt>
      <trkpt lat="50.564652000" lon="16.472881000">
        <ele>0.000</ele>
      </trkpt>
      <trkpt lat="50.563714000" lon="16.472276000">
        <ele>0.000</ele>
      </trkpt>
      <trkpt lat="50.563351000" lon="16.471981000">
        <ele>0.000</ele>
      </trkpt>
      <trkpt lat="50.563240000" lon="16.471886000">
        <ele>0.000</ele>
      </trkpt>
      <trkpt lat="50.562973000" lon="16.471656000">
        <ele>0.000</ele>
      </trkpt>
      <trkpt lat="50.562793000" lon="16.471541000">
        <ele>0.000</ele>
      </trkpt>
      <trkpt lat="50.562705000" lon="16.471501000">
        <ele>0.000</ele>
      </trkpt>
      <trkpt lat="50.562576000" lon="16.471464000">
        <ele>0.000</ele>
      </trkpt>
      <trkpt lat="50.562336000" lon="16.471367000">
        <ele>0.000</ele>
      </trkpt>
      <trkpt lat="50.562028000" lon="16.471193000">
        <ele>0.000</ele>
      </trkpt>
      <trkpt lat="50.561911000" lon="16.471137000">
        <ele>0.000</ele>
      </trkpt>
      <trkpt lat="50.561822000" lon="16.471111000">
        <ele>0.000</ele>
      </trkpt>
      <trkpt lat="50.561729000" lon="16.471106000">
        <ele>0.000</ele>
      </trkpt>
      <trkpt lat="50.561629000" lon="16.471137000">
        <ele>0.000</ele>
      </trkpt>
      <trkpt lat="50.561548000" lon="16.471174000">
        <ele>0.000</ele>
      </trkpt>
      <trkpt lat="50.561164000" lon="16.471341000">
        <ele>0.000</ele>
      </trkpt>
      <trkpt lat="50.561043000" lon="16.471401000">
        <ele>0.000</ele>
      </trkpt>
      <trkpt lat="50.560764000" lon="16.471483000">
        <ele>0.000</ele>
      </trkpt>
      <trkpt lat="50.560090000" lon="16.471690000">
        <ele>0.000</ele>
      </trkpt>
      <trkpt lat="50.559992000" lon="16.471803000">
        <ele>0.000</ele>
      </trkpt>
      <trkpt lat="50.559936000" lon="16.471933000">
        <ele>0.000</ele>
      </trkpt>
      <trkpt lat="50.559884000" lon="16.472046000">
        <ele>0.000</ele>
      </trkpt>
      <trkpt lat="50.559608000" lon="16.472386000">
        <ele>0.000</ele>
      </trkpt>
      <trkpt lat="50.559306000" lon="16.472522000">
        <ele>0.000</ele>
      </trkpt>
      <trkpt lat="50.558749000" lon="16.472700000">
        <ele>0.000</ele>
      </trkpt>
      <trkpt lat="50.558192000" lon="16.472803000">
        <ele>0.000</ele>
      </trkpt>
      <trkpt lat="50.557592000" lon="16.472773000">
        <ele>0.000</ele>
      </trkpt>
      <trkpt lat="50.557100000" lon="16.472718000">
        <ele>0.000</ele>
      </trkpt>
      <trkpt lat="50.556742000" lon="16.472686000">
        <ele>0.000</ele>
      </trkpt>
      <trkpt lat="50.556512000" lon="16.472637000">
        <ele>0.000</ele>
      </trkpt>
      <trkpt lat="50.555932000" lon="16.472369000">
        <ele>0.000</ele>
      </trkpt>
      <trkpt lat="50.555229000" lon="16.472034000">
        <ele>0.000</ele>
      </trkpt>
      <trkpt lat="50.554817000" lon="16.471738000">
        <ele>0.000</ele>
      </trkpt>
      <trkpt lat="50.554458000" lon="16.471507000">
        <ele>0.000</ele>
      </trkpt>
      <trkpt lat="50.554006000" lon="16.471271000">
        <ele>0.000</ele>
      </trkpt>
      <trkpt lat="50.553309000" lon="16.471104000">
        <ele>0.000</ele>
      </trkpt>
      <trkpt lat="50.552739000" lon="16.471037000">
        <ele>0.000</ele>
      </trkpt>
      <trkpt lat="50.552223000" lon="16.470896000">
        <ele>0.000</ele>
      </trkpt>
      <trkpt lat="50.551426000" lon="16.470475000">
        <ele>0.000</ele>
      </trkpt>
      <trkpt lat="50.551198000" lon="16.470218000">
        <ele>0.000</ele>
      </trkpt>
      <trkpt lat="50.550612000" lon="16.469544000">
        <ele>0.000</ele>
      </trkpt>
      <trkpt lat="50.550214000" lon="16.469110000">
        <ele>0.000</ele>
      </trkpt>
      <trkpt lat="50.549895000" lon="16.468773000">
        <ele>0.000</ele>
      </trkpt>
      <trkpt lat="50.549848000" lon="16.468663000">
        <ele>0.000</ele>
      </trkpt>
      <trkpt lat="50.549722000" lon="16.468272000">
        <ele>0.000</ele>
      </trkpt>
      <trkpt lat="50.549559000" lon="16.467862000">
        <ele>0.000</ele>
      </trkpt>
      <trkpt lat="50.549468000" lon="16.467646000">
        <ele>0.000</ele>
      </trkpt>
      <trkpt lat="50.549140000" lon="16.467175000">
        <ele>0.000</ele>
      </trkpt>
      <trkpt lat="50.548931000" lon="16.466911000">
        <ele>0.000</ele>
      </trkpt>
      <trkpt lat="50.548788000" lon="16.466768000">
        <ele>0.000</ele>
      </trkpt>
      <trkpt lat="50.548236000" lon="16.466360000">
        <ele>0.000</ele>
      </trkpt>
      <trkpt lat="50.547964000" lon="16.466206000">
        <ele>0.000</ele>
      </trkpt>
      <trkpt lat="50.547820000" lon="16.466124000">
        <ele>0.000</ele>
      </trkpt>
      <trkpt lat="50.547029000" lon="16.465773000">
        <ele>0.000</ele>
      </trkpt>
      <trkpt lat="50.546246000" lon="16.465467000">
        <ele>0.000</ele>
      </trkpt>
      <trkpt lat="50.546061000" lon="16.465424000">
        <ele>0.000</ele>
      </trkpt>
      <trkpt lat="50.545989000" lon="16.465432000">
        <ele>0.000</ele>
      </trkpt>
      <trkpt lat="50.545890000" lon="16.465429000">
        <ele>0.000</ele>
      </trkpt>
      <trkpt lat="50.545781000" lon="16.465384000">
        <ele>0.000</ele>
      </trkpt>
      <trkpt lat="50.545495000" lon="16.465084000">
        <ele>0.000</ele>
      </trkpt>
      <trkpt lat="50.544750000" lon="16.464281000">
        <ele>0.000</ele>
      </trkpt>
      <trkpt lat="50.544618000" lon="16.464119000">
        <ele>0.000</ele>
      </trkpt>
      <trkpt lat="50.544389000" lon="16.463793000">
        <ele>0.000</ele>
      </trkpt>
      <trkpt lat="50.544198000" lon="16.463560000">
        <ele>0.000</ele>
      </trkpt>
      <trkpt lat="50.543794000" lon="16.463094000">
        <ele>0.000</ele>
      </trkpt>
      <trkpt lat="50.543761000" lon="16.463031000">
        <ele>0.000</ele>
      </trkpt>
      <trkpt lat="50.543730000" lon="16.462971000">
        <ele>0.000</ele>
      </trkpt>
      <trkpt lat="50.543409000" lon="16.463145000">
        <ele>0.000</ele>
      </trkpt>
      <trkpt lat="50.543110000" lon="16.463286000">
        <ele>0.000</ele>
      </trkpt>
      <trkpt lat="50.543034000" lon="16.463323000">
        <ele>0.000</ele>
      </trkpt>
      <trkpt lat="50.542851000" lon="16.463425000">
        <ele>0.000</ele>
      </trkpt>
      <trkpt lat="50.542717000" lon="16.463516000">
        <ele>0.000</ele>
      </trkpt>
      <trkpt lat="50.542555000" lon="16.463688000">
        <ele>0.000</ele>
      </trkpt>
      <trkpt lat="50.542405000" lon="16.463925000">
        <ele>0.000</ele>
      </trkpt>
      <trkpt lat="50.542280000" lon="16.464167000">
        <ele>0.000</ele>
      </trkpt>
      <trkpt lat="50.542120000" lon="16.464569000">
        <ele>0.000</ele>
      </trkpt>
      <trkpt lat="50.542014000" lon="16.464972000">
        <ele>0.000</ele>
      </trkpt>
      <trkpt lat="50.541938000" lon="16.465349000">
        <ele>0.000</ele>
      </trkpt>
      <trkpt lat="50.541904000" lon="16.465519000">
        <ele>0.000</ele>
      </trkpt>
      <trkpt lat="50.541814000" lon="16.465864000">
        <ele>0.000</ele>
      </trkpt>
      <trkpt lat="50.541774000" lon="16.466019000">
        <ele>0.000</ele>
      </trkpt>
      <trkpt lat="50.541666000" lon="16.466268000">
        <ele>0.000</ele>
      </trkpt>
      <trkpt lat="50.541525000" lon="16.466533000">
        <ele>0.000</ele>
      </trkpt>
      <trkpt lat="50.541412000" lon="16.466765000">
        <ele>0.000</ele>
      </trkpt>
      <trkpt lat="50.541148000" lon="16.467210000">
        <ele>0.000</ele>
      </trkpt>
      <trkpt lat="50.540731000" lon="16.467778000">
        <ele>0.000</ele>
      </trkpt>
      <trkpt lat="50.540421000" lon="16.468221000">
        <ele>0.000</ele>
      </trkpt>
      <trkpt lat="50.540195000" lon="16.468587000">
        <ele>0.000</ele>
      </trkpt>
      <trkpt lat="50.540069000" lon="16.468817000">
        <ele>0.000</ele>
      </trkpt>
      <trkpt lat="50.539942000" lon="16.469078000">
        <ele>0.000</ele>
      </trkpt>
      <trkpt lat="50.539731000" lon="16.469578000">
        <ele>0.000</ele>
      </trkpt>
      <trkpt lat="50.539533000" lon="16.470078000">
        <ele>0.000</ele>
      </trkpt>
      <trkpt lat="50.539352000" lon="16.470539000">
        <ele>0.000</ele>
      </trkpt>
      <trkpt lat="50.539310000" lon="16.470530000">
        <ele>0.000</ele>
      </trkpt>
      <trkpt lat="50.539271000" lon="16.470545000">
        <ele>0.000</ele>
      </trkpt>
      <trkpt lat="50.539218000" lon="16.470639000">
        <ele>0.000</ele>
      </trkpt>
      <trkpt lat="50.539144000" lon="16.470849000">
        <ele>0.000</ele>
      </trkpt>
      <trkpt lat="50.539075000" lon="16.470973000">
        <ele>0.000</ele>
      </trkpt>
      <trkpt lat="50.539019000" lon="16.471044000">
        <ele>0.000</ele>
      </trkpt>
      <trkpt lat="50.538955000" lon="16.471075000">
        <ele>0.000</ele>
      </trkpt>
      <trkpt lat="50.538897000" lon="16.471066000">
        <ele>0.000</ele>
      </trkpt>
      <trkpt lat="50.538839000" lon="16.471023000">
        <ele>0.000</ele>
      </trkpt>
      <trkpt lat="50.538674000" lon="16.470735000">
        <ele>0.000</ele>
      </trkpt>
      <trkpt lat="50.538397000" lon="16.470319000">
        <ele>0.000</ele>
      </trkpt>
      <trkpt lat="50.538244000" lon="16.470090000">
        <ele>0.000</ele>
      </trkpt>
      <trkpt lat="50.538099000" lon="16.469894000">
        <ele>0.000</ele>
      </trkpt>
      <trkpt lat="50.537994000" lon="16.469767000">
        <ele>0.000</ele>
      </trkpt>
      <trkpt lat="50.537895000" lon="16.469672000">
        <ele>0.000</ele>
      </trkpt>
      <trkpt lat="50.537714000" lon="16.469579000">
        <ele>0.000</ele>
      </trkpt>
      <trkpt lat="50.537674000" lon="16.469580000">
        <ele>0.000</ele>
      </trkpt>
      <trkpt lat="50.537631000" lon="16.469595000">
        <ele>0.000</ele>
      </trkpt>
      <trkpt lat="50.537596000" lon="16.469641000">
        <ele>0.000</ele>
      </trkpt>
      <trkpt lat="50.537571000" lon="16.469711000">
        <ele>0.000</ele>
      </trkpt>
      <trkpt lat="50.537504000" lon="16.470004000">
        <ele>0.000</ele>
      </trkpt>
      <trkpt lat="50.537461000" lon="16.470162000">
        <ele>0.000</ele>
      </trkpt>
      <trkpt lat="50.537419000" lon="16.470294000">
        <ele>0.000</ele>
      </trkpt>
      <trkpt lat="50.537371000" lon="16.470428000">
        <ele>0.000</ele>
      </trkpt>
      <trkpt lat="50.537141000" lon="16.470956000">
        <ele>0.000</ele>
      </trkpt>
      <trkpt lat="50.537060000" lon="16.471161000">
        <ele>0.000</ele>
      </trkpt>
      <trkpt lat="50.536975000" lon="16.471370000">
        <ele>0.000</ele>
      </trkpt>
      <trkpt lat="50.536822000" lon="16.471781000">
        <ele>0.000</ele>
      </trkpt>
      <trkpt lat="50.536666000" lon="16.472220000">
        <ele>0.000</ele>
      </trkpt>
      <trkpt lat="50.536620000" lon="16.472333000">
        <ele>0.000</ele>
      </trkpt>
      <trkpt lat="50.536558000" lon="16.472440000">
        <ele>0.000</ele>
      </trkpt>
      <trkpt lat="50.536425000" lon="16.472627000">
        <ele>0.000</ele>
      </trkpt>
      <trkpt lat="50.536394000" lon="16.472675000">
        <ele>0.000</ele>
      </trkpt>
      <trkpt lat="50.536331000" lon="16.472806000">
        <ele>0.000</ele>
      </trkpt>
      <trkpt lat="50.536219000" lon="16.473161000">
        <ele>0.000</ele>
      </trkpt>
      <trkpt lat="50.536039000" lon="16.473600000">
        <ele>0.000</ele>
      </trkpt>
      <trkpt lat="50.535796000" lon="16.474035000">
        <ele>0.000</ele>
      </trkpt>
      <trkpt lat="50.535636000" lon="16.474386000">
        <ele>0.000</ele>
      </trkpt>
      <trkpt lat="50.535438000" lon="16.474813000">
        <ele>0.000</ele>
      </trkpt>
      <trkpt lat="50.535389000" lon="16.474886000">
        <ele>0.000</ele>
      </trkpt>
      <trkpt lat="50.535328000" lon="16.474938000">
        <ele>0.000</ele>
      </trkpt>
      <trkpt lat="50.535228000" lon="16.474991000">
        <ele>0.000</ele>
      </trkpt>
      <trkpt lat="50.535018000" lon="16.475104000">
        <ele>0.000</ele>
      </trkpt>
      <trkpt lat="50.534913000" lon="16.475183000">
        <ele>0.000</ele>
      </trkpt>
      <trkpt lat="50.534837000" lon="16.475265000">
        <ele>0.000</ele>
      </trkpt>
      <trkpt lat="50.534748000" lon="16.475394000">
        <ele>0.000</ele>
      </trkpt>
      <trkpt lat="50.534672000" lon="16.475533000">
        <ele>0.000</ele>
      </trkpt>
      <trkpt lat="50.534525000" lon="16.475734000">
        <ele>0.000</ele>
      </trkpt>
      <trkpt lat="50.534417000" lon="16.475869000">
        <ele>0.000</ele>
      </trkpt>
      <trkpt lat="50.534281000" lon="16.475995000">
        <ele>0.000</ele>
      </trkpt>
      <trkpt lat="50.533979000" lon="16.476195000">
        <ele>0.000</ele>
      </trkpt>
      <trkpt lat="50.533586000" lon="16.476536000">
        <ele>0.000</ele>
      </trkpt>
      <trkpt lat="50.533433000" lon="16.476589000">
        <ele>0.000</ele>
      </trkpt>
      <trkpt lat="50.533237000" lon="16.476702000">
        <ele>0.000</ele>
      </trkpt>
      <trkpt lat="50.533113000" lon="16.476832000">
        <ele>0.000</ele>
      </trkpt>
      <trkpt lat="50.532895000" lon="16.477035000">
        <ele>0.000</ele>
      </trkpt>
      <trkpt lat="50.532637000" lon="16.477415000">
        <ele>0.000</ele>
      </trkpt>
      <trkpt lat="50.532504000" lon="16.477681000">
        <ele>0.000</ele>
      </trkpt>
      <trkpt lat="50.532310000" lon="16.478045000">
        <ele>0.000</ele>
      </trkpt>
      <trkpt lat="50.532174000" lon="16.478301000">
        <ele>0.000</ele>
      </trkpt>
      <trkpt lat="50.531995000" lon="16.478641000">
        <ele>0.000</ele>
      </trkpt>
      <trkpt lat="50.531972000" lon="16.478682000">
        <ele>0.000</ele>
      </trkpt>
      <trkpt lat="50.531857000" lon="16.478894000">
        <ele>0.000</ele>
      </trkpt>
      <trkpt lat="50.531798000" lon="16.478974000">
        <ele>0.000</ele>
      </trkpt>
      <trkpt lat="50.531733000" lon="16.479049000">
        <ele>0.000</ele>
      </trkpt>
      <trkpt lat="50.531640000" lon="16.479150000">
        <ele>0.000</ele>
      </trkpt>
      <trkpt lat="50.531535000" lon="16.479249000">
        <ele>0.000</ele>
      </trkpt>
      <trkpt lat="50.531274000" lon="16.479493000">
        <ele>0.000</ele>
      </trkpt>
      <trkpt lat="50.531133000" lon="16.479623000">
        <ele>0.000</ele>
      </trkpt>
      <trkpt lat="50.531048000" lon="16.479733000">
        <ele>0.000</ele>
      </trkpt>
      <trkpt lat="50.531066000" lon="16.479796000">
        <ele>0.000</ele>
      </trkpt>
      <trkpt lat="50.531148000" lon="16.480099000">
        <ele>0.000</ele>
      </trkpt>
      <trkpt lat="50.531172000" lon="16.480195000">
        <ele>0.000</ele>
      </trkpt>
      <trkpt lat="50.531124000" lon="16.480242000">
        <ele>0.000</ele>
      </trkpt>
      <trkpt lat="50.531028000" lon="16.480303000">
        <ele>0.000</ele>
      </trkpt>
      <trkpt lat="50.530348000" lon="16.480585000">
        <ele>0.000</ele>
      </trkpt>
      <trkpt lat="50.530186000" lon="16.480617000">
        <ele>0.000</ele>
      </trkpt>
      <trkpt lat="50.529789000" lon="16.480580000">
        <ele>0.000</ele>
      </trkpt>
      <trkpt lat="50.529663000" lon="16.480581000">
        <ele>0.000</ele>
      </trkpt>
      <trkpt lat="50.529564000" lon="16.480598000">
        <ele>0.000</ele>
      </trkpt>
      <trkpt lat="50.529065000" lon="16.480757000">
        <ele>0.000</ele>
      </trkpt>
      <trkpt lat="50.528696000" lon="16.480925000">
        <ele>0.000</ele>
      </trkpt>
      <trkpt lat="50.528587000" lon="16.480957000">
        <ele>0.000</ele>
      </trkpt>
      <trkpt lat="50.528492000" lon="16.480982000">
        <ele>0.000</ele>
      </trkpt>
      <trkpt lat="50.528417000" lon="16.481039000">
        <ele>0.000</ele>
      </trkpt>
      <trkpt lat="50.528239000" lon="16.481121000">
        <ele>0.000</ele>
      </trkpt>
      <trkpt lat="50.528153000" lon="16.481138000">
        <ele>0.000</ele>
      </trkpt>
      <trkpt lat="50.528004000" lon="16.481154000">
        <ele>0.000</ele>
      </trkpt>
      <trkpt lat="50.527705000" lon="16.481227000">
        <ele>0.000</ele>
      </trkpt>
      <trkpt lat="50.527630000" lon="16.481257000">
        <ele>0.000</ele>
      </trkpt>
      <trkpt lat="50.527562000" lon="16.481308000">
        <ele>0.000</ele>
      </trkpt>
      <trkpt lat="50.527458000" lon="16.481421000">
        <ele>0.000</ele>
      </trkpt>
      <trkpt lat="50.527271000" lon="16.481727000">
        <ele>0.000</ele>
      </trkpt>
      <trkpt lat="50.527140000" lon="16.481940000">
        <ele>0.000</ele>
      </trkpt>
      <trkpt lat="50.527084000" lon="16.481839000">
        <ele>0.000</ele>
      </trkpt>
      <trkpt lat="50.527004000" lon="16.481762000">
        <ele>0.000</ele>
      </trkpt>
      <trkpt lat="50.526859000" lon="16.481670000">
        <ele>0.000</ele>
      </trkpt>
      <trkpt lat="50.526763000" lon="16.481625000">
        <ele>0.000</ele>
      </trkpt>
      <trkpt lat="50.526687000" lon="16.481597000">
        <ele>0.000</ele>
      </trkpt>
      <trkpt lat="50.526610000" lon="16.481596000">
        <ele>0.000</ele>
      </trkpt>
      <trkpt lat="50.526541000" lon="16.481623000">
        <ele>0.000</ele>
      </trkpt>
      <trkpt lat="50.526458000" lon="16.481686000">
        <ele>0.000</ele>
      </trkpt>
      <trkpt lat="50.526384000" lon="16.481747000">
        <ele>0.000</ele>
      </trkpt>
      <trkpt lat="50.526295000" lon="16.481826000">
        <ele>0.000</ele>
      </trkpt>
      <trkpt lat="50.526228000" lon="16.481858000">
        <ele>0.000</ele>
      </trkpt>
      <trkpt lat="50.526178000" lon="16.481859000">
        <ele>0.000</ele>
      </trkpt>
      <trkpt lat="50.526096000" lon="16.481860000">
        <ele>0.000</ele>
      </trkpt>
      <trkpt lat="50.526009000" lon="16.481853000">
        <ele>0.000</ele>
      </trkpt>
      <trkpt lat="50.525884000" lon="16.481844000">
        <ele>0.000</ele>
      </trkpt>
      <trkpt lat="50.525768000" lon="16.481893000">
        <ele>0.000</ele>
      </trkpt>
      <trkpt lat="50.525650000" lon="16.481969000">
        <ele>0.000</ele>
      </trkpt>
      <trkpt lat="50.525066000" lon="16.482403000">
        <ele>0.000</ele>
      </trkpt>
      <trkpt lat="50.524882000" lon="16.482545000">
        <ele>0.000</ele>
      </trkpt>
      <trkpt lat="50.524738000" lon="16.482659000">
        <ele>0.000</ele>
      </trkpt>
      <trkpt lat="50.524573000" lon="16.482760000">
        <ele>0.000</ele>
      </trkpt>
      <trkpt lat="50.524472000" lon="16.482795000">
        <ele>0.000</ele>
      </trkpt>
      <trkpt lat="50.524371000" lon="16.482804000">
        <ele>0.000</ele>
      </trkpt>
      <trkpt lat="50.524299000" lon="16.482805000">
        <ele>0.000</ele>
      </trkpt>
      <trkpt lat="50.524101000" lon="16.482785000">
        <ele>0.000</ele>
      </trkpt>
      <trkpt lat="50.523935000" lon="16.482776000">
        <ele>0.000</ele>
      </trkpt>
      <trkpt lat="50.523664000" lon="16.482778000">
        <ele>0.000</ele>
      </trkpt>
      <trkpt lat="50.523243000" lon="16.482751000">
        <ele>0.000</ele>
      </trkpt>
      <trkpt lat="50.523064000" lon="16.482730000">
        <ele>0.000</ele>
      </trkpt>
      <trkpt lat="50.522793000" lon="16.482672000">
        <ele>0.000</ele>
      </trkpt>
      <trkpt lat="50.522493000" lon="16.482594000">
        <ele>0.000</ele>
      </trkpt>
      <trkpt lat="50.522370000" lon="16.482587000">
        <ele>0.000</ele>
      </trkpt>
      <trkpt lat="50.522249000" lon="16.482606000">
        <ele>0.000</ele>
      </trkpt>
      <trkpt lat="50.522122000" lon="16.482697000">
        <ele>0.000</ele>
      </trkpt>
      <trkpt lat="50.521992000" lon="16.482813000">
        <ele>0.000</ele>
      </trkpt>
      <trkpt lat="50.521795000" lon="16.483067000">
        <ele>0.000</ele>
      </trkpt>
      <trkpt lat="50.521667000" lon="16.483250000">
        <ele>0.000</ele>
      </trkpt>
      <trkpt lat="50.521485000" lon="16.483521000">
        <ele>0.000</ele>
      </trkpt>
      <trkpt lat="50.521223000" lon="16.483921000">
        <ele>0.000</ele>
      </trkpt>
      <trkpt lat="50.521057000" lon="16.484216000">
        <ele>0.000</ele>
      </trkpt>
      <trkpt lat="50.520872000" lon="16.484603000">
        <ele>0.000</ele>
      </trkpt>
      <trkpt lat="50.520703000" lon="16.484938000">
        <ele>0.000</ele>
      </trkpt>
      <trkpt lat="50.520645000" lon="16.485059000">
        <ele>0.000</ele>
      </trkpt>
      <trkpt lat="50.520434000" lon="16.485522000">
        <ele>0.000</ele>
      </trkpt>
      <trkpt lat="50.520200000" lon="16.486034000">
        <ele>0.000</ele>
      </trkpt>
      <trkpt lat="50.520084000" lon="16.486315000">
        <ele>0.000</ele>
      </trkpt>
      <trkpt lat="50.519865000" lon="16.486943000">
        <ele>0.000</ele>
      </trkpt>
      <trkpt lat="50.519468000" lon="16.487950000">
        <ele>0.000</ele>
      </trkpt>
      <trkpt lat="50.519414000" lon="16.488083000">
        <ele>0.000</ele>
      </trkpt>
      <trkpt lat="50.519362000" lon="16.488203000">
        <ele>0.000</ele>
      </trkpt>
      <trkpt lat="50.519294000" lon="16.488335000">
        <ele>0.000</ele>
      </trkpt>
      <trkpt lat="50.519188000" lon="16.488502000">
        <ele>0.000</ele>
      </trkpt>
      <trkpt lat="50.519085000" lon="16.488668000">
        <ele>0.000</ele>
      </trkpt>
      <trkpt lat="50.518649000" lon="16.489348000">
        <ele>0.000</ele>
      </trkpt>
      <trkpt lat="50.518217000" lon="16.490034000">
        <ele>0.000</ele>
      </trkpt>
      <trkpt lat="50.518021000" lon="16.490419000">
        <ele>0.000</ele>
      </trkpt>
      <trkpt lat="50.517991000" lon="16.490488000">
        <ele>0.000</ele>
      </trkpt>
      <trkpt lat="50.517711000" lon="16.491127000">
        <ele>0.000</ele>
      </trkpt>
      <trkpt lat="50.517690000" lon="16.491175000">
        <ele>0.000</ele>
      </trkpt>
      <trkpt lat="50.517440000" lon="16.490963000">
        <ele>0.000</ele>
      </trkpt>
      <trkpt lat="50.516710000" lon="16.490344000">
        <ele>0.000</ele>
      </trkpt>
      <trkpt lat="50.516599000" lon="16.490250000">
        <ele>0.000</ele>
      </trkpt>
      <trkpt lat="50.516583000" lon="16.490236000">
        <ele>0.000</ele>
      </trkpt>
      <trkpt lat="50.516242000" lon="16.489946000">
        <ele>0.000</ele>
      </trkpt>
      <trkpt lat="50.516175000" lon="16.489889000">
        <ele>0.000</ele>
      </trkpt>
      <trkpt lat="50.515815000" lon="16.489594000">
        <ele>0.000</ele>
      </trkpt>
      <trkpt lat="50.515557000" lon="16.489446000">
        <ele>0.000</ele>
      </trkpt>
      <trkpt lat="50.515455000" lon="16.489344000">
        <ele>0.000</ele>
      </trkpt>
      <trkpt lat="50.515424000" lon="16.489296000">
        <ele>0.000</ele>
      </trkpt>
      <trkpt lat="50.515392000" lon="16.489234000">
        <ele>0.000</ele>
      </trkpt>
      <trkpt lat="50.515357000" lon="16.489134000">
        <ele>0.000</ele>
      </trkpt>
      <trkpt lat="50.515327000" lon="16.489033000">
        <ele>0.000</ele>
      </trkpt>
      <trkpt lat="50.515296000" lon="16.488909000">
        <ele>0.000</ele>
      </trkpt>
      <trkpt lat="50.515270000" lon="16.488789000">
        <ele>0.000</ele>
      </trkpt>
      <trkpt lat="50.515245000" lon="16.488649000">
        <ele>0.000</ele>
      </trkpt>
      <trkpt lat="50.515222000" lon="16.488486000">
        <ele>0.000</ele>
      </trkpt>
      <trkpt lat="50.515205000" lon="16.488332000">
        <ele>0.000</ele>
      </trkpt>
      <trkpt lat="50.515181000" lon="16.487905000">
        <ele>0.000</ele>
      </trkpt>
      <trkpt lat="50.515166000" lon="16.487636000">
        <ele>0.000</ele>
      </trkpt>
      <trkpt lat="50.515144000" lon="16.487364000">
        <ele>0.000</ele>
      </trkpt>
      <trkpt lat="50.515113000" lon="16.487070000">
        <ele>0.000</ele>
      </trkpt>
      <trkpt lat="50.515076000" lon="16.486780000">
        <ele>0.000</ele>
      </trkpt>
      <trkpt lat="50.515053000" lon="16.486612000">
        <ele>0.000</ele>
      </trkpt>
      <trkpt lat="50.515027000" lon="16.486442000">
        <ele>0.000</ele>
      </trkpt>
      <trkpt lat="50.514994000" lon="16.486252000">
        <ele>0.000</ele>
      </trkpt>
      <trkpt lat="50.514954000" lon="16.486055000">
        <ele>0.000</ele>
      </trkpt>
      <trkpt lat="50.514901000" lon="16.485830000">
        <ele>0.000</ele>
      </trkpt>
      <trkpt lat="50.514894000" lon="16.485802000">
        <ele>0.000</ele>
      </trkpt>
      <trkpt lat="50.514823000" lon="16.485546000">
        <ele>0.000</ele>
      </trkpt>
      <trkpt lat="50.514684000" lon="16.485057000">
        <ele>0.000</ele>
      </trkpt>
      <trkpt lat="50.514450000" lon="16.484269000">
        <ele>0.000</ele>
      </trkpt>
      <trkpt lat="50.514326000" lon="16.483850000">
        <ele>0.000</ele>
      </trkpt>
      <trkpt lat="50.513972000" lon="16.482652000">
        <ele>0.000</ele>
      </trkpt>
      <trkpt lat="50.513827000" lon="16.482176000">
        <ele>0.000</ele>
      </trkpt>
      <trkpt lat="50.513680000" lon="16.481706000">
        <ele>0.000</ele>
      </trkpt>
      <trkpt lat="50.513545000" lon="16.481297000">
        <ele>0.000</ele>
      </trkpt>
      <trkpt lat="50.513468000" lon="16.481102000">
        <ele>0.000</ele>
      </trkpt>
      <trkpt lat="50.513389000" lon="16.480916000">
        <ele>0.000</ele>
      </trkpt>
      <trkpt lat="50.513319000" lon="16.480769000">
        <ele>0.000</ele>
      </trkpt>
      <trkpt lat="50.513245000" lon="16.480626000">
        <ele>0.000</ele>
      </trkpt>
      <trkpt lat="50.513098000" lon="16.480397000">
        <ele>0.000</ele>
      </trkpt>
      <trkpt lat="50.512927000" lon="16.480125000">
        <ele>0.000</ele>
      </trkpt>
      <trkpt lat="50.512867000" lon="16.480022000">
        <ele>0.000</ele>
      </trkpt>
      <trkpt lat="50.512818000" lon="16.479930000">
        <ele>0.000</ele>
      </trkpt>
      <trkpt lat="50.512771000" lon="16.479835000">
        <ele>0.000</ele>
      </trkpt>
      <trkpt lat="50.512537000" lon="16.479243000">
        <ele>0.000</ele>
      </trkpt>
      <trkpt lat="50.512310000" lon="16.478656000">
        <ele>0.000</ele>
      </trkpt>
      <trkpt lat="50.512153000" lon="16.478308000">
        <ele>0.000</ele>
      </trkpt>
      <trkpt lat="50.512073000" lon="16.478120000">
        <ele>0.000</ele>
      </trkpt>
      <trkpt lat="50.512003000" lon="16.477922000">
        <ele>0.000</ele>
      </trkpt>
      <trkpt lat="50.511943000" lon="16.477659000">
        <ele>0.000</ele>
      </trkpt>
      <trkpt lat="50.511885000" lon="16.477375000">
        <ele>0.000</ele>
      </trkpt>
      <trkpt lat="50.511854000" lon="16.477228000">
        <ele>0.000</ele>
      </trkpt>
      <trkpt lat="50.511820000" lon="16.477083000">
        <ele>0.000</ele>
      </trkpt>
      <trkpt lat="50.511778000" lon="16.476949000">
        <ele>0.000</ele>
      </trkpt>
      <trkpt lat="50.511737000" lon="16.476826000">
        <ele>0.000</ele>
      </trkpt>
      <trkpt lat="50.511680000" lon="16.476648000">
        <ele>0.000</ele>
      </trkpt>
      <trkpt lat="50.511582000" lon="16.476319000">
        <ele>0.000</ele>
      </trkpt>
      <trkpt lat="50.511511000" lon="16.476063000">
        <ele>0.000</ele>
      </trkpt>
      <trkpt lat="50.511373000" lon="16.475509000">
        <ele>0.000</ele>
      </trkpt>
      <trkpt lat="50.511302000" lon="16.475209000">
        <ele>0.000</ele>
      </trkpt>
      <trkpt lat="50.511237000" lon="16.474909000">
        <ele>0.000</ele>
      </trkpt>
      <trkpt lat="50.511182000" lon="16.474625000">
        <ele>0.000</ele>
      </trkpt>
      <trkpt lat="50.511125000" lon="16.474293000">
        <ele>0.000</ele>
      </trkpt>
      <trkpt lat="50.511077000" lon="16.473983000">
        <ele>0.000</ele>
      </trkpt>
      <trkpt lat="50.510996000" lon="16.473453000">
        <ele>0.000</ele>
      </trkpt>
      <trkpt lat="50.510957000" lon="16.473235000">
        <ele>0.000</ele>
      </trkpt>
      <trkpt lat="50.510912000" lon="16.473016000">
        <ele>0.000</ele>
      </trkpt>
      <trkpt lat="50.510861000" lon="16.472832000">
        <ele>0.000</ele>
      </trkpt>
      <trkpt lat="50.510807000" lon="16.472660000">
        <ele>0.000</ele>
      </trkpt>
      <trkpt lat="50.510724000" lon="16.472430000">
        <ele>0.000</ele>
      </trkpt>
      <trkpt lat="50.510664000" lon="16.472281000">
        <ele>0.000</ele>
      </trkpt>
      <trkpt lat="50.510601000" lon="16.472138000">
        <ele>0.000</ele>
      </trkpt>
      <trkpt lat="50.510549000" lon="16.472045000">
        <ele>0.000</ele>
      </trkpt>
      <trkpt lat="50.510492000" lon="16.471962000">
        <ele>0.000</ele>
      </trkpt>
      <trkpt lat="50.510450000" lon="16.471910000">
        <ele>0.000</ele>
      </trkpt>
      <trkpt lat="50.510405000" lon="16.471863000">
        <ele>0.000</ele>
      </trkpt>
      <trkpt lat="50.510330000" lon="16.471801000">
        <ele>0.000</ele>
      </trkpt>
      <trkpt lat="50.510157000" lon="16.471716000">
        <ele>0.000</ele>
      </trkpt>
      <trkpt lat="50.509980000" lon="16.471667000">
        <ele>0.000</ele>
      </trkpt>
      <trkpt lat="50.509863000" lon="16.471656000">
        <ele>0.000</ele>
      </trkpt>
      <trkpt lat="50.509735000" lon="16.471651000">
        <ele>0.000</ele>
      </trkpt>
      <trkpt lat="50.509586000" lon="16.471651000">
        <ele>0.000</ele>
      </trkpt>
      <trkpt lat="50.509436000" lon="16.471655000">
        <ele>0.000</ele>
      </trkpt>
      <trkpt lat="50.509288000" lon="16.471673000">
        <ele>0.000</ele>
      </trkpt>
      <trkpt lat="50.509139000" lon="16.471700000">
        <ele>0.000</ele>
      </trkpt>
      <trkpt lat="50.508990000" lon="16.471736000">
        <ele>0.000</ele>
      </trkpt>
      <trkpt lat="50.508844000" lon="16.471778000">
        <ele>0.000</ele>
      </trkpt>
      <trkpt lat="50.508702000" lon="16.471816000">
        <ele>0.000</ele>
      </trkpt>
      <trkpt lat="50.508620000" lon="16.471834000">
        <ele>0.000</ele>
      </trkpt>
      <trkpt lat="50.508533000" lon="16.471838000">
        <ele>0.000</ele>
      </trkpt>
      <trkpt lat="50.508444000" lon="16.471832000">
        <ele>0.000</ele>
      </trkpt>
      <trkpt lat="50.508374000" lon="16.471816000">
        <ele>0.000</ele>
      </trkpt>
      <trkpt lat="50.508309000" lon="16.471788000">
        <ele>0.000</ele>
      </trkpt>
      <trkpt lat="50.508240000" lon="16.471744000">
        <ele>0.000</ele>
      </trkpt>
      <trkpt lat="50.508177000" lon="16.471689000">
        <ele>0.000</ele>
      </trkpt>
      <trkpt lat="50.508069000" lon="16.471580000">
        <ele>0.000</ele>
      </trkpt>
      <trkpt lat="50.507995000" lon="16.471491000">
        <ele>0.000</ele>
      </trkpt>
      <trkpt lat="50.507924000" lon="16.471395000">
        <ele>0.000</ele>
      </trkpt>
      <trkpt lat="50.507767000" lon="16.471139000">
        <ele>0.000</ele>
      </trkpt>
      <trkpt lat="50.507688000" lon="16.470975000">
        <ele>0.000</ele>
      </trkpt>
      <trkpt lat="50.507605000" lon="16.470752000">
        <ele>0.000</ele>
      </trkpt>
      <trkpt lat="50.507544000" lon="16.470565000">
        <ele>0.000</ele>
      </trkpt>
      <trkpt lat="50.507509000" lon="16.470443000">
        <ele>0.000</ele>
      </trkpt>
      <trkpt lat="50.507476000" lon="16.470306000">
        <ele>0.000</ele>
      </trkpt>
      <trkpt lat="50.507433000" lon="16.470069000">
        <ele>0.000</ele>
      </trkpt>
      <trkpt lat="50.507401000" lon="16.469856000">
        <ele>0.000</ele>
      </trkpt>
      <trkpt lat="50.507354000" lon="16.469533000">
        <ele>0.000</ele>
      </trkpt>
      <trkpt lat="50.507319000" lon="16.469304000">
        <ele>0.000</ele>
      </trkpt>
      <trkpt lat="50.507283000" lon="16.469112000">
        <ele>0.000</ele>
      </trkpt>
      <trkpt lat="50.507248000" lon="16.468944000">
        <ele>0.000</ele>
      </trkpt>
      <trkpt lat="50.507197000" lon="16.468763000">
        <ele>0.000</ele>
      </trkpt>
      <trkpt lat="50.507146000" lon="16.468607000">
        <ele>0.000</ele>
      </trkpt>
      <trkpt lat="50.507065000" lon="16.468405000">
        <ele>0.000</ele>
      </trkpt>
      <trkpt lat="50.506956000" lon="16.468170000">
        <ele>0.000</ele>
      </trkpt>
      <trkpt lat="50.506841000" lon="16.467983000">
        <ele>0.000</ele>
      </trkpt>
      <trkpt lat="50.506648000" lon="16.467671000">
        <ele>0.000</ele>
      </trkpt>
      <trkpt lat="50.506569000" lon="16.467544000">
        <ele>0.000</ele>
      </trkpt>
      <trkpt lat="50.506494000" lon="16.467423000">
        <ele>0.000</ele>
      </trkpt>
      <trkpt lat="50.506440000" lon="16.467319000">
        <ele>0.000</ele>
      </trkpt>
      <trkpt lat="50.506403000" lon="16.467194000">
        <ele>0.000</ele>
      </trkpt>
      <trkpt lat="50.506387000" lon="16.467083000">
        <ele>0.000</ele>
      </trkpt>
      <trkpt lat="50.506385000" lon="16.466978000">
        <ele>0.000</ele>
      </trkpt>
      <trkpt lat="50.506407000" lon="16.466864000">
        <ele>0.000</ele>
      </trkpt>
      <trkpt lat="50.506441000" lon="16.466746000">
        <ele>0.000</ele>
      </trkpt>
      <trkpt lat="50.506478000" lon="16.466656000">
        <ele>0.000</ele>
      </trkpt>
      <trkpt lat="50.506527000" lon="16.466531000">
        <ele>0.000</ele>
      </trkpt>
      <trkpt lat="50.506571000" lon="16.466389000">
        <ele>0.000</ele>
      </trkpt>
      <trkpt lat="50.506612000" lon="16.466229000">
        <ele>0.000</ele>
      </trkpt>
      <trkpt lat="50.506631000" lon="16.466077000">
        <ele>0.000</ele>
      </trkpt>
      <trkpt lat="50.506640000" lon="16.465895000">
        <ele>0.000</ele>
      </trkpt>
      <trkpt lat="50.506632000" lon="16.465462000">
        <ele>0.000</ele>
      </trkpt>
      <trkpt lat="50.506630000" lon="16.465060000">
        <ele>0.000</ele>
      </trkpt>
      <trkpt lat="50.506630000" lon="16.465050000">
        <ele>0.000</ele>
      </trkpt>
      <trkpt lat="50.506551000" lon="16.463252000">
        <ele>0.000</ele>
      </trkpt>
      <trkpt lat="50.506531000" lon="16.463020000">
        <ele>0.000</ele>
      </trkpt>
      <trkpt lat="50.506493000" lon="16.462801000">
        <ele>0.000</ele>
      </trkpt>
      <trkpt lat="50.506435000" lon="16.462614000">
        <ele>0.000</ele>
      </trkpt>
      <trkpt lat="50.506368000" lon="16.462434000">
        <ele>0.000</ele>
      </trkpt>
      <trkpt lat="50.506260000" lon="16.462239000">
        <ele>0.000</ele>
      </trkpt>
      <trkpt lat="50.506159000" lon="16.462107000">
        <ele>0.000</ele>
      </trkpt>
      <trkpt lat="50.506066000" lon="16.462005000">
        <ele>0.000</ele>
      </trkpt>
      <trkpt lat="50.505900000" lon="16.461823000">
        <ele>0.000</ele>
      </trkpt>
      <trkpt lat="50.505754000" lon="16.461623000">
        <ele>0.000</ele>
      </trkpt>
      <trkpt lat="50.505690000" lon="16.461498000">
        <ele>0.000</ele>
      </trkpt>
      <trkpt lat="50.505631000" lon="16.461367000">
        <ele>0.000</ele>
      </trkpt>
      <trkpt lat="50.505521000" lon="16.461089000">
        <ele>0.000</ele>
      </trkpt>
      <trkpt lat="50.505308000" lon="16.460537000">
        <ele>0.000</ele>
      </trkpt>
      <trkpt lat="50.505248000" lon="16.460379000">
        <ele>0.000</ele>
      </trkpt>
      <trkpt lat="50.504920000" lon="16.459527000">
        <ele>0.000</ele>
      </trkpt>
      <trkpt lat="50.504834000" lon="16.459308000">
        <ele>0.000</ele>
      </trkpt>
      <trkpt lat="50.504748000" lon="16.459105000">
        <ele>0.000</ele>
      </trkpt>
      <trkpt lat="50.504698000" lon="16.458998000">
        <ele>0.000</ele>
      </trkpt>
      <trkpt lat="50.504672000" lon="16.458948000">
        <ele>0.000</ele>
      </trkpt>
      <trkpt lat="50.504597000" lon="16.458811000">
        <ele>0.000</ele>
      </trkpt>
      <trkpt lat="50.504525000" lon="16.458677000">
        <ele>0.000</ele>
      </trkpt>
      <trkpt lat="50.504460000" lon="16.458542000">
        <ele>0.000</ele>
      </trkpt>
      <trkpt lat="50.504401000" lon="16.458406000">
        <ele>0.000</ele>
      </trkpt>
      <trkpt lat="50.504335000" lon="16.458207000">
        <ele>0.000</ele>
      </trkpt>
      <trkpt lat="50.504321000" lon="16.458153000">
        <ele>0.000</ele>
      </trkpt>
      <trkpt lat="50.504285000" lon="16.458019000">
        <ele>0.000</ele>
      </trkpt>
      <trkpt lat="50.504280000" lon="16.457993000">
        <ele>0.000</ele>
      </trkpt>
      <trkpt lat="50.504254000" lon="16.457863000">
        <ele>0.000</ele>
      </trkpt>
      <trkpt lat="50.504228000" lon="16.457692000">
        <ele>0.000</ele>
      </trkpt>
      <trkpt lat="50.504207000" lon="16.457502000">
        <ele>0.000</ele>
      </trkpt>
      <trkpt lat="50.504190000" lon="16.457289000">
        <ele>0.000</ele>
      </trkpt>
      <trkpt lat="50.504177000" lon="16.457004000">
        <ele>0.000</ele>
      </trkpt>
      <trkpt lat="50.504172000" lon="16.456738000">
        <ele>0.000</ele>
      </trkpt>
      <trkpt lat="50.504178000" lon="16.456587000">
        <ele>0.000</ele>
      </trkpt>
      <trkpt lat="50.504194000" lon="16.456433000">
        <ele>0.000</ele>
      </trkpt>
      <trkpt lat="50.504222000" lon="16.456300000">
        <ele>0.000</ele>
      </trkpt>
      <trkpt lat="50.504262000" lon="16.456195000">
        <ele>0.000</ele>
      </trkpt>
      <trkpt lat="50.504313000" lon="16.456093000">
        <ele>0.000</ele>
      </trkpt>
      <trkpt lat="50.504363000" lon="16.456014000">
        <ele>0.000</ele>
      </trkpt>
      <trkpt lat="50.504575000" lon="16.455672000">
        <ele>0.000</ele>
      </trkpt>
      <trkpt lat="50.504724000" lon="16.455432000">
        <ele>0.000</ele>
      </trkpt>
      <trkpt lat="50.504778000" lon="16.455356000">
        <ele>0.000</ele>
      </trkpt>
      <trkpt lat="50.504748000" lon="16.455311000">
        <ele>0.000</ele>
      </trkpt>
      <trkpt lat="50.504694000" lon="16.455260000">
        <ele>0.000</ele>
      </trkpt>
      <trkpt lat="50.504631000" lon="16.455214000">
        <ele>0.000</ele>
      </trkpt>
      <trkpt lat="50.504255000" lon="16.455075000">
        <ele>0.000</ele>
      </trkpt>
      <trkpt lat="50.504073000" lon="16.454995000">
        <ele>0.000</ele>
      </trkpt>
      <trkpt lat="50.503909000" lon="16.454920000">
        <ele>0.000</ele>
      </trkpt>
      <trkpt lat="50.503818000" lon="16.454888000">
        <ele>0.000</ele>
      </trkpt>
      <trkpt lat="50.503545000" lon="16.454827000">
        <ele>0.000</ele>
      </trkpt>
      <trkpt lat="50.503174000" lon="16.454745000">
        <ele>0.000</ele>
      </trkpt>
      <trkpt lat="50.502622000" lon="16.454628000">
        <ele>0.000</ele>
      </trkpt>
      <trkpt lat="50.502501000" lon="16.454611000">
        <ele>0.000</ele>
      </trkpt>
      <trkpt lat="50.502441000" lon="16.454603000">
        <ele>0.000</ele>
      </trkpt>
      <trkpt lat="50.502337000" lon="16.454576000">
        <ele>0.000</ele>
      </trkpt>
      <trkpt lat="50.502262000" lon="16.454557000">
        <ele>0.000</ele>
      </trkpt>
      <trkpt lat="50.501989000" lon="16.454470000">
        <ele>0.000</ele>
      </trkpt>
      <trkpt lat="50.501711000" lon="16.454425000">
        <ele>0.000</ele>
      </trkpt>
      <trkpt lat="50.501331000" lon="16.454376000">
        <ele>0.000</ele>
      </trkpt>
      <trkpt lat="50.501120000" lon="16.454357000">
        <ele>0.000</ele>
      </trkpt>
      <trkpt lat="50.500824000" lon="16.454359000">
        <ele>0.000</ele>
      </trkpt>
      <trkpt lat="50.500152000" lon="16.454524000">
        <ele>0.000</ele>
      </trkpt>
      <trkpt lat="50.499588000" lon="16.454681000">
        <ele>0.000</ele>
      </trkpt>
      <trkpt lat="50.499493000" lon="16.454708000">
        <ele>0.000</ele>
      </trkpt>
      <trkpt lat="50.499240000" lon="16.454747000">
        <ele>0.000</ele>
      </trkpt>
      <trkpt lat="50.498499000" lon="16.454772000">
        <ele>0.000</ele>
      </trkpt>
      <trkpt lat="50.497731000" lon="16.454746000">
        <ele>0.000</ele>
      </trkpt>
      <trkpt lat="50.497009000" lon="16.454772000">
        <ele>0.000</ele>
      </trkpt>
      <trkpt lat="50.496576000" lon="16.454809000">
        <ele>0.000</ele>
      </trkpt>
      <trkpt lat="50.496442000" lon="16.454833000">
        <ele>0.000</ele>
      </trkpt>
      <trkpt lat="50.496309000" lon="16.454882000">
        <ele>0.000</ele>
      </trkpt>
      <trkpt lat="50.496130000" lon="16.454986000">
        <ele>0.000</ele>
      </trkpt>
      <trkpt lat="50.495992000" lon="16.455131000">
        <ele>0.000</ele>
      </trkpt>
      <trkpt lat="50.495673000" lon="16.455564000">
        <ele>0.000</ele>
      </trkpt>
      <trkpt lat="50.495041000" lon="16.456149000">
        <ele>0.000</ele>
      </trkpt>
      <trkpt lat="50.494785000" lon="16.456475000">
        <ele>0.000</ele>
      </trkpt>
      <trkpt lat="50.494743000" lon="16.456528000">
        <ele>0.000</ele>
      </trkpt>
      <trkpt lat="50.494559000" lon="16.456747000">
        <ele>0.000</ele>
      </trkpt>
      <trkpt lat="50.494442000" lon="16.456861000">
        <ele>0.000</ele>
      </trkpt>
      <trkpt lat="50.494001000" lon="16.457288000">
        <ele>0.000</ele>
      </trkpt>
      <trkpt lat="50.493872000" lon="16.457409000">
        <ele>0.000</ele>
      </trkpt>
      <trkpt lat="50.493699000" lon="16.457541000">
        <ele>0.000</ele>
      </trkpt>
      <trkpt lat="50.493530000" lon="16.457622000">
        <ele>0.000</ele>
      </trkpt>
      <trkpt lat="50.493430000" lon="16.457644000">
        <ele>0.000</ele>
      </trkpt>
      <trkpt lat="50.493383000" lon="16.457472000">
        <ele>0.000</ele>
      </trkpt>
      <trkpt lat="50.493356000" lon="16.457328000">
        <ele>0.000</ele>
      </trkpt>
      <trkpt lat="50.493332000" lon="16.457215000">
        <ele>0.000</ele>
      </trkpt>
      <trkpt lat="50.493346000" lon="16.456814000">
        <ele>0.000</ele>
      </trkpt>
      <trkpt lat="50.493347000" lon="16.456723000">
        <ele>0.000</ele>
      </trkpt>
      <trkpt lat="50.493349000" lon="16.456591000">
        <ele>0.000</ele>
      </trkpt>
      <trkpt lat="50.493366000" lon="16.456475000">
        <ele>0.000</ele>
      </trkpt>
      <trkpt lat="50.493335000" lon="16.456358000">
        <ele>0.000</ele>
      </trkpt>
      <trkpt lat="50.493277000" lon="16.456256000">
        <ele>0.000</ele>
      </trkpt>
      <trkpt lat="50.493215000" lon="16.456191000">
        <ele>0.000</ele>
      </trkpt>
      <trkpt lat="50.493150000" lon="16.456181000">
        <ele>0.000</ele>
      </trkpt>
      <trkpt lat="50.493048000" lon="16.456181000">
        <ele>0.000</ele>
      </trkpt>
      <trkpt lat="50.492986000" lon="16.456170000">
        <ele>0.000</ele>
      </trkpt>
      <trkpt lat="50.492911000" lon="16.456165000">
        <ele>0.000</ele>
      </trkpt>
      <trkpt lat="50.492870000" lon="16.456138000">
        <ele>0.000</ele>
      </trkpt>
      <trkpt lat="50.492826000" lon="16.456068000">
        <ele>0.000</ele>
      </trkpt>
      <trkpt lat="50.492806000" lon="16.455982000">
        <ele>0.000</ele>
      </trkpt>
      <trkpt lat="50.492788000" lon="16.455456000">
        <ele>0.000</ele>
      </trkpt>
      <trkpt lat="50.492802000" lon="16.455419000">
        <ele>0.000</ele>
      </trkpt>
      <trkpt lat="50.492828000" lon="16.455392000">
        <ele>0.000</ele>
      </trkpt>
      <trkpt lat="50.492823000" lon="16.455306000">
        <ele>0.000</ele>
      </trkpt>
      <trkpt lat="50.492807000" lon="16.455073000">
        <ele>0.000</ele>
      </trkpt>
      <trkpt lat="50.492695000" lon="16.453728000">
        <ele>0.000</ele>
      </trkpt>
      <trkpt lat="50.492678000" lon="16.453662000">
        <ele>0.000</ele>
      </trkpt>
      <trkpt lat="50.492545000" lon="16.453806000">
        <ele>0.000</ele>
      </trkpt>
      <trkpt lat="50.492387000" lon="16.454071000">
        <ele>0.000</ele>
      </trkpt>
      <trkpt lat="50.492245000" lon="16.454460000">
        <ele>0.000</ele>
      </trkpt>
      <trkpt lat="50.492135000" lon="16.454604000">
        <ele>0.000</ele>
      </trkpt>
      <trkpt lat="50.491961000" lon="16.454647000">
        <ele>0.000</ele>
      </trkpt>
      <trkpt lat="50.491716000" lon="16.454595000">
        <ele>0.000</ele>
      </trkpt>
      <trkpt lat="50.491564000" lon="16.454578000">
        <ele>0.000</ele>
      </trkpt>
      <trkpt lat="50.491415000" lon="16.454628000">
        <ele>0.000</ele>
      </trkpt>
      <trkpt lat="50.491296000" lon="16.454693000">
        <ele>0.000</ele>
      </trkpt>
      <trkpt lat="50.491043000" lon="16.454894000">
        <ele>0.000</ele>
      </trkpt>
      <trkpt lat="50.491051000" lon="16.454845000">
        <ele>0.000</ele>
      </trkpt>
      <trkpt lat="50.491061000" lon="16.454411000">
        <ele>0.000</ele>
      </trkpt>
      <trkpt lat="50.490466000" lon="16.454279000">
        <ele>0.000</ele>
      </trkpt>
      <trkpt lat="50.490671000" lon="16.454967000">
        <ele>0.000</ele>
      </trkpt>
      <trkpt lat="50.490493000" lon="16.454955000">
        <ele>0.000</ele>
      </trkpt>
      <trkpt lat="50.490442000" lon="16.455009000">
        <ele>0.000</ele>
      </trkpt>
      <trkpt lat="50.490430000" lon="16.455055000">
        <ele>0.000</ele>
      </trkpt>
    </trkseg>
  </trk>
</gpx>
