<?xml version="1.0" encoding="UTF-8"?>
<gpx version="1.0" creator="GPSBabel - https://www.gpsbabel.org" xmlns="http://www.topografix.com/GPX/1/0">
  <time>2026-08-23T23:21:02.060Z</time>
  <bounds minlat="50.940586636" minlon="14.993260000" maxlat="51.188850000" maxlon="16.871554350"/>
  <trk>
    <name>Leśnica – Zalew</name>
    <trkseg>
      <trkpt lat="51.144726638" lon="16.871554350">
        <ele>120.000</ele>
      </trkpt>
      <trkpt lat="51.144559411" lon="16.870965216">
        <ele>120.000</ele>
      </trkpt>
      <trkpt lat="51.144601696" lon="16.869962078">
        <ele>120.000</ele>
      </trkpt>
      <trkpt lat="51.144682653" lon="16.867937397">
        <ele>120.000</ele>
      </trkpt>
      <trkpt lat="51.144658561" lon="16.866450442">
        <ele>120.000</ele>
      </trkpt>
      <trkpt lat="51.144668069" lon="16.866244948">
        <ele>120.000</ele>
      </trkpt>
      <trkpt lat="51.144085250" lon="16.865072480">
        <ele>120.000</ele>
      </trkpt>
      <trkpt lat="51.143830973" lon="16.864535984">
        <ele>120.000</ele>
      </trkpt>
      <trkpt lat="51.143346192" lon="16.863791037">
        <ele>120.000</ele>
      </trkpt>
      <trkpt lat="51.142999716" lon="16.863314682">
        <ele>120.000</ele>
      </trkpt>
      <trkpt lat="51.142856343" lon="16.862771933">
        <ele>120.000</ele>
      </trkpt>
      <trkpt lat="51.142209265" lon="16.859003127">
        <ele>120.000</ele>
      </trkpt>
      <trkpt lat="51.141654853" lon="16.854916525">
        <ele>120.000</ele>
      </trkpt>
      <trkpt lat="51.141131394" lon="16.854676068">
        <ele>120.000</ele>
      </trkpt>
      <trkpt lat="51.139523979" lon="16.853792373">
        <ele>120.000</ele>
      </trkpt>
      <trkpt lat="51.138594975" lon="16.852411994">
        <ele>120.000</ele>
      </trkpt>
      <trkpt lat="51.137898962" lon="16.851150099">
        <ele>120.000</ele>
      </trkpt>
      <trkpt lat="51.136533117" lon="16.849748433">
        <ele>120.000</ele>
      </trkpt>
      <trkpt lat="51.135524486" lon="16.848982423">
        <ele>120.000</ele>
      </trkpt>
      <trkpt lat="51.133625890" lon="16.847541735">
        <ele>120.000</ele>
      </trkpt>
      <trkpt lat="51.132290058" lon="16.848383582">
        <ele>120.000</ele>
      </trkpt>
      <trkpt lat="51.131212646" lon="16.847996284">
        <ele>120.000</ele>
      </trkpt>
      <trkpt lat="51.129752781" lon="16.847477736">
        <ele>120.000</ele>
      </trkpt>
      <trkpt lat="51.129069296" lon="16.849607001">
        <ele>120.000</ele>
      </trkpt>
      <trkpt lat="51.129025782" lon="16.849780448">
        <ele>120.000</ele>
      </trkpt>
      <trkpt lat="51.128680105" lon="16.849471331">
        <ele>120.000</ele>
      </trkpt>
      <trkpt lat="51.127617210" lon="16.848535498">
        <ele>120.000</ele>
      </trkpt>
      <trkpt lat="51.127255604" lon="16.848240981">
        <ele>120.000</ele>
      </trkpt>
      <trkpt lat="51.126978859" lon="16.847633886">
        <ele>120.000</ele>
      </trkpt>
      <trkpt lat="51.126774022" lon="16.847402416">
        <ele>120.000</ele>
      </trkpt>
      <trkpt lat="51.126504463" lon="16.847419471">
        <ele>120.000</ele>
      </trkpt>
      <trkpt lat="51.126304556" lon="16.846768411">
        <ele>120.000</ele>
      </trkpt>
      <trkpt lat="51.126106671" lon="16.845815366">
        <ele>120.000</ele>
      </trkpt>
      <trkpt lat="51.125915000" lon="16.845261000">
        <ele>114.000</ele>
      </trkpt>
      <trkpt lat="51.125382000" lon="16.843708000">
        <ele>114.000</ele>
      </trkpt>
      <trkpt lat="51.125160000" lon="16.842865000">
        <ele>114.000</ele>
      </trkpt>
      <trkpt lat="51.125084000" lon="16.842329000">
        <ele>114.000</ele>
      </trkpt>
      <trkpt lat="51.124855000" lon="16.841669000">
        <ele>115.000</ele>
      </trkpt>
      <trkpt lat="51.124439000" lon="16.840792000">
        <ele>114.000</ele>
      </trkpt>
      <trkpt lat="51.123802000" lon="16.840298000">
        <ele>116.000</ele>
      </trkpt>
      <trkpt lat="51.123455000" lon="16.840138000">
        <ele>115.000</ele>
      </trkpt>
      <trkpt lat="51.123280000" lon="16.840174000">
        <ele>114.000</ele>
      </trkpt>
      <trkpt lat="51.122929000" lon="16.839445000">
        <ele>114.000</ele>
      </trkpt>
      <trkpt lat="51.122723000" lon="16.839508000">
        <ele>111.000</ele>
      </trkpt>
      <trkpt lat="51.122299000" lon="16.840177000">
        <ele>123.000</ele>
      </trkpt>
      <trkpt lat="51.122173000" lon="16.840563000">
        <ele>121.000</ele>
      </trkpt>
      <trkpt lat="51.122196000" lon="16.841194000">
        <ele>121.000</ele>
      </trkpt>
      <trkpt lat="51.121983000" lon="16.841480000">
        <ele>117.000</ele>
      </trkpt>
      <trkpt lat="51.121780000" lon="16.841461000">
        <ele>116.000</ele>
      </trkpt>
      <trkpt lat="51.120983000" lon="16.840889000">
        <ele>117.000</ele>
      </trkpt>
      <trkpt lat="51.120743000" lon="16.840893000">
        <ele>117.000</ele>
      </trkpt>
      <trkpt lat="51.120533000" lon="16.841049000">
        <ele>117.000</ele>
      </trkpt>
      <trkpt lat="51.119766000" lon="16.841112000">
        <ele>120.000</ele>
      </trkpt>
      <trkpt lat="51.119667000" lon="16.841036000">
        <ele>119.000</ele>
      </trkpt>
      <trkpt lat="51.119465000" lon="16.841074000">
        <ele>120.000</ele>
      </trkpt>
      <trkpt lat="51.119247000" lon="16.841234000">
        <ele>117.000</ele>
      </trkpt>
      <trkpt lat="51.119240000" lon="16.841108000">
        <ele>118.000</ele>
      </trkpt>
      <trkpt lat="51.119255000" lon="16.841288000">
        <ele>118.000</ele>
      </trkpt>
      <trkpt lat="51.119309000" lon="16.840956000">
        <ele>114.000</ele>
      </trkpt>
      <trkpt lat="51.118290000" lon="16.839747000">
        <ele>112.000</ele>
      </trkpt>
      <trkpt lat="51.117741000" lon="16.838818000">
        <ele>113.000</ele>
      </trkpt>
      <trkpt lat="51.116974000" lon="16.838268000">
        <ele>112.000</ele>
      </trkpt>
      <trkpt lat="51.117123000" lon="16.838285000">
        <ele>104.000</ele>
      </trkpt>
      <trkpt lat="51.117176000" lon="16.838018000">
        <ele>105.000</ele>
      </trkpt>
      <trkpt lat="51.117142000" lon="16.837647000">
        <ele>111.000</ele>
      </trkpt>
      <trkpt lat="51.117361000" lon="16.836700000">
        <ele>114.000</ele>
      </trkpt>
      <trkpt lat="51.117432000" lon="16.836045000">
        <ele>116.000</ele>
      </trkpt>
      <trkpt lat="51.117253000" lon="16.835471000">
        <ele>116.000</ele>
      </trkpt>
      <trkpt lat="51.116863000" lon="16.834699000">
        <ele>116.000</ele>
      </trkpt>
      <trkpt lat="51.116573000" lon="16.834211000">
        <ele>116.000</ele>
      </trkpt>
      <trkpt lat="51.116108000" lon="16.833819000">
        <ele>124.000</ele>
      </trkpt>
      <trkpt lat="51.115718000" lon="16.833229000">
        <ele>124.000</ele>
      </trkpt>
      <trkpt lat="51.115691000" lon="16.833283000">
        <ele>124.000</ele>
      </trkpt>
      <trkpt lat="51.115418000" lon="16.833685000">
        <ele>124.000</ele>
      </trkpt>
      <trkpt lat="51.115054000" lon="16.833910000">
        <ele>124.000</ele>
      </trkpt>
      <trkpt lat="51.114798000" lon="16.833851000">
        <ele>119.000</ele>
      </trkpt>
      <trkpt lat="51.114522000" lon="16.833524000">
        <ele>117.000</ele>
      </trkpt>
      <trkpt lat="51.114354000" lon="16.833465000">
        <ele>115.000</ele>
      </trkpt>
      <trkpt lat="51.114270000" lon="16.833218000">
        <ele>115.000</ele>
      </trkpt>
      <trkpt lat="51.114219000" lon="16.832677000">
        <ele>115.000</ele>
      </trkpt>
      <trkpt lat="51.114192000" lon="16.832178000">
        <ele>133.000</ele>
      </trkpt>
      <trkpt lat="51.114078000" lon="16.831893000">
        <ele>133.000</ele>
      </trkpt>
      <trkpt lat="51.113872000" lon="16.831689000">
        <ele>133.000</ele>
      </trkpt>
      <trkpt lat="51.113435000" lon="16.830761000">
        <ele>135.000</ele>
      </trkpt>
      <trkpt lat="51.113465000" lon="16.830177000">
        <ele>125.000</ele>
      </trkpt>
      <trkpt lat="51.113474000" lon="16.829261000">
        <ele>136.000</ele>
      </trkpt>
      <trkpt lat="51.113289000" lon="16.827904000">
        <ele>120.000</ele>
      </trkpt>
      <trkpt lat="51.113007000" lon="16.827595000">
        <ele>116.000</ele>
      </trkpt>
      <trkpt lat="51.112816000" lon="16.827749000">
        <ele>124.000</ele>
      </trkpt>
      <trkpt lat="51.112530000" lon="16.827698000">
        <ele>125.000</ele>
      </trkpt>
      <trkpt lat="51.111408000" lon="16.826397000">
        <ele>128.000</ele>
      </trkpt>
      <trkpt lat="51.111072000" lon="16.825829000">
        <ele>118.000</ele>
      </trkpt>
      <trkpt lat="51.110485000" lon="16.824108000">
        <ele>108.000</ele>
      </trkpt>
      <trkpt lat="51.110207000" lon="16.823646000">
        <ele>106.000</ele>
      </trkpt>
      <trkpt lat="51.110065000" lon="16.823225000">
        <ele>113.000</ele>
      </trkpt>
      <trkpt lat="51.109905000" lon="16.822176000">
        <ele>122.000</ele>
      </trkpt>
      <trkpt lat="51.109730000" lon="16.821695000">
        <ele>121.000</ele>
      </trkpt>
      <trkpt lat="51.108871000" lon="16.820482000">
        <ele>120.000</ele>
      </trkpt>
      <trkpt lat="51.108598000" lon="16.820173000">
        <ele>121.000</ele>
      </trkpt>
      <trkpt lat="51.108524000" lon="16.819980000">
        <ele>121.000</ele>
      </trkpt>
      <trkpt lat="51.108396000" lon="16.819883000">
        <ele>122.000</ele>
      </trkpt>
      <trkpt lat="51.108193000" lon="16.819604000">
        <ele>113.000</ele>
      </trkpt>
      <trkpt lat="51.108072000" lon="16.819282000">
        <ele>113.000</ele>
      </trkpt>
      <trkpt lat="51.108092000" lon="16.818676000">
        <ele>113.000</ele>
      </trkpt>
      <trkpt lat="51.108167000" lon="16.818252000">
        <ele>113.000</ele>
      </trkpt>
      <trkpt lat="51.108372000" lon="16.817324000">
        <ele>113.000</ele>
      </trkpt>
      <trkpt lat="51.108470000" lon="16.816858000">
        <ele>113.000</ele>
      </trkpt>
      <trkpt lat="51.108934000" lon="16.816530000">
        <ele>113.000</ele>
      </trkpt>
      <trkpt lat="51.109079000" lon="16.817464000">
        <ele>113.000</ele>
      </trkpt>
      <trkpt lat="51.109851000" lon="16.817462000">
        <ele>113.000</ele>
      </trkpt>
      <trkpt lat="51.109938000" lon="16.817923000">
        <ele>113.000</ele>
      </trkpt>
      <trkpt lat="51.109847000" lon="16.817469000">
        <ele>113.000</ele>
      </trkpt>
      <trkpt lat="51.109083000" lon="16.817459000">
        <ele>113.000</ele>
      </trkpt>
      <trkpt lat="51.108934000" lon="16.816541000">
        <ele>113.000</ele>
      </trkpt>
      <trkpt lat="51.106468000" lon="16.818237000">
        <ele>115.000</ele>
      </trkpt>
      <trkpt lat="51.106022000" lon="16.819410000">
        <ele>119.000</ele>
      </trkpt>
      <trkpt lat="51.105335000" lon="16.822119000">
        <ele>116.000</ele>
      </trkpt>
      <trkpt lat="51.105145000" lon="16.823128000">
        <ele>118.000</ele>
      </trkpt>
      <trkpt lat="51.104199000" lon="16.826691000">
        <ele>113.000</ele>
      </trkpt>
      <trkpt lat="51.104195000" lon="16.826963000">
        <ele>117.000</ele>
      </trkpt>
      <trkpt lat="51.104050000" lon="16.827400000">
        <ele>127.000</ele>
      </trkpt>
      <trkpt lat="51.103752000" lon="16.827778000">
        <ele>129.000</ele>
      </trkpt>
      <trkpt lat="51.103572000" lon="16.827823000">
        <ele>126.000</ele>
      </trkpt>
      <trkpt lat="51.103466000" lon="16.828098000">
        <ele>122.000</ele>
      </trkpt>
      <trkpt lat="51.103489000" lon="16.829088000">
        <ele>124.000</ele>
      </trkpt>
      <trkpt lat="51.103700000" lon="16.829802000">
        <ele>124.000</ele>
      </trkpt>
      <trkpt lat="51.103714000" lon="16.830269000">
        <ele>122.000</ele>
      </trkpt>
      <trkpt lat="51.103684000" lon="16.830563000">
        <ele>124.000</ele>
      </trkpt>
      <trkpt lat="51.103383000" lon="16.831052000">
        <ele>124.000</ele>
      </trkpt>
      <trkpt lat="51.103235000" lon="16.831363000">
        <ele>124.000</ele>
      </trkpt>
      <trkpt lat="51.103504000" lon="16.831438000">
        <ele>124.000</ele>
      </trkpt>
      <trkpt lat="51.103420000" lon="16.832120000">
        <ele>125.000</ele>
      </trkpt>
      <trkpt lat="51.103367000" lon="16.833239000">
        <ele>121.000</ele>
      </trkpt>
      <trkpt lat="51.103316000" lon="16.834196000">
        <ele>141.000</ele>
      </trkpt>
      <trkpt lat="51.103255000" lon="16.835140000">
        <ele>128.000</ele>
      </trkpt>
      <trkpt lat="51.103208000" lon="16.836143000">
        <ele>123.000</ele>
      </trkpt>
      <trkpt lat="51.102423000" lon="16.836014000">
        <ele>120.000</ele>
      </trkpt>
      <trkpt lat="51.101908000" lon="16.835928000">
        <ele>120.000</ele>
      </trkpt>
      <trkpt lat="51.101490000" lon="16.835826000">
        <ele>121.000</ele>
      </trkpt>
      <trkpt lat="51.101298000" lon="16.835773000">
        <ele>121.000</ele>
      </trkpt>
      <trkpt lat="51.100941000" lon="16.835574000">
        <ele>122.000</ele>
      </trkpt>
      <trkpt lat="51.100577000" lon="16.835311000">
        <ele>122.000</ele>
      </trkpt>
      <trkpt lat="51.100116000" lon="16.835140000">
        <ele>122.000</ele>
      </trkpt>
      <trkpt lat="51.099860000" lon="16.835048000">
        <ele>122.000</ele>
      </trkpt>
      <trkpt lat="51.099445000" lon="16.835011000">
        <ele>120.000</ele>
      </trkpt>
      <trkpt lat="51.098172000" lon="16.834244000">
        <ele>119.000</ele>
      </trkpt>
      <trkpt lat="51.097505000" lon="16.833938000">
        <ele>117.000</ele>
      </trkpt>
      <trkpt lat="51.093609000" lon="16.833260000">
        <ele>123.000</ele>
      </trkpt>
      <trkpt lat="51.090282000" lon="16.832907000">
        <ele>125.000</ele>
      </trkpt>
      <trkpt lat="51.090065000" lon="16.832604000">
        <ele>116.000</ele>
      </trkpt>
      <trkpt lat="51.089920000" lon="16.832165000">
        <ele>116.000</ele>
      </trkpt>
      <trkpt lat="51.089901000" lon="16.829729000">
        <ele>115.000</ele>
      </trkpt>
      <trkpt lat="51.089825000" lon="16.829182000">
        <ele>116.000</ele>
      </trkpt>
      <trkpt lat="51.089851000" lon="16.828743000">
        <ele>115.000</ele>
      </trkpt>
      <trkpt lat="51.089653000" lon="16.827881000">
        <ele>115.000</ele>
      </trkpt>
      <trkpt lat="51.089432000" lon="16.827316000">
        <ele>115.000</ele>
      </trkpt>
      <trkpt lat="51.089282000" lon="16.826931000">
        <ele>112.000</ele>
      </trkpt>
      <trkpt lat="51.089188000" lon="16.826486000">
        <ele>128.000</ele>
      </trkpt>
      <trkpt lat="51.089090000" lon="16.825987000">
        <ele>118.000</ele>
      </trkpt>
      <trkpt lat="51.089013000" lon="16.825563000">
        <ele>118.000</ele>
      </trkpt>
      <trkpt lat="51.088878000" lon="16.825128000">
        <ele>118.000</ele>
      </trkpt>
      <trkpt lat="51.088851000" lon="16.824849000">
        <ele>118.000</ele>
      </trkpt>
      <trkpt lat="51.088602000" lon="16.824871000">
        <ele>118.000</ele>
      </trkpt>
      <trkpt lat="51.088440000" lon="16.824973000">
        <ele>118.000</ele>
      </trkpt>
      <trkpt lat="51.088292000" lon="16.825139000">
        <ele>118.000</ele>
      </trkpt>
      <trkpt lat="51.088366000" lon="16.825557000">
        <ele>118.000</ele>
      </trkpt>
      <trkpt lat="51.088329000" lon="16.825337000">
        <ele>118.000</ele>
      </trkpt>
      <trkpt lat="51.088309000" lon="16.825128000">
        <ele>118.000</ele>
      </trkpt>
      <trkpt lat="51.088443000" lon="16.824967000">
        <ele>118.000</ele>
      </trkpt>
      <trkpt lat="51.088612000" lon="16.824876000">
        <ele>118.000</ele>
      </trkpt>
      <trkpt lat="51.088844000" lon="16.824855000">
        <ele>130.000</ele>
      </trkpt>
      <trkpt lat="51.088642000" lon="16.823921000">
        <ele>120.000</ele>
      </trkpt>
      <trkpt lat="51.088521000" lon="16.822913000">
        <ele>122.000</ele>
      </trkpt>
      <trkpt lat="51.088561000" lon="16.821915000">
        <ele>122.000</ele>
      </trkpt>
      <trkpt lat="51.088528000" lon="16.821100000">
        <ele>122.000</ele>
      </trkpt>
      <trkpt lat="51.088245000" lon="16.818460000">
        <ele>116.000</ele>
      </trkpt>
      <trkpt lat="51.085232000" lon="16.813225000">
        <ele>120.000</ele>
      </trkpt>
      <trkpt lat="51.083035000" lon="16.809437000">
        <ele>118.000</ele>
      </trkpt>
      <trkpt lat="51.081815000" lon="16.807420000">
        <ele>118.000</ele>
      </trkpt>
      <trkpt lat="51.081323000" lon="16.809470000">
        <ele>119.000</ele>
      </trkpt>
      <trkpt lat="51.081155000" lon="16.809984000">
        <ele>119.000</ele>
      </trkpt>
      <trkpt lat="51.080824000" lon="16.810253000">
        <ele>119.000</ele>
      </trkpt>
      <trkpt lat="51.080514000" lon="16.810585000">
        <ele>119.000</ele>
      </trkpt>
      <trkpt lat="51.080319000" lon="16.810939000">
        <ele>119.000</ele>
      </trkpt>
      <trkpt lat="51.080022000" lon="16.811841000">
        <ele>119.000</ele>
      </trkpt>
      <trkpt lat="51.079820000" lon="16.812345000">
        <ele>119.000</ele>
      </trkpt>
      <trkpt lat="51.079524000" lon="16.812978000">
        <ele>119.000</ele>
      </trkpt>
      <trkpt lat="51.079112000" lon="16.813879000">
        <ele>118.000</ele>
      </trkpt>
      <trkpt lat="51.078823000" lon="16.814523000">
        <ele>118.000</ele>
      </trkpt>
      <trkpt lat="51.078479000" lon="16.815006000">
        <ele>118.000</ele>
      </trkpt>
      <trkpt lat="51.077892000" lon="16.815478000">
        <ele>118.000</ele>
      </trkpt>
      <trkpt lat="51.077474000" lon="16.815800000">
        <ele>119.000</ele>
      </trkpt>
      <trkpt lat="51.077350000" lon="16.816078000">
        <ele>121.000</ele>
      </trkpt>
      <trkpt lat="51.077329000" lon="16.816363000">
        <ele>123.000</ele>
      </trkpt>
      <trkpt lat="51.077383000" lon="16.816663000">
        <ele>121.000</ele>
      </trkpt>
      <trkpt lat="51.077481000" lon="16.817023000">
        <ele>119.000</ele>
      </trkpt>
      <trkpt lat="51.077471000" lon="16.817210000">
        <ele>119.000</ele>
      </trkpt>
      <trkpt lat="51.077327000" lon="16.817657000">
        <ele>129.000</ele>
      </trkpt>
      <trkpt lat="51.077267000" lon="16.817432000">
        <ele>129.000</ele>
      </trkpt>
      <trkpt lat="51.077061000" lon="16.817257000">
        <ele>130.000</ele>
      </trkpt>
      <trkpt lat="51.076736000" lon="16.816175000">
        <ele>128.000</ele>
      </trkpt>
      <trkpt lat="51.076675000" lon="16.815754000">
        <ele>129.000</ele>
      </trkpt>
      <trkpt lat="51.077068000" lon="16.813528000">
        <ele>135.000</ele>
      </trkpt>
      <trkpt lat="51.077396000" lon="16.811569000">
        <ele>147.000</ele>
      </trkpt>
      <trkpt lat="51.077173000" lon="16.808854000">
        <ele>150.000</ele>
      </trkpt>
      <trkpt lat="51.077190000" lon="16.808153000">
        <ele>116.000</ele>
      </trkpt>
      <trkpt lat="51.077321000" lon="16.807238000">
        <ele>143.000</ele>
      </trkpt>
      <trkpt lat="51.077412000" lon="16.806873000">
        <ele>140.000</ele>
      </trkpt>
      <trkpt lat="51.077233000" lon="16.806214000">
        <ele>133.000</ele>
      </trkpt>
      <trkpt lat="51.077061000" lon="16.805683000">
        <ele>125.000</ele>
      </trkpt>
      <trkpt lat="51.076859000" lon="16.804867000">
        <ele>122.000</ele>
      </trkpt>
      <trkpt lat="51.076842000" lon="16.804556000">
        <ele>123.000</ele>
      </trkpt>
      <trkpt lat="51.076792000" lon="16.804068000">
        <ele>126.000</ele>
      </trkpt>
      <trkpt lat="51.076684000" lon="16.803521000">
        <ele>128.000</ele>
      </trkpt>
      <trkpt lat="51.076775000" lon="16.803347000">
        <ele>128.000</ele>
      </trkpt>
      <trkpt lat="51.076572000" lon="16.802767000">
        <ele>119.000</ele>
      </trkpt>
      <trkpt lat="51.076420000" lon="16.802061000">
        <ele>119.000</ele>
      </trkpt>
      <trkpt lat="51.076057000" lon="16.800854000">
        <ele>118.000</ele>
      </trkpt>
      <trkpt lat="51.075642000" lon="16.798544000">
        <ele>117.000</ele>
      </trkpt>
      <trkpt lat="51.075238000" lon="16.798018000">
        <ele>117.000</ele>
      </trkpt>
      <trkpt lat="51.074382000" lon="16.798404000">
        <ele>109.000</ele>
      </trkpt>
      <trkpt lat="51.073971000" lon="16.798297000">
        <ele>109.000</ele>
      </trkpt>
      <trkpt lat="51.073654000" lon="16.797825000">
        <ele>109.000</ele>
      </trkpt>
      <trkpt lat="51.073452000" lon="16.797696000">
        <ele>109.000</ele>
      </trkpt>
      <trkpt lat="51.073277000" lon="16.798007000">
        <ele>118.000</ele>
      </trkpt>
      <trkpt lat="51.072818000" lon="16.798490000">
        <ele>121.000</ele>
      </trkpt>
      <trkpt lat="51.072266000" lon="16.798737000">
        <ele>121.000</ele>
      </trkpt>
      <trkpt lat="51.071693000" lon="16.798771000">
        <ele>118.000</ele>
      </trkpt>
      <trkpt lat="51.071335000" lon="16.798801000">
        <ele>118.000</ele>
      </trkpt>
      <trkpt lat="51.071045000" lon="16.799338000">
        <ele>124.000</ele>
      </trkpt>
      <trkpt lat="51.070591000" lon="16.799318000">
        <ele>124.000</ele>
      </trkpt>
      <trkpt lat="51.070081000" lon="16.799166000">
        <ele>113.000</ele>
      </trkpt>
      <trkpt lat="51.069576000" lon="16.798694000">
        <ele>112.000</ele>
      </trkpt>
      <trkpt lat="51.069202000" lon="16.798378000">
        <ele>112.000</ele>
      </trkpt>
      <trkpt lat="51.068558000" lon="16.798158000">
        <ele>114.000</ele>
      </trkpt>
      <trkpt lat="51.068005000" lon="16.797782000">
        <ele>107.000</ele>
      </trkpt>
      <trkpt lat="51.067413000" lon="16.797193000">
        <ele>122.000</ele>
      </trkpt>
      <trkpt lat="51.066868000" lon="16.796534000">
        <ele>141.000</ele>
      </trkpt>
      <trkpt lat="51.066454000" lon="16.796055000">
        <ele>145.000</ele>
      </trkpt>
      <trkpt lat="51.065739000" lon="16.794832000">
        <ele>152.000</ele>
      </trkpt>
      <trkpt lat="51.064910000" lon="16.794124000">
        <ele>164.000</ele>
      </trkpt>
      <trkpt lat="51.063728000" lon="16.793579000">
        <ele>165.000</ele>
      </trkpt>
      <trkpt lat="51.063299000" lon="16.793297000">
        <ele>163.000</ele>
      </trkpt>
      <trkpt lat="51.062726000" lon="16.793673000">
        <ele>155.000</ele>
      </trkpt>
      <trkpt lat="51.062368000" lon="16.793898000">
        <ele>166.000</ele>
      </trkpt>
      <trkpt lat="51.062173000" lon="16.793759000">
        <ele>166.000</ele>
      </trkpt>
      <trkpt lat="51.061930000" lon="16.793802000">
        <ele>197.000</ele>
      </trkpt>
      <trkpt lat="51.061741000" lon="16.794006000">
        <ele>209.000</ele>
      </trkpt>
      <trkpt lat="51.061485000" lon="16.794059000">
        <ele>200.000</ele>
      </trkpt>
      <trkpt lat="51.060918000" lon="16.794038000">
        <ele>174.000</ele>
      </trkpt>
      <trkpt lat="51.059772000" lon="16.793383000">
        <ele>169.000</ele>
      </trkpt>
      <trkpt lat="51.059617000" lon="16.793212000">
        <ele>161.000</ele>
      </trkpt>
      <trkpt lat="51.059024000" lon="16.792900000">
        <ele>167.000</ele>
      </trkpt>
      <trkpt lat="51.058788000" lon="16.792729000">
        <ele>169.000</ele>
      </trkpt>
      <trkpt lat="51.058572000" lon="16.792729000">
        <ele>171.000</ele>
      </trkpt>
      <trkpt lat="51.058316000" lon="16.793072000">
        <ele>146.000</ele>
      </trkpt>
      <trkpt lat="51.057686000" lon="16.792866000">
        <ele>134.000</ele>
      </trkpt>
      <trkpt lat="51.056755000" lon="16.792473000">
        <ele>127.000</ele>
      </trkpt>
      <trkpt lat="51.055782000" lon="16.792231000">
        <ele>121.000</ele>
      </trkpt>
      <trkpt lat="51.054512000" lon="16.791199000">
        <ele>116.000</ele>
      </trkpt>
      <trkpt lat="51.052994000" lon="16.790449000">
        <ele>136.000</ele>
      </trkpt>
      <trkpt lat="51.052399000" lon="16.789663000">
        <ele>142.000</ele>
      </trkpt>
      <trkpt lat="51.051800000" lon="16.788300000">
        <ele>128.000</ele>
      </trkpt>
      <trkpt lat="51.051724000" lon="16.788813000">
        <ele>139.000</ele>
      </trkpt>
      <trkpt lat="51.051529000" lon="16.788975000">
        <ele>148.000</ele>
      </trkpt>
      <trkpt lat="51.051302000" lon="16.789596000">
        <ele>146.000</ele>
      </trkpt>
      <trkpt lat="51.051019000" lon="16.790250000">
        <ele>145.000</ele>
      </trkpt>
      <trkpt lat="51.051322000" lon="16.790690000">
        <ele>152.000</ele>
      </trkpt>
      <trkpt lat="51.051511000" lon="16.791152000">
        <ele>156.000</ele>
      </trkpt>
      <trkpt lat="51.051357000" lon="16.791821000">
        <ele>177.000</ele>
      </trkpt>
      <trkpt lat="51.050884000" lon="16.791892000">
        <ele>170.000</ele>
      </trkpt>
      <trkpt lat="51.051059000" lon="16.793373000">
        <ele>164.000</ele>
      </trkpt>
      <trkpt lat="51.051120000" lon="16.793909000">
        <ele>164.000</ele>
      </trkpt>
      <trkpt lat="51.050823000" lon="16.794897000">
        <ele>143.000</ele>
      </trkpt>
      <trkpt lat="51.050087000" lon="16.794838000">
        <ele>138.000</ele>
      </trkpt>
      <trkpt lat="51.049957000" lon="16.794676000">
        <ele>130.000</ele>
      </trkpt>
      <trkpt lat="51.048325000" lon="16.794870000">
        <ele>120.000</ele>
      </trkpt>
      <trkpt lat="51.047432000" lon="16.794767000">
        <ele>117.000</ele>
      </trkpt>
      <trkpt lat="51.046844000" lon="16.793749000">
        <ele>130.000</ele>
      </trkpt>
      <trkpt lat="51.046730000" lon="16.793257000">
        <ele>133.000</ele>
      </trkpt>
      <trkpt lat="51.046612000" lon="16.792265000">
        <ele>126.000</ele>
      </trkpt>
      <trkpt lat="51.046177000" lon="16.791687000">
        <ele>119.000</ele>
      </trkpt>
      <trkpt lat="51.045261000" lon="16.791140000">
        <ele>130.000</ele>
      </trkpt>
      <trkpt lat="51.044075000" lon="16.790859000">
        <ele>134.000</ele>
      </trkpt>
      <trkpt lat="51.043125000" lon="16.790533000">
        <ele>141.000</ele>
      </trkpt>
      <trkpt lat="51.042175000" lon="16.790085000">
        <ele>135.000</ele>
      </trkpt>
      <trkpt lat="51.041886000" lon="16.789843000">
        <ele>134.000</ele>
      </trkpt>
      <trkpt lat="51.041926000" lon="16.789403000">
        <ele>134.000</ele>
      </trkpt>
      <trkpt lat="51.041794000" lon="16.788960000">
        <ele>128.000</ele>
      </trkpt>
      <trkpt lat="51.041710000" lon="16.788650000">
        <ele>129.000</ele>
      </trkpt>
      <trkpt lat="51.041879000" lon="16.787311000">
        <ele>129.000</ele>
      </trkpt>
      <trkpt lat="51.041724000" lon="16.786925000">
        <ele>136.000</ele>
      </trkpt>
      <trkpt lat="51.041657000" lon="16.786656000">
        <ele>140.000</ele>
      </trkpt>
      <trkpt lat="51.041373000" lon="16.786259000">
        <ele>151.000</ele>
      </trkpt>
      <trkpt lat="51.041083000" lon="16.785830000">
        <ele>160.000</ele>
      </trkpt>
      <trkpt lat="51.040827000" lon="16.784693000">
        <ele>178.000</ele>
      </trkpt>
      <trkpt lat="51.040213000" lon="16.784704000">
        <ele>181.000</ele>
      </trkpt>
      <trkpt lat="51.039619000" lon="16.784704000">
        <ele>181.000</ele>
      </trkpt>
      <trkpt lat="51.039039000" lon="16.784221000">
        <ele>164.000</ele>
      </trkpt>
      <trkpt lat="51.038796000" lon="16.784103000">
        <ele>161.000</ele>
      </trkpt>
      <trkpt lat="51.038270000" lon="16.784092000">
        <ele>161.000</ele>
      </trkpt>
      <trkpt lat="51.038128000" lon="16.783652000">
        <ele>143.000</ele>
      </trkpt>
      <trkpt lat="51.037521000" lon="16.782729000">
        <ele>139.000</ele>
      </trkpt>
      <trkpt lat="51.036806000" lon="16.782386000">
        <ele>139.000</ele>
      </trkpt>
      <trkpt lat="51.036232000" lon="16.782236000">
        <ele>141.000</ele>
      </trkpt>
      <trkpt lat="51.035713000" lon="16.783084000">
        <ele>144.000</ele>
      </trkpt>
      <trkpt lat="51.035423000" lon="16.783070000">
        <ele>144.000</ele>
      </trkpt>
      <trkpt lat="51.035119000" lon="16.783073000">
        <ele>144.000</ele>
      </trkpt>
      <trkpt lat="51.034990000" lon="16.782775000">
        <ele>138.000</ele>
      </trkpt>
      <trkpt lat="51.034835000" lon="16.782539000">
        <ele>135.000</ele>
      </trkpt>
      <trkpt lat="51.034801000" lon="16.782271000">
        <ele>123.000</ele>
      </trkpt>
      <trkpt lat="51.034761000" lon="16.781810000">
        <ele>125.000</ele>
      </trkpt>
      <trkpt lat="51.034849000" lon="16.780812000">
        <ele>126.000</ele>
      </trkpt>
      <trkpt lat="51.034801000" lon="16.780629000">
        <ele>132.000</ele>
      </trkpt>
      <trkpt lat="51.034619000" lon="16.780522000">
        <ele>132.000</ele>
      </trkpt>
      <trkpt lat="51.034511000" lon="16.780651000">
        <ele>145.000</ele>
      </trkpt>
      <trkpt lat="51.034255000" lon="16.780715000">
        <ele>145.000</ele>
      </trkpt>
      <trkpt lat="51.034052000" lon="16.780737000">
        <ele>160.000</ele>
      </trkpt>
      <trkpt lat="51.034019000" lon="16.780501000">
        <ele>154.000</ele>
      </trkpt>
      <trkpt lat="51.033850000" lon="16.780265000">
        <ele>147.000</ele>
      </trkpt>
      <trkpt lat="51.033708000" lon="16.780018000">
        <ele>145.000</ele>
      </trkpt>
      <trkpt lat="51.033600000" lon="16.779760000">
        <ele>145.000</ele>
      </trkpt>
      <trkpt lat="51.033101000" lon="16.779889000">
        <ele>138.000</ele>
      </trkpt>
      <trkpt lat="51.032913000" lon="16.779082000">
        <ele>137.000</ele>
      </trkpt>
      <trkpt lat="51.032380000" lon="16.778663000">
        <ele>137.000</ele>
      </trkpt>
      <trkpt lat="51.032333000" lon="16.778410000">
        <ele>140.000</ele>
      </trkpt>
      <trkpt lat="51.032333000" lon="16.778229000">
        <ele>140.000</ele>
      </trkpt>
      <trkpt lat="51.032191000" lon="16.777548000">
        <ele>140.000</ele>
      </trkpt>
      <trkpt lat="51.032002000" lon="16.777065000">
        <ele>161.000</ele>
      </trkpt>
      <trkpt lat="51.031854000" lon="16.776582000">
        <ele>161.000</ele>
      </trkpt>
      <trkpt lat="51.031749000" lon="16.776353000">
        <ele>180.000</ele>
      </trkpt>
      <trkpt lat="51.031499000" lon="16.776277000">
        <ele>181.000</ele>
      </trkpt>
      <trkpt lat="51.031351000" lon="16.776256000">
        <ele>183.000</ele>
      </trkpt>
      <trkpt lat="51.031168000" lon="16.776277000">
        <ele>178.000</ele>
      </trkpt>
      <trkpt lat="51.030980000" lon="16.776320000">
        <ele>144.000</ele>
      </trkpt>
      <trkpt lat="51.030824000" lon="16.776288000">
        <ele>154.000</ele>
      </trkpt>
      <trkpt lat="51.030608000" lon="16.776342000">
        <ele>156.000</ele>
      </trkpt>
      <trkpt lat="51.030453000" lon="16.776374000">
        <ele>139.000</ele>
      </trkpt>
      <trkpt lat="51.030251000" lon="16.776481000">
        <ele>139.000</ele>
      </trkpt>
      <trkpt lat="51.029704000" lon="16.775280000">
        <ele>180.000</ele>
      </trkpt>
      <trkpt lat="51.029495000" lon="16.774818000">
        <ele>151.000</ele>
      </trkpt>
      <trkpt lat="51.029421000" lon="16.774303000">
        <ele>142.000</ele>
      </trkpt>
      <trkpt lat="51.029333000" lon="16.774078000">
        <ele>153.000</ele>
      </trkpt>
      <trkpt lat="51.029070000" lon="16.773820000">
        <ele>147.000</ele>
      </trkpt>
      <trkpt lat="51.028861000" lon="16.773681000">
        <ele>138.000</ele>
      </trkpt>
      <trkpt lat="51.028665000" lon="16.773488000">
        <ele>132.000</ele>
      </trkpt>
      <trkpt lat="51.028456000" lon="16.773145000">
        <ele>135.000</ele>
      </trkpt>
      <trkpt lat="51.028166000" lon="16.772640000">
        <ele>133.000</ele>
      </trkpt>
      <trkpt lat="51.028095000" lon="16.772752000">
        <ele>133.000</ele>
      </trkpt>
      <trkpt lat="51.027809000" lon="16.772776000">
        <ele>132.000</ele>
      </trkpt>
      <trkpt lat="51.026363000" lon="16.773338000">
        <ele>125.000</ele>
      </trkpt>
      <trkpt lat="51.025886000" lon="16.773640000">
        <ele>124.000</ele>
      </trkpt>
      <trkpt lat="51.024574000" lon="16.773985000">
        <ele>138.000</ele>
      </trkpt>
      <trkpt lat="51.022999000" lon="16.774021000">
        <ele>138.000</ele>
      </trkpt>
      <trkpt lat="51.021816000" lon="16.774376000">
        <ele>136.000</ele>
      </trkpt>
      <trkpt lat="51.021725000" lon="16.774853000">
        <ele>137.000</ele>
      </trkpt>
      <trkpt lat="51.021683000" lon="16.776541000">
        <ele>136.000</ele>
      </trkpt>
      <trkpt lat="51.021263000" lon="16.777842000">
        <ele>131.000</ele>
      </trkpt>
      <trkpt lat="51.020588000" lon="16.778418000">
        <ele>136.000</ele>
      </trkpt>
      <trkpt lat="51.019993000" lon="16.778780000">
        <ele>132.000</ele>
      </trkpt>
      <trkpt lat="51.019222000" lon="16.778881000">
        <ele>136.000</ele>
      </trkpt>
      <trkpt lat="51.017567000" lon="16.778248000">
        <ele>138.000</ele>
      </trkpt>
      <trkpt lat="51.017071000" lon="16.778566000">
        <ele>131.000</ele>
      </trkpt>
      <trkpt lat="51.016972000" lon="16.778709000">
        <ele>130.000</ele>
      </trkpt>
      <trkpt lat="51.016346000" lon="16.778719000">
        <ele>134.000</ele>
      </trkpt>
      <trkpt lat="51.014141000" lon="16.777397000">
        <ele>152.000</ele>
      </trkpt>
      <trkpt lat="51.013420000" lon="16.777334000">
        <ele>154.000</ele>
      </trkpt>
      <trkpt lat="51.013065000" lon="16.777468000">
        <ele>148.000</ele>
      </trkpt>
      <trkpt lat="51.012249000" lon="16.777586000">
        <ele>134.000</ele>
      </trkpt>
      <trkpt lat="51.011803000" lon="16.777405000">
        <ele>137.000</ele>
      </trkpt>
      <trkpt lat="51.011471000" lon="16.777048000">
        <ele>164.000</ele>
      </trkpt>
      <trkpt lat="51.011055000" lon="16.776798000">
        <ele>179.000</ele>
      </trkpt>
      <trkpt lat="51.009701000" lon="16.776884000">
        <ele>155.000</ele>
      </trkpt>
      <trkpt lat="51.008797000" lon="16.776508000">
        <ele>147.000</ele>
      </trkpt>
      <trkpt lat="51.008141000" lon="16.776106000">
        <ele>167.000</ele>
      </trkpt>
      <trkpt lat="51.007893000" lon="16.775831000">
        <ele>162.000</ele>
      </trkpt>
      <trkpt lat="51.007134000" lon="16.773823000">
        <ele>160.000</ele>
      </trkpt>
      <trkpt lat="51.006519000" lon="16.773245000">
        <ele>162.000</ele>
      </trkpt>
      <trkpt lat="51.005856000" lon="16.773232000">
        <ele>162.000</ele>
      </trkpt>
      <trkpt lat="51.005302000" lon="16.773037000">
        <ele>145.000</ele>
      </trkpt>
      <trkpt lat="51.004597000" lon="16.772646000">
        <ele>152.000</ele>
      </trkpt>
      <trkpt lat="51.003993000" lon="16.772208000">
        <ele>142.000</ele>
      </trkpt>
      <trkpt lat="51.003912000" lon="16.771157000">
        <ele>154.000</ele>
      </trkpt>
      <trkpt lat="51.003629000" lon="16.770513000">
        <ele>159.000</ele>
      </trkpt>
      <trkpt lat="51.003197000" lon="16.769462000">
        <ele>164.000</ele>
      </trkpt>
      <trkpt lat="51.002684000" lon="16.768904000">
        <ele>165.000</ele>
      </trkpt>
      <trkpt lat="51.002197000" lon="16.768282000">
        <ele>159.000</ele>
      </trkpt>
      <trkpt lat="51.001482000" lon="16.767037000">
        <ele>148.000</ele>
      </trkpt>
      <trkpt lat="51.001036000" lon="16.766436000">
        <ele>130.000</ele>
      </trkpt>
      <trkpt lat="51.000604000" lon="16.766007000">
        <ele>135.000</ele>
      </trkpt>
      <trkpt lat="51.000253000" lon="16.765943000">
        <ele>135.000</ele>
      </trkpt>
      <trkpt lat="50.999807000" lon="16.766222000">
        <ele>135.000</ele>
      </trkpt>
      <trkpt lat="50.998997000" lon="16.766651000">
        <ele>135.000</ele>
      </trkpt>
      <trkpt lat="50.998497000" lon="16.766522000">
        <ele>135.000</ele>
      </trkpt>
      <trkpt lat="50.998673000" lon="16.765492000">
        <ele>135.000</ele>
      </trkpt>
      <trkpt lat="50.997836000" lon="16.764741000">
        <ele>135.000</ele>
      </trkpt>
      <trkpt lat="50.996823000" lon="16.764097000">
        <ele>135.000</ele>
      </trkpt>
      <trkpt lat="50.996323000" lon="16.766007000">
        <ele>135.000</ele>
      </trkpt>
      <trkpt lat="50.996040000" lon="16.765964000">
        <ele>135.000</ele>
      </trkpt>
      <trkpt lat="50.995121000" lon="16.766994000">
        <ele>135.000</ele>
      </trkpt>
      <trkpt lat="50.994446000" lon="16.767294000">
        <ele>135.000</ele>
      </trkpt>
      <trkpt lat="50.993744000" lon="16.767015000">
        <ele>135.000</ele>
      </trkpt>
      <trkpt lat="50.993122000" lon="16.766629000">
        <ele>135.000</ele>
      </trkpt>
      <trkpt lat="50.992609000" lon="16.766243000">
        <ele>135.000</ele>
      </trkpt>
      <trkpt lat="50.991947000" lon="16.765385000">
        <ele>135.000</ele>
      </trkpt>
      <trkpt lat="50.991042000" lon="16.764805000">
        <ele>135.000</ele>
      </trkpt>
      <trkpt lat="50.990462000" lon="16.764677000">
        <ele>135.000</ele>
      </trkpt>
      <trkpt lat="50.989030000" lon="16.763024000">
        <ele>135.000</ele>
      </trkpt>
      <trkpt lat="50.988193000" lon="16.763003000">
        <ele>135.000</ele>
      </trkpt>
      <trkpt lat="50.987625000" lon="16.762660000">
        <ele>135.000</ele>
      </trkpt>
      <trkpt lat="50.987058000" lon="16.761887000">
        <ele>135.000</ele>
      </trkpt>
      <trkpt lat="50.986801000" lon="16.761608000">
        <ele>135.000</ele>
      </trkpt>
      <trkpt lat="50.986261000" lon="16.761329000">
        <ele>135.000</ele>
      </trkpt>
      <trkpt lat="50.985991000" lon="16.760471000">
        <ele>135.000</ele>
      </trkpt>
      <trkpt lat="50.985424000" lon="16.760085000">
        <ele>135.000</ele>
      </trkpt>
      <trkpt lat="50.984937000" lon="16.759441000">
        <ele>135.000</ele>
      </trkpt>
      <trkpt lat="50.984437000" lon="16.758947000">
        <ele>126.000</ele>
      </trkpt>
      <trkpt lat="50.984127000" lon="16.758046000">
        <ele>126.000</ele>
      </trkpt>
      <trkpt lat="50.983370000" lon="16.757746000">
        <ele>126.000</ele>
      </trkpt>
      <trkpt lat="50.982627000" lon="16.757810000">
        <ele>126.000</ele>
      </trkpt>
      <trkpt lat="50.981297000" lon="16.757692000">
        <ele>126.000</ele>
      </trkpt>
      <trkpt lat="50.981083000" lon="16.757663000">
        <ele>126.000</ele>
      </trkpt>
      <trkpt lat="50.981069000" lon="16.758478000">
        <ele>126.000</ele>
      </trkpt>
      <trkpt lat="50.981434000" lon="16.759852000">
        <ele>126.000</ele>
      </trkpt>
      <trkpt lat="50.981502000" lon="16.763178000">
        <ele>126.000</ele>
      </trkpt>
      <trkpt lat="50.980610000" lon="16.762319000">
        <ele>126.000</ele>
      </trkpt>
      <trkpt lat="50.980043000" lon="16.761890000">
        <ele>126.000</ele>
      </trkpt>
      <trkpt lat="50.979556000" lon="16.761311000">
        <ele>126.000</ele>
      </trkpt>
      <trkpt lat="50.979110000" lon="16.759573000">
        <ele>126.000</ele>
      </trkpt>
      <trkpt lat="50.978584000" lon="16.759036000">
        <ele>126.000</ele>
      </trkpt>
      <trkpt lat="50.978530000" lon="16.758414000">
        <ele>126.000</ele>
      </trkpt>
      <trkpt lat="50.978867000" lon="16.757663000">
        <ele>126.000</ele>
      </trkpt>
      <trkpt lat="50.979138000" lon="16.756504000">
        <ele>126.000</ele>
      </trkpt>
      <trkpt lat="50.979205000" lon="16.755024000">
        <ele>126.000</ele>
      </trkpt>
      <trkpt lat="50.979083000" lon="16.754316000">
        <ele>126.000</ele>
      </trkpt>
      <trkpt lat="50.978489000" lon="16.752513000">
        <ele>126.000</ele>
      </trkpt>
      <trkpt lat="50.978138000" lon="16.751354000">
        <ele>126.000</ele>
      </trkpt>
      <trkpt lat="50.977800000" lon="16.750775000">
        <ele>126.000</ele>
      </trkpt>
      <trkpt lat="50.977895000" lon="16.750324000">
        <ele>126.000</ele>
      </trkpt>
      <trkpt lat="50.978095000" lon="16.749764000">
        <ele>153.000</ele>
      </trkpt>
      <trkpt lat="50.977933000" lon="16.749463000">
        <ele>153.000</ele>
      </trkpt>
      <trkpt lat="50.977638000" lon="16.747898000">
        <ele>157.000</ele>
      </trkpt>
      <trkpt lat="50.976700000" lon="16.746136000">
        <ele>148.000</ele>
      </trkpt>
      <trkpt lat="50.975284000" lon="16.743966000">
        <ele>159.000</ele>
      </trkpt>
      <trkpt lat="50.974690000" lon="16.743022000">
        <ele>162.000</ele>
      </trkpt>
      <trkpt lat="50.973892000" lon="16.741177000">
        <ele>160.000</ele>
      </trkpt>
      <trkpt lat="50.973109000" lon="16.740383000">
        <ele>160.000</ele>
      </trkpt>
      <trkpt lat="50.972420000" lon="16.739846000">
        <ele>152.000</ele>
      </trkpt>
      <trkpt lat="50.971960000" lon="16.738473000">
        <ele>160.000</ele>
      </trkpt>
      <trkpt lat="50.971839000" lon="16.735834000">
        <ele>159.000</ele>
      </trkpt>
      <trkpt lat="50.971512000" lon="16.735315000">
        <ele>154.000</ele>
      </trkpt>
      <trkpt lat="50.970383000" lon="16.734987000">
        <ele>157.000</ele>
      </trkpt>
      <trkpt lat="50.970123000" lon="16.734634000">
        <ele>157.000</ele>
      </trkpt>
      <trkpt lat="50.970039000" lon="16.733978000">
        <ele>156.000</ele>
      </trkpt>
      <trkpt lat="50.970154000" lon="16.733377000">
        <ele>156.000</ele>
      </trkpt>
      <trkpt lat="50.970398000" lon="16.732704000">
        <ele>154.000</ele>
      </trkpt>
      <trkpt lat="50.970428000" lon="16.732370000">
        <ele>153.000</ele>
      </trkpt>
      <trkpt lat="50.970352000" lon="16.731491000">
        <ele>150.000</ele>
      </trkpt>
      <trkpt lat="50.971149000" lon="16.729511000">
        <ele>151.000</ele>
      </trkpt>
      <trkpt lat="50.971722000" lon="16.729137000">
        <ele>148.000</ele>
      </trkpt>
      <trkpt lat="50.972168000" lon="16.729029000">
        <ele>146.000</ele>
      </trkpt>
      <trkpt lat="50.973152000" lon="16.729620000">
        <ele>150.000</ele>
      </trkpt>
      <trkpt lat="50.973385000" lon="16.729633000">
        <ele>151.000</ele>
      </trkpt>
      <trkpt lat="50.974117000" lon="16.728525000">
        <ele>161.000</ele>
      </trkpt>
      <trkpt lat="50.974571000" lon="16.727196000">
        <ele>173.000</ele>
      </trkpt>
      <trkpt lat="50.975163000" lon="16.725920000">
        <ele>162.000</ele>
      </trkpt>
      <trkpt lat="50.975193000" lon="16.725731000">
        <ele>163.000</ele>
      </trkpt>
      <trkpt lat="50.975132000" lon="16.725306000">
        <ele>164.000</ele>
      </trkpt>
      <trkpt lat="50.974995000" lon="16.725223000">
        <ele>166.000</ele>
      </trkpt>
      <trkpt lat="50.974548000" lon="16.725414000">
        <ele>170.000</ele>
      </trkpt>
      <trkpt lat="50.974087000" lon="16.725489000">
        <ele>172.000</ele>
      </trkpt>
      <trkpt lat="50.973190000" lon="16.725414000">
        <ele>168.000</ele>
      </trkpt>
      <trkpt lat="50.972446000" lon="16.725605000">
        <ele>162.000</ele>
      </trkpt>
      <trkpt lat="50.971752000" lon="16.725349000">
        <ele>160.000</ele>
      </trkpt>
      <trkpt lat="50.971218000" lon="16.724993000">
        <ele>157.000</ele>
      </trkpt>
      <trkpt lat="50.970799000" lon="16.724581000">
        <ele>145.000</ele>
      </trkpt>
      <trkpt lat="50.969795000" lon="16.724234000">
        <ele>139.000</ele>
      </trkpt>
      <trkpt lat="50.969017000" lon="16.723551000">
        <ele>139.000</ele>
      </trkpt>
      <trkpt lat="50.969021000" lon="16.722761000">
        <ele>143.000</ele>
      </trkpt>
      <trkpt lat="50.970005000" lon="16.722424000">
        <ele>146.000</ele>
      </trkpt>
      <trkpt lat="50.970497000" lon="16.722137000">
        <ele>144.000</ele>
      </trkpt>
      <trkpt lat="50.970848000" lon="16.721705000">
        <ele>145.000</ele>
      </trkpt>
      <trkpt lat="50.971165000" lon="16.721008000">
        <ele>147.000</ele>
      </trkpt>
      <trkpt lat="50.971240000" lon="16.720466000">
        <ele>149.000</ele>
      </trkpt>
      <trkpt lat="50.971216000" lon="16.719898000">
        <ele>149.000</ele>
      </trkpt>
      <trkpt lat="50.970932000" lon="16.718803000">
        <ele>149.000</ele>
      </trkpt>
      <trkpt lat="50.970550000" lon="16.717038000">
        <ele>161.000</ele>
      </trkpt>
      <trkpt lat="50.970081000" lon="16.715284000">
        <ele>160.000</ele>
      </trkpt>
      <trkpt lat="50.969777000" lon="16.714142000">
        <ele>160.000</ele>
      </trkpt>
      <trkpt lat="50.969861000" lon="16.713750000">
        <ele>164.000</ele>
      </trkpt>
      <trkpt lat="50.969973000" lon="16.713117000">
        <ele>167.000</ele>
      </trkpt>
      <trkpt lat="50.969952000" lon="16.712350000">
        <ele>167.000</ele>
      </trkpt>
      <trkpt lat="50.970064000" lon="16.711996000">
        <ele>166.000</ele>
      </trkpt>
      <trkpt lat="50.970758000" lon="16.711200000">
        <ele>164.000</ele>
      </trkpt>
      <trkpt lat="50.972145000" lon="16.709550000">
        <ele>164.000</ele>
      </trkpt>
      <trkpt lat="50.972824000" lon="16.708981000">
        <ele>149.000</ele>
      </trkpt>
      <trkpt lat="50.972935000" lon="16.708547000">
        <ele>149.000</ele>
      </trkpt>
      <trkpt lat="50.973050000" lon="16.708284000">
        <ele>148.000</ele>
      </trkpt>
      <trkpt lat="50.973557000" lon="16.708128000">
        <ele>138.000</ele>
      </trkpt>
      <trkpt lat="50.973037000" lon="16.708289000">
        <ele>138.000</ele>
      </trkpt>
      <trkpt lat="50.972827000" lon="16.708289000">
        <ele>138.000</ele>
      </trkpt>
      <trkpt lat="50.972675000" lon="16.708080000">
        <ele>138.000</ele>
      </trkpt>
      <trkpt lat="50.972493000" lon="16.707307000">
        <ele>138.000</ele>
      </trkpt>
      <trkpt lat="50.972216000" lon="16.706551000">
        <ele>135.000</ele>
      </trkpt>
      <trkpt lat="50.972141000" lon="16.706497000">
        <ele>153.000</ele>
      </trkpt>
      <trkpt lat="50.971709000" lon="16.705682000">
        <ele>165.000</ele>
      </trkpt>
      <trkpt lat="50.971601000" lon="16.705564000">
        <ele>186.000</ele>
      </trkpt>
      <trkpt lat="50.971483000" lon="16.705226000">
        <ele>176.000</ele>
      </trkpt>
      <trkpt lat="50.971104000" lon="16.704722000">
        <ele>155.000</ele>
      </trkpt>
      <trkpt lat="50.970929000" lon="16.704647000">
        <ele>155.000</ele>
      </trkpt>
      <trkpt lat="50.970642000" lon="16.704416000">
        <ele>155.000</ele>
      </trkpt>
      <trkpt lat="50.970452000" lon="16.704319000">
        <ele>160.000</ele>
      </trkpt>
      <trkpt lat="50.970145000" lon="16.704496000">
        <ele>160.000</ele>
      </trkpt>
      <trkpt lat="50.969935000" lon="16.704539000">
        <ele>159.000</ele>
      </trkpt>
      <trkpt lat="50.969821000" lon="16.704357000">
        <ele>169.000</ele>
      </trkpt>
      <trkpt lat="50.969868000" lon="16.703788000">
        <ele>169.000</ele>
      </trkpt>
      <trkpt lat="50.969800000" lon="16.703209000">
        <ele>165.000</ele>
      </trkpt>
      <trkpt lat="50.969800000" lon="16.702576000">
        <ele>165.000</ele>
      </trkpt>
      <trkpt lat="50.969591000" lon="16.701760000">
        <ele>165.000</ele>
      </trkpt>
      <trkpt lat="50.969368000" lon="16.700151000">
        <ele>165.000</ele>
      </trkpt>
      <trkpt lat="50.969476000" lon="16.699518000">
        <ele>155.000</ele>
      </trkpt>
      <trkpt lat="50.969611000" lon="16.698832000">
        <ele>155.000</ele>
      </trkpt>
      <trkpt lat="50.969476000" lon="16.698209000">
        <ele>155.000</ele>
      </trkpt>
      <trkpt lat="50.968206000" lon="16.697501000">
        <ele>155.000</ele>
      </trkpt>
      <trkpt lat="50.966976000" lon="16.696793000">
        <ele>155.000</ele>
      </trkpt>
      <trkpt lat="50.966665000" lon="16.698402000">
        <ele>155.000</ele>
      </trkpt>
      <trkpt lat="50.966328000" lon="16.698080000">
        <ele>155.000</ele>
      </trkpt>
      <trkpt lat="50.965895000" lon="16.697866000">
        <ele>155.000</ele>
      </trkpt>
      <trkpt lat="50.965192000" lon="16.697973000">
        <ele>155.000</ele>
      </trkpt>
      <trkpt lat="50.965111000" lon="16.697136000">
        <ele>155.000</ele>
      </trkpt>
      <trkpt lat="50.965125000" lon="16.696321000">
        <ele>155.000</ele>
      </trkpt>
      <trkpt lat="50.964855000" lon="16.695763000">
        <ele>155.000</ele>
      </trkpt>
      <trkpt lat="50.964895000" lon="16.694948000">
        <ele>155.000</ele>
      </trkpt>
      <trkpt lat="50.966179000" lon="16.691536000">
        <ele>155.000</ele>
      </trkpt>
      <trkpt lat="50.966814000" lon="16.691815000">
        <ele>144.000</ele>
      </trkpt>
      <trkpt lat="50.967044000" lon="16.691064000">
        <ele>143.000</ele>
      </trkpt>
      <trkpt lat="50.967530000" lon="16.689540000">
        <ele>145.000</ele>
      </trkpt>
      <trkpt lat="50.967746000" lon="16.688768000">
        <ele>144.000</ele>
      </trkpt>
      <trkpt lat="50.968017000" lon="16.688232000">
        <ele>141.000</ele>
      </trkpt>
      <trkpt lat="50.968584000" lon="16.686322000">
        <ele>141.000</ele>
      </trkpt>
      <trkpt lat="50.968272000" lon="16.686417000">
        <ele>160.000</ele>
      </trkpt>
      <trkpt lat="50.965961000" lon="16.685795000">
        <ele>154.000</ele>
      </trkpt>
      <trkpt lat="50.965920000" lon="16.685451000">
        <ele>150.000</ele>
      </trkpt>
      <trkpt lat="50.965744000" lon="16.684507000">
        <ele>144.000</ele>
      </trkpt>
      <trkpt lat="50.965285000" lon="16.682511000">
        <ele>157.000</ele>
      </trkpt>
      <trkpt lat="50.964812000" lon="16.680173000">
        <ele>158.000</ele>
      </trkpt>
      <trkpt lat="50.964082000" lon="16.676718000">
        <ele>161.000</ele>
      </trkpt>
      <trkpt lat="50.964623000" lon="16.675345000">
        <ele>161.000</ele>
      </trkpt>
      <trkpt lat="50.965772000" lon="16.671203000">
        <ele>159.000</ele>
      </trkpt>
      <trkpt lat="50.966988000" lon="16.666525000">
        <ele>159.000</ele>
      </trkpt>
      <trkpt lat="50.967055000" lon="16.665410000">
        <ele>158.000</ele>
      </trkpt>
      <trkpt lat="50.966900000" lon="16.664143000">
        <ele>159.000</ele>
      </trkpt>
      <trkpt lat="50.965935000" lon="16.658136000">
        <ele>164.000</ele>
      </trkpt>
      <trkpt lat="50.965919000" lon="16.657278000">
        <ele>160.000</ele>
      </trkpt>
      <trkpt lat="50.968048000" lon="16.654451000">
        <ele>147.000</ele>
      </trkpt>
      <trkpt lat="50.968353000" lon="16.654190000">
        <ele>152.000</ele>
      </trkpt>
      <trkpt lat="50.969238000" lon="16.653686000">
        <ele>159.000</ele>
      </trkpt>
      <trkpt lat="50.968956000" lon="16.652718000">
        <ele>163.000</ele>
      </trkpt>
      <trkpt lat="50.966438000" lon="16.645969000">
        <ele>161.000</ele>
      </trkpt>
      <trkpt lat="50.966003000" lon="16.645060000">
        <ele>159.000</ele>
      </trkpt>
      <trkpt lat="50.966175000" lon="16.644632000">
        <ele>162.000</ele>
      </trkpt>
      <trkpt lat="50.966526000" lon="16.644344000">
        <ele>162.000</ele>
      </trkpt>
      <trkpt lat="50.966347000" lon="16.643759000">
        <ele>158.000</ele>
      </trkpt>
      <trkpt lat="50.965988000" lon="16.642952000">
        <ele>169.000</ele>
      </trkpt>
      <trkpt lat="50.965993000" lon="16.642951000">
        <ele>0.000</ele>
      </trkpt>
      <trkpt lat="50.966203000" lon="16.642651000">
        <ele>0.000</ele>
      </trkpt>
    </trkseg>
  </trk>
  <trk>
    <name>Zalew – Żarów</name>
    <trkseg>
      <trkpt lat="50.966493085" lon="16.644388683">
        <ele>0.000</ele>
      </trkpt>
      <trkpt lat="50.967023229" lon="16.644359146">
        <ele>0.000</ele>
      </trkpt>
      <trkpt lat="50.967133623" lon="16.643647793">
        <ele>0.000</ele>
      </trkpt>
      <trkpt lat="50.967502569" lon="16.642462089">
        <ele>0.000</ele>
      </trkpt>
      <trkpt lat="50.967815683" lon="16.641917644">
        <ele>0.000</ele>
      </trkpt>
      <trkpt lat="50.968700868" lon="16.640521896">
        <ele>0.000</ele>
      </trkpt>
      <trkpt lat="50.969311382" lon="16.639483840">
        <ele>0.000</ele>
      </trkpt>
      <trkpt lat="50.970272706" lon="16.637883909">
        <ele>0.000</ele>
      </trkpt>
      <trkpt lat="50.970726418" lon="16.636887065">
        <ele>0.000</ele>
      </trkpt>
      <trkpt lat="50.971141155" lon="16.635556075">
        <ele>0.000</ele>
      </trkpt>
      <trkpt lat="50.971389652" lon="16.634391115">
        <ele>0.000</ele>
      </trkpt>
      <trkpt lat="50.971453772" lon="16.633689088">
        <ele>0.000</ele>
      </trkpt>
      <trkpt lat="50.971446096" lon="16.631526829">
        <ele>0.000</ele>
      </trkpt>
      <trkpt lat="50.971362771" lon="16.629265649">
        <ele>0.000</ele>
      </trkpt>
      <trkpt lat="50.971322697" lon="16.626907794">
        <ele>0.000</ele>
      </trkpt>
      <trkpt lat="50.971384125" lon="16.624185232">
        <ele>0.000</ele>
      </trkpt>
      <trkpt lat="50.971386461" lon="16.621470483">
        <ele>0.000</ele>
      </trkpt>
      <trkpt lat="50.971383304" lon="16.618720780">
        <ele>0.000</ele>
      </trkpt>
      <trkpt lat="50.971310122" lon="16.615847666">
        <ele>0.000</ele>
      </trkpt>
      <trkpt lat="50.971022396" lon="16.613155865">
        <ele>0.000</ele>
      </trkpt>
      <trkpt lat="50.970863625" lon="16.612092413">
        <ele>0.000</ele>
      </trkpt>
      <trkpt lat="50.969397615" lon="16.607228905">
        <ele>0.000</ele>
      </trkpt>
      <trkpt lat="50.967570194" lon="16.601563352">
        <ele>0.000</ele>
      </trkpt>
      <trkpt lat="50.965953419" lon="16.596217843">
        <ele>0.000</ele>
      </trkpt>
      <trkpt lat="50.964601944" lon="16.591924271">
        <ele>0.000</ele>
      </trkpt>
      <trkpt lat="50.964215535" lon="16.588460806">
        <ele>0.000</ele>
      </trkpt>
      <trkpt lat="50.964117825" lon="16.586837938">
        <ele>0.000</ele>
      </trkpt>
      <trkpt lat="50.964038679" lon="16.584511767">
        <ele>0.000</ele>
      </trkpt>
      <trkpt lat="50.963819956" lon="16.583440594">
        <ele>0.000</ele>
      </trkpt>
      <trkpt lat="50.963566545" lon="16.581429566">
        <ele>0.000</ele>
      </trkpt>
      <trkpt lat="50.963213826" lon="16.579569580">
        <ele>0.000</ele>
      </trkpt>
      <trkpt lat="50.963251423" lon="16.578260105">
        <ele>0.000</ele>
      </trkpt>
      <trkpt lat="50.963039367" lon="16.575810271">
        <ele>0.000</ele>
      </trkpt>
      <trkpt lat="50.962832436" lon="16.574981101">
        <ele>0.000</ele>
      </trkpt>
      <trkpt lat="50.962456240" lon="16.574031288">
        <ele>0.000</ele>
      </trkpt>
      <trkpt lat="50.961207526" lon="16.570598615">
        <ele>0.000</ele>
      </trkpt>
      <trkpt lat="50.960750973" lon="16.569745218">
        <ele>0.000</ele>
      </trkpt>
      <trkpt lat="50.959132673" lon="16.568618712">
        <ele>0.000</ele>
      </trkpt>
      <trkpt lat="50.957083151" lon="16.567118544">
        <ele>0.000</ele>
      </trkpt>
      <trkpt lat="50.955006095" lon="16.565689132">
        <ele>0.000</ele>
      </trkpt>
      <trkpt lat="50.954330635" lon="16.565062427">
        <ele>0.000</ele>
      </trkpt>
      <trkpt lat="50.953668298" lon="16.564840987">
        <ele>0.000</ele>
      </trkpt>
      <trkpt lat="50.952636449" lon="16.564754346">
        <ele>0.000</ele>
      </trkpt>
      <trkpt lat="50.951860100" lon="16.564085101">
        <ele>0.000</ele>
      </trkpt>
      <trkpt lat="50.947296806" lon="16.560365135">
        <ele>0.000</ele>
      </trkpt>
      <trkpt lat="50.946143158" lon="16.559996741">
        <ele>0.000</ele>
      </trkpt>
      <trkpt lat="50.945690965" lon="16.559915832">
        <ele>0.000</ele>
      </trkpt>
      <trkpt lat="50.945622963" lon="16.559453145">
        <ele>0.000</ele>
      </trkpt>
      <trkpt lat="50.945680945" lon="16.558170847">
        <ele>0.000</ele>
      </trkpt>
      <trkpt lat="50.946096933" lon="16.555665075">
        <ele>0.000</ele>
      </trkpt>
      <trkpt lat="50.946398009" lon="16.554014554">
        <ele>0.000</ele>
      </trkpt>
      <trkpt lat="50.946900768" lon="16.551468455">
        <ele>0.000</ele>
      </trkpt>
      <trkpt lat="50.947461487" lon="16.548476547">
        <ele>0.000</ele>
      </trkpt>
      <trkpt lat="50.947775780" lon="16.545583106">
        <ele>0.000</ele>
      </trkpt>
      <trkpt lat="50.948059236" lon="16.542951806">
        <ele>0.000</ele>
      </trkpt>
      <trkpt lat="50.948306104" lon="16.540848826">
        <ele>0.000</ele>
      </trkpt>
      <trkpt lat="50.948492564" lon="16.539800991">
        <ele>0.000</ele>
      </trkpt>
      <trkpt lat="50.948964707" lon="16.538171509">
        <ele>0.000</ele>
      </trkpt>
      <trkpt lat="50.949252264" lon="16.536077662">
        <ele>0.000</ele>
      </trkpt>
      <trkpt lat="50.949570983" lon="16.534691909">
        <ele>0.000</ele>
      </trkpt>
      <trkpt lat="50.949753978" lon="16.533615643">
        <ele>0.000</ele>
      </trkpt>
      <trkpt lat="50.949630633" lon="16.531939730">
        <ele>0.000</ele>
      </trkpt>
      <trkpt lat="50.949500332" lon="16.529381339">
        <ele>0.000</ele>
      </trkpt>
      <trkpt lat="50.949578098" lon="16.529071031">
        <ele>0.000</ele>
      </trkpt>
      <trkpt lat="50.949317313" lon="16.528243287">
        <ele>0.000</ele>
      </trkpt>
      <trkpt lat="50.949170912" lon="16.527671360">
        <ele>0.000</ele>
      </trkpt>
      <trkpt lat="50.948690200" lon="16.526955764">
        <ele>0.000</ele>
      </trkpt>
      <trkpt lat="50.948269404" lon="16.526059880">
        <ele>0.000</ele>
      </trkpt>
      <trkpt lat="50.947907938" lon="16.525218004">
        <ele>0.000</ele>
      </trkpt>
      <trkpt lat="50.947600408" lon="16.524779035">
        <ele>0.000</ele>
      </trkpt>
      <trkpt lat="50.947506973" lon="16.524416953">
        <ele>0.000</ele>
      </trkpt>
      <trkpt lat="50.948861190" lon="16.522479121">
        <ele>0.000</ele>
      </trkpt>
      <trkpt lat="50.948557295" lon="16.521600850">
        <ele>0.000</ele>
      </trkpt>
      <trkpt lat="50.947991550" lon="16.520510536">
        <ele>0.000</ele>
      </trkpt>
      <trkpt lat="50.947263542" lon="16.519767156">
        <ele>0.000</ele>
      </trkpt>
      <trkpt lat="50.946547523" lon="16.519473916">
        <ele>0.000</ele>
      </trkpt>
      <trkpt lat="50.946105288" lon="16.519442064">
        <ele>0.000</ele>
      </trkpt>
      <trkpt lat="50.945446481" lon="16.518936859">
        <ele>0.000</ele>
      </trkpt>
      <trkpt lat="50.944882273" lon="16.518493472">
        <ele>0.000</ele>
      </trkpt>
      <trkpt lat="50.944254608" lon="16.518111767">
        <ele>0.000</ele>
      </trkpt>
      <trkpt lat="50.943640006" lon="16.517659237">
        <ele>0.000</ele>
      </trkpt>
      <trkpt lat="50.943096828" lon="16.516760478">
        <ele>0.000</ele>
      </trkpt>
      <trkpt lat="50.942845093" lon="16.516269847">
        <ele>0.000</ele>
      </trkpt>
      <trkpt lat="50.942485805" lon="16.514444488">
        <ele>0.000</ele>
      </trkpt>
      <trkpt lat="50.942022401" lon="16.511671103">
        <ele>0.000</ele>
      </trkpt>
      <trkpt lat="50.941786006" lon="16.510333434">
        <ele>0.000</ele>
      </trkpt>
      <trkpt lat="50.941844380" lon="16.509598117">
        <ele>0.000</ele>
      </trkpt>
      <trkpt lat="50.942176172" lon="16.508781607">
        <ele>0.000</ele>
      </trkpt>
      <trkpt lat="50.942338351" lon="16.508067656">
        <ele>0.000</ele>
      </trkpt>
      <trkpt lat="50.942336582" lon="16.507354986">
        <ele>0.000</ele>
      </trkpt>
      <trkpt lat="50.942025988" lon="16.506895897">
        <ele>0.000</ele>
      </trkpt>
      <trkpt lat="50.941182625" lon="16.506095936">
        <ele>0.000</ele>
      </trkpt>
      <trkpt lat="50.940945099" lon="16.505514731">
        <ele>0.000</ele>
      </trkpt>
      <trkpt lat="50.940766138" lon="16.504455240">
        <ele>0.000</ele>
      </trkpt>
      <trkpt lat="50.940586636" lon="16.503293396">
        <ele>0.000</ele>
      </trkpt>
      <trkpt lat="50.940741064" lon="16.501569777">
        <ele>0.000</ele>
      </trkpt>
      <trkpt lat="50.940947229" lon="16.499660539">
        <ele>0.000</ele>
      </trkpt>
      <trkpt lat="50.941057394" lon="16.497480064">
        <ele>0.000</ele>
      </trkpt>
      <trkpt lat="50.940760578" lon="16.494662490">
        <ele>0.000</ele>
      </trkpt>
      <trkpt lat="50.941245398" lon="16.494190477">
        <ele>0.000</ele>
      </trkpt>
      <trkpt lat="50.942406356" lon="16.493266147">
        <ele>0.000</ele>
      </trkpt>
    </trkseg>
  </trk>
  <trk>
    <name>Żarów – Jawor</name>
    <trkseg>
      <trkpt lat="50.942410481" lon="16.493279014">
        <ele>0.000</ele>
      </trkpt>
      <trkpt lat="50.943668462" lon="16.492503025">
        <ele>0.000</ele>
      </trkpt>
      <trkpt lat="50.944531193" lon="16.492564392">
        <ele>0.000</ele>
      </trkpt>
      <trkpt lat="50.945835307" lon="16.492982945">
        <ele>0.000</ele>
      </trkpt>
      <trkpt lat="50.947399611" lon="16.493680662">
        <ele>0.000</ele>
      </trkpt>
      <trkpt lat="50.948574357" lon="16.494145468">
        <ele>0.000</ele>
      </trkpt>
      <trkpt lat="50.949722107" lon="16.494478997">
        <ele>0.000</ele>
      </trkpt>
      <trkpt lat="50.951529931" lon="16.493804017">
        <ele>0.000</ele>
      </trkpt>
      <trkpt lat="50.952405874" lon="16.493170423">
        <ele>0.000</ele>
      </trkpt>
      <trkpt lat="50.954385926" lon="16.492247758">
        <ele>0.000</ele>
      </trkpt>
      <trkpt lat="50.954990705" lon="16.492004191">
        <ele>0.000</ele>
      </trkpt>
      <trkpt lat="50.956261982" lon="16.492442142">
        <ele>0.000</ele>
      </trkpt>
      <trkpt lat="50.957095132" lon="16.491002782">
        <ele>0.000</ele>
      </trkpt>
      <trkpt lat="50.957787447" lon="16.487211678">
        <ele>0.000</ele>
      </trkpt>
      <trkpt lat="50.958545274" lon="16.484183653">
        <ele>0.000</ele>
      </trkpt>
      <trkpt lat="50.958770848" lon="16.482789907">
        <ele>0.000</ele>
      </trkpt>
      <trkpt lat="50.958943546" lon="16.480504831">
        <ele>0.000</ele>
      </trkpt>
      <trkpt lat="50.958046815" lon="16.476871419">
        <ele>0.000</ele>
      </trkpt>
      <trkpt lat="50.956611931" lon="16.469647613">
        <ele>0.000</ele>
      </trkpt>
      <trkpt lat="50.957276945" lon="16.466063674">
        <ele>0.000</ele>
      </trkpt>
      <trkpt lat="50.957954211" lon="16.461909236">
        <ele>0.000</ele>
      </trkpt>
      <trkpt lat="50.957976448" lon="16.459083159">
        <ele>0.000</ele>
      </trkpt>
      <trkpt lat="50.957642330" lon="16.456371770">
        <ele>0.000</ele>
      </trkpt>
      <trkpt lat="50.957344257" lon="16.453852531">
        <ele>0.000</ele>
      </trkpt>
      <trkpt lat="50.957279399" lon="16.452748208">
        <ele>0.000</ele>
      </trkpt>
      <trkpt lat="50.957433499" lon="16.451138403">
        <ele>0.000</ele>
      </trkpt>
      <trkpt lat="50.957353616" lon="16.449047609">
        <ele>0.000</ele>
      </trkpt>
      <trkpt lat="50.957524667" lon="16.447499833">
        <ele>0.000</ele>
      </trkpt>
      <trkpt lat="50.957752293" lon="16.443491650">
        <ele>0.000</ele>
      </trkpt>
      <trkpt lat="50.958004551" lon="16.441966616">
        <ele>0.000</ele>
      </trkpt>
      <trkpt lat="50.959252535" lon="16.439936362">
        <ele>0.000</ele>
      </trkpt>
      <trkpt lat="50.960374513" lon="16.436991861">
        <ele>0.000</ele>
      </trkpt>
      <trkpt lat="50.960683876" lon="16.434896586">
        <ele>0.000</ele>
      </trkpt>
      <trkpt lat="50.961468623" lon="16.432190450">
        <ele>0.000</ele>
      </trkpt>
      <trkpt lat="50.961916226" lon="16.430576498">
        <ele>0.000</ele>
      </trkpt>
      <trkpt lat="50.963389887" lon="16.427905219">
        <ele>0.000</ele>
      </trkpt>
      <trkpt lat="50.964432294" lon="16.425376192">
        <ele>0.000</ele>
      </trkpt>
      <trkpt lat="50.964721639" lon="16.422852948">
        <ele>0.000</ele>
      </trkpt>
      <trkpt lat="50.965090310" lon="16.419450058">
        <ele>0.000</ele>
      </trkpt>
      <trkpt lat="50.965226089" lon="16.415697743">
        <ele>0.000</ele>
      </trkpt>
      <trkpt lat="50.965035394" lon="16.413333908">
        <ele>0.000</ele>
      </trkpt>
      <trkpt lat="50.965363230" lon="16.411409768">
        <ele>0.000</ele>
      </trkpt>
      <trkpt lat="50.966974701" lon="16.406529859">
        <ele>0.000</ele>
      </trkpt>
      <trkpt lat="50.967711574" lon="16.403926700">
        <ele>0.000</ele>
      </trkpt>
      <trkpt lat="50.967870900" lon="16.402249560">
        <ele>0.000</ele>
      </trkpt>
      <trkpt lat="50.968412713" lon="16.399720634">
        <ele>0.000</ele>
      </trkpt>
      <trkpt lat="50.968800973" lon="16.397168034">
        <ele>0.000</ele>
      </trkpt>
      <trkpt lat="50.969250337" lon="16.393706049">
        <ele>0.000</ele>
      </trkpt>
      <trkpt lat="50.969781138" lon="16.390229128">
        <ele>0.000</ele>
      </trkpt>
      <trkpt lat="50.969850209" lon="16.386639058">
        <ele>0.000</ele>
      </trkpt>
      <trkpt lat="50.970681443" lon="16.384783990">
        <ele>0.000</ele>
      </trkpt>
      <trkpt lat="50.971663969" lon="16.383142007">
        <ele>0.000</ele>
      </trkpt>
      <trkpt lat="50.972500424" lon="16.381867626">
        <ele>0.000</ele>
      </trkpt>
      <trkpt lat="50.973157234" lon="16.380379982">
        <ele>0.000</ele>
      </trkpt>
      <trkpt lat="50.974282975" lon="16.377899678">
        <ele>0.000</ele>
      </trkpt>
      <trkpt lat="50.975120439" lon="16.376034504">
        <ele>0.000</ele>
      </trkpt>
      <trkpt lat="50.971216610" lon="16.369437051">
        <ele>0.000</ele>
      </trkpt>
      <trkpt lat="50.968458031" lon="16.364899926">
        <ele>0.000</ele>
      </trkpt>
      <trkpt lat="50.965064579" lon="16.359404684">
        <ele>0.000</ele>
      </trkpt>
      <trkpt lat="50.961767873" lon="16.354329360">
        <ele>0.000</ele>
      </trkpt>
      <trkpt lat="50.960766218" lon="16.354789064">
        <ele>0.000</ele>
      </trkpt>
      <trkpt lat="50.960478375" lon="16.353158400">
        <ele>0.000</ele>
      </trkpt>
      <trkpt lat="50.960440151" lon="16.351916673">
        <ele>0.000</ele>
      </trkpt>
      <trkpt lat="50.960107455" lon="16.349765653">
        <ele>0.000</ele>
      </trkpt>
      <trkpt lat="50.959846740" lon="16.347819460">
        <ele>0.000</ele>
      </trkpt>
      <trkpt lat="50.959738905" lon="16.346183844">
        <ele>0.000</ele>
      </trkpt>
      <trkpt lat="50.959538712" lon="16.345426581">
        <ele>0.000</ele>
      </trkpt>
      <trkpt lat="50.960230506" lon="16.345106764">
        <ele>0.000</ele>
      </trkpt>
      <trkpt lat="50.960316693" lon="16.344893923">
        <ele>0.000</ele>
      </trkpt>
      <trkpt lat="50.961382816" lon="16.344307577">
        <ele>0.000</ele>
      </trkpt>
      <trkpt lat="50.962095439" lon="16.343812783">
        <ele>0.000</ele>
      </trkpt>
      <trkpt lat="50.962456321" lon="16.343485046">
        <ele>0.000</ele>
      </trkpt>
      <trkpt lat="50.962773544" lon="16.343015436">
        <ele>0.000</ele>
      </trkpt>
      <trkpt lat="50.962647720" lon="16.341181176">
        <ele>0.000</ele>
      </trkpt>
      <trkpt lat="50.962559377" lon="16.340639988">
        <ele>0.000</ele>
      </trkpt>
      <trkpt lat="50.962775724" lon="16.340020567">
        <ele>0.000</ele>
      </trkpt>
      <trkpt lat="50.963259190" lon="16.338866169">
        <ele>0.000</ele>
      </trkpt>
      <trkpt lat="50.963660057" lon="16.338081879">
        <ele>0.000</ele>
      </trkpt>
      <trkpt lat="50.963959214" lon="16.337440952">
        <ele>0.000</ele>
      </trkpt>
      <trkpt lat="50.964294301" lon="16.336967975">
        <ele>0.000</ele>
      </trkpt>
      <trkpt lat="50.964657605" lon="16.336539814">
        <ele>0.000</ele>
      </trkpt>
      <trkpt lat="50.964882586" lon="16.335919070">
        <ele>0.000</ele>
      </trkpt>
      <trkpt lat="50.965096246" lon="16.335065664">
        <ele>0.000</ele>
      </trkpt>
      <trkpt lat="50.965370165" lon="16.334076143">
        <ele>0.000</ele>
      </trkpt>
      <trkpt lat="50.965733673" lon="16.332674959">
        <ele>0.000</ele>
      </trkpt>
      <trkpt lat="50.966022813" lon="16.331701399">
        <ele>0.000</ele>
      </trkpt>
      <trkpt lat="50.966396449" lon="16.330458314">
        <ele>0.000</ele>
      </trkpt>
      <trkpt lat="50.966905836" lon="16.329182515">
        <ele>0.000</ele>
      </trkpt>
      <trkpt lat="50.967258918" lon="16.328311524">
        <ele>0.000</ele>
      </trkpt>
      <trkpt lat="50.967495332" lon="16.327555747">
        <ele>0.000</ele>
      </trkpt>
      <trkpt lat="50.968435371" lon="16.325111808">
        <ele>0.000</ele>
      </trkpt>
      <trkpt lat="50.968663344" lon="16.324327943">
        <ele>0.000</ele>
      </trkpt>
      <trkpt lat="50.968856367" lon="16.323758461">
        <ele>0.000</ele>
      </trkpt>
      <trkpt lat="50.969111964" lon="16.323148915">
        <ele>0.000</ele>
      </trkpt>
      <trkpt lat="50.969841418" lon="16.321559985">
        <ele>0.000</ele>
      </trkpt>
      <trkpt lat="50.970444799" lon="16.320309775">
        <ele>0.000</ele>
      </trkpt>
      <trkpt lat="50.970811095" lon="16.319486621">
        <ele>0.000</ele>
      </trkpt>
      <trkpt lat="50.970993728" lon="16.318970969">
        <ele>0.000</ele>
      </trkpt>
      <trkpt lat="50.971169528" lon="16.317917799">
        <ele>0.000</ele>
      </trkpt>
      <trkpt lat="50.971789540" lon="16.315478294">
        <ele>0.000</ele>
      </trkpt>
      <trkpt lat="50.972856149" lon="16.313076116">
        <ele>0.000</ele>
      </trkpt>
      <trkpt lat="50.973688502" lon="16.311345933">
        <ele>0.000</ele>
      </trkpt>
      <trkpt lat="50.975086382" lon="16.308166937">
        <ele>0.000</ele>
      </trkpt>
      <trkpt lat="50.976043545" lon="16.306165991">
        <ele>0.000</ele>
      </trkpt>
      <trkpt lat="50.976835165" lon="16.305039543">
        <ele>0.000</ele>
      </trkpt>
      <trkpt lat="50.977078502" lon="16.304738691">
        <ele>0.000</ele>
      </trkpt>
      <trkpt lat="50.977423838" lon="16.304430073">
        <ele>0.000</ele>
      </trkpt>
      <trkpt lat="50.977851460" lon="16.304081606">
        <ele>0.000</ele>
      </trkpt>
      <trkpt lat="50.978188317" lon="16.303770151">
        <ele>0.000</ele>
      </trkpt>
      <trkpt lat="50.979069726" lon="16.302444589">
        <ele>0.000</ele>
      </trkpt>
      <trkpt lat="50.981168297" lon="16.299661596">
        <ele>0.000</ele>
      </trkpt>
      <trkpt lat="50.984289614" lon="16.294689747">
        <ele>0.000</ele>
      </trkpt>
      <trkpt lat="50.984915444" lon="16.292333479">
        <ele>0.000</ele>
      </trkpt>
      <trkpt lat="50.985168702" lon="16.291930286">
        <ele>0.000</ele>
      </trkpt>
      <trkpt lat="50.987432839" lon="16.287131636">
        <ele>0.000</ele>
      </trkpt>
      <trkpt lat="50.988535493" lon="16.284653607">
        <ele>0.000</ele>
      </trkpt>
      <trkpt lat="50.990380821" lon="16.277037983">
        <ele>0.000</ele>
      </trkpt>
      <trkpt lat="50.991216841" lon="16.273683681">
        <ele>0.000</ele>
      </trkpt>
      <trkpt lat="50.992384590" lon="16.276006471">
        <ele>0.000</ele>
      </trkpt>
      <trkpt lat="50.993294359" lon="16.277762281">
        <ele>0.000</ele>
      </trkpt>
      <trkpt lat="50.994304547" lon="16.279038293">
        <ele>0.000</ele>
      </trkpt>
      <trkpt lat="50.995430693" lon="16.280785936">
        <ele>0.000</ele>
      </trkpt>
      <trkpt lat="50.994626996" lon="16.279551996">
        <ele>0.000</ele>
      </trkpt>
      <trkpt lat="50.993709729" lon="16.278320490">
        <ele>0.000</ele>
      </trkpt>
      <trkpt lat="50.992844680" lon="16.276855514">
        <ele>0.000</ele>
      </trkpt>
      <trkpt lat="50.991850503" lon="16.274751336">
        <ele>0.000</ele>
      </trkpt>
      <trkpt lat="50.990692456" lon="16.272290164">
        <ele>0.000</ele>
      </trkpt>
      <trkpt lat="50.989413659" lon="16.268924263">
        <ele>0.000</ele>
      </trkpt>
      <trkpt lat="50.988862529" lon="16.268329756">
        <ele>0.000</ele>
      </trkpt>
      <trkpt lat="50.986115109" lon="16.267194168">
        <ele>0.000</ele>
      </trkpt>
      <trkpt lat="50.985039614" lon="16.266093870">
        <ele>0.000</ele>
      </trkpt>
      <trkpt lat="50.984341288" lon="16.265524762">
        <ele>0.000</ele>
      </trkpt>
      <trkpt lat="50.983804334" lon="16.263754175">
        <ele>0.000</ele>
      </trkpt>
      <trkpt lat="50.982644892" lon="16.261362912">
        <ele>0.000</ele>
      </trkpt>
      <trkpt lat="50.981520940" lon="16.258559662">
        <ele>0.000</ele>
      </trkpt>
      <trkpt lat="50.981207429" lon="16.257965466">
        <ele>0.000</ele>
      </trkpt>
      <trkpt lat="50.981533466" lon="16.256865934">
        <ele>0.000</ele>
      </trkpt>
      <trkpt lat="50.981724509" lon="16.256170680">
        <ele>0.000</ele>
      </trkpt>
      <trkpt lat="50.981794604" lon="16.255674927">
        <ele>0.000</ele>
      </trkpt>
      <trkpt lat="50.981901424" lon="16.255115025">
        <ele>0.000</ele>
      </trkpt>
      <trkpt lat="50.981666025" lon="16.253903816">
        <ele>0.000</ele>
      </trkpt>
      <trkpt lat="50.981782136" lon="16.252986121">
        <ele>0.000</ele>
      </trkpt>
      <trkpt lat="50.982467229" lon="16.250152856">
        <ele>0.000</ele>
      </trkpt>
      <trkpt lat="50.983032297" lon="16.248119998">
        <ele>0.000</ele>
      </trkpt>
      <trkpt lat="50.983262566" lon="16.246778157">
        <ele>0.000</ele>
      </trkpt>
      <trkpt lat="50.983422829" lon="16.245486577">
        <ele>0.000</ele>
      </trkpt>
      <trkpt lat="50.983471973" lon="16.244104362">
        <ele>0.000</ele>
      </trkpt>
      <trkpt lat="50.983478563" lon="16.243721111">
        <ele>0.000</ele>
      </trkpt>
      <trkpt lat="50.983813051" lon="16.243227175">
        <ele>0.000</ele>
      </trkpt>
      <trkpt lat="50.983960269" lon="16.242886634">
        <ele>0.000</ele>
      </trkpt>
      <trkpt lat="50.983982654" lon="16.242411997">
        <ele>0.000</ele>
      </trkpt>
      <trkpt lat="50.983607800" lon="16.240933269">
        <ele>0.000</ele>
      </trkpt>
      <trkpt lat="50.983536585" lon="16.239734385">
        <ele>0.000</ele>
      </trkpt>
      <trkpt lat="50.983595862" lon="16.239170160">
        <ele>0.000</ele>
      </trkpt>
      <trkpt lat="50.983647906" lon="16.238684513">
        <ele>0.000</ele>
      </trkpt>
      <trkpt lat="50.983933037" lon="16.238230978">
        <ele>0.000</ele>
      </trkpt>
      <trkpt lat="50.983445102" lon="16.236319535">
        <ele>0.000</ele>
      </trkpt>
      <trkpt lat="50.984439884" lon="16.235446091">
        <ele>0.000</ele>
      </trkpt>
      <trkpt lat="50.984790672" lon="16.234433748">
        <ele>0.000</ele>
      </trkpt>
      <trkpt lat="50.985192161" lon="16.233415475">
        <ele>0.000</ele>
      </trkpt>
      <trkpt lat="50.985873922" lon="16.232612140">
        <ele>0.000</ele>
      </trkpt>
      <trkpt lat="50.986571559" lon="16.232216543">
        <ele>0.000</ele>
      </trkpt>
      <trkpt lat="50.987199089" lon="16.231956665">
        <ele>0.000</ele>
      </trkpt>
      <trkpt lat="50.987804389" lon="16.231596125">
        <ele>0.000</ele>
      </trkpt>
      <trkpt lat="50.988658041" lon="16.230788325">
        <ele>0.000</ele>
      </trkpt>
      <trkpt lat="50.989432267" lon="16.229588485">
        <ele>0.000</ele>
      </trkpt>
      <trkpt lat="50.990247257" lon="16.228438625">
        <ele>0.000</ele>
      </trkpt>
      <trkpt lat="50.995418403" lon="16.224794821">
        <ele>0.000</ele>
      </trkpt>
      <trkpt lat="50.998258869" lon="16.223433952">
        <ele>0.000</ele>
      </trkpt>
      <trkpt lat="50.998850188" lon="16.223408639">
        <ele>0.000</ele>
      </trkpt>
      <trkpt lat="50.999789718" lon="16.221583162">
        <ele>0.000</ele>
      </trkpt>
      <trkpt lat="51.000179269" lon="16.219471496">
        <ele>0.000</ele>
      </trkpt>
      <trkpt lat="51.000527925" lon="16.218971169">
        <ele>0.000</ele>
      </trkpt>
      <trkpt lat="51.000802336" lon="16.217837224">
        <ele>0.000</ele>
      </trkpt>
      <trkpt lat="51.000973346" lon="16.215460368">
        <ele>0.000</ele>
      </trkpt>
      <trkpt lat="51.000971097" lon="16.214689293">
        <ele>0.000</ele>
      </trkpt>
      <trkpt lat="51.001277936" lon="16.214556263">
        <ele>0.000</ele>
      </trkpt>
      <trkpt lat="51.002643533" lon="16.214843558">
        <ele>0.000</ele>
      </trkpt>
      <trkpt lat="51.006524041" lon="16.213776509">
        <ele>0.000</ele>
      </trkpt>
      <trkpt lat="51.008372957" lon="16.213565129">
        <ele>0.000</ele>
      </trkpt>
      <trkpt lat="51.009852119" lon="16.213617354">
        <ele>0.000</ele>
      </trkpt>
      <trkpt lat="51.011399853" lon="16.213475746">
        <ele>0.000</ele>
      </trkpt>
      <trkpt lat="51.012883817" lon="16.213426311">
        <ele>0.000</ele>
      </trkpt>
      <trkpt lat="51.016209605" lon="16.213937216">
        <ele>0.000</ele>
      </trkpt>
      <trkpt lat="51.018266767" lon="16.213584215">
        <ele>0.000</ele>
      </trkpt>
      <trkpt lat="51.019581716" lon="16.213129368">
        <ele>0.000</ele>
      </trkpt>
      <trkpt lat="51.021341299" lon="16.212248685">
        <ele>0.000</ele>
      </trkpt>
      <trkpt lat="51.022428755" lon="16.210559902">
        <ele>0.000</ele>
      </trkpt>
      <trkpt lat="51.023385678" lon="16.209227690">
        <ele>0.000</ele>
      </trkpt>
      <trkpt lat="51.025310660" lon="16.209021553">
        <ele>0.000</ele>
      </trkpt>
      <trkpt lat="51.026301495" lon="16.209858678">
        <ele>0.000</ele>
      </trkpt>
      <trkpt lat="51.027153980" lon="16.210097852">
        <ele>0.000</ele>
      </trkpt>
      <trkpt lat="51.027834970" lon="16.210978112">
        <ele>0.000</ele>
      </trkpt>
      <trkpt lat="51.028280224" lon="16.211503993">
        <ele>0.000</ele>
      </trkpt>
      <trkpt lat="51.028605518" lon="16.211865249">
        <ele>0.000</ele>
      </trkpt>
      <trkpt lat="51.029316522" lon="16.212430001">
        <ele>0.000</ele>
      </trkpt>
      <trkpt lat="51.029805901" lon="16.212195228">
        <ele>0.000</ele>
      </trkpt>
      <trkpt lat="51.030335567" lon="16.211448705">
        <ele>0.000</ele>
      </trkpt>
      <trkpt lat="51.030861706" lon="16.211564090">
        <ele>0.000</ele>
      </trkpt>
      <trkpt lat="51.031215370" lon="16.211926221">
        <ele>0.000</ele>
      </trkpt>
      <trkpt lat="51.031560795" lon="16.212541918">
        <ele>0.000</ele>
      </trkpt>
      <trkpt lat="51.032073608" lon="16.213333924">
        <ele>0.000</ele>
      </trkpt>
      <trkpt lat="51.032551994" lon="16.213887142">
        <ele>0.000</ele>
      </trkpt>
      <trkpt lat="51.033162449" lon="16.214063476">
        <ele>0.000</ele>
      </trkpt>
      <trkpt lat="51.033980039" lon="16.214304397">
        <ele>0.000</ele>
      </trkpt>
      <trkpt lat="51.034578625" lon="16.214344024">
        <ele>0.000</ele>
      </trkpt>
      <trkpt lat="51.035444382" lon="16.214107766">
        <ele>0.000</ele>
      </trkpt>
      <trkpt lat="51.036131225" lon="16.213876410">
        <ele>0.000</ele>
      </trkpt>
      <trkpt lat="51.036464347" lon="16.213844797">
        <ele>0.000</ele>
      </trkpt>
      <trkpt lat="51.037841031" lon="16.213483324">
        <ele>0.000</ele>
      </trkpt>
      <trkpt lat="51.038462956" lon="16.213589566">
        <ele>0.000</ele>
      </trkpt>
      <trkpt lat="51.039234917" lon="16.213073304">
        <ele>0.000</ele>
      </trkpt>
      <trkpt lat="51.039906625" lon="16.211845689">
        <ele>0.000</ele>
      </trkpt>
      <trkpt lat="51.040927622" lon="16.210692591">
        <ele>0.000</ele>
      </trkpt>
      <trkpt lat="51.041880609" lon="16.209885037">
        <ele>0.000</ele>
      </trkpt>
      <trkpt lat="51.042268322" lon="16.208681197">
        <ele>0.000</ele>
      </trkpt>
      <trkpt lat="51.042677239" lon="16.207733309">
        <ele>0.000</ele>
      </trkpt>
      <trkpt lat="51.043391428" lon="16.205580862">
        <ele>0.000</ele>
      </trkpt>
      <trkpt lat="51.044444772" lon="16.203852283">
        <ele>0.000</ele>
      </trkpt>
      <trkpt lat="51.045269426" lon="16.201403691">
        <ele>0.000</ele>
      </trkpt>
      <trkpt lat="51.046102402" lon="16.200196364">
        <ele>0.000</ele>
      </trkpt>
      <trkpt lat="51.047402238" lon="16.198973504">
        <ele>0.000</ele>
      </trkpt>
      <trkpt lat="51.048557001" lon="16.198354222">
        <ele>0.000</ele>
      </trkpt>
      <trkpt lat="51.048697819" lon="16.197379921">
        <ele>0.000</ele>
      </trkpt>
      <trkpt lat="51.049008453" lon="16.196573912">
        <ele>0.000</ele>
      </trkpt>
      <trkpt lat="51.049148237" lon="16.196190949">
        <ele>0.000</ele>
      </trkpt>
      <trkpt lat="51.050182746" lon="16.193544794">
        <ele>0.000</ele>
      </trkpt>
      <trkpt lat="51.050790787" lon="16.193244246">
        <ele>0.000</ele>
      </trkpt>
      <trkpt lat="51.051736771" lon="16.191241863">
        <ele>0.000</ele>
      </trkpt>
      <trkpt lat="51.052302708" lon="16.190289769">
        <ele>0.000</ele>
      </trkpt>
      <trkpt lat="51.053337731" lon="16.188244983">
        <ele>0.000</ele>
      </trkpt>
      <trkpt lat="51.054266038" lon="16.186617029">
        <ele>0.000</ele>
      </trkpt>
      <trkpt lat="51.054602205" lon="16.186244066">
        <ele>0.000</ele>
      </trkpt>
      <trkpt lat="51.056393152" lon="16.186219264">
        <ele>0.000</ele>
      </trkpt>
      <trkpt lat="51.056991774" lon="16.185678184">
        <ele>0.000</ele>
      </trkpt>
      <trkpt lat="51.057579067" lon="16.184704486">
        <ele>0.000</ele>
      </trkpt>
      <trkpt lat="51.058859730" lon="16.183947769">
        <ele>0.000</ele>
      </trkpt>
      <trkpt lat="51.059717754" lon="16.183437926">
        <ele>0.000</ele>
      </trkpt>
      <trkpt lat="51.060428981" lon="16.183490219">
        <ele>0.000</ele>
      </trkpt>
      <trkpt lat="51.061567818" lon="16.183034873">
        <ele>0.000</ele>
      </trkpt>
      <trkpt lat="51.062691905" lon="16.181525740">
        <ele>0.000</ele>
      </trkpt>
      <trkpt lat="51.064186822" lon="16.180345953">
        <ele>0.000</ele>
      </trkpt>
      <trkpt lat="51.066690968" lon="16.178159649">
        <ele>0.000</ele>
      </trkpt>
      <trkpt lat="51.067965616" lon="16.176632620">
        <ele>0.000</ele>
      </trkpt>
      <trkpt lat="51.069177172" lon="16.174484543">
        <ele>0.000</ele>
      </trkpt>
      <trkpt lat="51.071081818" lon="16.172178884">
        <ele>0.000</ele>
      </trkpt>
      <trkpt lat="51.071926710" lon="16.170712454">
        <ele>0.000</ele>
      </trkpt>
      <trkpt lat="51.072761932" lon="16.168754512">
        <ele>0.000</ele>
      </trkpt>
      <trkpt lat="51.073883528" lon="16.165561382">
        <ele>0.000</ele>
      </trkpt>
      <trkpt lat="51.074785668" lon="16.163509484">
        <ele>0.000</ele>
      </trkpt>
      <trkpt lat="51.076734946" lon="16.159799568">
        <ele>0.000</ele>
      </trkpt>
      <trkpt lat="51.077273818" lon="16.158997965">
        <ele>0.000</ele>
      </trkpt>
    </trkseg>
  </trk>
  <trk>
    <name>ER4</name>
    <trkseg>
      <trkpt lat="51.157620000" lon="14.993270000">
        <ele>195.780</ele>
      </trkpt>
      <trkpt lat="51.157620000" lon="14.993260000">
        <ele>195.870</ele>
      </trkpt>
      <trkpt lat="51.157620000" lon="14.993320000">
        <ele>195.290</ele>
      </trkpt>
      <trkpt lat="51.157630000" lon="14.993410000">
        <ele>193.700</ele>
      </trkpt>
      <trkpt lat="51.157630000" lon="14.993450000">
        <ele>192.850</ele>
      </trkpt>
      <trkpt lat="51.157660000" lon="14.994630000">
        <ele>178.580</ele>
      </trkpt>
      <trkpt lat="51.157680000" lon="14.995130000">
        <ele>180.230</ele>
      </trkpt>
      <trkpt lat="51.157680000" lon="14.995200000">
        <ele>180.740</ele>
      </trkpt>
      <trkpt lat="51.157680000" lon="14.995280000">
        <ele>181.310</ele>
      </trkpt>
      <trkpt lat="51.157680000" lon="14.995280000">
        <ele>181.310</ele>
      </trkpt>
      <trkpt lat="51.157680000" lon="14.995280000">
        <ele>181.310</ele>
      </trkpt>
      <trkpt lat="51.157750000" lon="14.995270000">
        <ele>181.740</ele>
      </trkpt>
      <trkpt lat="51.157800000" lon="14.995270000">
        <ele>182.030</ele>
      </trkpt>
      <trkpt lat="51.157850000" lon="14.995250000">
        <ele>182.090</ele>
      </trkpt>
      <trkpt lat="51.157950000" lon="14.995210000">
        <ele>182.280</ele>
      </trkpt>
      <trkpt lat="51.158020000" lon="14.995170000">
        <ele>182.430</ele>
      </trkpt>
      <trkpt lat="51.158270000" lon="14.995040000">
        <ele>183.030</ele>
      </trkpt>
      <trkpt lat="51.158560000" lon="14.994900000">
        <ele>181.950</ele>
      </trkpt>
      <trkpt lat="51.158750000" lon="14.994820000">
        <ele>184.020</ele>
      </trkpt>
      <trkpt lat="51.158820000" lon="14.994790000">
        <ele>184.950</ele>
      </trkpt>
      <trkpt lat="51.158940000" lon="14.994760000">
        <ele>186.640</ele>
      </trkpt>
      <trkpt lat="51.158990000" lon="14.994760000">
        <ele>187.620</ele>
      </trkpt>
      <trkpt lat="51.159080000" lon="14.994740000">
        <ele>188.720</ele>
      </trkpt>
      <trkpt lat="51.159190000" lon="14.995030000">
        <ele>198.040</ele>
      </trkpt>
      <trkpt lat="51.159280000" lon="14.995470000">
        <ele>199.220</ele>
      </trkpt>
      <trkpt lat="51.159300000" lon="14.995580000">
        <ele>199.400</ele>
      </trkpt>
      <trkpt lat="51.159310000" lon="14.995670000">
        <ele>199.580</ele>
      </trkpt>
      <trkpt lat="51.159330000" lon="14.995900000">
        <ele>199.800</ele>
      </trkpt>
      <trkpt lat="51.159350000" lon="14.996190000">
        <ele>199.260</ele>
      </trkpt>
      <trkpt lat="51.159360000" lon="14.996250000">
        <ele>199.130</ele>
      </trkpt>
      <trkpt lat="51.159370000" lon="14.996440000">
        <ele>198.610</ele>
      </trkpt>
      <trkpt lat="51.159370000" lon="14.996440000">
        <ele>198.610</ele>
      </trkpt>
      <trkpt lat="51.159380000" lon="14.996480000">
        <ele>198.760</ele>
      </trkpt>
      <trkpt lat="51.159400000" lon="14.996910000">
        <ele>199.780</ele>
      </trkpt>
      <trkpt lat="51.159430000" lon="14.997040000">
        <ele>200.980</ele>
      </trkpt>
      <trkpt lat="51.159450000" lon="14.997100000">
        <ele>201.510</ele>
      </trkpt>
      <trkpt lat="51.159460000" lon="14.997150000">
        <ele>201.590</ele>
      </trkpt>
      <trkpt lat="51.159520000" lon="14.997310000">
        <ele>201.040</ele>
      </trkpt>
      <trkpt lat="51.159380000" lon="14.997400000">
        <ele>200.480</ele>
      </trkpt>
      <trkpt lat="51.159440000" lon="14.998180000">
        <ele>199.620</ele>
      </trkpt>
      <trkpt lat="51.159440000" lon="14.998180000">
        <ele>199.620</ele>
      </trkpt>
      <trkpt lat="51.159440000" lon="14.998180000">
        <ele>199.620</ele>
      </trkpt>
      <trkpt lat="51.159490000" lon="14.999010000">
        <ele>204.890</ele>
      </trkpt>
      <trkpt lat="51.159500000" lon="14.999030000">
        <ele>205.340</ele>
      </trkpt>
      <trkpt lat="51.159500000" lon="14.999030000">
        <ele>205.340</ele>
      </trkpt>
      <trkpt lat="51.159500000" lon="14.999030000">
        <ele>205.340</ele>
      </trkpt>
      <trkpt lat="51.159510000" lon="14.999050000">
        <ele>205.780</ele>
      </trkpt>
      <trkpt lat="51.159540000" lon="14.999100000">
        <ele>206.810</ele>
      </trkpt>
      <trkpt lat="51.159580000" lon="14.999140000">
        <ele>207.560</ele>
      </trkpt>
      <trkpt lat="51.159560000" lon="14.999190000">
        <ele>208.270</ele>
      </trkpt>
      <trkpt lat="51.159540000" lon="14.999260000">
        <ele>209.110</ele>
      </trkpt>
      <trkpt lat="51.159530000" lon="14.999340000">
        <ele>210.110</ele>
      </trkpt>
      <trkpt lat="51.159520000" lon="14.999420000">
        <ele>211.150</ele>
      </trkpt>
      <trkpt lat="51.159520000" lon="14.999550000">
        <ele>212.420</ele>
      </trkpt>
      <trkpt lat="51.159510000" lon="14.999610000">
        <ele>213.000</ele>
      </trkpt>
      <trkpt lat="51.159480000" lon="15.000270000">
        <ele>215.230</ele>
      </trkpt>
      <trkpt lat="51.159460000" lon="15.000540000">
        <ele>216.060</ele>
      </trkpt>
      <trkpt lat="51.159500000" lon="15.000540000">
        <ele>216.340</ele>
      </trkpt>
      <trkpt lat="51.159450000" lon="15.001200000">
        <ele>217.050</ele>
      </trkpt>
      <trkpt lat="51.159420000" lon="15.001610000">
        <ele>216.930</ele>
      </trkpt>
      <trkpt lat="51.159420000" lon="15.001610000">
        <ele>216.930</ele>
      </trkpt>
      <trkpt lat="51.159420000" lon="15.001610000">
        <ele>216.930</ele>
      </trkpt>
      <trkpt lat="51.159390000" lon="15.001990000">
        <ele>215.030</ele>
      </trkpt>
      <trkpt lat="51.159360000" lon="15.002400000">
        <ele>213.720</ele>
      </trkpt>
      <trkpt lat="51.159350000" lon="15.002480000">
        <ele>213.390</ele>
      </trkpt>
      <trkpt lat="51.159310000" lon="15.002990000">
        <ele>213.630</ele>
      </trkpt>
      <trkpt lat="51.159290000" lon="15.003280000">
        <ele>214.560</ele>
      </trkpt>
      <trkpt lat="51.159290000" lon="15.003360000">
        <ele>214.550</ele>
      </trkpt>
      <trkpt lat="51.159270000" lon="15.003680000">
        <ele>213.680</ele>
      </trkpt>
      <trkpt lat="51.159260000" lon="15.003800000">
        <ele>213.400</ele>
      </trkpt>
      <trkpt lat="51.159200000" lon="15.004460000">
        <ele>211.460</ele>
      </trkpt>
      <trkpt lat="51.159130000" lon="15.005190000">
        <ele>208.210</ele>
      </trkpt>
      <trkpt lat="51.159120000" lon="15.005370000">
        <ele>207.680</ele>
      </trkpt>
      <trkpt lat="51.159130000" lon="15.005410000">
        <ele>207.370</ele>
      </trkpt>
      <trkpt lat="51.159170000" lon="15.005430000">
        <ele>206.390</ele>
      </trkpt>
      <trkpt lat="51.159160000" lon="15.005500000">
        <ele>206.380</ele>
      </trkpt>
      <trkpt lat="51.159160000" lon="15.005540000">
        <ele>206.240</ele>
      </trkpt>
      <trkpt lat="51.159130000" lon="15.005560000">
        <ele>207.030</ele>
      </trkpt>
      <trkpt lat="51.159100000" lon="15.005600000">
        <ele>207.720</ele>
      </trkpt>
      <trkpt lat="51.159050000" lon="15.006140000">
        <ele>208.100</ele>
      </trkpt>
      <trkpt lat="51.159010000" lon="15.006730000">
        <ele>211.000</ele>
      </trkpt>
      <trkpt lat="51.158990000" lon="15.007070000">
        <ele>212.470</ele>
      </trkpt>
      <trkpt lat="51.158990000" lon="15.007180000">
        <ele>212.320</ele>
      </trkpt>
      <trkpt lat="51.158990000" lon="15.007310000">
        <ele>211.030</ele>
      </trkpt>
      <trkpt lat="51.158990000" lon="15.007390000">
        <ele>209.910</ele>
      </trkpt>
      <trkpt lat="51.159000000" lon="15.007450000">
        <ele>208.680</ele>
      </trkpt>
      <trkpt lat="51.159010000" lon="15.007490000">
        <ele>207.770</ele>
      </trkpt>
      <trkpt lat="51.159020000" lon="15.007530000">
        <ele>207.110</ele>
      </trkpt>
      <trkpt lat="51.159050000" lon="15.007600000">
        <ele>205.690</ele>
      </trkpt>
      <trkpt lat="51.159080000" lon="15.007650000">
        <ele>204.410</ele>
      </trkpt>
      <trkpt lat="51.159110000" lon="15.007710000">
        <ele>203.130</ele>
      </trkpt>
      <trkpt lat="51.159100000" lon="15.007810000">
        <ele>203.220</ele>
      </trkpt>
      <trkpt lat="51.159090000" lon="15.007910000">
        <ele>203.700</ele>
      </trkpt>
      <trkpt lat="51.159050000" lon="15.007960000">
        <ele>204.880</ele>
      </trkpt>
      <trkpt lat="51.158990000" lon="15.008020000">
        <ele>206.490</ele>
      </trkpt>
      <trkpt lat="51.158940000" lon="15.008120000">
        <ele>207.750</ele>
      </trkpt>
      <trkpt lat="51.158910000" lon="15.008180000">
        <ele>208.500</ele>
      </trkpt>
      <trkpt lat="51.158890000" lon="15.008280000">
        <ele>208.980</ele>
      </trkpt>
      <trkpt lat="51.158860000" lon="15.008620000">
        <ele>207.970</ele>
      </trkpt>
      <trkpt lat="51.158850000" lon="15.008760000">
        <ele>207.540</ele>
      </trkpt>
      <trkpt lat="51.158850000" lon="15.008760000">
        <ele>207.540</ele>
      </trkpt>
      <trkpt lat="51.158850000" lon="15.008760000">
        <ele>207.540</ele>
      </trkpt>
      <trkpt lat="51.158830000" lon="15.008950000">
        <ele>206.770</ele>
      </trkpt>
      <trkpt lat="51.158750000" lon="15.009480000">
        <ele>204.440</ele>
      </trkpt>
      <trkpt lat="51.158690000" lon="15.010040000">
        <ele>204.670</ele>
      </trkpt>
      <trkpt lat="51.158600000" lon="15.010800000">
        <ele>203.310</ele>
      </trkpt>
      <trkpt lat="51.158570000" lon="15.011030000">
        <ele>203.950</ele>
      </trkpt>
      <trkpt lat="51.158410000" lon="15.012380000">
        <ele>199.710</ele>
      </trkpt>
      <trkpt lat="51.158380000" lon="15.012530000">
        <ele>199.280</ele>
      </trkpt>
      <trkpt lat="51.158340000" lon="15.012780000">
        <ele>200.030</ele>
      </trkpt>
      <trkpt lat="51.158340000" lon="15.012940000">
        <ele>200.610</ele>
      </trkpt>
      <trkpt lat="51.158320000" lon="15.013030000">
        <ele>200.960</ele>
      </trkpt>
      <trkpt lat="51.158310000" lon="15.013100000">
        <ele>200.950</ele>
      </trkpt>
      <trkpt lat="51.158300000" lon="15.013150000">
        <ele>200.860</ele>
      </trkpt>
      <trkpt lat="51.158290000" lon="15.013220000">
        <ele>200.750</ele>
      </trkpt>
      <trkpt lat="51.158210000" lon="15.013620000">
        <ele>199.780</ele>
      </trkpt>
      <trkpt lat="51.158190000" lon="15.013740000">
        <ele>200.060</ele>
      </trkpt>
      <trkpt lat="51.158080000" lon="15.014260000">
        <ele>201.430</ele>
      </trkpt>
      <trkpt lat="51.158000000" lon="15.014620000">
        <ele>202.360</ele>
      </trkpt>
      <trkpt lat="51.157910000" lon="15.015010000">
        <ele>204.650</ele>
      </trkpt>
      <trkpt lat="51.157870000" lon="15.015150000">
        <ele>205.320</ele>
      </trkpt>
      <trkpt lat="51.157850000" lon="15.015240000">
        <ele>205.540</ele>
      </trkpt>
      <trkpt lat="51.157830000" lon="15.015330000">
        <ele>205.720</ele>
      </trkpt>
      <trkpt lat="51.157800000" lon="15.015350000">
        <ele>206.280</ele>
      </trkpt>
      <trkpt lat="51.157780000" lon="15.015380000">
        <ele>206.590</ele>
      </trkpt>
      <trkpt lat="51.157760000" lon="15.015490000">
        <ele>206.430</ele>
      </trkpt>
      <trkpt lat="51.157690000" lon="15.015770000">
        <ele>206.180</ele>
      </trkpt>
      <trkpt lat="51.157640000" lon="15.015910000">
        <ele>206.210</ele>
      </trkpt>
      <trkpt lat="51.157290000" lon="15.017330000">
        <ele>203.810</ele>
      </trkpt>
      <trkpt lat="51.157150000" lon="15.017890000">
        <ele>205.250</ele>
      </trkpt>
      <trkpt lat="51.157140000" lon="15.017960000">
        <ele>204.970</ele>
      </trkpt>
      <trkpt lat="51.157130000" lon="15.017970000">
        <ele>204.970</ele>
      </trkpt>
      <trkpt lat="51.157080000" lon="15.018170000">
        <ele>204.620</ele>
      </trkpt>
      <trkpt lat="51.157080000" lon="15.018170000">
        <ele>204.620</ele>
      </trkpt>
      <trkpt lat="51.157080000" lon="15.018170000">
        <ele>204.620</ele>
      </trkpt>
      <trkpt lat="51.156970000" lon="15.018600000">
        <ele>205.540</ele>
      </trkpt>
      <trkpt lat="51.156940000" lon="15.018700000">
        <ele>205.750</ele>
      </trkpt>
      <trkpt lat="51.156950000" lon="15.018780000">
        <ele>205.260</ele>
      </trkpt>
      <trkpt lat="51.156980000" lon="15.018840000">
        <ele>204.220</ele>
      </trkpt>
      <trkpt lat="51.156960000" lon="15.018910000">
        <ele>204.480</ele>
      </trkpt>
      <trkpt lat="51.156940000" lon="15.018970000">
        <ele>204.800</ele>
      </trkpt>
      <trkpt lat="51.156870000" lon="15.018990000">
        <ele>206.170</ele>
      </trkpt>
      <trkpt lat="51.156840000" lon="15.019030000">
        <ele>206.750</ele>
      </trkpt>
      <trkpt lat="51.156690000" lon="15.019400000">
        <ele>211.320</ele>
      </trkpt>
      <trkpt lat="51.156520000" lon="15.019800000">
        <ele>208.550</ele>
      </trkpt>
      <trkpt lat="51.156490000" lon="15.019880000">
        <ele>207.420</ele>
      </trkpt>
      <trkpt lat="51.156460000" lon="15.019950000">
        <ele>206.620</ele>
      </trkpt>
      <trkpt lat="51.156420000" lon="15.020020000">
        <ele>206.120</ele>
      </trkpt>
      <trkpt lat="51.156310000" lon="15.020220000">
        <ele>206.630</ele>
      </trkpt>
      <trkpt lat="51.156270000" lon="15.020310000">
        <ele>206.520</ele>
      </trkpt>
      <trkpt lat="51.156270000" lon="15.020350000">
        <ele>206.110</ele>
      </trkpt>
      <trkpt lat="51.156240000" lon="15.020410000">
        <ele>205.610</ele>
      </trkpt>
      <trkpt lat="51.156300000" lon="15.020480000">
        <ele>204.720</ele>
      </trkpt>
      <trkpt lat="51.156510000" lon="15.020760000">
        <ele>205.010</ele>
      </trkpt>
      <trkpt lat="51.156700000" lon="15.021020000">
        <ele>204.800</ele>
      </trkpt>
      <trkpt lat="51.157440000" lon="15.022000000">
        <ele>195.300</ele>
      </trkpt>
      <trkpt lat="51.157580000" lon="15.022220000">
        <ele>195.570</ele>
      </trkpt>
      <trkpt lat="51.157580000" lon="15.022220000">
        <ele>195.570</ele>
      </trkpt>
      <trkpt lat="51.157580000" lon="15.022220000">
        <ele>195.570</ele>
      </trkpt>
      <trkpt lat="51.157690000" lon="15.022390000">
        <ele>197.990</ele>
      </trkpt>
      <trkpt lat="51.158080000" lon="15.022990000">
        <ele>203.980</ele>
      </trkpt>
      <trkpt lat="51.158200000" lon="15.023180000">
        <ele>203.390</ele>
      </trkpt>
      <trkpt lat="51.158320000" lon="15.023450000">
        <ele>203.500</ele>
      </trkpt>
      <trkpt lat="51.158320000" lon="15.023450000">
        <ele>203.500</ele>
      </trkpt>
      <trkpt lat="51.158320000" lon="15.023450000">
        <ele>203.500</ele>
      </trkpt>
      <trkpt lat="51.158730000" lon="15.024070000">
        <ele>197.190</ele>
      </trkpt>
      <trkpt lat="51.159130000" lon="15.024690000">
        <ele>190.150</ele>
      </trkpt>
      <trkpt lat="51.159540000" lon="15.025310000">
        <ele>191.800</ele>
      </trkpt>
      <trkpt lat="51.159540000" lon="15.025310000">
        <ele>191.800</ele>
      </trkpt>
      <trkpt lat="51.159540000" lon="15.025310000">
        <ele>191.800</ele>
      </trkpt>
      <trkpt lat="51.160030000" lon="15.026050000">
        <ele>191.740</ele>
      </trkpt>
      <trkpt lat="51.160040000" lon="15.026060000">
        <ele>191.670</ele>
      </trkpt>
      <trkpt lat="51.160270000" lon="15.026410000">
        <ele>187.230</ele>
      </trkpt>
      <trkpt lat="51.160320000" lon="15.026500000">
        <ele>188.380</ele>
      </trkpt>
      <trkpt lat="51.160420000" lon="15.026640000">
        <ele>189.980</ele>
      </trkpt>
      <trkpt lat="51.160590000" lon="15.026890000">
        <ele>191.170</ele>
      </trkpt>
      <trkpt lat="51.160810000" lon="15.027240000">
        <ele>189.990</ele>
      </trkpt>
      <trkpt lat="51.160810000" lon="15.027240000">
        <ele>189.990</ele>
      </trkpt>
      <trkpt lat="51.160810000" lon="15.027240000">
        <ele>189.990</ele>
      </trkpt>
      <trkpt lat="51.161090000" lon="15.027670000">
        <ele>190.920</ele>
      </trkpt>
      <trkpt lat="51.161130000" lon="15.027720000">
        <ele>191.070</ele>
      </trkpt>
      <trkpt lat="51.161400000" lon="15.028130000">
        <ele>191.130</ele>
      </trkpt>
      <trkpt lat="51.161460000" lon="15.028230000">
        <ele>191.540</ele>
      </trkpt>
      <trkpt lat="51.161800000" lon="15.028750000">
        <ele>188.740</ele>
      </trkpt>
      <trkpt lat="51.162120000" lon="15.029230000">
        <ele>189.640</ele>
      </trkpt>
      <trkpt lat="51.162270000" lon="15.029450000">
        <ele>191.440</ele>
      </trkpt>
      <trkpt lat="51.162360000" lon="15.029460000">
        <ele>190.510</ele>
      </trkpt>
      <trkpt lat="51.162350000" lon="15.029570000">
        <ele>190.510</ele>
      </trkpt>
      <trkpt lat="51.162440000" lon="15.029700000">
        <ele>191.220</ele>
      </trkpt>
      <trkpt lat="51.162440000" lon="15.029700000">
        <ele>191.220</ele>
      </trkpt>
      <trkpt lat="51.162440000" lon="15.029700000">
        <ele>191.220</ele>
      </trkpt>
      <trkpt lat="51.162600000" lon="15.029950000">
        <ele>191.900</ele>
      </trkpt>
      <trkpt lat="51.163270000" lon="15.031060000">
        <ele>182.720</ele>
      </trkpt>
      <trkpt lat="51.163650000" lon="15.031590000">
        <ele>186.060</ele>
      </trkpt>
      <trkpt lat="51.163750000" lon="15.031750000">
        <ele>185.750</ele>
      </trkpt>
      <trkpt lat="51.163800000" lon="15.031930000">
        <ele>184.480</ele>
      </trkpt>
      <trkpt lat="51.163930000" lon="15.032570000">
        <ele>182.140</ele>
      </trkpt>
      <trkpt lat="51.164060000" lon="15.033200000">
        <ele>184.020</ele>
      </trkpt>
      <trkpt lat="51.164420000" lon="15.035050000">
        <ele>185.800</ele>
      </trkpt>
      <trkpt lat="51.164420000" lon="15.035050000">
        <ele>185.800</ele>
      </trkpt>
      <trkpt lat="51.164420000" lon="15.035050000">
        <ele>185.800</ele>
      </trkpt>
      <trkpt lat="51.164670000" lon="15.036320000">
        <ele>182.010</ele>
      </trkpt>
      <trkpt lat="51.164850000" lon="15.037340000">
        <ele>182.980</ele>
      </trkpt>
      <trkpt lat="51.164970000" lon="15.037770000">
        <ele>186.110</ele>
      </trkpt>
      <trkpt lat="51.164980000" lon="15.037940000">
        <ele>185.340</ele>
      </trkpt>
      <trkpt lat="51.165020000" lon="15.038150000">
        <ele>184.800</ele>
      </trkpt>
      <trkpt lat="51.165070000" lon="15.038380000">
        <ele>184.590</ele>
      </trkpt>
      <trkpt lat="51.165140000" lon="15.038780000">
        <ele>185.300</ele>
      </trkpt>
      <trkpt lat="51.166010000" lon="15.037980000">
        <ele>186.730</ele>
      </trkpt>
      <trkpt lat="51.166320000" lon="15.037700000">
        <ele>184.500</ele>
      </trkpt>
      <trkpt lat="51.166320000" lon="15.037700000">
        <ele>184.500</ele>
      </trkpt>
      <trkpt lat="51.166320000" lon="15.037700000">
        <ele>184.500</ele>
      </trkpt>
      <trkpt lat="51.166500000" lon="15.037530000">
        <ele>183.640</ele>
      </trkpt>
      <trkpt lat="51.167930000" lon="15.036220000">
        <ele>186.250</ele>
      </trkpt>
      <trkpt lat="51.168150000" lon="15.036010000">
        <ele>187.440</ele>
      </trkpt>
      <trkpt lat="51.168290000" lon="15.035870000">
        <ele>185.710</ele>
      </trkpt>
      <trkpt lat="51.168600000" lon="15.035630000">
        <ele>183.310</ele>
      </trkpt>
      <trkpt lat="51.168950000" lon="15.035290000">
        <ele>180.990</ele>
      </trkpt>
      <trkpt lat="51.169070000" lon="15.035190000">
        <ele>181.000</ele>
      </trkpt>
      <trkpt lat="51.169100000" lon="15.035190000">
        <ele>181.000</ele>
      </trkpt>
      <trkpt lat="51.169160000" lon="15.035210000">
        <ele>181.000</ele>
      </trkpt>
      <trkpt lat="51.169220000" lon="15.035280000">
        <ele>181.380</ele>
      </trkpt>
      <trkpt lat="51.169340000" lon="15.035400000">
        <ele>181.810</ele>
      </trkpt>
      <trkpt lat="51.169420000" lon="15.035490000">
        <ele>182.060</ele>
      </trkpt>
      <trkpt lat="51.169450000" lon="15.035580000">
        <ele>181.990</ele>
      </trkpt>
      <trkpt lat="51.169430000" lon="15.037900000">
        <ele>182.900</ele>
      </trkpt>
      <trkpt lat="51.169430000" lon="15.038030000">
        <ele>182.900</ele>
      </trkpt>
      <trkpt lat="51.169430000" lon="15.038030000">
        <ele>182.900</ele>
      </trkpt>
      <trkpt lat="51.169430000" lon="15.038030000">
        <ele>182.900</ele>
      </trkpt>
      <trkpt lat="51.169430000" lon="15.038650000">
        <ele>185.080</ele>
      </trkpt>
      <trkpt lat="51.169660000" lon="15.038760000">
        <ele>184.880</ele>
      </trkpt>
      <trkpt lat="51.170080000" lon="15.038740000">
        <ele>185.690</ele>
      </trkpt>
      <trkpt lat="51.170110000" lon="15.038840000">
        <ele>185.350</ele>
      </trkpt>
      <trkpt lat="51.170150000" lon="15.038940000">
        <ele>184.850</ele>
      </trkpt>
      <trkpt lat="51.170160000" lon="15.039320000">
        <ele>185.250</ele>
      </trkpt>
      <trkpt lat="51.170170000" lon="15.039470000">
        <ele>185.520</ele>
      </trkpt>
      <trkpt lat="51.170210000" lon="15.039560000">
        <ele>185.340</ele>
      </trkpt>
      <trkpt lat="51.170360000" lon="15.039840000">
        <ele>184.540</ele>
      </trkpt>
      <trkpt lat="51.170390000" lon="15.039960000">
        <ele>184.640</ele>
      </trkpt>
      <trkpt lat="51.170420000" lon="15.040070000">
        <ele>184.590</ele>
      </trkpt>
      <trkpt lat="51.170480000" lon="15.040330000">
        <ele>184.680</ele>
      </trkpt>
      <trkpt lat="51.170540000" lon="15.040640000">
        <ele>185.330</ele>
      </trkpt>
      <trkpt lat="51.170600000" lon="15.041090000">
        <ele>186.940</ele>
      </trkpt>
      <trkpt lat="51.170650000" lon="15.041520000">
        <ele>186.320</ele>
      </trkpt>
      <trkpt lat="51.170650000" lon="15.041880000">
        <ele>186.830</ele>
      </trkpt>
      <trkpt lat="51.170580000" lon="15.042460000">
        <ele>188.890</ele>
      </trkpt>
      <trkpt lat="51.170570000" lon="15.042790000">
        <ele>188.850</ele>
      </trkpt>
      <trkpt lat="51.170630000" lon="15.043100000">
        <ele>187.610</ele>
      </trkpt>
      <trkpt lat="51.170710000" lon="15.043280000">
        <ele>187.090</ele>
      </trkpt>
      <trkpt lat="51.170790000" lon="15.043400000">
        <ele>186.590</ele>
      </trkpt>
      <trkpt lat="51.170870000" lon="15.043500000">
        <ele>185.800</ele>
      </trkpt>
      <trkpt lat="51.170870000" lon="15.043500000">
        <ele>185.800</ele>
      </trkpt>
      <trkpt lat="51.170870000" lon="15.043500000">
        <ele>185.800</ele>
      </trkpt>
      <trkpt lat="51.170940000" lon="15.043560000">
        <ele>185.370</ele>
      </trkpt>
      <trkpt lat="51.171440000" lon="15.043990000">
        <ele>185.120</ele>
      </trkpt>
      <trkpt lat="51.171440000" lon="15.043990000">
        <ele>185.120</ele>
      </trkpt>
      <trkpt lat="51.171420000" lon="15.044480000">
        <ele>186.000</ele>
      </trkpt>
      <trkpt lat="51.171420000" lon="15.044480000">
        <ele>186.000</ele>
      </trkpt>
      <trkpt lat="51.171430000" lon="15.044480000">
        <ele>186.000</ele>
      </trkpt>
      <trkpt lat="51.171510000" lon="15.044730000">
        <ele>186.020</ele>
      </trkpt>
      <trkpt lat="51.171550000" lon="15.044900000">
        <ele>186.270</ele>
      </trkpt>
      <trkpt lat="51.171580000" lon="15.045320000">
        <ele>185.360</ele>
      </trkpt>
      <trkpt lat="51.171610000" lon="15.045460000">
        <ele>185.340</ele>
      </trkpt>
      <trkpt lat="51.171630000" lon="15.045530000">
        <ele>185.250</ele>
      </trkpt>
      <trkpt lat="51.171630000" lon="15.045530000">
        <ele>185.250</ele>
      </trkpt>
      <trkpt lat="51.171630000" lon="15.045530000">
        <ele>185.250</ele>
      </trkpt>
      <trkpt lat="51.171640000" lon="15.045590000">
        <ele>185.600</ele>
      </trkpt>
      <trkpt lat="51.171680000" lon="15.045670000">
        <ele>186.680</ele>
      </trkpt>
      <trkpt lat="51.171720000" lon="15.045720000">
        <ele>187.450</ele>
      </trkpt>
      <trkpt lat="51.171780000" lon="15.045770000">
        <ele>188.180</ele>
      </trkpt>
      <trkpt lat="51.171820000" lon="15.045790000">
        <ele>188.460</ele>
      </trkpt>
      <trkpt lat="51.171740000" lon="15.046140000">
        <ele>188.890</ele>
      </trkpt>
      <trkpt lat="51.171700000" lon="15.046350000">
        <ele>190.390</ele>
      </trkpt>
      <trkpt lat="51.171680000" lon="15.046470000">
        <ele>191.430</ele>
      </trkpt>
      <trkpt lat="51.171670000" lon="15.046610000">
        <ele>192.550</ele>
      </trkpt>
      <trkpt lat="51.171680000" lon="15.046810000">
        <ele>191.330</ele>
      </trkpt>
      <trkpt lat="51.171690000" lon="15.046990000">
        <ele>189.900</ele>
      </trkpt>
      <trkpt lat="51.171730000" lon="15.047540000">
        <ele>187.430</ele>
      </trkpt>
      <trkpt lat="51.171770000" lon="15.048070000">
        <ele>185.170</ele>
      </trkpt>
      <trkpt lat="51.171840000" lon="15.048600000">
        <ele>184.420</ele>
      </trkpt>
      <trkpt lat="51.171890000" lon="15.049030000">
        <ele>185.000</ele>
      </trkpt>
      <trkpt lat="51.171910000" lon="15.049350000">
        <ele>186.570</ele>
      </trkpt>
      <trkpt lat="51.171920000" lon="15.049680000">
        <ele>188.420</ele>
      </trkpt>
      <trkpt lat="51.171910000" lon="15.050250000">
        <ele>192.900</ele>
      </trkpt>
      <trkpt lat="51.171900000" lon="15.050910000">
        <ele>199.060</ele>
      </trkpt>
      <trkpt lat="51.171870000" lon="15.051300000">
        <ele>198.020</ele>
      </trkpt>
      <trkpt lat="51.171830000" lon="15.051720000">
        <ele>195.510</ele>
      </trkpt>
      <trkpt lat="51.171770000" lon="15.052160000">
        <ele>193.390</ele>
      </trkpt>
      <trkpt lat="51.171720000" lon="15.052490000">
        <ele>191.260</ele>
      </trkpt>
      <trkpt lat="51.171650000" lon="15.052920000">
        <ele>189.850</ele>
      </trkpt>
      <trkpt lat="51.171570000" lon="15.053420000">
        <ele>189.440</ele>
      </trkpt>
      <trkpt lat="51.171500000" lon="15.053840000">
        <ele>186.650</ele>
      </trkpt>
      <trkpt lat="51.171430000" lon="15.054250000">
        <ele>185.770</ele>
      </trkpt>
      <trkpt lat="51.171390000" lon="15.054650000">
        <ele>187.220</ele>
      </trkpt>
      <trkpt lat="51.171270000" lon="15.055260000">
        <ele>189.280</ele>
      </trkpt>
      <trkpt lat="51.171100000" lon="15.056090000">
        <ele>187.770</ele>
      </trkpt>
      <trkpt lat="51.170960000" lon="15.056640000">
        <ele>189.400</ele>
      </trkpt>
      <trkpt lat="51.170870000" lon="15.056900000">
        <ele>190.920</ele>
      </trkpt>
      <trkpt lat="51.170740000" lon="15.057270000">
        <ele>190.600</ele>
      </trkpt>
      <trkpt lat="51.170700000" lon="15.057410000">
        <ele>190.050</ele>
      </trkpt>
      <trkpt lat="51.170670000" lon="15.057560000">
        <ele>190.130</ele>
      </trkpt>
      <trkpt lat="51.170670000" lon="15.057720000">
        <ele>190.940</ele>
      </trkpt>
      <trkpt lat="51.170700000" lon="15.057850000">
        <ele>191.680</ele>
      </trkpt>
      <trkpt lat="51.170700000" lon="15.057850000">
        <ele>191.680</ele>
      </trkpt>
      <trkpt lat="51.170700000" lon="15.057850000">
        <ele>191.680</ele>
      </trkpt>
      <trkpt lat="51.170730000" lon="15.058010000">
        <ele>192.190</ele>
      </trkpt>
      <trkpt lat="51.170810000" lon="15.058220000">
        <ele>194.020</ele>
      </trkpt>
      <trkpt lat="51.170900000" lon="15.058470000">
        <ele>196.330</ele>
      </trkpt>
      <trkpt lat="51.170950000" lon="15.058590000">
        <ele>197.220</ele>
      </trkpt>
      <trkpt lat="51.170980000" lon="15.058710000">
        <ele>197.250</ele>
      </trkpt>
      <trkpt lat="51.170990000" lon="15.058800000">
        <ele>197.100</ele>
      </trkpt>
      <trkpt lat="51.170990000" lon="15.058920000">
        <ele>196.720</ele>
      </trkpt>
      <trkpt lat="51.170970000" lon="15.059030000">
        <ele>195.940</ele>
      </trkpt>
      <trkpt lat="51.170920000" lon="15.059150000">
        <ele>194.270</ele>
      </trkpt>
      <trkpt lat="51.170880000" lon="15.059220000">
        <ele>192.790</ele>
      </trkpt>
      <trkpt lat="51.170810000" lon="15.059260000">
        <ele>191.270</ele>
      </trkpt>
      <trkpt lat="51.170730000" lon="15.059280000">
        <ele>190.960</ele>
      </trkpt>
      <trkpt lat="51.170600000" lon="15.059270000">
        <ele>190.730</ele>
      </trkpt>
      <trkpt lat="51.170250000" lon="15.059200000">
        <ele>194.500</ele>
      </trkpt>
      <trkpt lat="51.169650000" lon="15.059080000">
        <ele>189.240</ele>
      </trkpt>
      <trkpt lat="51.169460000" lon="15.059050000">
        <ele>191.390</ele>
      </trkpt>
      <trkpt lat="51.169210000" lon="15.059020000">
        <ele>191.870</ele>
      </trkpt>
      <trkpt lat="51.169110000" lon="15.059080000">
        <ele>192.310</ele>
      </trkpt>
      <trkpt lat="51.169030000" lon="15.059220000">
        <ele>193.380</ele>
      </trkpt>
      <trkpt lat="51.169010000" lon="15.059330000">
        <ele>194.180</ele>
      </trkpt>
      <trkpt lat="51.169020000" lon="15.059460000">
        <ele>195.030</ele>
      </trkpt>
      <trkpt lat="51.169050000" lon="15.059570000">
        <ele>195.260</ele>
      </trkpt>
      <trkpt lat="51.169120000" lon="15.059690000">
        <ele>195.740</ele>
      </trkpt>
      <trkpt lat="51.169210000" lon="15.059820000">
        <ele>194.940</ele>
      </trkpt>
      <trkpt lat="51.169320000" lon="15.059980000">
        <ele>193.510</ele>
      </trkpt>
      <trkpt lat="51.169440000" lon="15.060140000">
        <ele>192.510</ele>
      </trkpt>
      <trkpt lat="51.169490000" lon="15.060280000">
        <ele>192.160</ele>
      </trkpt>
      <trkpt lat="51.169520000" lon="15.060370000">
        <ele>192.270</ele>
      </trkpt>
      <trkpt lat="51.169540000" lon="15.060490000">
        <ele>192.340</ele>
      </trkpt>
      <trkpt lat="51.169500000" lon="15.060670000">
        <ele>192.450</ele>
      </trkpt>
      <trkpt lat="51.168960000" lon="15.062040000">
        <ele>194.170</ele>
      </trkpt>
      <trkpt lat="51.168670000" lon="15.062910000">
        <ele>200.990</ele>
      </trkpt>
      <trkpt lat="51.168620000" lon="15.063120000">
        <ele>203.430</ele>
      </trkpt>
      <trkpt lat="51.168550000" lon="15.063440000">
        <ele>203.110</ele>
      </trkpt>
      <trkpt lat="51.168490000" lon="15.063990000">
        <ele>204.390</ele>
      </trkpt>
      <trkpt lat="51.168450000" lon="15.064530000">
        <ele>205.070</ele>
      </trkpt>
      <trkpt lat="51.168450000" lon="15.064530000">
        <ele>205.070</ele>
      </trkpt>
      <trkpt lat="51.168450000" lon="15.064530000">
        <ele>205.070</ele>
      </trkpt>
      <trkpt lat="51.168440000" lon="15.064740000">
        <ele>207.170</ele>
      </trkpt>
      <trkpt lat="51.168430000" lon="15.065200000">
        <ele>204.750</ele>
      </trkpt>
      <trkpt lat="51.168420000" lon="15.065570000">
        <ele>199.760</ele>
      </trkpt>
      <trkpt lat="51.168430000" lon="15.066030000">
        <ele>203.060</ele>
      </trkpt>
      <trkpt lat="51.168450000" lon="15.066610000">
        <ele>205.970</ele>
      </trkpt>
      <trkpt lat="51.168490000" lon="15.067350000">
        <ele>205.080</ele>
      </trkpt>
      <trkpt lat="51.168530000" lon="15.067810000">
        <ele>204.500</ele>
      </trkpt>
      <trkpt lat="51.168570000" lon="15.068170000">
        <ele>201.330</ele>
      </trkpt>
      <trkpt lat="51.168580000" lon="15.068200000">
        <ele>200.890</ele>
      </trkpt>
      <trkpt lat="51.168930000" lon="15.069880000">
        <ele>195.960</ele>
      </trkpt>
      <trkpt lat="51.169130000" lon="15.070990000">
        <ele>199.730</ele>
      </trkpt>
      <trkpt lat="51.169250000" lon="15.071800000">
        <ele>204.770</ele>
      </trkpt>
      <trkpt lat="51.169380000" lon="15.072550000">
        <ele>205.020</ele>
      </trkpt>
      <trkpt lat="51.169560000" lon="15.073310000">
        <ele>204.540</ele>
      </trkpt>
      <trkpt lat="51.169620000" lon="15.073230000">
        <ele>202.440</ele>
      </trkpt>
      <trkpt lat="51.169620000" lon="15.073230000">
        <ele>202.440</ele>
      </trkpt>
      <trkpt lat="51.169620000" lon="15.073230000">
        <ele>202.440</ele>
      </trkpt>
      <trkpt lat="51.169560000" lon="15.073310000">
        <ele>204.540</ele>
      </trkpt>
      <trkpt lat="51.169910000" lon="15.074800000">
        <ele>199.310</ele>
      </trkpt>
      <trkpt lat="51.170200000" lon="15.076000000">
        <ele>193.410</ele>
      </trkpt>
      <trkpt lat="51.170240000" lon="15.076240000">
        <ele>193.010</ele>
      </trkpt>
      <trkpt lat="51.170230000" lon="15.077100000">
        <ele>194.080</ele>
      </trkpt>
      <trkpt lat="51.170230000" lon="15.077470000">
        <ele>196.150</ele>
      </trkpt>
      <trkpt lat="51.170270000" lon="15.077790000">
        <ele>198.090</ele>
      </trkpt>
      <trkpt lat="51.170370000" lon="15.078480000">
        <ele>202.160</ele>
      </trkpt>
      <trkpt lat="51.170440000" lon="15.078870000">
        <ele>202.160</ele>
      </trkpt>
      <trkpt lat="51.170560000" lon="15.079220000">
        <ele>198.360</ele>
      </trkpt>
      <trkpt lat="51.171500000" lon="15.081390000">
        <ele>187.600</ele>
      </trkpt>
      <trkpt lat="51.171550000" lon="15.081590000">
        <ele>187.120</ele>
      </trkpt>
      <trkpt lat="51.171580000" lon="15.081800000">
        <ele>187.630</ele>
      </trkpt>
      <trkpt lat="51.171620000" lon="15.082110000">
        <ele>191.150</ele>
      </trkpt>
      <trkpt lat="51.171680000" lon="15.082760000">
        <ele>185.920</ele>
      </trkpt>
      <trkpt lat="51.171710000" lon="15.083130000">
        <ele>184.330</ele>
      </trkpt>
      <trkpt lat="51.171750000" lon="15.083530000">
        <ele>185.510</ele>
      </trkpt>
      <trkpt lat="51.171710000" lon="15.083540000">
        <ele>184.680</ele>
      </trkpt>
      <trkpt lat="51.171670000" lon="15.083560000">
        <ele>183.890</ele>
      </trkpt>
      <trkpt lat="51.171740000" lon="15.084010000">
        <ele>188.780</ele>
      </trkpt>
      <trkpt lat="51.171800000" lon="15.084360000">
        <ele>192.430</ele>
      </trkpt>
      <trkpt lat="51.171910000" lon="15.085010000">
        <ele>191.340</ele>
      </trkpt>
      <trkpt lat="51.172010000" lon="15.085660000">
        <ele>187.580</ele>
      </trkpt>
      <trkpt lat="51.172150000" lon="15.086420000">
        <ele>186.690</ele>
      </trkpt>
      <trkpt lat="51.172180000" lon="15.086540000">
        <ele>186.470</ele>
      </trkpt>
      <trkpt lat="51.172230000" lon="15.086870000">
        <ele>186.060</ele>
      </trkpt>
      <trkpt lat="51.172360000" lon="15.087450000">
        <ele>188.490</ele>
      </trkpt>
      <trkpt lat="51.172440000" lon="15.087730000">
        <ele>190.330</ele>
      </trkpt>
      <trkpt lat="51.172530000" lon="15.088050000">
        <ele>190.330</ele>
      </trkpt>
      <trkpt lat="51.172610000" lon="15.088330000">
        <ele>189.990</ele>
      </trkpt>
      <trkpt lat="51.172740000" lon="15.088760000">
        <ele>191.780</ele>
      </trkpt>
      <trkpt lat="51.172780000" lon="15.088740000">
        <ele>192.500</ele>
      </trkpt>
      <trkpt lat="51.172810000" lon="15.088860000">
        <ele>193.370</ele>
      </trkpt>
      <trkpt lat="51.172880000" lon="15.088980000">
        <ele>194.560</ele>
      </trkpt>
      <trkpt lat="51.172960000" lon="15.088970000">
        <ele>195.530</ele>
      </trkpt>
      <trkpt lat="51.173350000" lon="15.089070000">
        <ele>200.800</ele>
      </trkpt>
      <trkpt lat="51.173980000" lon="15.089360000">
        <ele>195.060</ele>
      </trkpt>
      <trkpt lat="51.174290000" lon="15.089530000">
        <ele>193.480</ele>
      </trkpt>
      <trkpt lat="51.174630000" lon="15.090130000">
        <ele>196.310</ele>
      </trkpt>
      <trkpt lat="51.174940000" lon="15.090750000">
        <ele>197.450</ele>
      </trkpt>
      <trkpt lat="51.175250000" lon="15.091450000">
        <ele>195.080</ele>
      </trkpt>
      <trkpt lat="51.175290000" lon="15.091530000">
        <ele>195.040</ele>
      </trkpt>
      <trkpt lat="51.175290000" lon="15.091530000">
        <ele>195.040</ele>
      </trkpt>
      <trkpt lat="51.175290000" lon="15.091530000">
        <ele>195.040</ele>
      </trkpt>
      <trkpt lat="51.175500000" lon="15.092010000">
        <ele>196.600</ele>
      </trkpt>
      <trkpt lat="51.175690000" lon="15.092510000">
        <ele>198.950</ele>
      </trkpt>
      <trkpt lat="51.176040000" lon="15.093610000">
        <ele>201.230</ele>
      </trkpt>
      <trkpt lat="51.176430000" lon="15.094780000">
        <ele>198.670</ele>
      </trkpt>
      <trkpt lat="51.176710000" lon="15.095590000">
        <ele>199.450</ele>
      </trkpt>
      <trkpt lat="51.176980000" lon="15.096390000">
        <ele>203.870</ele>
      </trkpt>
      <trkpt lat="51.177140000" lon="15.097110000">
        <ele>203.820</ele>
      </trkpt>
      <trkpt lat="51.177300000" lon="15.097830000">
        <ele>203.360</ele>
      </trkpt>
      <trkpt lat="51.177450000" lon="15.098610000">
        <ele>203.360</ele>
      </trkpt>
      <trkpt lat="51.177590000" lon="15.099380000">
        <ele>207.680</ele>
      </trkpt>
      <trkpt lat="51.177680000" lon="15.099930000">
        <ele>209.860</ele>
      </trkpt>
      <trkpt lat="51.177790000" lon="15.100650000">
        <ele>206.720</ele>
      </trkpt>
      <trkpt lat="51.177890000" lon="15.101370000">
        <ele>202.660</ele>
      </trkpt>
      <trkpt lat="51.178020000" lon="15.102310000">
        <ele>202.780</ele>
      </trkpt>
      <trkpt lat="51.178150000" lon="15.103240000">
        <ele>205.120</ele>
      </trkpt>
      <trkpt lat="51.178220000" lon="15.103540000">
        <ele>208.130</ele>
      </trkpt>
      <trkpt lat="51.178370000" lon="15.103920000">
        <ele>209.360</ele>
      </trkpt>
      <trkpt lat="51.178880000" lon="15.104970000">
        <ele>215.840</ele>
      </trkpt>
      <trkpt lat="51.178950000" lon="15.105240000">
        <ele>216.480</ele>
      </trkpt>
      <trkpt lat="51.179220000" lon="15.106280000">
        <ele>213.270</ele>
      </trkpt>
      <trkpt lat="51.179390000" lon="15.107010000">
        <ele>212.480</ele>
      </trkpt>
      <trkpt lat="51.179560000" lon="15.107750000">
        <ele>212.070</ele>
      </trkpt>
      <trkpt lat="51.179740000" lon="15.108480000">
        <ele>212.880</ele>
      </trkpt>
      <trkpt lat="51.179910000" lon="15.109220000">
        <ele>214.480</ele>
      </trkpt>
      <trkpt lat="51.180080000" lon="15.109950000">
        <ele>215.260</ele>
      </trkpt>
      <trkpt lat="51.180250000" lon="15.110640000">
        <ele>218.000</ele>
      </trkpt>
      <trkpt lat="51.180410000" lon="15.111330000">
        <ele>218.210</ele>
      </trkpt>
      <trkpt lat="51.180580000" lon="15.112030000">
        <ele>219.430</ele>
      </trkpt>
      <trkpt lat="51.180740000" lon="15.112720000">
        <ele>217.730</ele>
      </trkpt>
      <trkpt lat="51.180910000" lon="15.113410000">
        <ele>219.800</ele>
      </trkpt>
      <trkpt lat="51.181070000" lon="15.114100000">
        <ele>217.740</ele>
      </trkpt>
      <trkpt lat="51.181240000" lon="15.114790000">
        <ele>217.760</ele>
      </trkpt>
      <trkpt lat="51.181400000" lon="15.115480000">
        <ele>218.960</ele>
      </trkpt>
      <trkpt lat="51.181570000" lon="15.116180000">
        <ele>220.050</ele>
      </trkpt>
      <trkpt lat="51.181730000" lon="15.116870000">
        <ele>217.970</ele>
      </trkpt>
      <trkpt lat="51.181900000" lon="15.117560000">
        <ele>213.270</ele>
      </trkpt>
      <trkpt lat="51.182060000" lon="15.118250000">
        <ele>215.430</ele>
      </trkpt>
      <trkpt lat="51.182230000" lon="15.118930000">
        <ele>221.070</ele>
      </trkpt>
      <trkpt lat="51.182390000" lon="15.119620000">
        <ele>219.510</ele>
      </trkpt>
      <trkpt lat="51.182550000" lon="15.120290000">
        <ele>216.880</ele>
      </trkpt>
      <trkpt lat="51.182710000" lon="15.120970000">
        <ele>212.780</ele>
      </trkpt>
      <trkpt lat="51.182880000" lon="15.121640000">
        <ele>211.430</ele>
      </trkpt>
      <trkpt lat="51.183040000" lon="15.122320000">
        <ele>210.160</ele>
      </trkpt>
      <trkpt lat="51.183200000" lon="15.122990000">
        <ele>208.630</ele>
      </trkpt>
      <trkpt lat="51.183480000" lon="15.124120000">
        <ele>211.180</ele>
      </trkpt>
      <trkpt lat="51.183480000" lon="15.124120000">
        <ele>211.180</ele>
      </trkpt>
      <trkpt lat="51.183480000" lon="15.124120000">
        <ele>211.180</ele>
      </trkpt>
      <trkpt lat="51.183590000" lon="15.124410000">
        <ele>213.680</ele>
      </trkpt>
      <trkpt lat="51.183720000" lon="15.124690000">
        <ele>213.460</ele>
      </trkpt>
      <trkpt lat="51.183960000" lon="15.125170000">
        <ele>210.010</ele>
      </trkpt>
      <trkpt lat="51.184700000" lon="15.126450000">
        <ele>202.250</ele>
      </trkpt>
      <trkpt lat="51.185110000" lon="15.127210000">
        <ele>203.460</ele>
      </trkpt>
      <trkpt lat="51.185840000" lon="15.129060000">
        <ele>211.010</ele>
      </trkpt>
      <trkpt lat="51.186230000" lon="15.129970000">
        <ele>208.630</ele>
      </trkpt>
      <trkpt lat="51.186470000" lon="15.130660000">
        <ele>204.510</ele>
      </trkpt>
      <trkpt lat="51.186530000" lon="15.131110000">
        <ele>203.980</ele>
      </trkpt>
      <trkpt lat="51.186600000" lon="15.132100000">
        <ele>206.890</ele>
      </trkpt>
      <trkpt lat="51.186690000" lon="15.133310000">
        <ele>213.820</ele>
      </trkpt>
      <trkpt lat="51.186700000" lon="15.134000000">
        <ele>212.370</ele>
      </trkpt>
      <trkpt lat="51.186700000" lon="15.134650000">
        <ele>211.300</ele>
      </trkpt>
      <trkpt lat="51.186690000" lon="15.136830000">
        <ele>214.670</ele>
      </trkpt>
      <trkpt lat="51.186690000" lon="15.137410000">
        <ele>215.860</ele>
      </trkpt>
      <trkpt lat="51.186890000" lon="15.139350000">
        <ele>219.450</ele>
      </trkpt>
      <trkpt lat="51.186910000" lon="15.139740000">
        <ele>221.620</ele>
      </trkpt>
      <trkpt lat="51.186910000" lon="15.140080000">
        <ele>223.020</ele>
      </trkpt>
      <trkpt lat="51.186880000" lon="15.140700000">
        <ele>222.220</ele>
      </trkpt>
      <trkpt lat="51.186830000" lon="15.141260000">
        <ele>226.770</ele>
      </trkpt>
      <trkpt lat="51.186830000" lon="15.141540000">
        <ele>227.910</ele>
      </trkpt>
      <trkpt lat="51.186900000" lon="15.141950000">
        <ele>228.800</ele>
      </trkpt>
      <trkpt lat="51.187330000" lon="15.144160000">
        <ele>223.850</ele>
      </trkpt>
      <trkpt lat="51.187370000" lon="15.144420000">
        <ele>221.580</ele>
      </trkpt>
      <trkpt lat="51.187370000" lon="15.144510000">
        <ele>221.290</ele>
      </trkpt>
      <trkpt lat="51.187410000" lon="15.146070000">
        <ele>215.240</ele>
      </trkpt>
      <trkpt lat="51.187430000" lon="15.146280000">
        <ele>213.630</ele>
      </trkpt>
      <trkpt lat="51.187460000" lon="15.146460000">
        <ele>212.600</ele>
      </trkpt>
      <trkpt lat="51.187510000" lon="15.146660000">
        <ele>212.100</ele>
      </trkpt>
      <trkpt lat="51.187560000" lon="15.146810000">
        <ele>212.950</ele>
      </trkpt>
      <trkpt lat="51.187640000" lon="15.146950000">
        <ele>214.020</ele>
      </trkpt>
      <trkpt lat="51.187730000" lon="15.147080000">
        <ele>214.740</ele>
      </trkpt>
      <trkpt lat="51.187840000" lon="15.147200000">
        <ele>214.960</ele>
      </trkpt>
      <trkpt lat="51.187930000" lon="15.147230000">
        <ele>215.030</ele>
      </trkpt>
      <trkpt lat="51.188030000" lon="15.147240000">
        <ele>215.120</ele>
      </trkpt>
      <trkpt lat="51.188040000" lon="15.147300000">
        <ele>215.530</ele>
      </trkpt>
      <trkpt lat="51.188060000" lon="15.147360000">
        <ele>216.020</ele>
      </trkpt>
      <trkpt lat="51.188220000" lon="15.147780000">
        <ele>217.570</ele>
      </trkpt>
      <trkpt lat="51.188340000" lon="15.148130000">
        <ele>215.460</ele>
      </trkpt>
      <trkpt lat="51.188490000" lon="15.148610000">
        <ele>213.870</ele>
      </trkpt>
      <trkpt lat="51.188620000" lon="15.149060000">
        <ele>214.060</ele>
      </trkpt>
      <trkpt lat="51.188660000" lon="15.149290000">
        <ele>213.540</ele>
      </trkpt>
      <trkpt lat="51.188730000" lon="15.149710000">
        <ele>212.190</ele>
      </trkpt>
      <trkpt lat="51.188790000" lon="15.150080000">
        <ele>211.750</ele>
      </trkpt>
      <trkpt lat="51.188840000" lon="15.150460000">
        <ele>212.180</ele>
      </trkpt>
      <trkpt lat="51.188850000" lon="15.150650000">
        <ele>213.160</ele>
      </trkpt>
      <trkpt lat="51.188840000" lon="15.150820000">
        <ele>213.940</ele>
      </trkpt>
      <trkpt lat="51.188660000" lon="15.152460000">
        <ele>213.550</ele>
      </trkpt>
      <trkpt lat="51.188440000" lon="15.154340000">
        <ele>215.440</ele>
      </trkpt>
      <trkpt lat="51.188430000" lon="15.154470000">
        <ele>214.240</ele>
      </trkpt>
      <trkpt lat="51.188420000" lon="15.154660000">
        <ele>212.990</ele>
      </trkpt>
      <trkpt lat="51.188430000" lon="15.156780000">
        <ele>214.800</ele>
      </trkpt>
      <trkpt lat="51.188390000" lon="15.157040000">
        <ele>217.450</ele>
      </trkpt>
      <trkpt lat="51.188210000" lon="15.157710000">
        <ele>215.410</ele>
      </trkpt>
      <trkpt lat="51.188010000" lon="15.158300000">
        <ele>214.230</ele>
      </trkpt>
      <trkpt lat="51.187910000" lon="15.158500000">
        <ele>212.360</ele>
      </trkpt>
      <trkpt lat="51.187810000" lon="15.158680000">
        <ele>210.990</ele>
      </trkpt>
      <trkpt lat="51.187710000" lon="15.158830000">
        <ele>211.820</ele>
      </trkpt>
      <trkpt lat="51.187630000" lon="15.158980000">
        <ele>213.010</ele>
      </trkpt>
      <trkpt lat="51.187520000" lon="15.159230000">
        <ele>214.460</ele>
      </trkpt>
      <trkpt lat="51.187420000" lon="15.159550000">
        <ele>215.210</ele>
      </trkpt>
      <trkpt lat="51.187150000" lon="15.160460000">
        <ele>215.080</ele>
      </trkpt>
      <trkpt lat="51.187020000" lon="15.160890000">
        <ele>217.790</ele>
      </trkpt>
      <trkpt lat="51.186890000" lon="15.161150000">
        <ele>220.340</ele>
      </trkpt>
      <trkpt lat="51.186760000" lon="15.161370000">
        <ele>219.430</ele>
      </trkpt>
      <trkpt lat="51.186760000" lon="15.161370000">
        <ele>219.430</ele>
      </trkpt>
      <trkpt lat="51.186760000" lon="15.161370000">
        <ele>219.430</ele>
      </trkpt>
      <trkpt lat="51.186690000" lon="15.161480000">
        <ele>217.460</ele>
      </trkpt>
      <trkpt lat="51.186040000" lon="15.162620000">
        <ele>218.320</ele>
      </trkpt>
      <trkpt lat="51.185420000" lon="15.164310000">
        <ele>218.560</ele>
      </trkpt>
      <trkpt lat="51.184620000" lon="15.166450000">
        <ele>221.290</ele>
      </trkpt>
      <trkpt lat="51.183810000" lon="15.168600000">
        <ele>222.200</ele>
      </trkpt>
      <trkpt lat="51.183690000" lon="15.168860000">
        <ele>223.360</ele>
      </trkpt>
      <trkpt lat="51.183540000" lon="15.169140000">
        <ele>223.950</ele>
      </trkpt>
      <trkpt lat="51.183290000" lon="15.169530000">
        <ele>221.420</ele>
      </trkpt>
      <trkpt lat="51.182950000" lon="15.170020000">
        <ele>224.240</ele>
      </trkpt>
      <trkpt lat="51.182900000" lon="15.170100000">
        <ele>223.880</ele>
      </trkpt>
      <trkpt lat="51.182860000" lon="15.170200000">
        <ele>223.590</ele>
      </trkpt>
      <trkpt lat="51.182840000" lon="15.170290000">
        <ele>223.480</ele>
      </trkpt>
      <trkpt lat="51.182840000" lon="15.170400000">
        <ele>223.790</ele>
      </trkpt>
      <trkpt lat="51.182850000" lon="15.170490000">
        <ele>224.090</ele>
      </trkpt>
      <trkpt lat="51.182870000" lon="15.170600000">
        <ele>224.330</ele>
      </trkpt>
      <trkpt lat="51.182900000" lon="15.170690000">
        <ele>224.440</ele>
      </trkpt>
      <trkpt lat="51.182930000" lon="15.170780000">
        <ele>224.550</ele>
      </trkpt>
      <trkpt lat="51.183060000" lon="15.171040000">
        <ele>225.790</ele>
      </trkpt>
      <trkpt lat="51.183090000" lon="15.171110000">
        <ele>226.490</ele>
      </trkpt>
      <trkpt lat="51.183110000" lon="15.171180000">
        <ele>226.240</ele>
      </trkpt>
      <trkpt lat="51.183120000" lon="15.171260000">
        <ele>225.730</ele>
      </trkpt>
      <trkpt lat="51.183130000" lon="15.171330000">
        <ele>225.280</ele>
      </trkpt>
      <trkpt lat="51.183110000" lon="15.171400000">
        <ele>224.590</ele>
      </trkpt>
      <trkpt lat="51.183090000" lon="15.171500000">
        <ele>224.370</ele>
      </trkpt>
      <trkpt lat="51.183050000" lon="15.171600000">
        <ele>224.010</ele>
      </trkpt>
      <trkpt lat="51.182990000" lon="15.171690000">
        <ele>224.000</ele>
      </trkpt>
      <trkpt lat="51.182710000" lon="15.172010000">
        <ele>224.240</ele>
      </trkpt>
      <trkpt lat="51.182460000" lon="15.172290000">
        <ele>226.060</ele>
      </trkpt>
      <trkpt lat="51.182100000" lon="15.172610000">
        <ele>228.350</ele>
      </trkpt>
      <trkpt lat="51.181960000" lon="15.172750000">
        <ele>229.700</ele>
      </trkpt>
      <trkpt lat="51.181640000" lon="15.173090000">
        <ele>230.370</ele>
      </trkpt>
      <trkpt lat="51.181560000" lon="15.173140000">
        <ele>230.910</ele>
      </trkpt>
      <trkpt lat="51.181470000" lon="15.173170000">
        <ele>231.240</ele>
      </trkpt>
      <trkpt lat="51.181360000" lon="15.173190000">
        <ele>231.510</ele>
      </trkpt>
      <trkpt lat="51.181240000" lon="15.173190000">
        <ele>231.730</ele>
      </trkpt>
      <trkpt lat="51.181030000" lon="15.173130000">
        <ele>231.400</ele>
      </trkpt>
      <trkpt lat="51.180810000" lon="15.173100000">
        <ele>230.790</ele>
      </trkpt>
      <trkpt lat="51.180670000" lon="15.173100000">
        <ele>231.720</ele>
      </trkpt>
      <trkpt lat="51.180540000" lon="15.173100000">
        <ele>232.540</ele>
      </trkpt>
      <trkpt lat="51.180520000" lon="15.173430000">
        <ele>235.870</ele>
      </trkpt>
      <trkpt lat="51.180510000" lon="15.173590000">
        <ele>237.160</ele>
      </trkpt>
      <trkpt lat="51.180500000" lon="15.174110000">
        <ele>240.240</ele>
      </trkpt>
      <trkpt lat="51.180470000" lon="15.174240000">
        <ele>240.800</ele>
      </trkpt>
      <trkpt lat="51.180290000" lon="15.174510000">
        <ele>241.950</ele>
      </trkpt>
      <trkpt lat="51.179950000" lon="15.175270000">
        <ele>241.420</ele>
      </trkpt>
      <trkpt lat="51.179860000" lon="15.175500000">
        <ele>240.090</ele>
      </trkpt>
      <trkpt lat="51.179810000" lon="15.175720000">
        <ele>240.250</ele>
      </trkpt>
      <trkpt lat="51.179790000" lon="15.176030000">
        <ele>240.760</ele>
      </trkpt>
      <trkpt lat="51.179790000" lon="15.176600000">
        <ele>236.910</ele>
      </trkpt>
      <trkpt lat="51.179750000" lon="15.177370000">
        <ele>233.520</ele>
      </trkpt>
      <trkpt lat="51.179690000" lon="15.179640000">
        <ele>233.180</ele>
      </trkpt>
      <trkpt lat="51.179670000" lon="15.180200000">
        <ele>232.230</ele>
      </trkpt>
      <trkpt lat="51.179630000" lon="15.180320000">
        <ele>233.050</ele>
      </trkpt>
      <trkpt lat="51.179590000" lon="15.180350000">
        <ele>233.550</ele>
      </trkpt>
      <trkpt lat="51.179230000" lon="15.180490000">
        <ele>238.670</ele>
      </trkpt>
      <trkpt lat="51.177840000" lon="15.181030000">
        <ele>253.590</ele>
      </trkpt>
      <trkpt lat="51.177540000" lon="15.181200000">
        <ele>252.140</ele>
      </trkpt>
      <trkpt lat="51.177540000" lon="15.181540000">
        <ele>256.800</ele>
      </trkpt>
      <trkpt lat="51.177530000" lon="15.181970000">
        <ele>258.160</ele>
      </trkpt>
      <trkpt lat="51.177460000" lon="15.182960000">
        <ele>256.440</ele>
      </trkpt>
      <trkpt lat="51.177420000" lon="15.183510000">
        <ele>252.910</ele>
      </trkpt>
      <trkpt lat="51.177400000" lon="15.184090000">
        <ele>249.070</ele>
      </trkpt>
      <trkpt lat="51.177360000" lon="15.184890000">
        <ele>248.600</ele>
      </trkpt>
      <trkpt lat="51.177360000" lon="15.184960000">
        <ele>248.850</ele>
      </trkpt>
      <trkpt lat="51.177360000" lon="15.184960000">
        <ele>248.850</ele>
      </trkpt>
      <trkpt lat="51.177360000" lon="15.184960000">
        <ele>248.850</ele>
      </trkpt>
      <trkpt lat="51.177340000" lon="15.185410000">
        <ele>250.320</ele>
      </trkpt>
      <trkpt lat="51.177310000" lon="15.186140000">
        <ele>254.440</ele>
      </trkpt>
      <trkpt lat="51.177280000" lon="15.186930000">
        <ele>256.030</ele>
      </trkpt>
      <trkpt lat="51.177280000" lon="15.187440000">
        <ele>255.020</ele>
      </trkpt>
      <trkpt lat="51.177240000" lon="15.188160000">
        <ele>257.420</ele>
      </trkpt>
      <trkpt lat="51.177240000" lon="15.188510000">
        <ele>257.360</ele>
      </trkpt>
      <trkpt lat="51.177240000" lon="15.188750000">
        <ele>261.690</ele>
      </trkpt>
      <trkpt lat="51.177230000" lon="15.188950000">
        <ele>264.930</ele>
      </trkpt>
      <trkpt lat="51.177160000" lon="15.189050000">
        <ele>263.470</ele>
      </trkpt>
      <trkpt lat="51.176770000" lon="15.189310000">
        <ele>260.920</ele>
      </trkpt>
      <trkpt lat="51.176110000" lon="15.189720000">
        <ele>262.040</ele>
      </trkpt>
      <trkpt lat="51.175680000" lon="15.190030000">
        <ele>262.930</ele>
      </trkpt>
      <trkpt lat="51.175600000" lon="15.190120000">
        <ele>262.340</ele>
      </trkpt>
      <trkpt lat="51.175580000" lon="15.190220000">
        <ele>261.630</ele>
      </trkpt>
      <trkpt lat="51.175570000" lon="15.190370000">
        <ele>260.860</ele>
      </trkpt>
      <trkpt lat="51.175570000" lon="15.190910000">
        <ele>260.090</ele>
      </trkpt>
      <trkpt lat="51.175560000" lon="15.191170000">
        <ele>254.640</ele>
      </trkpt>
      <trkpt lat="51.175540000" lon="15.191550000">
        <ele>254.080</ele>
      </trkpt>
      <trkpt lat="51.175510000" lon="15.192220000">
        <ele>262.280</ele>
      </trkpt>
      <trkpt lat="51.175500000" lon="15.192720000">
        <ele>263.180</ele>
      </trkpt>
      <trkpt lat="51.175460000" lon="15.193450000">
        <ele>274.370</ele>
      </trkpt>
      <trkpt lat="51.175430000" lon="15.194130000">
        <ele>282.640</ele>
      </trkpt>
      <trkpt lat="51.175400000" lon="15.194380000">
        <ele>285.180</ele>
      </trkpt>
      <trkpt lat="51.175210000" lon="15.195340000">
        <ele>281.960</ele>
      </trkpt>
      <trkpt lat="51.174920000" lon="15.196900000">
        <ele>283.840</ele>
      </trkpt>
      <trkpt lat="51.174680000" lon="15.198100000">
        <ele>293.160</ele>
      </trkpt>
      <trkpt lat="51.174660000" lon="15.198420000">
        <ele>292.030</ele>
      </trkpt>
      <trkpt lat="51.174680000" lon="15.198700000">
        <ele>292.490</ele>
      </trkpt>
      <trkpt lat="51.174800000" lon="15.199620000">
        <ele>293.320</ele>
      </trkpt>
      <trkpt lat="51.174960000" lon="15.201240000">
        <ele>297.400</ele>
      </trkpt>
      <trkpt lat="51.174840000" lon="15.202690000">
        <ele>291.350</ele>
      </trkpt>
      <trkpt lat="51.174790000" lon="15.203220000">
        <ele>291.500</ele>
      </trkpt>
      <trkpt lat="51.174740000" lon="15.203510000">
        <ele>292.630</ele>
      </trkpt>
      <trkpt lat="51.174690000" lon="15.203740000">
        <ele>293.350</ele>
      </trkpt>
      <trkpt lat="51.174670000" lon="15.203890000">
        <ele>294.060</ele>
      </trkpt>
      <trkpt lat="51.174690000" lon="15.204060000">
        <ele>294.420</ele>
      </trkpt>
      <trkpt lat="51.174700000" lon="15.204360000">
        <ele>294.600</ele>
      </trkpt>
      <trkpt lat="51.174710000" lon="15.204670000">
        <ele>295.560</ele>
      </trkpt>
      <trkpt lat="51.174710000" lon="15.204940000">
        <ele>295.020</ele>
      </trkpt>
      <trkpt lat="51.174630000" lon="15.205310000">
        <ele>296.510</ele>
      </trkpt>
      <trkpt lat="51.174360000" lon="15.206300000">
        <ele>297.470</ele>
      </trkpt>
      <trkpt lat="51.174330000" lon="15.206410000">
        <ele>297.560</ele>
      </trkpt>
      <trkpt lat="51.174290000" lon="15.206550000">
        <ele>297.120</ele>
      </trkpt>
      <trkpt lat="51.174060000" lon="15.207430000">
        <ele>295.180</ele>
      </trkpt>
      <trkpt lat="51.174060000" lon="15.207640000">
        <ele>296.240</ele>
      </trkpt>
      <trkpt lat="51.174210000" lon="15.209560000">
        <ele>302.760</ele>
      </trkpt>
      <trkpt lat="51.174240000" lon="15.210670000">
        <ele>299.710</ele>
      </trkpt>
      <trkpt lat="51.174240000" lon="15.210740000">
        <ele>298.950</ele>
      </trkpt>
      <trkpt lat="51.174240000" lon="15.210820000">
        <ele>298.090</ele>
      </trkpt>
      <trkpt lat="51.174240000" lon="15.211060000">
        <ele>291.850</ele>
      </trkpt>
      <trkpt lat="51.174230000" lon="15.211300000">
        <ele>290.170</ele>
      </trkpt>
      <trkpt lat="51.174210000" lon="15.211680000">
        <ele>293.950</ele>
      </trkpt>
      <trkpt lat="51.174200000" lon="15.212100000">
        <ele>298.960</ele>
      </trkpt>
      <trkpt lat="51.174170000" lon="15.212500000">
        <ele>291.990</ele>
      </trkpt>
      <trkpt lat="51.174130000" lon="15.212980000">
        <ele>289.010</ele>
      </trkpt>
      <trkpt lat="51.174110000" lon="15.213420000">
        <ele>288.860</ele>
      </trkpt>
      <trkpt lat="51.174100000" lon="15.213660000">
        <ele>289.040</ele>
      </trkpt>
      <trkpt lat="51.174090000" lon="15.213870000">
        <ele>289.260</ele>
      </trkpt>
      <trkpt lat="51.174080000" lon="15.214050000">
        <ele>289.310</ele>
      </trkpt>
      <trkpt lat="51.174080000" lon="15.214160000">
        <ele>289.310</ele>
      </trkpt>
      <trkpt lat="51.174080000" lon="15.214200000">
        <ele>289.430</ele>
      </trkpt>
      <trkpt lat="51.174070000" lon="15.214460000">
        <ele>290.370</ele>
      </trkpt>
      <trkpt lat="51.174050000" lon="15.214700000">
        <ele>290.810</ele>
      </trkpt>
      <trkpt lat="51.174020000" lon="15.214890000">
        <ele>290.130</ele>
      </trkpt>
      <trkpt lat="51.173980000" lon="15.215080000">
        <ele>289.480</ele>
      </trkpt>
      <trkpt lat="51.173950000" lon="15.215240000">
        <ele>289.110</ele>
      </trkpt>
      <trkpt lat="51.173920000" lon="15.215350000">
        <ele>289.230</ele>
      </trkpt>
      <trkpt lat="51.173900000" lon="15.215400000">
        <ele>289.420</ele>
      </trkpt>
      <trkpt lat="51.173870000" lon="15.215470000">
        <ele>289.510</ele>
      </trkpt>
      <trkpt lat="51.173820000" lon="15.215490000">
        <ele>289.080</ele>
      </trkpt>
      <trkpt lat="51.173780000" lon="15.215500000">
        <ele>288.700</ele>
      </trkpt>
      <trkpt lat="51.173730000" lon="15.215500000">
        <ele>288.200</ele>
      </trkpt>
      <trkpt lat="51.173680000" lon="15.215500000">
        <ele>287.690</ele>
      </trkpt>
      <trkpt lat="51.173620000" lon="15.215500000">
        <ele>287.090</ele>
      </trkpt>
      <trkpt lat="51.173580000" lon="15.215490000">
        <ele>287.060</ele>
      </trkpt>
      <trkpt lat="51.173530000" lon="15.215470000">
        <ele>287.110</ele>
      </trkpt>
      <trkpt lat="51.173460000" lon="15.215440000">
        <ele>287.090</ele>
      </trkpt>
      <trkpt lat="51.173340000" lon="15.215370000">
        <ele>286.670</ele>
      </trkpt>
      <trkpt lat="51.173270000" lon="15.215340000">
        <ele>285.660</ele>
      </trkpt>
      <trkpt lat="51.173210000" lon="15.215320000">
        <ele>284.840</ele>
      </trkpt>
      <trkpt lat="51.173140000" lon="15.215310000">
        <ele>283.980</ele>
      </trkpt>
      <trkpt lat="51.173110000" lon="15.215320000">
        <ele>283.650</ele>
      </trkpt>
      <trkpt lat="51.173080000" lon="15.215350000">
        <ele>283.310</ele>
      </trkpt>
      <trkpt lat="51.173060000" lon="15.215390000">
        <ele>283.060</ele>
      </trkpt>
      <trkpt lat="51.173020000" lon="15.215450000">
        <ele>283.130</ele>
      </trkpt>
      <trkpt lat="51.172990000" lon="15.215560000">
        <ele>283.230</ele>
      </trkpt>
      <trkpt lat="51.172920000" lon="15.215740000">
        <ele>283.160</ele>
      </trkpt>
      <trkpt lat="51.172850000" lon="15.215940000">
        <ele>285.290</ele>
      </trkpt>
      <trkpt lat="51.172800000" lon="15.216100000">
        <ele>289.410</ele>
      </trkpt>
      <trkpt lat="51.172740000" lon="15.216320000">
        <ele>288.290</ele>
      </trkpt>
      <trkpt lat="51.172670000" lon="15.216530000">
        <ele>285.890</ele>
      </trkpt>
      <trkpt lat="51.172620000" lon="15.216650000">
        <ele>284.080</ele>
      </trkpt>
      <trkpt lat="51.172520000" lon="15.216890000">
        <ele>282.340</ele>
      </trkpt>
      <trkpt lat="51.172520000" lon="15.216890000">
        <ele>282.340</ele>
      </trkpt>
      <trkpt lat="51.172520000" lon="15.216890000">
        <ele>282.340</ele>
      </trkpt>
      <trkpt lat="51.172480000" lon="15.216990000">
        <ele>282.240</ele>
      </trkpt>
      <trkpt lat="51.172380000" lon="15.217260000">
        <ele>283.920</ele>
      </trkpt>
      <trkpt lat="51.172300000" lon="15.217440000">
        <ele>286.290</ele>
      </trkpt>
      <trkpt lat="51.172240000" lon="15.217610000">
        <ele>287.790</ele>
      </trkpt>
      <trkpt lat="51.172210000" lon="15.217780000">
        <ele>288.870</ele>
      </trkpt>
      <trkpt lat="51.172180000" lon="15.217930000">
        <ele>288.460</ele>
      </trkpt>
      <trkpt lat="51.172160000" lon="15.218050000">
        <ele>288.110</ele>
      </trkpt>
      <trkpt lat="51.172140000" lon="15.218210000">
        <ele>286.700</ele>
      </trkpt>
      <trkpt lat="51.172110000" lon="15.218340000">
        <ele>285.360</ele>
      </trkpt>
      <trkpt lat="51.172090000" lon="15.218460000">
        <ele>284.640</ele>
      </trkpt>
      <trkpt lat="51.172030000" lon="15.218590000">
        <ele>283.310</ele>
      </trkpt>
      <trkpt lat="51.171980000" lon="15.218710000">
        <ele>282.470</ele>
      </trkpt>
      <trkpt lat="51.171930000" lon="15.218930000">
        <ele>281.500</ele>
      </trkpt>
      <trkpt lat="51.171870000" lon="15.219240000">
        <ele>278.800</ele>
      </trkpt>
      <trkpt lat="51.171820000" lon="15.219450000">
        <ele>278.990</ele>
      </trkpt>
      <trkpt lat="51.171740000" lon="15.219720000">
        <ele>278.270</ele>
      </trkpt>
      <trkpt lat="51.171610000" lon="15.220190000">
        <ele>279.570</ele>
      </trkpt>
      <trkpt lat="51.171540000" lon="15.220430000">
        <ele>277.970</ele>
      </trkpt>
      <trkpt lat="51.171450000" lon="15.220740000">
        <ele>276.710</ele>
      </trkpt>
      <trkpt lat="51.171390000" lon="15.220920000">
        <ele>277.000</ele>
      </trkpt>
      <trkpt lat="51.171380000" lon="15.220970000">
        <ele>276.890</ele>
      </trkpt>
      <trkpt lat="51.171240000" lon="15.221400000">
        <ele>274.210</ele>
      </trkpt>
      <trkpt lat="51.171180000" lon="15.221710000">
        <ele>272.240</ele>
      </trkpt>
      <trkpt lat="51.171090000" lon="15.222010000">
        <ele>273.050</ele>
      </trkpt>
      <trkpt lat="51.171070000" lon="15.222080000">
        <ele>273.050</ele>
      </trkpt>
      <trkpt lat="51.170960000" lon="15.222470000">
        <ele>271.820</ele>
      </trkpt>
      <trkpt lat="51.170890000" lon="15.222720000">
        <ele>271.610</ele>
      </trkpt>
      <trkpt lat="51.170780000" lon="15.223030000">
        <ele>271.910</ele>
      </trkpt>
      <trkpt lat="51.170680000" lon="15.223310000">
        <ele>271.160</ele>
      </trkpt>
      <trkpt lat="51.170580000" lon="15.223590000">
        <ele>270.360</ele>
      </trkpt>
      <trkpt lat="51.170550000" lon="15.223720000">
        <ele>270.380</ele>
      </trkpt>
      <trkpt lat="51.170480000" lon="15.223980000">
        <ele>270.000</ele>
      </trkpt>
      <trkpt lat="51.170440000" lon="15.224170000">
        <ele>269.740</ele>
      </trkpt>
      <trkpt lat="51.170370000" lon="15.224530000">
        <ele>268.130</ele>
      </trkpt>
      <trkpt lat="51.170270000" lon="15.224810000">
        <ele>267.940</ele>
      </trkpt>
      <trkpt lat="51.170180000" lon="15.225050000">
        <ele>266.830</ele>
      </trkpt>
      <trkpt lat="51.170110000" lon="15.225170000">
        <ele>265.950</ele>
      </trkpt>
      <trkpt lat="51.170000000" lon="15.225540000">
        <ele>265.940</ele>
      </trkpt>
      <trkpt lat="51.169910000" lon="15.225840000">
        <ele>266.320</ele>
      </trkpt>
      <trkpt lat="51.169900000" lon="15.225870000">
        <ele>266.360</ele>
      </trkpt>
      <trkpt lat="51.169840000" lon="15.226080000">
        <ele>266.580</ele>
      </trkpt>
      <trkpt lat="51.169690000" lon="15.226500000">
        <ele>265.880</ele>
      </trkpt>
      <trkpt lat="51.169640000" lon="15.226750000">
        <ele>266.090</ele>
      </trkpt>
      <trkpt lat="51.169600000" lon="15.226960000">
        <ele>267.060</ele>
      </trkpt>
      <trkpt lat="51.169560000" lon="15.227220000">
        <ele>267.990</ele>
      </trkpt>
      <trkpt lat="51.169450000" lon="15.227630000">
        <ele>268.000</ele>
      </trkpt>
      <trkpt lat="51.169390000" lon="15.227870000">
        <ele>267.010</ele>
      </trkpt>
      <trkpt lat="51.169310000" lon="15.228240000">
        <ele>266.700</ele>
      </trkpt>
      <trkpt lat="51.169220000" lon="15.228770000">
        <ele>268.530</ele>
      </trkpt>
      <trkpt lat="51.169180000" lon="15.229140000">
        <ele>270.860</ele>
      </trkpt>
      <trkpt lat="51.169150000" lon="15.229400000">
        <ele>271.540</ele>
      </trkpt>
      <trkpt lat="51.169080000" lon="15.229710000">
        <ele>270.140</ele>
      </trkpt>
      <trkpt lat="51.168990000" lon="15.229970000">
        <ele>265.510</ele>
      </trkpt>
      <trkpt lat="51.168870000" lon="15.230310000">
        <ele>260.990</ele>
      </trkpt>
      <trkpt lat="51.168700000" lon="15.230710000">
        <ele>262.970</ele>
      </trkpt>
      <trkpt lat="51.168610000" lon="15.230890000">
        <ele>263.180</ele>
      </trkpt>
      <trkpt lat="51.168550000" lon="15.230980000">
        <ele>262.070</ele>
      </trkpt>
      <trkpt lat="51.168260000" lon="15.231450000">
        <ele>255.220</ele>
      </trkpt>
      <trkpt lat="51.168190000" lon="15.231650000">
        <ele>255.850</ele>
      </trkpt>
      <trkpt lat="51.168140000" lon="15.231840000">
        <ele>255.460</ele>
      </trkpt>
      <trkpt lat="51.168110000" lon="15.232130000">
        <ele>258.060</ele>
      </trkpt>
      <trkpt lat="51.168090000" lon="15.232670000">
        <ele>262.250</ele>
      </trkpt>
      <trkpt lat="51.168070000" lon="15.233460000">
        <ele>262.590</ele>
      </trkpt>
      <trkpt lat="51.168030000" lon="15.234310000">
        <ele>265.770</ele>
      </trkpt>
      <trkpt lat="51.167980000" lon="15.235890000">
        <ele>261.140</ele>
      </trkpt>
      <trkpt lat="51.167950000" lon="15.236200000">
        <ele>258.840</ele>
      </trkpt>
      <trkpt lat="51.167910000" lon="15.236430000">
        <ele>256.970</ele>
      </trkpt>
      <trkpt lat="51.167790000" lon="15.236880000">
        <ele>255.250</ele>
      </trkpt>
      <trkpt lat="51.167620000" lon="15.237610000">
        <ele>254.660</ele>
      </trkpt>
      <trkpt lat="51.167530000" lon="15.237810000">
        <ele>250.950</ele>
      </trkpt>
      <trkpt lat="51.167460000" lon="15.237980000">
        <ele>249.150</ele>
      </trkpt>
      <trkpt lat="51.167350000" lon="15.238140000">
        <ele>249.440</ele>
      </trkpt>
      <trkpt lat="51.167200000" lon="15.238350000">
        <ele>250.420</ele>
      </trkpt>
      <trkpt lat="51.167120000" lon="15.238500000">
        <ele>252.680</ele>
      </trkpt>
      <trkpt lat="51.166950000" lon="15.238990000">
        <ele>257.710</ele>
      </trkpt>
      <trkpt lat="51.166810000" lon="15.239470000">
        <ele>256.410</ele>
      </trkpt>
      <trkpt lat="51.166750000" lon="15.239640000">
        <ele>254.980</ele>
      </trkpt>
      <trkpt lat="51.166540000" lon="15.240220000">
        <ele>253.820</ele>
      </trkpt>
      <trkpt lat="51.166420000" lon="15.240600000">
        <ele>255.790</ele>
      </trkpt>
      <trkpt lat="51.166300000" lon="15.240940000">
        <ele>254.850</ele>
      </trkpt>
      <trkpt lat="51.166230000" lon="15.241150000">
        <ele>252.780</ele>
      </trkpt>
      <trkpt lat="51.166160000" lon="15.241280000">
        <ele>251.890</ele>
      </trkpt>
      <trkpt lat="51.166080000" lon="15.241420000">
        <ele>250.860</ele>
      </trkpt>
      <trkpt lat="51.165970000" lon="15.241550000">
        <ele>249.970</ele>
      </trkpt>
      <trkpt lat="51.165910000" lon="15.241620000">
        <ele>249.180</ele>
      </trkpt>
      <trkpt lat="51.165720000" lon="15.241710000">
        <ele>248.000</ele>
      </trkpt>
      <trkpt lat="51.165550000" lon="15.241840000">
        <ele>248.260</ele>
      </trkpt>
      <trkpt lat="51.165470000" lon="15.241920000">
        <ele>248.880</ele>
      </trkpt>
      <trkpt lat="51.165350000" lon="15.242110000">
        <ele>249.750</ele>
      </trkpt>
      <trkpt lat="51.165220000" lon="15.242360000">
        <ele>250.500</ele>
      </trkpt>
      <trkpt lat="51.165100000" lon="15.242630000">
        <ele>250.700</ele>
      </trkpt>
      <trkpt lat="51.165030000" lon="15.242850000">
        <ele>250.380</ele>
      </trkpt>
      <trkpt lat="51.164960000" lon="15.243140000">
        <ele>250.060</ele>
      </trkpt>
      <trkpt lat="51.164940000" lon="15.243280000">
        <ele>250.550</ele>
      </trkpt>
      <trkpt lat="51.164930000" lon="15.243400000">
        <ele>251.170</ele>
      </trkpt>
      <trkpt lat="51.164910000" lon="15.243720000">
        <ele>252.480</ele>
      </trkpt>
      <trkpt lat="51.164840000" lon="15.244610000">
        <ele>251.170</ele>
      </trkpt>
      <trkpt lat="51.164800000" lon="15.245460000">
        <ele>250.370</ele>
      </trkpt>
      <trkpt lat="51.164780000" lon="15.245880000">
        <ele>249.860</ele>
      </trkpt>
      <trkpt lat="51.164790000" lon="15.246380000">
        <ele>251.000</ele>
      </trkpt>
      <trkpt lat="51.164830000" lon="15.247000000">
        <ele>250.060</ele>
      </trkpt>
      <trkpt lat="51.164860000" lon="15.247390000">
        <ele>250.100</ele>
      </trkpt>
      <trkpt lat="51.164860000" lon="15.247710000">
        <ele>250.500</ele>
      </trkpt>
      <trkpt lat="51.164830000" lon="15.248020000">
        <ele>248.980</ele>
      </trkpt>
      <trkpt lat="51.164800000" lon="15.248250000">
        <ele>246.660</ele>
      </trkpt>
      <trkpt lat="51.164730000" lon="15.248700000">
        <ele>242.390</ele>
      </trkpt>
      <trkpt lat="51.164650000" lon="15.249010000">
        <ele>240.450</ele>
      </trkpt>
      <trkpt lat="51.164420000" lon="15.249760000">
        <ele>244.880</ele>
      </trkpt>
      <trkpt lat="51.164340000" lon="15.250020000">
        <ele>245.340</ele>
      </trkpt>
      <trkpt lat="51.164330000" lon="15.250160000">
        <ele>245.850</ele>
      </trkpt>
      <trkpt lat="51.164300000" lon="15.250360000">
        <ele>245.620</ele>
      </trkpt>
      <trkpt lat="51.164310000" lon="15.250610000">
        <ele>244.770</ele>
      </trkpt>
      <trkpt lat="51.164380000" lon="15.251260000">
        <ele>240.940</ele>
      </trkpt>
      <trkpt lat="51.164420000" lon="15.251450000">
        <ele>240.330</ele>
      </trkpt>
      <trkpt lat="51.164420000" lon="15.251450000">
        <ele>240.330</ele>
      </trkpt>
      <trkpt lat="51.164420000" lon="15.251450000">
        <ele>240.330</ele>
      </trkpt>
      <trkpt lat="51.164580000" lon="15.252330000">
        <ele>243.000</ele>
      </trkpt>
      <trkpt lat="51.164850000" lon="15.253490000">
        <ele>242.820</ele>
      </trkpt>
      <trkpt lat="51.164910000" lon="15.253680000">
        <ele>241.890</ele>
      </trkpt>
      <trkpt lat="51.164990000" lon="15.253850000">
        <ele>241.080</ele>
      </trkpt>
      <trkpt lat="51.165070000" lon="15.253950000">
        <ele>240.940</ele>
      </trkpt>
      <trkpt lat="51.165160000" lon="15.254040000">
        <ele>240.690</ele>
      </trkpt>
      <trkpt lat="51.165280000" lon="15.254090000">
        <ele>240.250</ele>
      </trkpt>
      <trkpt lat="51.165460000" lon="15.254120000">
        <ele>238.310</ele>
      </trkpt>
      <trkpt lat="51.165680000" lon="15.254140000">
        <ele>237.240</ele>
      </trkpt>
      <trkpt lat="51.165940000" lon="15.254230000">
        <ele>238.970</ele>
      </trkpt>
      <trkpt lat="51.166030000" lon="15.254260000">
        <ele>240.400</ele>
      </trkpt>
      <trkpt lat="51.166170000" lon="15.254450000">
        <ele>241.650</ele>
      </trkpt>
      <trkpt lat="51.166230000" lon="15.254610000">
        <ele>242.370</ele>
      </trkpt>
      <trkpt lat="51.166290000" lon="15.254930000">
        <ele>243.130</ele>
      </trkpt>
      <trkpt lat="51.166390000" lon="15.255390000">
        <ele>243.790</ele>
      </trkpt>
      <trkpt lat="51.166400000" lon="15.255460000">
        <ele>243.020</ele>
      </trkpt>
      <trkpt lat="51.166420000" lon="15.255540000">
        <ele>242.160</ele>
      </trkpt>
      <trkpt lat="51.166530000" lon="15.256030000">
        <ele>238.960</ele>
      </trkpt>
      <trkpt lat="51.166640000" lon="15.256520000">
        <ele>238.760</ele>
      </trkpt>
      <trkpt lat="51.166700000" lon="15.257060000">
        <ele>235.510</ele>
      </trkpt>
      <trkpt lat="51.166710000" lon="15.257300000">
        <ele>234.940</ele>
      </trkpt>
      <trkpt lat="51.166680000" lon="15.257510000">
        <ele>234.240</ele>
      </trkpt>
      <trkpt lat="51.166610000" lon="15.257910000">
        <ele>234.940</ele>
      </trkpt>
      <trkpt lat="51.166490000" lon="15.258380000">
        <ele>235.480</ele>
      </trkpt>
      <trkpt lat="51.166460000" lon="15.258550000">
        <ele>237.580</ele>
      </trkpt>
      <trkpt lat="51.166460000" lon="15.258690000">
        <ele>239.290</ele>
      </trkpt>
      <trkpt lat="51.166490000" lon="15.258920000">
        <ele>241.590</ele>
      </trkpt>
      <trkpt lat="51.166590000" lon="15.259150000">
        <ele>243.600</ele>
      </trkpt>
      <trkpt lat="51.166670000" lon="15.259340000">
        <ele>244.600</ele>
      </trkpt>
      <trkpt lat="51.166680000" lon="15.259390000">
        <ele>244.710</ele>
      </trkpt>
      <trkpt lat="51.166840000" lon="15.259650000">
        <ele>243.290</ele>
      </trkpt>
      <trkpt lat="51.166960000" lon="15.259880000">
        <ele>241.980</ele>
      </trkpt>
      <trkpt lat="51.167230000" lon="15.260620000">
        <ele>240.770</ele>
      </trkpt>
      <trkpt lat="51.167360000" lon="15.261000000">
        <ele>239.400</ele>
      </trkpt>
      <trkpt lat="51.167480000" lon="15.261380000">
        <ele>236.240</ele>
      </trkpt>
      <trkpt lat="51.167530000" lon="15.261660000">
        <ele>236.110</ele>
      </trkpt>
      <trkpt lat="51.167560000" lon="15.261950000">
        <ele>235.210</ele>
      </trkpt>
      <trkpt lat="51.167550000" lon="15.262320000">
        <ele>234.470</ele>
      </trkpt>
      <trkpt lat="51.167480000" lon="15.262750000">
        <ele>232.260</ele>
      </trkpt>
      <trkpt lat="51.167430000" lon="15.263030000">
        <ele>230.440</ele>
      </trkpt>
      <trkpt lat="51.167420000" lon="15.263040000">
        <ele>230.400</ele>
      </trkpt>
      <trkpt lat="51.167410000" lon="15.263240000">
        <ele>229.210</ele>
      </trkpt>
      <trkpt lat="51.167410000" lon="15.263630000">
        <ele>227.130</ele>
      </trkpt>
      <trkpt lat="51.167420000" lon="15.263740000">
        <ele>228.050</ele>
      </trkpt>
      <trkpt lat="51.167430000" lon="15.263850000">
        <ele>229.110</ele>
      </trkpt>
      <trkpt lat="51.167450000" lon="15.263880000">
        <ele>229.540</ele>
      </trkpt>
      <trkpt lat="51.167470000" lon="15.263910000">
        <ele>229.660</ele>
      </trkpt>
      <trkpt lat="51.167480000" lon="15.263950000">
        <ele>229.480</ele>
      </trkpt>
      <trkpt lat="51.167330000" lon="15.264170000">
        <ele>229.240</ele>
      </trkpt>
      <trkpt lat="51.167260000" lon="15.264270000">
        <ele>230.150</ele>
      </trkpt>
      <trkpt lat="51.167160000" lon="15.264390000">
        <ele>230.670</ele>
      </trkpt>
      <trkpt lat="51.167090000" lon="15.264490000">
        <ele>230.360</ele>
      </trkpt>
      <trkpt lat="51.166820000" lon="15.264750000">
        <ele>228.550</ele>
      </trkpt>
      <trkpt lat="51.166690000" lon="15.264860000">
        <ele>228.080</ele>
      </trkpt>
      <trkpt lat="51.166740000" lon="15.265030000">
        <ele>228.340</ele>
      </trkpt>
      <trkpt lat="51.166780000" lon="15.265250000">
        <ele>228.940</ele>
      </trkpt>
      <trkpt lat="51.166800000" lon="15.265540000">
        <ele>229.040</ele>
      </trkpt>
      <trkpt lat="51.166810000" lon="15.265810000">
        <ele>229.410</ele>
      </trkpt>
      <trkpt lat="51.166830000" lon="15.266000000">
        <ele>230.190</ele>
      </trkpt>
      <trkpt lat="51.166840000" lon="15.266200000">
        <ele>230.550</ele>
      </trkpt>
      <trkpt lat="51.166860000" lon="15.266420000">
        <ele>229.960</ele>
      </trkpt>
      <trkpt lat="51.166890000" lon="15.266620000">
        <ele>230.090</ele>
      </trkpt>
      <trkpt lat="51.166900000" lon="15.266650000">
        <ele>230.120</ele>
      </trkpt>
      <trkpt lat="51.166930000" lon="15.266830000">
        <ele>230.050</ele>
      </trkpt>
      <trkpt lat="51.166960000" lon="15.266960000">
        <ele>230.060</ele>
      </trkpt>
      <trkpt lat="51.167010000" lon="15.267160000">
        <ele>230.240</ele>
      </trkpt>
      <trkpt lat="51.167020000" lon="15.267270000">
        <ele>230.300</ele>
      </trkpt>
      <trkpt lat="51.167030000" lon="15.267400000">
        <ele>230.360</ele>
      </trkpt>
      <trkpt lat="51.167030000" lon="15.267610000">
        <ele>229.870</ele>
      </trkpt>
      <trkpt lat="51.167010000" lon="15.267750000">
        <ele>229.420</ele>
      </trkpt>
      <trkpt lat="51.166940000" lon="15.268150000">
        <ele>227.330</ele>
      </trkpt>
      <trkpt lat="51.166890000" lon="15.268340000">
        <ele>226.440</ele>
      </trkpt>
      <trkpt lat="51.166880000" lon="15.268400000">
        <ele>226.940</ele>
      </trkpt>
      <trkpt lat="51.166870000" lon="15.268500000">
        <ele>227.740</ele>
      </trkpt>
      <trkpt lat="51.166850000" lon="15.268680000">
        <ele>228.840</ele>
      </trkpt>
      <trkpt lat="51.166860000" lon="15.268830000">
        <ele>229.160</ele>
      </trkpt>
      <trkpt lat="51.166880000" lon="15.269030000">
        <ele>229.500</ele>
      </trkpt>
      <trkpt lat="51.166890000" lon="15.269220000">
        <ele>229.770</ele>
      </trkpt>
      <trkpt lat="51.166920000" lon="15.269460000">
        <ele>229.760</ele>
      </trkpt>
      <trkpt lat="51.166950000" lon="15.269660000">
        <ele>229.190</ele>
      </trkpt>
      <trkpt lat="51.166960000" lon="15.269770000">
        <ele>228.730</ele>
      </trkpt>
      <trkpt lat="51.166980000" lon="15.269920000">
        <ele>228.120</ele>
      </trkpt>
      <trkpt lat="51.167020000" lon="15.270120000">
        <ele>228.160</ele>
      </trkpt>
      <trkpt lat="51.167140000" lon="15.270560000">
        <ele>229.350</ele>
      </trkpt>
      <trkpt lat="51.167210000" lon="15.270800000">
        <ele>231.720</ele>
      </trkpt>
      <trkpt lat="51.167240000" lon="15.270990000">
        <ele>231.340</ele>
      </trkpt>
      <trkpt lat="51.167280000" lon="15.271240000">
        <ele>230.790</ele>
      </trkpt>
      <trkpt lat="51.167350000" lon="15.271730000">
        <ele>230.540</ele>
      </trkpt>
      <trkpt lat="51.167440000" lon="15.272270000">
        <ele>227.910</ele>
      </trkpt>
      <trkpt lat="51.167460000" lon="15.272510000">
        <ele>226.280</ele>
      </trkpt>
      <trkpt lat="51.167490000" lon="15.272720000">
        <ele>226.010</ele>
      </trkpt>
      <trkpt lat="51.167500000" lon="15.272750000">
        <ele>226.000</ele>
      </trkpt>
      <trkpt lat="51.167540000" lon="15.272850000">
        <ele>226.180</ele>
      </trkpt>
      <trkpt lat="51.167550000" lon="15.272960000">
        <ele>226.300</ele>
      </trkpt>
      <trkpt lat="51.167570000" lon="15.273060000">
        <ele>226.520</ele>
      </trkpt>
      <trkpt lat="51.167580000" lon="15.273240000">
        <ele>227.050</ele>
      </trkpt>
      <trkpt lat="51.167580000" lon="15.273490000">
        <ele>227.850</ele>
      </trkpt>
      <trkpt lat="51.167570000" lon="15.273870000">
        <ele>228.950</ele>
      </trkpt>
      <trkpt lat="51.167480000" lon="15.274420000">
        <ele>230.760</ele>
      </trkpt>
      <trkpt lat="51.167410000" lon="15.274960000">
        <ele>231.770</ele>
      </trkpt>
      <trkpt lat="51.167400000" lon="15.275040000">
        <ele>231.540</ele>
      </trkpt>
      <trkpt lat="51.167400000" lon="15.275040000">
        <ele>231.540</ele>
      </trkpt>
      <trkpt lat="51.167400000" lon="15.275040000">
        <ele>231.540</ele>
      </trkpt>
      <trkpt lat="51.167380000" lon="15.275190000">
        <ele>230.980</ele>
      </trkpt>
      <trkpt lat="51.167380000" lon="15.275280000">
        <ele>230.680</ele>
      </trkpt>
      <trkpt lat="51.167390000" lon="15.275450000">
        <ele>229.200</ele>
      </trkpt>
      <trkpt lat="51.167400000" lon="15.275670000">
        <ele>227.720</ele>
      </trkpt>
      <trkpt lat="51.167420000" lon="15.275930000">
        <ele>226.590</ele>
      </trkpt>
      <trkpt lat="51.167540000" lon="15.276750000">
        <ele>226.700</ele>
      </trkpt>
      <trkpt lat="51.167670000" lon="15.277300000">
        <ele>227.130</ele>
      </trkpt>
      <trkpt lat="51.167940000" lon="15.278100000">
        <ele>227.740</ele>
      </trkpt>
      <trkpt lat="51.167910000" lon="15.278170000">
        <ele>226.490</ele>
      </trkpt>
      <trkpt lat="51.167900000" lon="15.278240000">
        <ele>225.560</ele>
      </trkpt>
      <trkpt lat="51.167880000" lon="15.278400000">
        <ele>223.980</ele>
      </trkpt>
      <trkpt lat="51.167880000" lon="15.278530000">
        <ele>223.210</ele>
      </trkpt>
      <trkpt lat="51.167880000" lon="15.278640000">
        <ele>222.770</ele>
      </trkpt>
      <trkpt lat="51.167880000" lon="15.278770000">
        <ele>222.950</ele>
      </trkpt>
      <trkpt lat="51.167890000" lon="15.278850000">
        <ele>223.160</ele>
      </trkpt>
      <trkpt lat="51.167900000" lon="15.278930000">
        <ele>223.470</ele>
      </trkpt>
      <trkpt lat="51.167930000" lon="15.279050000">
        <ele>224.220</ele>
      </trkpt>
      <trkpt lat="51.167990000" lon="15.279280000">
        <ele>225.390</ele>
      </trkpt>
      <trkpt lat="51.168050000" lon="15.279470000">
        <ele>225.870</ele>
      </trkpt>
      <trkpt lat="51.168110000" lon="15.279620000">
        <ele>225.300</ele>
      </trkpt>
      <trkpt lat="51.168170000" lon="15.279730000">
        <ele>224.940</ele>
      </trkpt>
      <trkpt lat="51.168210000" lon="15.279790000">
        <ele>224.510</ele>
      </trkpt>
      <trkpt lat="51.168290000" lon="15.279910000">
        <ele>223.650</ele>
      </trkpt>
      <trkpt lat="51.168360000" lon="15.279990000">
        <ele>222.870</ele>
      </trkpt>
      <trkpt lat="51.168400000" lon="15.280050000">
        <ele>222.430</ele>
      </trkpt>
      <trkpt lat="51.168440000" lon="15.280120000">
        <ele>222.130</ele>
      </trkpt>
      <trkpt lat="51.168470000" lon="15.280200000">
        <ele>222.000</ele>
      </trkpt>
      <trkpt lat="51.168500000" lon="15.280290000">
        <ele>222.090</ele>
      </trkpt>
      <trkpt lat="51.168590000" lon="15.280660000">
        <ele>224.290</ele>
      </trkpt>
      <trkpt lat="51.168730000" lon="15.281150000">
        <ele>225.940</ele>
      </trkpt>
      <trkpt lat="51.168870000" lon="15.281510000">
        <ele>226.090</ele>
      </trkpt>
      <trkpt lat="51.169240000" lon="15.282390000">
        <ele>222.010</ele>
      </trkpt>
      <trkpt lat="51.169260000" lon="15.282460000">
        <ele>221.920</ele>
      </trkpt>
      <trkpt lat="51.169270000" lon="15.282510000">
        <ele>221.800</ele>
      </trkpt>
      <trkpt lat="51.169250000" lon="15.282550000">
        <ele>221.190</ele>
      </trkpt>
      <trkpt lat="51.169210000" lon="15.282590000">
        <ele>220.180</ele>
      </trkpt>
      <trkpt lat="51.169130000" lon="15.282620000">
        <ele>219.360</ele>
      </trkpt>
      <trkpt lat="51.169050000" lon="15.282680000">
        <ele>219.790</ele>
      </trkpt>
      <trkpt lat="51.168940000" lon="15.282780000">
        <ele>221.260</ele>
      </trkpt>
      <trkpt lat="51.168610000" lon="15.283140000">
        <ele>226.710</ele>
      </trkpt>
      <trkpt lat="51.168300000" lon="15.283230000">
        <ele>229.080</ele>
      </trkpt>
      <trkpt lat="51.168040000" lon="15.283250000">
        <ele>229.760</ele>
      </trkpt>
      <trkpt lat="51.167910000" lon="15.283270000">
        <ele>230.300</ele>
      </trkpt>
      <trkpt lat="51.167720000" lon="15.283230000">
        <ele>230.650</ele>
      </trkpt>
      <trkpt lat="51.167540000" lon="15.283190000">
        <ele>230.950</ele>
      </trkpt>
      <trkpt lat="51.167360000" lon="15.283200000">
        <ele>231.240</ele>
      </trkpt>
      <trkpt lat="51.166340000" lon="15.283260000">
        <ele>229.000</ele>
      </trkpt>
      <trkpt lat="51.166340000" lon="15.283260000">
        <ele>229.000</ele>
      </trkpt>
      <trkpt lat="51.166340000" lon="15.283260000">
        <ele>229.000</ele>
      </trkpt>
      <trkpt lat="51.165910000" lon="15.283280000">
        <ele>230.450</ele>
      </trkpt>
      <trkpt lat="51.165730000" lon="15.283290000">
        <ele>229.940</ele>
      </trkpt>
      <trkpt lat="51.165600000" lon="15.283250000">
        <ele>228.730</ele>
      </trkpt>
      <trkpt lat="51.165400000" lon="15.283060000">
        <ele>227.300</ele>
      </trkpt>
      <trkpt lat="51.165260000" lon="15.282960000">
        <ele>225.960</ele>
      </trkpt>
      <trkpt lat="51.165150000" lon="15.282910000">
        <ele>225.780</ele>
      </trkpt>
      <trkpt lat="51.164990000" lon="15.282890000">
        <ele>225.720</ele>
      </trkpt>
      <trkpt lat="51.164860000" lon="15.282900000">
        <ele>227.290</ele>
      </trkpt>
      <trkpt lat="51.164350000" lon="15.282970000">
        <ele>235.680</ele>
      </trkpt>
      <trkpt lat="51.164160000" lon="15.283040000">
        <ele>237.020</ele>
      </trkpt>
      <trkpt lat="51.163100000" lon="15.283410000">
        <ele>230.290</ele>
      </trkpt>
      <trkpt lat="51.162870000" lon="15.283440000">
        <ele>228.870</ele>
      </trkpt>
      <trkpt lat="51.162390000" lon="15.283450000">
        <ele>235.230</ele>
      </trkpt>
      <trkpt lat="51.161860000" lon="15.283450000">
        <ele>238.930</ele>
      </trkpt>
      <trkpt lat="51.161430000" lon="15.283430000">
        <ele>241.750</ele>
      </trkpt>
      <trkpt lat="51.160810000" lon="15.283330000">
        <ele>251.630</ele>
      </trkpt>
      <trkpt lat="51.160220000" lon="15.283210000">
        <ele>249.680</ele>
      </trkpt>
      <trkpt lat="51.159130000" lon="15.282930000">
        <ele>251.490</ele>
      </trkpt>
      <trkpt lat="51.158910000" lon="15.282860000">
        <ele>251.050</ele>
      </trkpt>
      <trkpt lat="51.158690000" lon="15.282850000">
        <ele>249.950</ele>
      </trkpt>
      <trkpt lat="51.158520000" lon="15.282870000">
        <ele>249.990</ele>
      </trkpt>
      <trkpt lat="51.158380000" lon="15.282850000">
        <ele>250.170</ele>
      </trkpt>
      <trkpt lat="51.158240000" lon="15.282790000">
        <ele>248.180</ele>
      </trkpt>
      <trkpt lat="51.158010000" lon="15.282650000">
        <ele>244.930</ele>
      </trkpt>
      <trkpt lat="51.157900000" lon="15.282620000">
        <ele>244.230</ele>
      </trkpt>
      <trkpt lat="51.157840000" lon="15.282630000">
        <ele>244.110</ele>
      </trkpt>
      <trkpt lat="51.157800000" lon="15.282640000">
        <ele>244.100</ele>
      </trkpt>
      <trkpt lat="51.157730000" lon="15.282730000">
        <ele>245.430</ele>
      </trkpt>
      <trkpt lat="51.157580000" lon="15.283070000">
        <ele>246.870</ele>
      </trkpt>
      <trkpt lat="51.156950000" lon="15.284250000">
        <ele>256.410</ele>
      </trkpt>
      <trkpt lat="51.156950000" lon="15.284250000">
        <ele>256.410</ele>
      </trkpt>
      <trkpt lat="51.156950000" lon="15.284250000">
        <ele>256.410</ele>
      </trkpt>
      <trkpt lat="51.156610000" lon="15.284910000">
        <ele>260.740</ele>
      </trkpt>
      <trkpt lat="51.156270000" lon="15.285520000">
        <ele>257.090</ele>
      </trkpt>
      <trkpt lat="51.155920000" lon="15.286070000">
        <ele>259.440</ele>
      </trkpt>
      <trkpt lat="51.155510000" lon="15.286600000">
        <ele>258.950</ele>
      </trkpt>
      <trkpt lat="51.155090000" lon="15.287130000">
        <ele>255.220</ele>
      </trkpt>
      <trkpt lat="51.154680000" lon="15.287660000">
        <ele>249.560</ele>
      </trkpt>
      <trkpt lat="51.154440000" lon="15.287910000">
        <ele>250.030</ele>
      </trkpt>
      <trkpt lat="51.153960000" lon="15.288340000">
        <ele>238.470</ele>
      </trkpt>
      <trkpt lat="51.153470000" lon="15.288760000">
        <ele>236.960</ele>
      </trkpt>
      <trkpt lat="51.153040000" lon="15.289190000">
        <ele>230.380</ele>
      </trkpt>
      <trkpt lat="51.152640000" lon="15.289620000">
        <ele>233.690</ele>
      </trkpt>
      <trkpt lat="51.152240000" lon="15.290060000">
        <ele>235.780</ele>
      </trkpt>
      <trkpt lat="51.151850000" lon="15.290490000">
        <ele>239.240</ele>
      </trkpt>
      <trkpt lat="51.151450000" lon="15.290920000">
        <ele>237.760</ele>
      </trkpt>
      <trkpt lat="51.150920000" lon="15.291650000">
        <ele>242.380</ele>
      </trkpt>
      <trkpt lat="51.150780000" lon="15.291830000">
        <ele>242.800</ele>
      </trkpt>
      <trkpt lat="51.150670000" lon="15.292040000">
        <ele>242.970</ele>
      </trkpt>
      <trkpt lat="51.150570000" lon="15.292520000">
        <ele>241.200</ele>
      </trkpt>
      <trkpt lat="51.150350000" lon="15.293800000">
        <ele>240.170</ele>
      </trkpt>
      <trkpt lat="51.150220000" lon="15.294580000">
        <ele>235.770</ele>
      </trkpt>
      <trkpt lat="51.150090000" lon="15.295360000">
        <ele>232.170</ele>
      </trkpt>
      <trkpt lat="51.149960000" lon="15.296140000">
        <ele>228.930</ele>
      </trkpt>
      <trkpt lat="51.149830000" lon="15.296920000">
        <ele>226.860</ele>
      </trkpt>
      <trkpt lat="51.149700000" lon="15.297520000">
        <ele>225.860</ele>
      </trkpt>
      <trkpt lat="51.149610000" lon="15.297790000">
        <ele>223.960</ele>
      </trkpt>
      <trkpt lat="51.149520000" lon="15.298090000">
        <ele>222.910</ele>
      </trkpt>
      <trkpt lat="51.149430000" lon="15.298580000">
        <ele>221.220</ele>
      </trkpt>
      <trkpt lat="51.149400000" lon="15.298840000">
        <ele>222.010</ele>
      </trkpt>
      <trkpt lat="51.149400000" lon="15.298840000">
        <ele>222.010</ele>
      </trkpt>
      <trkpt lat="51.149400000" lon="15.298840000">
        <ele>222.010</ele>
      </trkpt>
      <trkpt lat="51.149180000" lon="15.300760000">
        <ele>215.860</ele>
      </trkpt>
      <trkpt lat="51.149110000" lon="15.301330000">
        <ele>214.630</ele>
      </trkpt>
      <trkpt lat="51.149040000" lon="15.301920000">
        <ele>213.010</ele>
      </trkpt>
      <trkpt lat="51.148890000" lon="15.302720000">
        <ele>207.430</ele>
      </trkpt>
      <trkpt lat="51.148600000" lon="15.303840000">
        <ele>208.900</ele>
      </trkpt>
      <trkpt lat="51.148580000" lon="15.303930000">
        <ele>209.360</ele>
      </trkpt>
      <trkpt lat="51.148560000" lon="15.304000000">
        <ele>209.690</ele>
      </trkpt>
      <trkpt lat="51.148240000" lon="15.305390000">
        <ele>209.000</ele>
      </trkpt>
      <trkpt lat="51.148080000" lon="15.305930000">
        <ele>209.440</ele>
      </trkpt>
      <trkpt lat="51.147980000" lon="15.306230000">
        <ele>208.370</ele>
      </trkpt>
      <trkpt lat="51.147860000" lon="15.306500000">
        <ele>205.240</ele>
      </trkpt>
      <trkpt lat="51.147700000" lon="15.306770000">
        <ele>203.420</ele>
      </trkpt>
      <trkpt lat="51.147600000" lon="15.307010000">
        <ele>201.870</ele>
      </trkpt>
      <trkpt lat="51.147520000" lon="15.307210000">
        <ele>202.030</ele>
      </trkpt>
      <trkpt lat="51.147480000" lon="15.307430000">
        <ele>202.600</ele>
      </trkpt>
      <trkpt lat="51.147460000" lon="15.307650000">
        <ele>202.330</ele>
      </trkpt>
      <trkpt lat="51.147520000" lon="15.308010000">
        <ele>201.080</ele>
      </trkpt>
      <trkpt lat="51.147580000" lon="15.308420000">
        <ele>202.890</ele>
      </trkpt>
      <trkpt lat="51.147560000" lon="15.308790000">
        <ele>203.860</ele>
      </trkpt>
      <trkpt lat="51.147530000" lon="15.309070000">
        <ele>204.180</ele>
      </trkpt>
      <trkpt lat="51.147440000" lon="15.309680000">
        <ele>203.820</ele>
      </trkpt>
      <trkpt lat="51.147130000" lon="15.311270000">
        <ele>200.760</ele>
      </trkpt>
      <trkpt lat="51.147090000" lon="15.311690000">
        <ele>199.430</ele>
      </trkpt>
      <trkpt lat="51.147070000" lon="15.312050000">
        <ele>199.100</ele>
      </trkpt>
      <trkpt lat="51.147000000" lon="15.312430000">
        <ele>199.600</ele>
      </trkpt>
      <trkpt lat="51.146950000" lon="15.312710000">
        <ele>199.960</ele>
      </trkpt>
      <trkpt lat="51.146790000" lon="15.313210000">
        <ele>200.050</ele>
      </trkpt>
      <trkpt lat="51.146510000" lon="15.313990000">
        <ele>203.200</ele>
      </trkpt>
      <trkpt lat="51.146180000" lon="15.314790000">
        <ele>200.520</ele>
      </trkpt>
      <trkpt lat="51.146150000" lon="15.314850000">
        <ele>200.000</ele>
      </trkpt>
      <trkpt lat="51.146650000" lon="15.315560000">
        <ele>199.990</ele>
      </trkpt>
      <trkpt lat="51.146780000" lon="15.315760000">
        <ele>201.910</ele>
      </trkpt>
      <trkpt lat="51.146920000" lon="15.315940000">
        <ele>202.570</ele>
      </trkpt>
      <trkpt lat="51.147060000" lon="15.316130000">
        <ele>204.470</ele>
      </trkpt>
      <trkpt lat="51.147060000" lon="15.316130000">
        <ele>204.470</ele>
      </trkpt>
      <trkpt lat="51.147060000" lon="15.316130000">
        <ele>204.470</ele>
      </trkpt>
      <trkpt lat="51.147140000" lon="15.316230000">
        <ele>206.050</ele>
      </trkpt>
      <trkpt lat="51.147230000" lon="15.316320000">
        <ele>206.700</ele>
      </trkpt>
      <trkpt lat="51.147330000" lon="15.316410000">
        <ele>206.240</ele>
      </trkpt>
      <trkpt lat="51.147430000" lon="15.316480000">
        <ele>205.910</ele>
      </trkpt>
      <trkpt lat="51.147530000" lon="15.316550000">
        <ele>205.990</ele>
      </trkpt>
      <trkpt lat="51.147650000" lon="15.316620000">
        <ele>205.670</ele>
      </trkpt>
      <trkpt lat="51.147760000" lon="15.316670000">
        <ele>205.160</ele>
      </trkpt>
      <trkpt lat="51.147940000" lon="15.316750000">
        <ele>206.890</ele>
      </trkpt>
      <trkpt lat="51.148280000" lon="15.316870000">
        <ele>206.630</ele>
      </trkpt>
      <trkpt lat="51.148350000" lon="15.316900000">
        <ele>206.320</ele>
      </trkpt>
      <trkpt lat="51.149490000" lon="15.317300000">
        <ele>197.180</ele>
      </trkpt>
      <trkpt lat="51.149890000" lon="15.317450000">
        <ele>190.840</ele>
      </trkpt>
      <trkpt lat="51.150020000" lon="15.317480000">
        <ele>189.010</ele>
      </trkpt>
      <trkpt lat="51.150100000" lon="15.317490000">
        <ele>188.690</ele>
      </trkpt>
      <trkpt lat="51.150200000" lon="15.317470000">
        <ele>188.470</ele>
      </trkpt>
      <trkpt lat="51.150260000" lon="15.317450000">
        <ele>188.410</ele>
      </trkpt>
      <trkpt lat="51.150350000" lon="15.317420000">
        <ele>188.500</ele>
      </trkpt>
      <trkpt lat="51.150570000" lon="15.317300000">
        <ele>188.720</ele>
      </trkpt>
      <trkpt lat="51.150830000" lon="15.317160000">
        <ele>189.450</ele>
      </trkpt>
      <trkpt lat="51.151940000" lon="15.316550000">
        <ele>187.250</ele>
      </trkpt>
      <trkpt lat="51.152100000" lon="15.316470000">
        <ele>189.240</ele>
      </trkpt>
      <trkpt lat="51.152120000" lon="15.316660000">
        <ele>187.340</ele>
      </trkpt>
      <trkpt lat="51.152190000" lon="15.317170000">
        <ele>188.580</ele>
      </trkpt>
      <trkpt lat="51.152240000" lon="15.317560000">
        <ele>192.860</ele>
      </trkpt>
      <trkpt lat="51.152270000" lon="15.317940000">
        <ele>196.240</ele>
      </trkpt>
      <trkpt lat="51.152290000" lon="15.318310000">
        <ele>198.360</ele>
      </trkpt>
      <trkpt lat="51.152320000" lon="15.318770000">
        <ele>198.670</ele>
      </trkpt>
      <trkpt lat="51.152340000" lon="15.319150000">
        <ele>198.720</ele>
      </trkpt>
      <trkpt lat="51.152350000" lon="15.319300000">
        <ele>199.980</ele>
      </trkpt>
      <trkpt lat="51.152180000" lon="15.319470000">
        <ele>201.280</ele>
      </trkpt>
      <trkpt lat="51.152110000" lon="15.319420000">
        <ele>200.510</ele>
      </trkpt>
      <trkpt lat="51.151880000" lon="15.319270000">
        <ele>198.560</ele>
      </trkpt>
      <trkpt lat="51.151840000" lon="15.319250000">
        <ele>197.870</ele>
      </trkpt>
      <trkpt lat="51.151710000" lon="15.319180000">
        <ele>194.990</ele>
      </trkpt>
      <trkpt lat="51.151600000" lon="15.319110000">
        <ele>192.870</ele>
      </trkpt>
      <trkpt lat="51.151500000" lon="15.319100000">
        <ele>191.720</ele>
      </trkpt>
      <trkpt lat="51.151410000" lon="15.319110000">
        <ele>190.820</ele>
      </trkpt>
      <trkpt lat="51.151300000" lon="15.319150000">
        <ele>189.920</ele>
      </trkpt>
      <trkpt lat="51.151200000" lon="15.319200000">
        <ele>189.640</ele>
      </trkpt>
      <trkpt lat="51.151140000" lon="15.319240000">
        <ele>189.690</ele>
      </trkpt>
      <trkpt lat="51.151090000" lon="15.319250000">
        <ele>189.200</ele>
      </trkpt>
      <trkpt lat="51.150980000" lon="15.319270000">
        <ele>187.920</ele>
      </trkpt>
      <trkpt lat="51.150750000" lon="15.319310000">
        <ele>184.100</ele>
      </trkpt>
      <trkpt lat="51.150520000" lon="15.319380000">
        <ele>179.850</ele>
      </trkpt>
      <trkpt lat="51.150420000" lon="15.319400000">
        <ele>177.550</ele>
      </trkpt>
      <trkpt lat="51.150170000" lon="15.319430000">
        <ele>173.870</ele>
      </trkpt>
      <trkpt lat="51.149740000" lon="15.319400000">
        <ele>177.030</ele>
      </trkpt>
      <trkpt lat="51.149500000" lon="15.319350000">
        <ele>185.410</ele>
      </trkpt>
      <trkpt lat="51.149170000" lon="15.319310000">
        <ele>188.520</ele>
      </trkpt>
      <trkpt lat="51.148950000" lon="15.319270000">
        <ele>186.360</ele>
      </trkpt>
      <trkpt lat="51.148550000" lon="15.319250000">
        <ele>198.000</ele>
      </trkpt>
      <trkpt lat="51.148550000" lon="15.319250000">
        <ele>198.000</ele>
      </trkpt>
      <trkpt lat="51.148550000" lon="15.319250000">
        <ele>198.000</ele>
      </trkpt>
      <trkpt lat="51.147830000" lon="15.319200000">
        <ele>202.310</ele>
      </trkpt>
      <trkpt lat="51.147380000" lon="15.319140000">
        <ele>198.010</ele>
      </trkpt>
      <trkpt lat="51.147230000" lon="15.319110000">
        <ele>199.150</ele>
      </trkpt>
      <trkpt lat="51.147120000" lon="15.319070000">
        <ele>201.060</ele>
      </trkpt>
      <trkpt lat="51.147000000" lon="15.318980000">
        <ele>203.130</ele>
      </trkpt>
      <trkpt lat="51.146930000" lon="15.318880000">
        <ele>204.150</ele>
      </trkpt>
      <trkpt lat="51.145850000" lon="15.316920000">
        <ele>214.750</ele>
      </trkpt>
      <trkpt lat="51.145680000" lon="15.316580000">
        <ele>206.920</ele>
      </trkpt>
      <trkpt lat="51.145490000" lon="15.316140000">
        <ele>201.660</ele>
      </trkpt>
      <trkpt lat="51.145210000" lon="15.315530000">
        <ele>201.090</ele>
      </trkpt>
      <trkpt lat="51.145120000" lon="15.315370000">
        <ele>201.670</ele>
      </trkpt>
      <trkpt lat="51.145020000" lon="15.315220000">
        <ele>202.210</ele>
      </trkpt>
      <trkpt lat="51.144850000" lon="15.314890000">
        <ele>203.040</ele>
      </trkpt>
      <trkpt lat="51.144590000" lon="15.314300000">
        <ele>203.280</ele>
      </trkpt>
      <trkpt lat="51.144360000" lon="15.313930000">
        <ele>202.650</ele>
      </trkpt>
      <trkpt lat="51.143910000" lon="15.313260000">
        <ele>209.570</ele>
      </trkpt>
      <trkpt lat="51.143670000" lon="15.312890000">
        <ele>204.190</ele>
      </trkpt>
      <trkpt lat="51.143590000" lon="15.312810000">
        <ele>201.980</ele>
      </trkpt>
      <trkpt lat="51.143530000" lon="15.312780000">
        <ele>200.570</ele>
      </trkpt>
      <trkpt lat="51.143420000" lon="15.312710000">
        <ele>197.660</ele>
      </trkpt>
      <trkpt lat="51.143340000" lon="15.312700000">
        <ele>196.010</ele>
      </trkpt>
      <trkpt lat="51.143270000" lon="15.312680000">
        <ele>194.990</ele>
      </trkpt>
      <trkpt lat="51.143080000" lon="15.312730000">
        <ele>193.730</ele>
      </trkpt>
      <trkpt lat="51.142900000" lon="15.312810000">
        <ele>192.350</ele>
      </trkpt>
      <trkpt lat="51.142830000" lon="15.312820000">
        <ele>191.610</ele>
      </trkpt>
      <trkpt lat="51.142670000" lon="15.312830000">
        <ele>189.330</ele>
      </trkpt>
      <trkpt lat="51.142430000" lon="15.312840000">
        <ele>186.510</ele>
      </trkpt>
      <trkpt lat="51.142250000" lon="15.312860000">
        <ele>186.040</ele>
      </trkpt>
      <trkpt lat="51.142090000" lon="15.312830000">
        <ele>191.300</ele>
      </trkpt>
      <trkpt lat="51.141890000" lon="15.312770000">
        <ele>200.190</ele>
      </trkpt>
      <trkpt lat="51.141760000" lon="15.312710000">
        <ele>205.870</ele>
      </trkpt>
      <trkpt lat="51.141590000" lon="15.312650000">
        <ele>211.080</ele>
      </trkpt>
      <trkpt lat="51.141350000" lon="15.312580000">
        <ele>212.860</ele>
      </trkpt>
      <trkpt lat="51.141270000" lon="15.312560000">
        <ele>211.860</ele>
      </trkpt>
      <trkpt lat="51.141000000" lon="15.312450000">
        <ele>207.600</ele>
      </trkpt>
      <trkpt lat="51.140100000" lon="15.312090000">
        <ele>199.060</ele>
      </trkpt>
      <trkpt lat="51.139740000" lon="15.311950000">
        <ele>198.950</ele>
      </trkpt>
      <trkpt lat="51.139020000" lon="15.311430000">
        <ele>206.210</ele>
      </trkpt>
      <trkpt lat="51.138850000" lon="15.311300000">
        <ele>208.910</ele>
      </trkpt>
      <trkpt lat="51.138680000" lon="15.311170000">
        <ele>212.110</ele>
      </trkpt>
      <trkpt lat="51.138540000" lon="15.311070000">
        <ele>215.690</ele>
      </trkpt>
      <trkpt lat="51.138270000" lon="15.310770000">
        <ele>220.540</ele>
      </trkpt>
      <trkpt lat="51.138090000" lon="15.310610000">
        <ele>219.320</ele>
      </trkpt>
      <trkpt lat="51.137820000" lon="15.310430000">
        <ele>217.080</ele>
      </trkpt>
      <trkpt lat="51.137530000" lon="15.310240000">
        <ele>214.700</ele>
      </trkpt>
      <trkpt lat="51.137370000" lon="15.310000000">
        <ele>214.470</ele>
      </trkpt>
      <trkpt lat="51.137170000" lon="15.309680000">
        <ele>218.600</ele>
      </trkpt>
      <trkpt lat="51.136830000" lon="15.309240000">
        <ele>218.550</ele>
      </trkpt>
      <trkpt lat="51.136660000" lon="15.308980000">
        <ele>217.630</ele>
      </trkpt>
      <trkpt lat="51.136520000" lon="15.308730000">
        <ele>216.340</ele>
      </trkpt>
      <trkpt lat="51.136520000" lon="15.308730000">
        <ele>216.340</ele>
      </trkpt>
      <trkpt lat="51.136520000" lon="15.308730000">
        <ele>216.340</ele>
      </trkpt>
      <trkpt lat="51.136500000" lon="15.308690000">
        <ele>215.940</ele>
      </trkpt>
      <trkpt lat="51.136220000" lon="15.307950000">
        <ele>206.880</ele>
      </trkpt>
      <trkpt lat="51.136140000" lon="15.307680000">
        <ele>204.680</ele>
      </trkpt>
      <trkpt lat="51.136060000" lon="15.307400000">
        <ele>203.650</ele>
      </trkpt>
      <trkpt lat="51.135810000" lon="15.306470000">
        <ele>203.230</ele>
      </trkpt>
      <trkpt lat="51.135750000" lon="15.306260000">
        <ele>203.440</ele>
      </trkpt>
      <trkpt lat="51.135620000" lon="15.305560000">
        <ele>200.580</ele>
      </trkpt>
      <trkpt lat="51.135550000" lon="15.305350000">
        <ele>199.570</ele>
      </trkpt>
      <trkpt lat="51.135370000" lon="15.304950000">
        <ele>198.550</ele>
      </trkpt>
      <trkpt lat="51.135170000" lon="15.304510000">
        <ele>199.340</ele>
      </trkpt>
      <trkpt lat="51.135140000" lon="15.304440000">
        <ele>199.510</ele>
      </trkpt>
      <trkpt lat="51.134820000" lon="15.303860000">
        <ele>202.300</ele>
      </trkpt>
      <trkpt lat="51.134730000" lon="15.303720000">
        <ele>202.940</ele>
      </trkpt>
      <trkpt lat="51.134580000" lon="15.303520000">
        <ele>203.160</ele>
      </trkpt>
      <trkpt lat="51.134190000" lon="15.303070000">
        <ele>199.460</ele>
      </trkpt>
      <trkpt lat="51.133120000" lon="15.302190000">
        <ele>192.700</ele>
      </trkpt>
      <trkpt lat="51.132910000" lon="15.302100000">
        <ele>196.700</ele>
      </trkpt>
      <trkpt lat="51.132570000" lon="15.301910000">
        <ele>200.680</ele>
      </trkpt>
      <trkpt lat="51.132120000" lon="15.301560000">
        <ele>200.660</ele>
      </trkpt>
      <trkpt lat="51.132010000" lon="15.301560000">
        <ele>199.480</ele>
      </trkpt>
      <trkpt lat="51.131840000" lon="15.301540000">
        <ele>198.540</ele>
      </trkpt>
      <trkpt lat="51.131670000" lon="15.301550000">
        <ele>197.850</ele>
      </trkpt>
      <trkpt lat="51.130820000" lon="15.301620000">
        <ele>194.340</ele>
      </trkpt>
      <trkpt lat="51.130690000" lon="15.301660000">
        <ele>192.910</ele>
      </trkpt>
      <trkpt lat="51.130290000" lon="15.301780000">
        <ele>189.500</ele>
      </trkpt>
      <trkpt lat="51.129910000" lon="15.302040000">
        <ele>192.790</ele>
      </trkpt>
      <trkpt lat="51.129860000" lon="15.302090000">
        <ele>192.760</ele>
      </trkpt>
      <trkpt lat="51.128970000" lon="15.302920000">
        <ele>186.890</ele>
      </trkpt>
      <trkpt lat="51.128500000" lon="15.303190000">
        <ele>184.560</ele>
      </trkpt>
      <trkpt lat="51.127740000" lon="15.303550000">
        <ele>194.680</ele>
      </trkpt>
      <trkpt lat="51.126610000" lon="15.304370000">
        <ele>186.710</ele>
      </trkpt>
      <trkpt lat="51.126470000" lon="15.304450000">
        <ele>184.500</ele>
      </trkpt>
      <trkpt lat="51.126470000" lon="15.304450000">
        <ele>184.500</ele>
      </trkpt>
      <trkpt lat="51.126470000" lon="15.304450000">
        <ele>184.500</ele>
      </trkpt>
      <trkpt lat="51.125800000" lon="15.304840000">
        <ele>187.930</ele>
      </trkpt>
      <trkpt lat="51.125670000" lon="15.304900000">
        <ele>191.780</ele>
      </trkpt>
      <trkpt lat="51.125570000" lon="15.304940000">
        <ele>194.270</ele>
      </trkpt>
      <trkpt lat="51.125390000" lon="15.304960000">
        <ele>195.310</ele>
      </trkpt>
      <trkpt lat="51.125250000" lon="15.304940000">
        <ele>196.410</ele>
      </trkpt>
      <trkpt lat="51.125130000" lon="15.304850000">
        <ele>199.750</ele>
      </trkpt>
      <trkpt lat="51.125030000" lon="15.304740000">
        <ele>202.930</ele>
      </trkpt>
      <trkpt lat="51.124700000" lon="15.304250000">
        <ele>208.000</ele>
      </trkpt>
      <trkpt lat="51.124550000" lon="15.304070000">
        <ele>207.870</ele>
      </trkpt>
      <trkpt lat="51.124110000" lon="15.303710000">
        <ele>205.400</ele>
      </trkpt>
      <trkpt lat="51.123890000" lon="15.303410000">
        <ele>203.370</ele>
      </trkpt>
      <trkpt lat="51.123770000" lon="15.303240000">
        <ele>202.080</ele>
      </trkpt>
      <trkpt lat="51.123620000" lon="15.303010000">
        <ele>201.860</ele>
      </trkpt>
      <trkpt lat="51.123500000" lon="15.302840000">
        <ele>203.600</ele>
      </trkpt>
      <trkpt lat="51.123350000" lon="15.302680000">
        <ele>205.410</ele>
      </trkpt>
      <trkpt lat="51.123170000" lon="15.302510000">
        <ele>207.450</ele>
      </trkpt>
      <trkpt lat="51.123020000" lon="15.302390000">
        <ele>208.290</ele>
      </trkpt>
      <trkpt lat="51.122790000" lon="15.302210000">
        <ele>206.820</ele>
      </trkpt>
      <trkpt lat="51.122540000" lon="15.302010000">
        <ele>206.310</ele>
      </trkpt>
      <trkpt lat="51.122400000" lon="15.301950000">
        <ele>205.320</ele>
      </trkpt>
      <trkpt lat="51.122150000" lon="15.301860000">
        <ele>204.220</ele>
      </trkpt>
      <trkpt lat="51.122030000" lon="15.301830000">
        <ele>204.970</ele>
      </trkpt>
      <trkpt lat="51.121860000" lon="15.301810000">
        <ele>205.210</ele>
      </trkpt>
      <trkpt lat="51.121670000" lon="15.301830000">
        <ele>204.600</ele>
      </trkpt>
      <trkpt lat="51.121520000" lon="15.301840000">
        <ele>205.610</ele>
      </trkpt>
      <trkpt lat="51.121350000" lon="15.301830000">
        <ele>206.470</ele>
      </trkpt>
      <trkpt lat="51.121040000" lon="15.301780000">
        <ele>208.040</ele>
      </trkpt>
      <trkpt lat="51.121010000" lon="15.301780000">
        <ele>208.550</ele>
      </trkpt>
      <trkpt lat="51.120940000" lon="15.301780000">
        <ele>209.760</ele>
      </trkpt>
      <trkpt lat="51.120850000" lon="15.301780000">
        <ele>211.310</ele>
      </trkpt>
      <trkpt lat="51.120890000" lon="15.301880000">
        <ele>210.480</ele>
      </trkpt>
      <trkpt lat="51.120900000" lon="15.301960000">
        <ele>210.060</ele>
      </trkpt>
      <trkpt lat="51.120910000" lon="15.302050000">
        <ele>208.650</ele>
      </trkpt>
      <trkpt lat="51.120930000" lon="15.302300000">
        <ele>205.770</ele>
      </trkpt>
      <trkpt lat="51.120910000" lon="15.303000000">
        <ele>207.470</ele>
      </trkpt>
      <trkpt lat="51.120890000" lon="15.303800000">
        <ele>212.830</ele>
      </trkpt>
      <trkpt lat="51.120890000" lon="15.303850000">
        <ele>213.160</ele>
      </trkpt>
      <trkpt lat="51.120890000" lon="15.303920000">
        <ele>213.410</ele>
      </trkpt>
      <trkpt lat="51.120850000" lon="15.305290000">
        <ele>213.360</ele>
      </trkpt>
      <trkpt lat="51.120820000" lon="15.305900000">
        <ele>218.100</ele>
      </trkpt>
      <trkpt lat="51.120790000" lon="15.306340000">
        <ele>221.570</ele>
      </trkpt>
      <trkpt lat="51.120740000" lon="15.306730000">
        <ele>222.970</ele>
      </trkpt>
      <trkpt lat="51.120550000" lon="15.307710000">
        <ele>222.660</ele>
      </trkpt>
      <trkpt lat="51.120520000" lon="15.307880000">
        <ele>221.980</ele>
      </trkpt>
      <trkpt lat="51.120500000" lon="15.308060000">
        <ele>222.400</ele>
      </trkpt>
      <trkpt lat="51.120490000" lon="15.308220000">
        <ele>222.430</ele>
      </trkpt>
      <trkpt lat="51.120470000" lon="15.308630000">
        <ele>224.210</ele>
      </trkpt>
      <trkpt lat="51.120440000" lon="15.309630000">
        <ele>235.840</ele>
      </trkpt>
      <trkpt lat="51.120430000" lon="15.310170000">
        <ele>240.590</ele>
      </trkpt>
      <trkpt lat="51.120420000" lon="15.310230000">
        <ele>240.490</ele>
      </trkpt>
      <trkpt lat="51.120420000" lon="15.310230000">
        <ele>240.490</ele>
      </trkpt>
      <trkpt lat="51.120420000" lon="15.310290000">
        <ele>240.590</ele>
      </trkpt>
      <trkpt lat="51.120390000" lon="15.311160000">
        <ele>237.280</ele>
      </trkpt>
      <trkpt lat="51.120370000" lon="15.312080000">
        <ele>242.300</ele>
      </trkpt>
      <trkpt lat="51.120340000" lon="15.312820000">
        <ele>245.960</ele>
      </trkpt>
      <trkpt lat="51.120310000" lon="15.313760000">
        <ele>248.270</ele>
      </trkpt>
      <trkpt lat="51.120300000" lon="15.313870000">
        <ele>247.780</ele>
      </trkpt>
      <trkpt lat="51.120280000" lon="15.314020000">
        <ele>247.500</ele>
      </trkpt>
      <trkpt lat="51.120200000" lon="15.314420000">
        <ele>246.390</ele>
      </trkpt>
      <trkpt lat="51.120140000" lon="15.314730000">
        <ele>246.010</ele>
      </trkpt>
      <trkpt lat="51.120010000" lon="15.315310000">
        <ele>243.920</ele>
      </trkpt>
      <trkpt lat="51.119970000" lon="15.315640000">
        <ele>243.160</ele>
      </trkpt>
      <trkpt lat="51.119960000" lon="15.315900000">
        <ele>244.260</ele>
      </trkpt>
      <trkpt lat="51.119960000" lon="15.316220000">
        <ele>246.840</ele>
      </trkpt>
      <trkpt lat="51.119980000" lon="15.316330000">
        <ele>247.630</ele>
      </trkpt>
      <trkpt lat="51.120260000" lon="15.317470000">
        <ele>249.040</ele>
      </trkpt>
      <trkpt lat="51.120280000" lon="15.317610000">
        <ele>248.950</ele>
      </trkpt>
      <trkpt lat="51.120320000" lon="15.318040000">
        <ele>248.530</ele>
      </trkpt>
      <trkpt lat="51.120330000" lon="15.318450000">
        <ele>249.050</ele>
      </trkpt>
      <trkpt lat="51.120330000" lon="15.319310000">
        <ele>244.330</ele>
      </trkpt>
      <trkpt lat="51.120350000" lon="15.319720000">
        <ele>244.260</ele>
      </trkpt>
      <trkpt lat="51.120380000" lon="15.319970000">
        <ele>245.210</ele>
      </trkpt>
      <trkpt lat="51.120460000" lon="15.320700000">
        <ele>248.360</ele>
      </trkpt>
      <trkpt lat="51.120470000" lon="15.320830000">
        <ele>249.960</ele>
      </trkpt>
      <trkpt lat="51.120480000" lon="15.320990000">
        <ele>251.900</ele>
      </trkpt>
      <trkpt lat="51.120490000" lon="15.321150000">
        <ele>253.430</ele>
      </trkpt>
      <trkpt lat="51.120510000" lon="15.321660000">
        <ele>252.330</ele>
      </trkpt>
      <trkpt lat="51.120570000" lon="15.322150000">
        <ele>252.900</ele>
      </trkpt>
      <trkpt lat="51.120540000" lon="15.322160000">
        <ele>253.040</ele>
      </trkpt>
      <trkpt lat="51.120520000" lon="15.322190000">
        <ele>253.110</ele>
      </trkpt>
      <trkpt lat="51.120500000" lon="15.322230000">
        <ele>253.190</ele>
      </trkpt>
      <trkpt lat="51.120490000" lon="15.322290000">
        <ele>253.160</ele>
      </trkpt>
      <trkpt lat="51.120470000" lon="15.322470000">
        <ele>253.240</ele>
      </trkpt>
      <trkpt lat="51.120460000" lon="15.322570000">
        <ele>253.120</ele>
      </trkpt>
      <trkpt lat="51.120440000" lon="15.322850000">
        <ele>253.290</ele>
      </trkpt>
      <trkpt lat="51.120400000" lon="15.323570000">
        <ele>254.660</ele>
      </trkpt>
      <trkpt lat="51.120390000" lon="15.323660000">
        <ele>254.350</ele>
      </trkpt>
      <trkpt lat="51.120370000" lon="15.323910000">
        <ele>252.890</ele>
      </trkpt>
      <trkpt lat="51.120360000" lon="15.324030000">
        <ele>252.230</ele>
      </trkpt>
      <trkpt lat="51.120340000" lon="15.324150000">
        <ele>251.520</ele>
      </trkpt>
      <trkpt lat="51.120330000" lon="15.324230000">
        <ele>250.650</ele>
      </trkpt>
      <trkpt lat="51.120310000" lon="15.324310000">
        <ele>249.620</ele>
      </trkpt>
      <trkpt lat="51.120270000" lon="15.324450000">
        <ele>248.080</ele>
      </trkpt>
      <trkpt lat="51.120220000" lon="15.324630000">
        <ele>248.070</ele>
      </trkpt>
      <trkpt lat="51.120190000" lon="15.324760000">
        <ele>247.730</ele>
      </trkpt>
      <trkpt lat="51.120180000" lon="15.324850000">
        <ele>247.780</ele>
      </trkpt>
      <trkpt lat="51.120160000" lon="15.324950000">
        <ele>247.700</ele>
      </trkpt>
      <trkpt lat="51.120160000" lon="15.325020000">
        <ele>247.820</ele>
      </trkpt>
      <trkpt lat="51.120160000" lon="15.325140000">
        <ele>248.370</ele>
      </trkpt>
      <trkpt lat="51.120160000" lon="15.325350000">
        <ele>249.260</ele>
      </trkpt>
      <trkpt lat="51.120160000" lon="15.325510000">
        <ele>249.840</ele>
      </trkpt>
      <trkpt lat="51.120160000" lon="15.325750000">
        <ele>250.400</ele>
      </trkpt>
      <trkpt lat="51.120150000" lon="15.325910000">
        <ele>250.710</ele>
      </trkpt>
      <trkpt lat="51.120140000" lon="15.326030000">
        <ele>250.870</ele>
      </trkpt>
      <trkpt lat="51.120130000" lon="15.326140000">
        <ele>250.970</ele>
      </trkpt>
      <trkpt lat="51.120130000" lon="15.326240000">
        <ele>251.310</ele>
      </trkpt>
      <trkpt lat="51.120120000" lon="15.326350000">
        <ele>251.470</ele>
      </trkpt>
      <trkpt lat="51.120130000" lon="15.326470000">
        <ele>252.550</ele>
      </trkpt>
      <trkpt lat="51.120130000" lon="15.326650000">
        <ele>254.190</ele>
      </trkpt>
      <trkpt lat="51.120130000" lon="15.326850000">
        <ele>254.380</ele>
      </trkpt>
      <trkpt lat="51.120130000" lon="15.326970000">
        <ele>254.310</ele>
      </trkpt>
      <trkpt lat="51.120130000" lon="15.327070000">
        <ele>253.920</ele>
      </trkpt>
      <trkpt lat="51.120120000" lon="15.327210000">
        <ele>253.210</ele>
      </trkpt>
      <trkpt lat="51.120100000" lon="15.327390000">
        <ele>252.030</ele>
      </trkpt>
      <trkpt lat="51.120090000" lon="15.327450000">
        <ele>251.510</ele>
      </trkpt>
      <trkpt lat="51.120070000" lon="15.327580000">
        <ele>250.620</ele>
      </trkpt>
      <trkpt lat="51.120050000" lon="15.327740000">
        <ele>249.950</ele>
      </trkpt>
      <trkpt lat="51.120000000" lon="15.327940000">
        <ele>249.000</ele>
      </trkpt>
      <trkpt lat="51.119630000" lon="15.329540000">
        <ele>262.370</ele>
      </trkpt>
      <trkpt lat="51.119110000" lon="15.331840000">
        <ele>266.140</ele>
      </trkpt>
      <trkpt lat="51.118920000" lon="15.332750000">
        <ele>267.360</ele>
      </trkpt>
      <trkpt lat="51.118900000" lon="15.333110000">
        <ele>263.370</ele>
      </trkpt>
      <trkpt lat="51.118900000" lon="15.333290000">
        <ele>261.430</ele>
      </trkpt>
      <trkpt lat="51.118900000" lon="15.333700000">
        <ele>258.960</ele>
      </trkpt>
      <trkpt lat="51.118970000" lon="15.334450000">
        <ele>259.360</ele>
      </trkpt>
      <trkpt lat="51.119000000" lon="15.334770000">
        <ele>262.470</ele>
      </trkpt>
      <trkpt lat="51.119010000" lon="15.334870000">
        <ele>262.490</ele>
      </trkpt>
      <trkpt lat="51.119010000" lon="15.334870000">
        <ele>262.490</ele>
      </trkpt>
      <trkpt lat="51.119010000" lon="15.334870000">
        <ele>262.490</ele>
      </trkpt>
      <trkpt lat="51.119030000" lon="15.335260000">
        <ele>265.790</ele>
      </trkpt>
      <trkpt lat="51.119050000" lon="15.335640000">
        <ele>265.980</ele>
      </trkpt>
      <trkpt lat="51.119050000" lon="15.336060000">
        <ele>265.110</ele>
      </trkpt>
      <trkpt lat="51.119050000" lon="15.336510000">
        <ele>265.110</ele>
      </trkpt>
      <trkpt lat="51.119030000" lon="15.337060000">
        <ele>268.000</ele>
      </trkpt>
      <trkpt lat="51.119010000" lon="15.337580000">
        <ele>270.450</ele>
      </trkpt>
      <trkpt lat="51.118950000" lon="15.338980000">
        <ele>269.020</ele>
      </trkpt>
      <trkpt lat="51.118920000" lon="15.339720000">
        <ele>268.330</ele>
      </trkpt>
      <trkpt lat="51.118950000" lon="15.340480000">
        <ele>270.200</ele>
      </trkpt>
      <trkpt lat="51.118980000" lon="15.340730000">
        <ele>271.600</ele>
      </trkpt>
      <trkpt lat="51.118990000" lon="15.340840000">
        <ele>272.210</ele>
      </trkpt>
      <trkpt lat="51.119290000" lon="15.343240000">
        <ele>279.880</ele>
      </trkpt>
      <trkpt lat="51.119490000" lon="15.344270000">
        <ele>280.240</ele>
      </trkpt>
      <trkpt lat="51.119780000" lon="15.345560000">
        <ele>282.980</ele>
      </trkpt>
      <trkpt lat="51.120180000" lon="15.347700000">
        <ele>276.620</ele>
      </trkpt>
      <trkpt lat="51.120310000" lon="15.348380000">
        <ele>273.030</ele>
      </trkpt>
      <trkpt lat="51.120700000" lon="15.350410000">
        <ele>268.540</ele>
      </trkpt>
      <trkpt lat="51.120900000" lon="15.351620000">
        <ele>266.660</ele>
      </trkpt>
      <trkpt lat="51.120930000" lon="15.351780000">
        <ele>265.820</ele>
      </trkpt>
      <trkpt lat="51.120990000" lon="15.352270000">
        <ele>264.860</ele>
      </trkpt>
      <trkpt lat="51.121060000" lon="15.353010000">
        <ele>261.350</ele>
      </trkpt>
      <trkpt lat="51.121160000" lon="15.354290000">
        <ele>258.080</ele>
      </trkpt>
      <trkpt lat="51.121320000" lon="15.356080000">
        <ele>255.110</ele>
      </trkpt>
      <trkpt lat="51.121410000" lon="15.357120000">
        <ele>252.290</ele>
      </trkpt>
      <trkpt lat="51.121470000" lon="15.358140000">
        <ele>246.880</ele>
      </trkpt>
      <trkpt lat="51.121480000" lon="15.358600000">
        <ele>247.940</ele>
      </trkpt>
      <trkpt lat="51.121460000" lon="15.359010000">
        <ele>248.240</ele>
      </trkpt>
      <trkpt lat="51.121460000" lon="15.359140000">
        <ele>248.470</ele>
      </trkpt>
      <trkpt lat="51.121450000" lon="15.359540000">
        <ele>250.410</ele>
      </trkpt>
      <trkpt lat="51.121360000" lon="15.360690000">
        <ele>249.630</ele>
      </trkpt>
      <trkpt lat="51.121270000" lon="15.361670000">
        <ele>248.280</ele>
      </trkpt>
      <trkpt lat="51.121250000" lon="15.362050000">
        <ele>247.120</ele>
      </trkpt>
      <trkpt lat="51.121230000" lon="15.362640000">
        <ele>247.220</ele>
      </trkpt>
      <trkpt lat="51.121190000" lon="15.363040000">
        <ele>252.320</ele>
      </trkpt>
      <trkpt lat="51.121100000" lon="15.363420000">
        <ele>255.580</ele>
      </trkpt>
      <trkpt lat="51.120920000" lon="15.364120000">
        <ele>251.770</ele>
      </trkpt>
      <trkpt lat="51.120820000" lon="15.364500000">
        <ele>249.330</ele>
      </trkpt>
      <trkpt lat="51.121160000" lon="15.364850000">
        <ele>247.540</ele>
      </trkpt>
      <trkpt lat="51.121340000" lon="15.365050000">
        <ele>245.860</ele>
      </trkpt>
      <trkpt lat="51.121510000" lon="15.365290000">
        <ele>246.290</ele>
      </trkpt>
      <trkpt lat="51.121670000" lon="15.365550000">
        <ele>245.920</ele>
      </trkpt>
      <trkpt lat="51.121740000" lon="15.365680000">
        <ele>244.760</ele>
      </trkpt>
      <trkpt lat="51.121850000" lon="15.365830000">
        <ele>243.030</ele>
      </trkpt>
      <trkpt lat="51.121920000" lon="15.365890000">
        <ele>242.690</ele>
      </trkpt>
      <trkpt lat="51.121960000" lon="15.365930000">
        <ele>242.590</ele>
      </trkpt>
      <trkpt lat="51.122130000" lon="15.366030000">
        <ele>242.830</ele>
      </trkpt>
      <trkpt lat="51.122450000" lon="15.366230000">
        <ele>243.290</ele>
      </trkpt>
      <trkpt lat="51.122690000" lon="15.366370000">
        <ele>239.780</ele>
      </trkpt>
      <trkpt lat="51.122940000" lon="15.366520000">
        <ele>237.700</ele>
      </trkpt>
      <trkpt lat="51.123000000" lon="15.366550000">
        <ele>237.570</ele>
      </trkpt>
      <trkpt lat="51.123240000" lon="15.366700000">
        <ele>232.270</ele>
      </trkpt>
      <trkpt lat="51.123340000" lon="15.366760000">
        <ele>229.630</ele>
      </trkpt>
      <trkpt lat="51.123450000" lon="15.366810000">
        <ele>228.850</ele>
      </trkpt>
      <trkpt lat="51.123560000" lon="15.366830000">
        <ele>228.120</ele>
      </trkpt>
      <trkpt lat="51.123670000" lon="15.366840000">
        <ele>227.120</ele>
      </trkpt>
      <trkpt lat="51.123780000" lon="15.366810000">
        <ele>226.140</ele>
      </trkpt>
      <trkpt lat="51.123960000" lon="15.366720000">
        <ele>224.940</ele>
      </trkpt>
      <trkpt lat="51.124100000" lon="15.366580000">
        <ele>223.880</ele>
      </trkpt>
      <trkpt lat="51.124300000" lon="15.366400000">
        <ele>225.400</ele>
      </trkpt>
      <trkpt lat="51.124300000" lon="15.366400000">
        <ele>225.400</ele>
      </trkpt>
      <trkpt lat="51.124300000" lon="15.366400000">
        <ele>225.400</ele>
      </trkpt>
      <trkpt lat="51.124420000" lon="15.366270000">
        <ele>227.280</ele>
      </trkpt>
      <trkpt lat="51.124650000" lon="15.366020000">
        <ele>231.530</ele>
      </trkpt>
      <trkpt lat="51.124970000" lon="15.365720000">
        <ele>231.460</ele>
      </trkpt>
      <trkpt lat="51.125560000" lon="15.365150000">
        <ele>233.480</ele>
      </trkpt>
      <trkpt lat="51.125800000" lon="15.364960000">
        <ele>231.460</ele>
      </trkpt>
      <trkpt lat="51.125900000" lon="15.364930000">
        <ele>231.680</ele>
      </trkpt>
      <trkpt lat="51.125990000" lon="15.364940000">
        <ele>231.870</ele>
      </trkpt>
      <trkpt lat="51.126070000" lon="15.364960000">
        <ele>232.020</ele>
      </trkpt>
      <trkpt lat="51.126140000" lon="15.364990000">
        <ele>232.150</ele>
      </trkpt>
      <trkpt lat="51.126500000" lon="15.365160000">
        <ele>233.850</ele>
      </trkpt>
      <trkpt lat="51.127750000" lon="15.365870000">
        <ele>235.660</ele>
      </trkpt>
      <trkpt lat="51.128380000" lon="15.366240000">
        <ele>224.040</ele>
      </trkpt>
      <trkpt lat="51.128580000" lon="15.366330000">
        <ele>223.170</ele>
      </trkpt>
      <trkpt lat="51.128780000" lon="15.366380000">
        <ele>223.050</ele>
      </trkpt>
      <trkpt lat="51.129310000" lon="15.366370000">
        <ele>222.330</ele>
      </trkpt>
      <trkpt lat="51.129480000" lon="15.366370000">
        <ele>225.890</ele>
      </trkpt>
      <trkpt lat="51.129640000" lon="15.366300000">
        <ele>229.410</ele>
      </trkpt>
      <trkpt lat="51.129670000" lon="15.366290000">
        <ele>230.010</ele>
      </trkpt>
      <trkpt lat="51.129820000" lon="15.366200000">
        <ele>231.590</ele>
      </trkpt>
      <trkpt lat="51.129890000" lon="15.366140000">
        <ele>232.150</ele>
      </trkpt>
      <trkpt lat="51.129920000" lon="15.366100000">
        <ele>232.400</ele>
      </trkpt>
      <trkpt lat="51.129940000" lon="15.366070000">
        <ele>232.450</ele>
      </trkpt>
      <trkpt lat="51.130050000" lon="15.365850000">
        <ele>231.890</ele>
      </trkpt>
      <trkpt lat="51.130120000" lon="15.365740000">
        <ele>230.710</ele>
      </trkpt>
      <trkpt lat="51.130150000" lon="15.365660000">
        <ele>229.920</ele>
      </trkpt>
      <trkpt lat="51.130200000" lon="15.365580000">
        <ele>229.200</ele>
      </trkpt>
      <trkpt lat="51.130390000" lon="15.365310000">
        <ele>227.590</ele>
      </trkpt>
      <trkpt lat="51.130690000" lon="15.364890000">
        <ele>229.070</ele>
      </trkpt>
      <trkpt lat="51.130920000" lon="15.364620000">
        <ele>229.080</ele>
      </trkpt>
      <trkpt lat="51.131210000" lon="15.364230000">
        <ele>227.730</ele>
      </trkpt>
      <trkpt lat="51.131330000" lon="15.364060000">
        <ele>228.120</ele>
      </trkpt>
      <trkpt lat="51.131440000" lon="15.363910000">
        <ele>230.040</ele>
      </trkpt>
      <trkpt lat="51.131490000" lon="15.363820000">
        <ele>230.180</ele>
      </trkpt>
      <trkpt lat="51.131530000" lon="15.363790000">
        <ele>230.150</ele>
      </trkpt>
      <trkpt lat="51.131550000" lon="15.364210000">
        <ele>231.400</ele>
      </trkpt>
      <trkpt lat="51.131560000" lon="15.364520000">
        <ele>234.380</ele>
      </trkpt>
      <trkpt lat="51.131580000" lon="15.364780000">
        <ele>237.820</ele>
      </trkpt>
      <trkpt lat="51.131720000" lon="15.365560000">
        <ele>241.600</ele>
      </trkpt>
      <trkpt lat="51.131860000" lon="15.366330000">
        <ele>244.480</ele>
      </trkpt>
      <trkpt lat="51.132070000" lon="15.367180000">
        <ele>253.380</ele>
      </trkpt>
      <trkpt lat="51.132200000" lon="15.367830000">
        <ele>252.200</ele>
      </trkpt>
      <trkpt lat="51.132250000" lon="15.368080000">
        <ele>249.570</ele>
      </trkpt>
      <trkpt lat="51.132290000" lon="15.368370000">
        <ele>246.420</ele>
      </trkpt>
      <trkpt lat="51.132310000" lon="15.368710000">
        <ele>246.360</ele>
      </trkpt>
      <trkpt lat="51.132350000" lon="15.369320000">
        <ele>244.800</ele>
      </trkpt>
      <trkpt lat="51.132380000" lon="15.369930000">
        <ele>242.810</ele>
      </trkpt>
      <trkpt lat="51.132400000" lon="15.370460000">
        <ele>245.200</ele>
      </trkpt>
      <trkpt lat="51.132410000" lon="15.371210000">
        <ele>240.610</ele>
      </trkpt>
      <trkpt lat="51.132400000" lon="15.371620000">
        <ele>239.060</ele>
      </trkpt>
      <trkpt lat="51.132410000" lon="15.372080000">
        <ele>240.360</ele>
      </trkpt>
      <trkpt lat="51.132390000" lon="15.372590000">
        <ele>240.220</ele>
      </trkpt>
      <trkpt lat="51.132360000" lon="15.373200000">
        <ele>239.250</ele>
      </trkpt>
      <trkpt lat="51.132300000" lon="15.373910000">
        <ele>240.600</ele>
      </trkpt>
      <trkpt lat="51.132270000" lon="15.374310000">
        <ele>240.870</ele>
      </trkpt>
      <trkpt lat="51.132260000" lon="15.374790000">
        <ele>240.650</ele>
      </trkpt>
      <trkpt lat="51.132270000" lon="15.375140000">
        <ele>241.110</ele>
      </trkpt>
      <trkpt lat="51.132270000" lon="15.375310000">
        <ele>241.590</ele>
      </trkpt>
      <trkpt lat="51.132300000" lon="15.375680000">
        <ele>242.730</ele>
      </trkpt>
      <trkpt lat="51.132350000" lon="15.376050000">
        <ele>243.820</ele>
      </trkpt>
      <trkpt lat="51.132390000" lon="15.376320000">
        <ele>245.120</ele>
      </trkpt>
      <trkpt lat="51.132560000" lon="15.376910000">
        <ele>245.180</ele>
      </trkpt>
      <trkpt lat="51.132930000" lon="15.378170000">
        <ele>245.230</ele>
      </trkpt>
      <trkpt lat="51.132930000" lon="15.378170000">
        <ele>245.230</ele>
      </trkpt>
      <trkpt lat="51.132930000" lon="15.378170000">
        <ele>245.230</ele>
      </trkpt>
      <trkpt lat="51.133340000" lon="15.379540000">
        <ele>243.040</ele>
      </trkpt>
      <trkpt lat="51.133770000" lon="15.380990000">
        <ele>242.690</ele>
      </trkpt>
      <trkpt lat="51.134380000" lon="15.382490000">
        <ele>242.960</ele>
      </trkpt>
      <trkpt lat="51.134520000" lon="15.382830000">
        <ele>242.500</ele>
      </trkpt>
      <trkpt lat="51.134530000" lon="15.382880000">
        <ele>242.000</ele>
      </trkpt>
      <trkpt lat="51.134590000" lon="15.383120000">
        <ele>239.680</ele>
      </trkpt>
      <trkpt lat="51.134670000" lon="15.383480000">
        <ele>236.470</ele>
      </trkpt>
      <trkpt lat="51.134710000" lon="15.383900000">
        <ele>233.910</ele>
      </trkpt>
      <trkpt lat="51.134730000" lon="15.384360000">
        <ele>234.050</ele>
      </trkpt>
      <trkpt lat="51.134740000" lon="15.386810000">
        <ele>239.390</ele>
      </trkpt>
      <trkpt lat="51.134840000" lon="15.388010000">
        <ele>234.680</ele>
      </trkpt>
      <trkpt lat="51.134920000" lon="15.388960000">
        <ele>234.950</ele>
      </trkpt>
      <trkpt lat="51.134980000" lon="15.389460000">
        <ele>234.980</ele>
      </trkpt>
      <trkpt lat="51.135010000" lon="15.389730000">
        <ele>236.100</ele>
      </trkpt>
      <trkpt lat="51.135080000" lon="15.390080000">
        <ele>237.000</ele>
      </trkpt>
      <trkpt lat="51.135270000" lon="15.390840000">
        <ele>235.910</ele>
      </trkpt>
      <trkpt lat="51.135340000" lon="15.391150000">
        <ele>236.080</ele>
      </trkpt>
      <trkpt lat="51.135500000" lon="15.391800000">
        <ele>235.010</ele>
      </trkpt>
      <trkpt lat="51.135590000" lon="15.392140000">
        <ele>234.260</ele>
      </trkpt>
      <trkpt lat="51.135650000" lon="15.392430000">
        <ele>234.520</ele>
      </trkpt>
      <trkpt lat="51.135650000" lon="15.392660000">
        <ele>232.990</ele>
      </trkpt>
      <trkpt lat="51.135630000" lon="15.392810000">
        <ele>231.850</ele>
      </trkpt>
      <trkpt lat="51.135570000" lon="15.392970000">
        <ele>231.270</ele>
      </trkpt>
      <trkpt lat="51.135510000" lon="15.393060000">
        <ele>230.330</ele>
      </trkpt>
      <trkpt lat="51.135310000" lon="15.393310000">
        <ele>227.360</ele>
      </trkpt>
      <trkpt lat="51.135070000" lon="15.393570000">
        <ele>227.100</ele>
      </trkpt>
      <trkpt lat="51.135020000" lon="15.393630000">
        <ele>227.210</ele>
      </trkpt>
      <trkpt lat="51.134880000" lon="15.393780000">
        <ele>226.920</ele>
      </trkpt>
      <trkpt lat="51.134760000" lon="15.393910000">
        <ele>226.630</ele>
      </trkpt>
      <trkpt lat="51.134690000" lon="15.394030000">
        <ele>227.470</ele>
      </trkpt>
      <trkpt lat="51.134660000" lon="15.394120000">
        <ele>228.310</ele>
      </trkpt>
      <trkpt lat="51.134630000" lon="15.394220000">
        <ele>229.050</ele>
      </trkpt>
      <trkpt lat="51.134610000" lon="15.394330000">
        <ele>229.770</ele>
      </trkpt>
      <trkpt lat="51.134600000" lon="15.394430000">
        <ele>230.460</ele>
      </trkpt>
      <trkpt lat="51.134610000" lon="15.394530000">
        <ele>230.970</ele>
      </trkpt>
      <trkpt lat="51.134610000" lon="15.394630000">
        <ele>231.410</ele>
      </trkpt>
      <trkpt lat="51.134630000" lon="15.394760000">
        <ele>231.710</ele>
      </trkpt>
      <trkpt lat="51.134710000" lon="15.395080000">
        <ele>230.860</ele>
      </trkpt>
      <trkpt lat="51.134850000" lon="15.395590000">
        <ele>230.060</ele>
      </trkpt>
      <trkpt lat="51.134930000" lon="15.395870000">
        <ele>230.880</ele>
      </trkpt>
      <trkpt lat="51.134990000" lon="15.396180000">
        <ele>231.720</ele>
      </trkpt>
      <trkpt lat="51.135020000" lon="15.396570000">
        <ele>229.020</ele>
      </trkpt>
      <trkpt lat="51.135040000" lon="15.396860000">
        <ele>225.910</ele>
      </trkpt>
      <trkpt lat="51.135050000" lon="15.397060000">
        <ele>225.000</ele>
      </trkpt>
      <trkpt lat="51.135070000" lon="15.397290000">
        <ele>225.550</ele>
      </trkpt>
      <trkpt lat="51.135080000" lon="15.397440000">
        <ele>226.670</ele>
      </trkpt>
      <trkpt lat="51.135100000" lon="15.397560000">
        <ele>227.350</ele>
      </trkpt>
      <trkpt lat="51.135450000" lon="15.399260000">
        <ele>230.560</ele>
      </trkpt>
      <trkpt lat="51.135480000" lon="15.399540000">
        <ele>231.180</ele>
      </trkpt>
      <trkpt lat="51.135490000" lon="15.399830000">
        <ele>230.610</ele>
      </trkpt>
      <trkpt lat="51.135480000" lon="15.400140000">
        <ele>229.500</ele>
      </trkpt>
      <trkpt lat="51.135470000" lon="15.400370000">
        <ele>229.000</ele>
      </trkpt>
      <trkpt lat="51.135490000" lon="15.400670000">
        <ele>228.980</ele>
      </trkpt>
      <trkpt lat="51.135500000" lon="15.400730000">
        <ele>228.870</ele>
      </trkpt>
      <trkpt lat="51.135530000" lon="15.400840000">
        <ele>228.370</ele>
      </trkpt>
      <trkpt lat="51.135660000" lon="15.401080000">
        <ele>226.450</ele>
      </trkpt>
      <trkpt lat="51.135730000" lon="15.401210000">
        <ele>225.710</ele>
      </trkpt>
      <trkpt lat="51.135830000" lon="15.401400000">
        <ele>225.080</ele>
      </trkpt>
      <trkpt lat="51.135960000" lon="15.401660000">
        <ele>226.890</ele>
      </trkpt>
      <trkpt lat="51.136230000" lon="15.402270000">
        <ele>227.300</ele>
      </trkpt>
      <trkpt lat="51.136470000" lon="15.402970000">
        <ele>223.840</ele>
      </trkpt>
      <trkpt lat="51.136510000" lon="15.403110000">
        <ele>223.590</ele>
      </trkpt>
      <trkpt lat="51.136560000" lon="15.403300000">
        <ele>223.180</ele>
      </trkpt>
      <trkpt lat="51.136580000" lon="15.403370000">
        <ele>222.940</ele>
      </trkpt>
      <trkpt lat="51.136640000" lon="15.403510000">
        <ele>222.290</ele>
      </trkpt>
      <trkpt lat="51.136740000" lon="15.403680000">
        <ele>222.450</ele>
      </trkpt>
      <trkpt lat="51.136800000" lon="15.403780000">
        <ele>222.800</ele>
      </trkpt>
      <trkpt lat="51.136860000" lon="15.403860000">
        <ele>222.970</ele>
      </trkpt>
      <trkpt lat="51.136940000" lon="15.403940000">
        <ele>223.370</ele>
      </trkpt>
      <trkpt lat="51.137030000" lon="15.404050000">
        <ele>224.910</ele>
      </trkpt>
      <trkpt lat="51.137080000" lon="15.404130000">
        <ele>225.780</ele>
      </trkpt>
      <trkpt lat="51.137130000" lon="15.404190000">
        <ele>226.480</ele>
      </trkpt>
      <trkpt lat="51.137170000" lon="15.404260000">
        <ele>227.090</ele>
      </trkpt>
      <trkpt lat="51.137230000" lon="15.404380000">
        <ele>227.750</ele>
      </trkpt>
      <trkpt lat="51.137360000" lon="15.404590000">
        <ele>227.760</ele>
      </trkpt>
      <trkpt lat="51.137430000" lon="15.404700000">
        <ele>227.940</ele>
      </trkpt>
      <trkpt lat="51.137460000" lon="15.404740000">
        <ele>228.010</ele>
      </trkpt>
      <trkpt lat="51.137490000" lon="15.404770000">
        <ele>228.010</ele>
      </trkpt>
      <trkpt lat="51.137550000" lon="15.404840000">
        <ele>228.080</ele>
      </trkpt>
      <trkpt lat="51.137660000" lon="15.404930000">
        <ele>228.430</ele>
      </trkpt>
      <trkpt lat="51.137750000" lon="15.405010000">
        <ele>228.940</ele>
      </trkpt>
      <trkpt lat="51.137890000" lon="15.405130000">
        <ele>229.040</ele>
      </trkpt>
      <trkpt lat="51.137990000" lon="15.405250000">
        <ele>229.750</ele>
      </trkpt>
      <trkpt lat="51.138130000" lon="15.405430000">
        <ele>231.490</ele>
      </trkpt>
      <trkpt lat="51.138250000" lon="15.405620000">
        <ele>232.350</ele>
      </trkpt>
      <trkpt lat="51.138290000" lon="15.405710000">
        <ele>231.610</ele>
      </trkpt>
      <trkpt lat="51.138290000" lon="15.405710000">
        <ele>231.610</ele>
      </trkpt>
      <trkpt lat="51.138290000" lon="15.405710000">
        <ele>231.610</ele>
      </trkpt>
      <trkpt lat="51.138410000" lon="15.405910000">
        <ele>230.120</ele>
      </trkpt>
      <trkpt lat="51.138490000" lon="15.406040000">
        <ele>229.900</ele>
      </trkpt>
      <trkpt lat="51.138570000" lon="15.406130000">
        <ele>229.250</ele>
      </trkpt>
      <trkpt lat="51.138640000" lon="15.406220000">
        <ele>228.610</ele>
      </trkpt>
      <trkpt lat="51.138710000" lon="15.406250000">
        <ele>228.500</ele>
      </trkpt>
      <trkpt lat="51.138820000" lon="15.406310000">
        <ele>228.280</ele>
      </trkpt>
      <trkpt lat="51.139020000" lon="15.406390000">
        <ele>224.690</ele>
      </trkpt>
      <trkpt lat="51.139220000" lon="15.406470000">
        <ele>220.920</ele>
      </trkpt>
      <trkpt lat="51.139300000" lon="15.406520000">
        <ele>220.970</ele>
      </trkpt>
      <trkpt lat="51.139370000" lon="15.406580000">
        <ele>221.280</ele>
      </trkpt>
      <trkpt lat="51.139480000" lon="15.406670000">
        <ele>222.160</ele>
      </trkpt>
      <trkpt lat="51.139570000" lon="15.406750000">
        <ele>222.950</ele>
      </trkpt>
      <trkpt lat="51.139860000" lon="15.407110000">
        <ele>222.210</ele>
      </trkpt>
      <trkpt lat="51.140090000" lon="15.407410000">
        <ele>220.910</ele>
      </trkpt>
      <trkpt lat="51.140100000" lon="15.407430000">
        <ele>220.960</ele>
      </trkpt>
      <trkpt lat="51.140350000" lon="15.408040000">
        <ele>221.220</ele>
      </trkpt>
      <trkpt lat="51.140270000" lon="15.408130000">
        <ele>221.920</ele>
      </trkpt>
      <trkpt lat="51.140160000" lon="15.408180000">
        <ele>223.890</ele>
      </trkpt>
      <trkpt lat="51.140040000" lon="15.408240000">
        <ele>225.570</ele>
      </trkpt>
      <trkpt lat="51.139960000" lon="15.408250000">
        <ele>226.230</ele>
      </trkpt>
      <trkpt lat="51.139850000" lon="15.408270000">
        <ele>226.790</ele>
      </trkpt>
      <trkpt lat="51.139750000" lon="15.408290000">
        <ele>227.180</ele>
      </trkpt>
      <trkpt lat="51.139690000" lon="15.408300000">
        <ele>227.790</ele>
      </trkpt>
      <trkpt lat="51.139640000" lon="15.408320000">
        <ele>228.550</ele>
      </trkpt>
      <trkpt lat="51.139570000" lon="15.408350000">
        <ele>229.620</ele>
      </trkpt>
      <trkpt lat="51.139490000" lon="15.408450000">
        <ele>230.340</ele>
      </trkpt>
      <trkpt lat="51.139430000" lon="15.408560000">
        <ele>230.650</ele>
      </trkpt>
      <trkpt lat="51.139380000" lon="15.408740000">
        <ele>230.820</ele>
      </trkpt>
      <trkpt lat="51.139340000" lon="15.408880000">
        <ele>230.920</ele>
      </trkpt>
      <trkpt lat="51.139310000" lon="15.409020000">
        <ele>231.420</ele>
      </trkpt>
      <trkpt lat="51.139280000" lon="15.409120000">
        <ele>231.960</ele>
      </trkpt>
      <trkpt lat="51.139220000" lon="15.409200000">
        <ele>233.230</ele>
      </trkpt>
      <trkpt lat="51.139050000" lon="15.409310000">
        <ele>236.180</ele>
      </trkpt>
      <trkpt lat="51.138830000" lon="15.409440000">
        <ele>237.800</ele>
      </trkpt>
      <trkpt lat="51.138650000" lon="15.409530000">
        <ele>236.880</ele>
      </trkpt>
      <trkpt lat="51.138550000" lon="15.409610000">
        <ele>236.980</ele>
      </trkpt>
      <trkpt lat="51.138440000" lon="15.409720000">
        <ele>237.850</ele>
      </trkpt>
      <trkpt lat="51.138230000" lon="15.409920000">
        <ele>239.740</ele>
      </trkpt>
      <trkpt lat="51.137910000" lon="15.410270000">
        <ele>239.040</ele>
      </trkpt>
      <trkpt lat="51.137580000" lon="15.410610000">
        <ele>237.570</ele>
      </trkpt>
      <trkpt lat="51.137370000" lon="15.410820000">
        <ele>237.960</ele>
      </trkpt>
      <trkpt lat="51.137280000" lon="15.410930000">
        <ele>238.240</ele>
      </trkpt>
      <trkpt lat="51.137200000" lon="15.411030000">
        <ele>238.350</ele>
      </trkpt>
      <trkpt lat="51.137150000" lon="15.411110000">
        <ele>238.260</ele>
      </trkpt>
      <trkpt lat="51.137150000" lon="15.411110000">
        <ele>238.260</ele>
      </trkpt>
      <trkpt lat="51.137150000" lon="15.411110000">
        <ele>238.260</ele>
      </trkpt>
      <trkpt lat="51.137110000" lon="15.411160000">
        <ele>238.330</ele>
      </trkpt>
      <trkpt lat="51.137080000" lon="15.411210000">
        <ele>238.330</ele>
      </trkpt>
      <trkpt lat="51.136960000" lon="15.411440000">
        <ele>237.820</ele>
      </trkpt>
      <trkpt lat="51.136880000" lon="15.411590000">
        <ele>237.440</ele>
      </trkpt>
      <trkpt lat="51.136600000" lon="15.412100000">
        <ele>237.590</ele>
      </trkpt>
      <trkpt lat="51.136290000" lon="15.412660000">
        <ele>238.000</ele>
      </trkpt>
      <trkpt lat="51.136140000" lon="15.412940000">
        <ele>239.580</ele>
      </trkpt>
      <trkpt lat="51.135980000" lon="15.413270000">
        <ele>241.630</ele>
      </trkpt>
      <trkpt lat="51.135750000" lon="15.413780000">
        <ele>243.400</ele>
      </trkpt>
      <trkpt lat="51.135530000" lon="15.414250000">
        <ele>240.650</ele>
      </trkpt>
      <trkpt lat="51.135430000" lon="15.414480000">
        <ele>240.210</ele>
      </trkpt>
      <trkpt lat="51.135380000" lon="15.414620000">
        <ele>239.100</ele>
      </trkpt>
      <trkpt lat="51.135270000" lon="15.414870000">
        <ele>237.520</ele>
      </trkpt>
      <trkpt lat="51.135180000" lon="15.415110000">
        <ele>237.480</ele>
      </trkpt>
      <trkpt lat="51.135060000" lon="15.415380000">
        <ele>237.700</ele>
      </trkpt>
      <trkpt lat="51.134970000" lon="15.415560000">
        <ele>237.100</ele>
      </trkpt>
      <trkpt lat="51.134880000" lon="15.415710000">
        <ele>236.710</ele>
      </trkpt>
      <trkpt lat="51.134830000" lon="15.415800000">
        <ele>236.000</ele>
      </trkpt>
      <trkpt lat="51.134760000" lon="15.415910000">
        <ele>234.480</ele>
      </trkpt>
      <trkpt lat="51.134670000" lon="15.416030000">
        <ele>233.140</ele>
      </trkpt>
      <trkpt lat="51.134540000" lon="15.416190000">
        <ele>232.930</ele>
      </trkpt>
      <trkpt lat="51.134380000" lon="15.416380000">
        <ele>233.260</ele>
      </trkpt>
      <trkpt lat="51.134270000" lon="15.416510000">
        <ele>232.760</ele>
      </trkpt>
      <trkpt lat="51.134140000" lon="15.416630000">
        <ele>232.440</ele>
      </trkpt>
      <trkpt lat="51.134050000" lon="15.416690000">
        <ele>232.840</ele>
      </trkpt>
      <trkpt lat="51.134010000" lon="15.416750000">
        <ele>233.130</ele>
      </trkpt>
      <trkpt lat="51.133970000" lon="15.416800000">
        <ele>233.420</ele>
      </trkpt>
      <trkpt lat="51.133930000" lon="15.416920000">
        <ele>233.700</ele>
      </trkpt>
      <trkpt lat="51.133890000" lon="15.417010000">
        <ele>233.990</ele>
      </trkpt>
      <trkpt lat="51.133830000" lon="15.417140000">
        <ele>234.420</ele>
      </trkpt>
      <trkpt lat="51.133770000" lon="15.417240000">
        <ele>234.860</ele>
      </trkpt>
      <trkpt lat="51.133710000" lon="15.417370000">
        <ele>235.290</ele>
      </trkpt>
      <trkpt lat="51.133680000" lon="15.417460000">
        <ele>235.500</ele>
      </trkpt>
      <trkpt lat="51.133650000" lon="15.417540000">
        <ele>235.410</ele>
      </trkpt>
      <trkpt lat="51.133640000" lon="15.417610000">
        <ele>234.960</ele>
      </trkpt>
      <trkpt lat="51.133630000" lon="15.417690000">
        <ele>234.450</ele>
      </trkpt>
      <trkpt lat="51.133620000" lon="15.417740000">
        <ele>234.180</ele>
      </trkpt>
      <trkpt lat="51.133620000" lon="15.417840000">
        <ele>233.450</ele>
      </trkpt>
      <trkpt lat="51.133610000" lon="15.417990000">
        <ele>232.450</ele>
      </trkpt>
      <trkpt lat="51.133600000" lon="15.418090000">
        <ele>231.430</ele>
      </trkpt>
      <trkpt lat="51.133600000" lon="15.418200000">
        <ele>230.260</ele>
      </trkpt>
      <trkpt lat="51.133580000" lon="15.418370000">
        <ele>228.550</ele>
      </trkpt>
      <trkpt lat="51.133560000" lon="15.418500000">
        <ele>228.260</ele>
      </trkpt>
      <trkpt lat="51.133490000" lon="15.418850000">
        <ele>226.660</ele>
      </trkpt>
      <trkpt lat="51.133450000" lon="15.419060000">
        <ele>227.130</ele>
      </trkpt>
      <trkpt lat="51.133430000" lon="15.419180000">
        <ele>227.670</ele>
      </trkpt>
      <trkpt lat="51.133430000" lon="15.419330000">
        <ele>227.830</ele>
      </trkpt>
      <trkpt lat="51.133420000" lon="15.419610000">
        <ele>227.060</ele>
      </trkpt>
      <trkpt lat="51.133410000" lon="15.419730000">
        <ele>226.410</ele>
      </trkpt>
      <trkpt lat="51.133410000" lon="15.419820000">
        <ele>225.940</ele>
      </trkpt>
      <trkpt lat="51.133420000" lon="15.419890000">
        <ele>225.540</ele>
      </trkpt>
      <trkpt lat="51.133430000" lon="15.419970000">
        <ele>225.140</ele>
      </trkpt>
      <trkpt lat="51.133470000" lon="15.420130000">
        <ele>226.400</ele>
      </trkpt>
      <trkpt lat="51.133520000" lon="15.420300000">
        <ele>227.810</ele>
      </trkpt>
      <trkpt lat="51.133590000" lon="15.420540000">
        <ele>226.040</ele>
      </trkpt>
      <trkpt lat="51.133620000" lon="15.420660000">
        <ele>226.830</ele>
      </trkpt>
      <trkpt lat="51.133640000" lon="15.420760000">
        <ele>227.760</ele>
      </trkpt>
      <trkpt lat="51.133650000" lon="15.420870000">
        <ele>228.850</ele>
      </trkpt>
      <trkpt lat="51.133650000" lon="15.420970000">
        <ele>230.030</ele>
      </trkpt>
      <trkpt lat="51.133640000" lon="15.421060000">
        <ele>230.930</ele>
      </trkpt>
      <trkpt lat="51.133640000" lon="15.421260000">
        <ele>233.660</ele>
      </trkpt>
      <trkpt lat="51.133680000" lon="15.421990000">
        <ele>242.990</ele>
      </trkpt>
      <trkpt lat="51.133720000" lon="15.422580000">
        <ele>246.340</ele>
      </trkpt>
      <trkpt lat="51.133800000" lon="15.424100000">
        <ele>261.000</ele>
      </trkpt>
      <trkpt lat="51.133820000" lon="15.425030000">
        <ele>254.160</ele>
      </trkpt>
      <trkpt lat="51.133730000" lon="15.426110000">
        <ele>265.540</ele>
      </trkpt>
      <trkpt lat="51.133610000" lon="15.427430000">
        <ele>268.480</ele>
      </trkpt>
      <trkpt lat="51.133550000" lon="15.428140000">
        <ele>262.980</ele>
      </trkpt>
      <trkpt lat="51.133490000" lon="15.428860000">
        <ele>264.010</ele>
      </trkpt>
      <trkpt lat="51.133510000" lon="15.429180000">
        <ele>267.670</ele>
      </trkpt>
      <trkpt lat="51.133590000" lon="15.429690000">
        <ele>271.750</ele>
      </trkpt>
      <trkpt lat="51.134600000" lon="15.431990000">
        <ele>271.280</ele>
      </trkpt>
      <trkpt lat="51.134920000" lon="15.433090000">
        <ele>268.190</ele>
      </trkpt>
      <trkpt lat="51.135030000" lon="15.434060000">
        <ele>261.430</ele>
      </trkpt>
      <trkpt lat="51.135080000" lon="15.434950000">
        <ele>261.960</ele>
      </trkpt>
      <trkpt lat="51.135070000" lon="15.435290000">
        <ele>257.770</ele>
      </trkpt>
      <trkpt lat="51.135020000" lon="15.435650000">
        <ele>250.810</ele>
      </trkpt>
      <trkpt lat="51.134970000" lon="15.435930000">
        <ele>247.200</ele>
      </trkpt>
      <trkpt lat="51.134910000" lon="15.436110000">
        <ele>245.680</ele>
      </trkpt>
      <trkpt lat="51.134820000" lon="15.436400000">
        <ele>243.690</ele>
      </trkpt>
      <trkpt lat="51.134730000" lon="15.436610000">
        <ele>245.500</ele>
      </trkpt>
      <trkpt lat="51.134690000" lon="15.436870000">
        <ele>250.300</ele>
      </trkpt>
      <trkpt lat="51.134710000" lon="15.437110000">
        <ele>253.030</ele>
      </trkpt>
      <trkpt lat="51.134800000" lon="15.437470000">
        <ele>251.310</ele>
      </trkpt>
      <trkpt lat="51.134930000" lon="15.437920000">
        <ele>254.050</ele>
      </trkpt>
      <trkpt lat="51.135050000" lon="15.438290000">
        <ele>254.070</ele>
      </trkpt>
      <trkpt lat="51.135180000" lon="15.438800000">
        <ele>253.740</ele>
      </trkpt>
      <trkpt lat="51.135350000" lon="15.439540000">
        <ele>252.220</ele>
      </trkpt>
      <trkpt lat="51.135480000" lon="15.440080000">
        <ele>249.880</ele>
      </trkpt>
      <trkpt lat="51.135540000" lon="15.440460000">
        <ele>247.000</ele>
      </trkpt>
      <trkpt lat="51.135560000" lon="15.440800000">
        <ele>245.940</ele>
      </trkpt>
      <trkpt lat="51.135560000" lon="15.441090000">
        <ele>246.830</ele>
      </trkpt>
      <trkpt lat="51.135560000" lon="15.441590000">
        <ele>243.480</ele>
      </trkpt>
      <trkpt lat="51.135610000" lon="15.442000000">
        <ele>240.690</ele>
      </trkpt>
      <trkpt lat="51.135610000" lon="15.442000000">
        <ele>240.690</ele>
      </trkpt>
      <trkpt lat="51.135610000" lon="15.442000000">
        <ele>240.690</ele>
      </trkpt>
      <trkpt lat="51.135630000" lon="15.442210000">
        <ele>240.980</ele>
      </trkpt>
      <trkpt lat="51.135660000" lon="15.442440000">
        <ele>242.080</ele>
      </trkpt>
      <trkpt lat="51.135680000" lon="15.442670000">
        <ele>244.430</ele>
      </trkpt>
      <trkpt lat="51.135680000" lon="15.442780000">
        <ele>245.680</ele>
      </trkpt>
      <trkpt lat="51.135680000" lon="15.442910000">
        <ele>245.360</ele>
      </trkpt>
      <trkpt lat="51.135670000" lon="15.443020000">
        <ele>245.060</ele>
      </trkpt>
      <trkpt lat="51.135660000" lon="15.443100000">
        <ele>245.020</ele>
      </trkpt>
      <trkpt lat="51.135650000" lon="15.443180000">
        <ele>245.010</ele>
      </trkpt>
      <trkpt lat="51.135570000" lon="15.443710000">
        <ele>246.710</ele>
      </trkpt>
      <trkpt lat="51.135540000" lon="15.444040000">
        <ele>250.170</ele>
      </trkpt>
      <trkpt lat="51.135470000" lon="15.444570000">
        <ele>251.720</ele>
      </trkpt>
      <trkpt lat="51.135450000" lon="15.444790000">
        <ele>249.620</ele>
      </trkpt>
      <trkpt lat="51.135410000" lon="15.445240000">
        <ele>252.600</ele>
      </trkpt>
      <trkpt lat="51.135390000" lon="15.445500000">
        <ele>254.030</ele>
      </trkpt>
      <trkpt lat="51.135360000" lon="15.446000000">
        <ele>258.190</ele>
      </trkpt>
      <trkpt lat="51.135310000" lon="15.446390000">
        <ele>260.360</ele>
      </trkpt>
      <trkpt lat="51.135260000" lon="15.446690000">
        <ele>263.400</ele>
      </trkpt>
      <trkpt lat="51.135170000" lon="15.447110000">
        <ele>264.960</ele>
      </trkpt>
      <trkpt lat="51.135050000" lon="15.447470000">
        <ele>263.930</ele>
      </trkpt>
      <trkpt lat="51.134850000" lon="15.448280000">
        <ele>261.290</ele>
      </trkpt>
      <trkpt lat="51.134790000" lon="15.448570000">
        <ele>261.380</ele>
      </trkpt>
      <trkpt lat="51.134740000" lon="15.448780000">
        <ele>261.090</ele>
      </trkpt>
      <trkpt lat="51.134700000" lon="15.448950000">
        <ele>260.940</ele>
      </trkpt>
      <trkpt lat="51.134660000" lon="15.449060000">
        <ele>260.830</ele>
      </trkpt>
      <trkpt lat="51.134610000" lon="15.449190000">
        <ele>260.720</ele>
      </trkpt>
      <trkpt lat="51.134540000" lon="15.449410000">
        <ele>260.440</ele>
      </trkpt>
      <trkpt lat="51.134480000" lon="15.449570000">
        <ele>261.140</ele>
      </trkpt>
      <trkpt lat="51.134400000" lon="15.449780000">
        <ele>262.130</ele>
      </trkpt>
      <trkpt lat="51.134330000" lon="15.449970000">
        <ele>262.040</ele>
      </trkpt>
      <trkpt lat="51.134300000" lon="15.450070000">
        <ele>261.750</ele>
      </trkpt>
      <trkpt lat="51.134260000" lon="15.450210000">
        <ele>261.240</ele>
      </trkpt>
      <trkpt lat="51.134230000" lon="15.450300000">
        <ele>261.000</ele>
      </trkpt>
      <trkpt lat="51.134190000" lon="15.450440000">
        <ele>261.000</ele>
      </trkpt>
      <trkpt lat="51.134170000" lon="15.450580000">
        <ele>260.910</ele>
      </trkpt>
      <trkpt lat="51.134130000" lon="15.450840000">
        <ele>260.240</ele>
      </trkpt>
      <trkpt lat="51.134110000" lon="15.451030000">
        <ele>259.560</ele>
      </trkpt>
      <trkpt lat="51.134090000" lon="15.451200000">
        <ele>259.510</ele>
      </trkpt>
      <trkpt lat="51.134080000" lon="15.451360000">
        <ele>259.930</ele>
      </trkpt>
      <trkpt lat="51.134070000" lon="15.451520000">
        <ele>260.310</ele>
      </trkpt>
      <trkpt lat="51.134070000" lon="15.451750000">
        <ele>260.740</ele>
      </trkpt>
      <trkpt lat="51.134070000" lon="15.452110000">
        <ele>260.750</ele>
      </trkpt>
      <trkpt lat="51.134070000" lon="15.452310000">
        <ele>260.720</ele>
      </trkpt>
      <trkpt lat="51.134090000" lon="15.452560000">
        <ele>261.450</ele>
      </trkpt>
      <trkpt lat="51.134110000" lon="15.452890000">
        <ele>262.110</ele>
      </trkpt>
      <trkpt lat="51.134150000" lon="15.453330000">
        <ele>260.830</ele>
      </trkpt>
      <trkpt lat="51.134190000" lon="15.453870000">
        <ele>258.390</ele>
      </trkpt>
      <trkpt lat="51.134210000" lon="15.454170000">
        <ele>256.450</ele>
      </trkpt>
      <trkpt lat="51.134240000" lon="15.454480000">
        <ele>255.140</ele>
      </trkpt>
      <trkpt lat="51.134240000" lon="15.454740000">
        <ele>252.320</ele>
      </trkpt>
      <trkpt lat="51.134230000" lon="15.455070000">
        <ele>248.980</ele>
      </trkpt>
      <trkpt lat="51.134200000" lon="15.455510000">
        <ele>247.180</ele>
      </trkpt>
      <trkpt lat="51.134150000" lon="15.456150000">
        <ele>246.930</ele>
      </trkpt>
      <trkpt lat="51.134110000" lon="15.456740000">
        <ele>245.990</ele>
      </trkpt>
      <trkpt lat="51.134010000" lon="15.458020000">
        <ele>240.180</ele>
      </trkpt>
      <trkpt lat="51.133900000" lon="15.458740000">
        <ele>237.740</ele>
      </trkpt>
      <trkpt lat="51.133690000" lon="15.460030000">
        <ele>233.510</ele>
      </trkpt>
      <trkpt lat="51.133650000" lon="15.460120000">
        <ele>234.090</ele>
      </trkpt>
      <trkpt lat="51.133590000" lon="15.460160000">
        <ele>234.680</ele>
      </trkpt>
      <trkpt lat="51.133550000" lon="15.460190000">
        <ele>234.970</ele>
      </trkpt>
      <trkpt lat="51.133470000" lon="15.460230000">
        <ele>235.420</ele>
      </trkpt>
      <trkpt lat="51.133450000" lon="15.460310000">
        <ele>235.810</ele>
      </trkpt>
      <trkpt lat="51.133430000" lon="15.460360000">
        <ele>236.240</ele>
      </trkpt>
      <trkpt lat="51.133400000" lon="15.460430000">
        <ele>236.860</ele>
      </trkpt>
      <trkpt lat="51.133370000" lon="15.460500000">
        <ele>237.470</ele>
      </trkpt>
      <trkpt lat="51.133320000" lon="15.460550000">
        <ele>237.820</ele>
      </trkpt>
      <trkpt lat="51.133280000" lon="15.460600000">
        <ele>237.550</ele>
      </trkpt>
      <trkpt lat="51.133200000" lon="15.460680000">
        <ele>236.790</ele>
      </trkpt>
      <trkpt lat="51.133100000" lon="15.460730000">
        <ele>235.580</ele>
      </trkpt>
      <trkpt lat="51.133020000" lon="15.460790000">
        <ele>234.890</ele>
      </trkpt>
      <trkpt lat="51.132940000" lon="15.460840000">
        <ele>234.560</ele>
      </trkpt>
      <trkpt lat="51.132870000" lon="15.460900000">
        <ele>234.090</ele>
      </trkpt>
      <trkpt lat="51.132810000" lon="15.460960000">
        <ele>233.660</ele>
      </trkpt>
      <trkpt lat="51.132740000" lon="15.461040000">
        <ele>233.390</ele>
      </trkpt>
      <trkpt lat="51.132670000" lon="15.461150000">
        <ele>233.390</ele>
      </trkpt>
      <trkpt lat="51.132480000" lon="15.461490000">
        <ele>233.850</ele>
      </trkpt>
      <trkpt lat="51.132470000" lon="15.461530000">
        <ele>233.820</ele>
      </trkpt>
      <trkpt lat="51.132220000" lon="15.462030000">
        <ele>235.030</ele>
      </trkpt>
      <trkpt lat="51.130520000" lon="15.465620000">
        <ele>251.660</ele>
      </trkpt>
      <trkpt lat="51.130260000" lon="15.466160000">
        <ele>253.100</ele>
      </trkpt>
      <trkpt lat="51.130050000" lon="15.466600000">
        <ele>252.980</ele>
      </trkpt>
      <trkpt lat="51.129880000" lon="15.466930000">
        <ele>256.190</ele>
      </trkpt>
      <trkpt lat="51.129780000" lon="15.467140000">
        <ele>256.550</ele>
      </trkpt>
      <trkpt lat="51.129740000" lon="15.467230000">
        <ele>256.040</ele>
      </trkpt>
      <trkpt lat="51.129740000" lon="15.467230000">
        <ele>256.040</ele>
      </trkpt>
      <trkpt lat="51.129740000" lon="15.467230000">
        <ele>256.040</ele>
      </trkpt>
      <trkpt lat="51.129720000" lon="15.467260000">
        <ele>255.840</ele>
      </trkpt>
      <trkpt lat="51.129670000" lon="15.467350000">
        <ele>255.150</ele>
      </trkpt>
      <trkpt lat="51.129580000" lon="15.467490000">
        <ele>254.490</ele>
      </trkpt>
      <trkpt lat="51.129530000" lon="15.467560000">
        <ele>254.310</ele>
      </trkpt>
      <trkpt lat="51.129380000" lon="15.467760000">
        <ele>254.710</ele>
      </trkpt>
      <trkpt lat="51.129170000" lon="15.468000000">
        <ele>255.380</ele>
      </trkpt>
      <trkpt lat="51.129040000" lon="15.468130000">
        <ele>257.910</ele>
      </trkpt>
      <trkpt lat="51.128920000" lon="15.468260000">
        <ele>259.840</ele>
      </trkpt>
      <trkpt lat="51.128830000" lon="15.468380000">
        <ele>260.810</ele>
      </trkpt>
      <trkpt lat="51.128750000" lon="15.468520000">
        <ele>261.660</ele>
      </trkpt>
      <trkpt lat="51.128700000" lon="15.468650000">
        <ele>262.030</ele>
      </trkpt>
      <trkpt lat="51.128650000" lon="15.468820000">
        <ele>262.140</ele>
      </trkpt>
      <trkpt lat="51.128620000" lon="15.468990000">
        <ele>262.350</ele>
      </trkpt>
      <trkpt lat="51.128580000" lon="15.469200000">
        <ele>263.670</ele>
      </trkpt>
      <trkpt lat="51.128540000" lon="15.469400000">
        <ele>265.860</ele>
      </trkpt>
      <trkpt lat="51.128500000" lon="15.469640000">
        <ele>267.240</ele>
      </trkpt>
      <trkpt lat="51.128480000" lon="15.469780000">
        <ele>267.630</ele>
      </trkpt>
      <trkpt lat="51.128410000" lon="15.470020000">
        <ele>268.020</ele>
      </trkpt>
      <trkpt lat="51.128320000" lon="15.470250000">
        <ele>268.100</ele>
      </trkpt>
      <trkpt lat="51.128220000" lon="15.470520000">
        <ele>269.490</ele>
      </trkpt>
      <trkpt lat="51.128080000" lon="15.470860000">
        <ele>269.350</ele>
      </trkpt>
      <trkpt lat="51.127940000" lon="15.471190000">
        <ele>271.150</ele>
      </trkpt>
      <trkpt lat="51.127490000" lon="15.472050000">
        <ele>268.750</ele>
      </trkpt>
      <trkpt lat="51.127310000" lon="15.472400000">
        <ele>268.910</ele>
      </trkpt>
      <trkpt lat="51.127160000" lon="15.472680000">
        <ele>268.600</ele>
      </trkpt>
      <trkpt lat="51.126960000" lon="15.473030000">
        <ele>269.010</ele>
      </trkpt>
      <trkpt lat="51.126860000" lon="15.473190000">
        <ele>270.710</ele>
      </trkpt>
      <trkpt lat="51.126730000" lon="15.473400000">
        <ele>271.710</ele>
      </trkpt>
      <trkpt lat="51.126700000" lon="15.473450000">
        <ele>271.480</ele>
      </trkpt>
      <trkpt lat="51.126640000" lon="15.473550000">
        <ele>270.730</ele>
      </trkpt>
      <trkpt lat="51.126550000" lon="15.473750000">
        <ele>271.920</ele>
      </trkpt>
      <trkpt lat="51.126490000" lon="15.473910000">
        <ele>273.470</ele>
      </trkpt>
      <trkpt lat="51.126370000" lon="15.474190000">
        <ele>273.810</ele>
      </trkpt>
      <trkpt lat="51.126300000" lon="15.474380000">
        <ele>273.530</ele>
      </trkpt>
      <trkpt lat="51.126210000" lon="15.474610000">
        <ele>273.320</ele>
      </trkpt>
      <trkpt lat="51.126110000" lon="15.474890000">
        <ele>274.610</ele>
      </trkpt>
      <trkpt lat="51.126070000" lon="15.475050000">
        <ele>275.000</ele>
      </trkpt>
      <trkpt lat="51.125970000" lon="15.475360000">
        <ele>274.560</ele>
      </trkpt>
      <trkpt lat="51.125950000" lon="15.475460000">
        <ele>274.070</ele>
      </trkpt>
      <trkpt lat="51.125900000" lon="15.475670000">
        <ele>273.130</ele>
      </trkpt>
      <trkpt lat="51.125840000" lon="15.475960000">
        <ele>271.580</ele>
      </trkpt>
      <trkpt lat="51.125750000" lon="15.476390000">
        <ele>270.000</ele>
      </trkpt>
      <trkpt lat="51.125670000" lon="15.476740000">
        <ele>271.370</ele>
      </trkpt>
      <trkpt lat="51.125630000" lon="15.476940000">
        <ele>272.250</ele>
      </trkpt>
      <trkpt lat="51.125590000" lon="15.477170000">
        <ele>273.040</ele>
      </trkpt>
      <trkpt lat="51.125570000" lon="15.477350000">
        <ele>273.540</ele>
      </trkpt>
      <trkpt lat="51.125560000" lon="15.477560000">
        <ele>274.020</ele>
      </trkpt>
      <trkpt lat="51.125550000" lon="15.478130000">
        <ele>272.910</ele>
      </trkpt>
      <trkpt lat="51.125520000" lon="15.478490000">
        <ele>272.230</ele>
      </trkpt>
      <trkpt lat="51.125400000" lon="15.479220000">
        <ele>271.640</ele>
      </trkpt>
      <trkpt lat="51.125380000" lon="15.479480000">
        <ele>271.110</ele>
      </trkpt>
      <trkpt lat="51.125370000" lon="15.479880000">
        <ele>269.760</ele>
      </trkpt>
      <trkpt lat="51.125520000" lon="15.485000000">
        <ele>259.740</ele>
      </trkpt>
      <trkpt lat="51.125560000" lon="15.486030000">
        <ele>261.610</ele>
      </trkpt>
      <trkpt lat="51.125630000" lon="15.487230000">
        <ele>257.560</ele>
      </trkpt>
      <trkpt lat="51.125620000" lon="15.487670000">
        <ele>257.760</ele>
      </trkpt>
      <trkpt lat="51.125620000" lon="15.487820000">
        <ele>257.120</ele>
      </trkpt>
      <trkpt lat="51.125600000" lon="15.488190000">
        <ele>254.190</ele>
      </trkpt>
      <trkpt lat="51.125580000" lon="15.488450000">
        <ele>252.280</ele>
      </trkpt>
      <trkpt lat="51.125560000" lon="15.488640000">
        <ele>250.930</ele>
      </trkpt>
      <trkpt lat="51.125530000" lon="15.488860000">
        <ele>250.020</ele>
      </trkpt>
      <trkpt lat="51.125440000" lon="15.489420000">
        <ele>248.310</ele>
      </trkpt>
      <trkpt lat="51.125390000" lon="15.489800000">
        <ele>247.290</ele>
      </trkpt>
      <trkpt lat="51.125260000" lon="15.490470000">
        <ele>247.050</ele>
      </trkpt>
      <trkpt lat="51.125210000" lon="15.490720000">
        <ele>244.210</ele>
      </trkpt>
      <trkpt lat="51.125170000" lon="15.490840000">
        <ele>242.050</ele>
      </trkpt>
      <trkpt lat="51.125140000" lon="15.490950000">
        <ele>241.310</ele>
      </trkpt>
      <trkpt lat="51.125100000" lon="15.491050000">
        <ele>240.520</ele>
      </trkpt>
      <trkpt lat="51.125050000" lon="15.491180000">
        <ele>239.630</ele>
      </trkpt>
      <trkpt lat="51.125000000" lon="15.491290000">
        <ele>239.000</ele>
      </trkpt>
      <trkpt lat="51.124940000" lon="15.491410000">
        <ele>238.510</ele>
      </trkpt>
      <trkpt lat="51.124920000" lon="15.491450000">
        <ele>238.270</ele>
      </trkpt>
      <trkpt lat="51.124900000" lon="15.491490000">
        <ele>238.050</ele>
      </trkpt>
      <trkpt lat="51.124850000" lon="15.491560000">
        <ele>237.640</ele>
      </trkpt>
      <trkpt lat="51.124810000" lon="15.491620000">
        <ele>237.370</ele>
      </trkpt>
      <trkpt lat="51.124770000" lon="15.491680000">
        <ele>237.220</ele>
      </trkpt>
      <trkpt lat="51.124730000" lon="15.491720000">
        <ele>237.220</ele>
      </trkpt>
      <trkpt lat="51.124690000" lon="15.491760000">
        <ele>237.370</ele>
      </trkpt>
      <trkpt lat="51.124620000" lon="15.491810000">
        <ele>237.500</ele>
      </trkpt>
      <trkpt lat="51.124580000" lon="15.491850000">
        <ele>237.500</ele>
      </trkpt>
      <trkpt lat="51.124410000" lon="15.491960000">
        <ele>236.990</ele>
      </trkpt>
      <trkpt lat="51.124340000" lon="15.492000000">
        <ele>236.920</ele>
      </trkpt>
      <trkpt lat="51.124290000" lon="15.492050000">
        <ele>236.790</ele>
      </trkpt>
      <trkpt lat="51.124220000" lon="15.492130000">
        <ele>236.460</ele>
      </trkpt>
      <trkpt lat="51.124180000" lon="15.492180000">
        <ele>236.190</ele>
      </trkpt>
      <trkpt lat="51.124140000" lon="15.492240000">
        <ele>236.220</ele>
      </trkpt>
      <trkpt lat="51.124080000" lon="15.492330000">
        <ele>237.090</ele>
      </trkpt>
      <trkpt lat="51.123880000" lon="15.492650000">
        <ele>239.460</ele>
      </trkpt>
      <trkpt lat="51.123760000" lon="15.492830000">
        <ele>239.350</ele>
      </trkpt>
      <trkpt lat="51.123680000" lon="15.492980000">
        <ele>239.770</ele>
      </trkpt>
      <trkpt lat="51.123590000" lon="15.493190000">
        <ele>242.010</ele>
      </trkpt>
      <trkpt lat="51.123460000" lon="15.493510000">
        <ele>241.630</ele>
      </trkpt>
      <trkpt lat="51.123320000" lon="15.493910000">
        <ele>241.720</ele>
      </trkpt>
      <trkpt lat="51.123210000" lon="15.494230000">
        <ele>246.730</ele>
      </trkpt>
      <trkpt lat="51.123210000" lon="15.494230000">
        <ele>246.730</ele>
      </trkpt>
      <trkpt lat="51.123210000" lon="15.494230000">
        <ele>246.730</ele>
      </trkpt>
      <trkpt lat="51.123080000" lon="15.494640000">
        <ele>250.660</ele>
      </trkpt>
      <trkpt lat="51.122730000" lon="15.496230000">
        <ele>255.890</ele>
      </trkpt>
      <trkpt lat="51.122610000" lon="15.496720000">
        <ele>256.810</ele>
      </trkpt>
      <trkpt lat="51.122450000" lon="15.497330000">
        <ele>259.140</ele>
      </trkpt>
      <trkpt lat="51.122280000" lon="15.497990000">
        <ele>261.740</ele>
      </trkpt>
      <trkpt lat="51.121900000" lon="15.499230000">
        <ele>263.460</ele>
      </trkpt>
      <trkpt lat="51.121820000" lon="15.499550000">
        <ele>265.590</ele>
      </trkpt>
      <trkpt lat="51.121740000" lon="15.499960000">
        <ele>267.120</ele>
      </trkpt>
      <trkpt lat="51.121590000" lon="15.500760000">
        <ele>264.900</ele>
      </trkpt>
      <trkpt lat="51.121460000" lon="15.501630000">
        <ele>263.770</ele>
      </trkpt>
      <trkpt lat="51.121370000" lon="15.502330000">
        <ele>266.660</ele>
      </trkpt>
      <trkpt lat="51.121320000" lon="15.502780000">
        <ele>269.020</ele>
      </trkpt>
      <trkpt lat="51.121270000" lon="15.503310000">
        <ele>270.630</ele>
      </trkpt>
      <trkpt lat="51.121240000" lon="15.503890000">
        <ele>268.160</ele>
      </trkpt>
      <trkpt lat="51.121230000" lon="15.504190000">
        <ele>265.100</ele>
      </trkpt>
      <trkpt lat="51.121220000" lon="15.504320000">
        <ele>264.740</ele>
      </trkpt>
      <trkpt lat="51.121220000" lon="15.504950000">
        <ele>265.570</ele>
      </trkpt>
      <trkpt lat="51.121220000" lon="15.505400000">
        <ele>266.560</ele>
      </trkpt>
      <trkpt lat="51.121230000" lon="15.505780000">
        <ele>267.810</ele>
      </trkpt>
      <trkpt lat="51.121230000" lon="15.506450000">
        <ele>271.320</ele>
      </trkpt>
      <trkpt lat="51.121250000" lon="15.507050000">
        <ele>271.190</ele>
      </trkpt>
      <trkpt lat="51.121380000" lon="15.510000000">
        <ele>264.870</ele>
      </trkpt>
      <trkpt lat="51.121490000" lon="15.511430000">
        <ele>263.920</ele>
      </trkpt>
      <trkpt lat="51.121510000" lon="15.512710000">
        <ele>258.110</ele>
      </trkpt>
      <trkpt lat="51.121520000" lon="15.513000000">
        <ele>256.400</ele>
      </trkpt>
      <trkpt lat="51.121500000" lon="15.513250000">
        <ele>254.460</ele>
      </trkpt>
      <trkpt lat="51.121480000" lon="15.513520000">
        <ele>254.090</ele>
      </trkpt>
      <trkpt lat="51.121460000" lon="15.514040000">
        <ele>254.200</ele>
      </trkpt>
      <trkpt lat="51.121450000" lon="15.514540000">
        <ele>258.570</ele>
      </trkpt>
      <trkpt lat="51.121440000" lon="15.514760000">
        <ele>259.510</ele>
      </trkpt>
      <trkpt lat="51.121420000" lon="15.514960000">
        <ele>257.930</ele>
      </trkpt>
      <trkpt lat="51.121380000" lon="15.515140000">
        <ele>254.350</ele>
      </trkpt>
      <trkpt lat="51.121330000" lon="15.515280000">
        <ele>251.590</ele>
      </trkpt>
      <trkpt lat="51.121240000" lon="15.515380000">
        <ele>251.270</ele>
      </trkpt>
      <trkpt lat="51.120980000" lon="15.515640000">
        <ele>250.300</ele>
      </trkpt>
      <trkpt lat="51.120960000" lon="15.515670000">
        <ele>250.410</ele>
      </trkpt>
      <trkpt lat="51.120900000" lon="15.515780000">
        <ele>250.810</ele>
      </trkpt>
      <trkpt lat="51.120850000" lon="15.515880000">
        <ele>251.010</ele>
      </trkpt>
      <trkpt lat="51.120810000" lon="15.516040000">
        <ele>251.400</ele>
      </trkpt>
      <trkpt lat="51.120780000" lon="15.516190000">
        <ele>251.960</ele>
      </trkpt>
      <trkpt lat="51.120760000" lon="15.516380000">
        <ele>252.320</ele>
      </trkpt>
      <trkpt lat="51.120700000" lon="15.517680000">
        <ele>247.490</ele>
      </trkpt>
      <trkpt lat="51.120670000" lon="15.518360000">
        <ele>248.360</ele>
      </trkpt>
      <trkpt lat="51.120530000" lon="15.519610000">
        <ele>250.070</ele>
      </trkpt>
      <trkpt lat="51.120450000" lon="15.520850000">
        <ele>247.140</ele>
      </trkpt>
      <trkpt lat="51.120440000" lon="15.521170000">
        <ele>244.390</ele>
      </trkpt>
      <trkpt lat="51.120440000" lon="15.522290000">
        <ele>234.340</ele>
      </trkpt>
      <trkpt lat="51.120420000" lon="15.522550000">
        <ele>233.600</ele>
      </trkpt>
      <trkpt lat="51.120360000" lon="15.523060000">
        <ele>233.570</ele>
      </trkpt>
      <trkpt lat="51.120170000" lon="15.524270000">
        <ele>229.390</ele>
      </trkpt>
      <trkpt lat="51.120100000" lon="15.524610000">
        <ele>230.710</ele>
      </trkpt>
      <trkpt lat="51.120020000" lon="15.524890000">
        <ele>231.600</ele>
      </trkpt>
      <trkpt lat="51.119950000" lon="15.525180000">
        <ele>234.250</ele>
      </trkpt>
      <trkpt lat="51.119900000" lon="15.525350000">
        <ele>235.360</ele>
      </trkpt>
      <trkpt lat="51.119870000" lon="15.525470000">
        <ele>235.470</ele>
      </trkpt>
      <trkpt lat="51.119840000" lon="15.525640000">
        <ele>234.920</ele>
      </trkpt>
      <trkpt lat="51.119830000" lon="15.525800000">
        <ele>233.650</ele>
      </trkpt>
      <trkpt lat="51.119810000" lon="15.526010000">
        <ele>232.240</ele>
      </trkpt>
      <trkpt lat="51.119820000" lon="15.526200000">
        <ele>231.380</ele>
      </trkpt>
      <trkpt lat="51.119840000" lon="15.526410000">
        <ele>230.820</ele>
      </trkpt>
      <trkpt lat="51.119870000" lon="15.526660000">
        <ele>230.540</ele>
      </trkpt>
      <trkpt lat="51.119890000" lon="15.526880000">
        <ele>229.840</ele>
      </trkpt>
      <trkpt lat="51.119900000" lon="15.527020000">
        <ele>229.370</ele>
      </trkpt>
      <trkpt lat="51.119910000" lon="15.527230000">
        <ele>228.630</ele>
      </trkpt>
      <trkpt lat="51.119900000" lon="15.527430000">
        <ele>227.410</ele>
      </trkpt>
      <trkpt lat="51.119890000" lon="15.527680000">
        <ele>225.960</ele>
      </trkpt>
      <trkpt lat="51.119880000" lon="15.527830000">
        <ele>225.330</ele>
      </trkpt>
      <trkpt lat="51.119880000" lon="15.528000000">
        <ele>224.980</ele>
      </trkpt>
      <trkpt lat="51.119880000" lon="15.528200000">
        <ele>225.680</ele>
      </trkpt>
      <trkpt lat="51.119910000" lon="15.528500000">
        <ele>227.140</ele>
      </trkpt>
      <trkpt lat="51.119980000" lon="15.529100000">
        <ele>228.930</ele>
      </trkpt>
      <trkpt lat="51.120000000" lon="15.529450000">
        <ele>231.980</ele>
      </trkpt>
      <trkpt lat="51.120020000" lon="15.530490000">
        <ele>222.000</ele>
      </trkpt>
      <trkpt lat="51.120030000" lon="15.531590000">
        <ele>221.280</ele>
      </trkpt>
      <trkpt lat="51.120030000" lon="15.531910000">
        <ele>220.810</ele>
      </trkpt>
      <trkpt lat="51.120030000" lon="15.531910000">
        <ele>220.810</ele>
      </trkpt>
      <trkpt lat="51.120030000" lon="15.531910000">
        <ele>220.810</ele>
      </trkpt>
      <trkpt lat="51.120030000" lon="15.531970000">
        <ele>220.880</ele>
      </trkpt>
      <trkpt lat="51.120060000" lon="15.532170000">
        <ele>221.380</ele>
      </trkpt>
      <trkpt lat="51.120150000" lon="15.532570000">
        <ele>221.360</ele>
      </trkpt>
      <trkpt lat="51.120230000" lon="15.532880000">
        <ele>221.290</ele>
      </trkpt>
      <trkpt lat="51.120580000" lon="15.534120000">
        <ele>218.610</ele>
      </trkpt>
      <trkpt lat="51.120600000" lon="15.534200000">
        <ele>219.500</ele>
      </trkpt>
      <trkpt lat="51.120700000" lon="15.534590000">
        <ele>222.290</ele>
      </trkpt>
      <trkpt lat="51.120740000" lon="15.534750000">
        <ele>222.820</ele>
      </trkpt>
      <trkpt lat="51.120760000" lon="15.534900000">
        <ele>222.230</ele>
      </trkpt>
      <trkpt lat="51.120790000" lon="15.535040000">
        <ele>222.200</ele>
      </trkpt>
      <trkpt lat="51.120810000" lon="15.535220000">
        <ele>222.510</ele>
      </trkpt>
      <trkpt lat="51.120810000" lon="15.535340000">
        <ele>222.290</ele>
      </trkpt>
      <trkpt lat="51.120810000" lon="15.535390000">
        <ele>222.130</ele>
      </trkpt>
      <trkpt lat="51.120810000" lon="15.535490000">
        <ele>221.800</ele>
      </trkpt>
      <trkpt lat="51.120800000" lon="15.535690000">
        <ele>221.400</ele>
      </trkpt>
      <trkpt lat="51.120780000" lon="15.535970000">
        <ele>220.950</ele>
      </trkpt>
      <trkpt lat="51.120730000" lon="15.536500000">
        <ele>220.440</ele>
      </trkpt>
      <trkpt lat="51.120700000" lon="15.536850000">
        <ele>221.190</ele>
      </trkpt>
      <trkpt lat="51.120680000" lon="15.537110000">
        <ele>222.430</ele>
      </trkpt>
      <trkpt lat="51.120680000" lon="15.537300000">
        <ele>223.380</ele>
      </trkpt>
      <trkpt lat="51.120700000" lon="15.537770000">
        <ele>225.440</ele>
      </trkpt>
      <trkpt lat="51.120770000" lon="15.538800000">
        <ele>224.840</ele>
      </trkpt>
      <trkpt lat="51.120810000" lon="15.539300000">
        <ele>226.890</ele>
      </trkpt>
      <trkpt lat="51.120810000" lon="15.539360000">
        <ele>226.660</ele>
      </trkpt>
      <trkpt lat="51.120880000" lon="15.540290000">
        <ele>222.620</ele>
      </trkpt>
      <trkpt lat="51.120880000" lon="15.540460000">
        <ele>221.800</ele>
      </trkpt>
      <trkpt lat="51.120890000" lon="15.540540000">
        <ele>221.710</ele>
      </trkpt>
      <trkpt lat="51.120890000" lon="15.540660000">
        <ele>221.180</ele>
      </trkpt>
      <trkpt lat="51.120910000" lon="15.541150000">
        <ele>220.420</ele>
      </trkpt>
      <trkpt lat="51.120920000" lon="15.541240000">
        <ele>220.630</ele>
      </trkpt>
      <trkpt lat="51.120910000" lon="15.541380000">
        <ele>220.050</ele>
      </trkpt>
      <trkpt lat="51.120910000" lon="15.541640000">
        <ele>218.630</ele>
      </trkpt>
      <trkpt lat="51.120890000" lon="15.542270000">
        <ele>216.000</ele>
      </trkpt>
      <trkpt lat="51.120880000" lon="15.542530000">
        <ele>214.840</ele>
      </trkpt>
      <trkpt lat="51.120810000" lon="15.543320000">
        <ele>217.700</ele>
      </trkpt>
      <trkpt lat="51.120810000" lon="15.543350000">
        <ele>217.700</ele>
      </trkpt>
      <trkpt lat="51.120780000" lon="15.543650000">
        <ele>216.610</ele>
      </trkpt>
      <trkpt lat="51.120780000" lon="15.543660000">
        <ele>216.560</ele>
      </trkpt>
      <trkpt lat="51.120780000" lon="15.543680000">
        <ele>216.450</ele>
      </trkpt>
      <trkpt lat="51.120770000" lon="15.543740000">
        <ele>216.160</ele>
      </trkpt>
      <trkpt lat="51.120760000" lon="15.543980000">
        <ele>215.610</ele>
      </trkpt>
      <trkpt lat="51.120760000" lon="15.544290000">
        <ele>215.580</ele>
      </trkpt>
      <trkpt lat="51.120760000" lon="15.544530000">
        <ele>215.010</ele>
      </trkpt>
      <trkpt lat="51.120770000" lon="15.544850000">
        <ele>214.140</ele>
      </trkpt>
      <trkpt lat="51.120780000" lon="15.545080000">
        <ele>213.670</ele>
      </trkpt>
      <trkpt lat="51.120810000" lon="15.545390000">
        <ele>212.020</ele>
      </trkpt>
      <trkpt lat="51.120840000" lon="15.545660000">
        <ele>210.190</ele>
      </trkpt>
      <trkpt lat="51.120860000" lon="15.545870000">
        <ele>208.580</ele>
      </trkpt>
      <trkpt lat="51.120870000" lon="15.546050000">
        <ele>207.820</ele>
      </trkpt>
      <trkpt lat="51.120870000" lon="15.546180000">
        <ele>207.600</ele>
      </trkpt>
      <trkpt lat="51.120870000" lon="15.546380000">
        <ele>207.600</ele>
      </trkpt>
      <trkpt lat="51.120860000" lon="15.546410000">
        <ele>207.780</ele>
      </trkpt>
      <trkpt lat="51.120710000" lon="15.547460000">
        <ele>208.860</ele>
      </trkpt>
      <trkpt lat="51.120690000" lon="15.547570000">
        <ele>209.070</ele>
      </trkpt>
      <trkpt lat="51.120650000" lon="15.547700000">
        <ele>209.870</ele>
      </trkpt>
      <trkpt lat="51.120610000" lon="15.547840000">
        <ele>210.690</ele>
      </trkpt>
      <trkpt lat="51.120600000" lon="15.547870000">
        <ele>210.810</ele>
      </trkpt>
      <trkpt lat="51.120480000" lon="15.548290000">
        <ele>211.540</ele>
      </trkpt>
      <trkpt lat="51.120230000" lon="15.549330000">
        <ele>214.490</ele>
      </trkpt>
      <trkpt lat="51.120170000" lon="15.549580000">
        <ele>214.910</ele>
      </trkpt>
      <trkpt lat="51.120080000" lon="15.549880000">
        <ele>213.770</ele>
      </trkpt>
      <trkpt lat="51.119990000" lon="15.550200000">
        <ele>210.490</ele>
      </trkpt>
      <trkpt lat="51.119800000" lon="15.550860000">
        <ele>208.580</ele>
      </trkpt>
      <trkpt lat="51.119790000" lon="15.550900000">
        <ele>208.550</ele>
      </trkpt>
      <trkpt lat="51.119620000" lon="15.551530000">
        <ele>209.770</ele>
      </trkpt>
      <trkpt lat="51.119450000" lon="15.552050000">
        <ele>207.820</ele>
      </trkpt>
      <trkpt lat="51.119390000" lon="15.552280000">
        <ele>209.610</ele>
      </trkpt>
      <trkpt lat="51.119320000" lon="15.552550000">
        <ele>211.550</ele>
      </trkpt>
      <trkpt lat="51.119150000" lon="15.553270000">
        <ele>210.230</ele>
      </trkpt>
      <trkpt lat="51.118840000" lon="15.554420000">
        <ele>208.020</ele>
      </trkpt>
      <trkpt lat="51.118700000" lon="15.555020000">
        <ele>208.030</ele>
      </trkpt>
      <trkpt lat="51.118440000" lon="15.556220000">
        <ele>209.080</ele>
      </trkpt>
      <trkpt lat="51.118340000" lon="15.556640000">
        <ele>210.000</ele>
      </trkpt>
      <trkpt lat="51.118240000" lon="15.557000000">
        <ele>211.270</ele>
      </trkpt>
      <trkpt lat="51.118170000" lon="15.557200000">
        <ele>212.520</ele>
      </trkpt>
      <trkpt lat="51.118090000" lon="15.557420000">
        <ele>211.630</ele>
      </trkpt>
      <trkpt lat="51.118000000" lon="15.557580000">
        <ele>210.220</ele>
      </trkpt>
      <trkpt lat="51.117900000" lon="15.557740000">
        <ele>208.710</ele>
      </trkpt>
      <trkpt lat="51.117740000" lon="15.557970000">
        <ele>207.620</ele>
      </trkpt>
      <trkpt lat="51.117570000" lon="15.558230000">
        <ele>208.650</ele>
      </trkpt>
      <trkpt lat="51.117460000" lon="15.558430000">
        <ele>209.780</ele>
      </trkpt>
      <trkpt lat="51.117340000" lon="15.558680000">
        <ele>211.830</ele>
      </trkpt>
      <trkpt lat="51.117180000" lon="15.559000000">
        <ele>212.690</ele>
      </trkpt>
      <trkpt lat="51.116900000" lon="15.559570000">
        <ele>213.250</ele>
      </trkpt>
      <trkpt lat="51.116780000" lon="15.559770000">
        <ele>213.870</ele>
      </trkpt>
      <trkpt lat="51.116710000" lon="15.559870000">
        <ele>214.180</ele>
      </trkpt>
      <trkpt lat="51.116640000" lon="15.559970000">
        <ele>214.400</ele>
      </trkpt>
      <trkpt lat="51.116560000" lon="15.560070000">
        <ele>215.850</ele>
      </trkpt>
      <trkpt lat="51.116500000" lon="15.560130000">
        <ele>216.770</ele>
      </trkpt>
      <trkpt lat="51.116340000" lon="15.560300000">
        <ele>218.320</ele>
      </trkpt>
      <trkpt lat="51.116110000" lon="15.560520000">
        <ele>218.260</ele>
      </trkpt>
      <trkpt lat="51.115920000" lon="15.560740000">
        <ele>218.260</ele>
      </trkpt>
      <trkpt lat="51.115800000" lon="15.560890000">
        <ele>218.010</ele>
      </trkpt>
      <trkpt lat="51.115590000" lon="15.561230000">
        <ele>217.820</ele>
      </trkpt>
      <trkpt lat="51.115220000" lon="15.561980000">
        <ele>218.070</ele>
      </trkpt>
      <trkpt lat="51.115010000" lon="15.562360000">
        <ele>217.090</ele>
      </trkpt>
      <trkpt lat="51.114760000" lon="15.562700000">
        <ele>216.230</ele>
      </trkpt>
      <trkpt lat="51.114610000" lon="15.562860000">
        <ele>214.610</ele>
      </trkpt>
      <trkpt lat="51.114440000" lon="15.562990000">
        <ele>213.000</ele>
      </trkpt>
      <trkpt lat="51.114260000" lon="15.563100000">
        <ele>213.260</ele>
      </trkpt>
      <trkpt lat="51.114110000" lon="15.563210000">
        <ele>214.420</ele>
      </trkpt>
      <trkpt lat="51.114010000" lon="15.563280000">
        <ele>214.170</ele>
      </trkpt>
      <trkpt lat="51.113960000" lon="15.563350000">
        <ele>213.660</ele>
      </trkpt>
      <trkpt lat="51.113880000" lon="15.563470000">
        <ele>212.540</ele>
      </trkpt>
      <trkpt lat="51.113740000" lon="15.564000000">
        <ele>211.140</ele>
      </trkpt>
      <trkpt lat="51.113630000" lon="15.564380000">
        <ele>212.060</ele>
      </trkpt>
      <trkpt lat="51.113460000" lon="15.564960000">
        <ele>213.960</ele>
      </trkpt>
      <trkpt lat="51.113280000" lon="15.565620000">
        <ele>217.620</ele>
      </trkpt>
      <trkpt lat="51.113070000" lon="15.566280000">
        <ele>215.390</ele>
      </trkpt>
      <trkpt lat="51.112850000" lon="15.566970000">
        <ele>214.420</ele>
      </trkpt>
      <trkpt lat="51.112780000" lon="15.567210000">
        <ele>215.910</ele>
      </trkpt>
      <trkpt lat="51.112480000" lon="15.568240000">
        <ele>218.340</ele>
      </trkpt>
      <trkpt lat="51.112360000" lon="15.568830000">
        <ele>215.110</ele>
      </trkpt>
      <trkpt lat="51.112230000" lon="15.569480000">
        <ele>220.130</ele>
      </trkpt>
      <trkpt lat="51.112210000" lon="15.569570000">
        <ele>220.440</ele>
      </trkpt>
      <trkpt lat="51.112160000" lon="15.569820000">
        <ele>222.150</ele>
      </trkpt>
      <trkpt lat="51.112140000" lon="15.569950000">
        <ele>223.230</ele>
      </trkpt>
      <trkpt lat="51.112040000" lon="15.570360000">
        <ele>222.820</ele>
      </trkpt>
      <trkpt lat="51.112040000" lon="15.570360000">
        <ele>222.820</ele>
      </trkpt>
      <trkpt lat="51.112040000" lon="15.570360000">
        <ele>222.820</ele>
      </trkpt>
      <trkpt lat="51.111770000" lon="15.571460000">
        <ele>216.650</ele>
      </trkpt>
      <trkpt lat="51.111390000" lon="15.572990000">
        <ele>220.000</ele>
      </trkpt>
      <trkpt lat="51.111330000" lon="15.573230000">
        <ele>220.700</ele>
      </trkpt>
      <trkpt lat="51.111250000" lon="15.573600000">
        <ele>221.940</ele>
      </trkpt>
      <trkpt lat="51.111140000" lon="15.574070000">
        <ele>221.830</ele>
      </trkpt>
      <trkpt lat="51.111010000" lon="15.574620000">
        <ele>219.560</ele>
      </trkpt>
      <trkpt lat="51.110870000" lon="15.575230000">
        <ele>216.840</ele>
      </trkpt>
      <trkpt lat="51.110680000" lon="15.576100000">
        <ele>212.650</ele>
      </trkpt>
      <trkpt lat="51.110630000" lon="15.576310000">
        <ele>211.490</ele>
      </trkpt>
      <trkpt lat="51.110440000" lon="15.577150000">
        <ele>209.110</ele>
      </trkpt>
      <trkpt lat="51.110360000" lon="15.577530000">
        <ele>209.360</ele>
      </trkpt>
      <trkpt lat="51.110200000" lon="15.578190000">
        <ele>211.190</ele>
      </trkpt>
      <trkpt lat="51.110150000" lon="15.578380000">
        <ele>211.920</ele>
      </trkpt>
      <trkpt lat="51.110120000" lon="15.578470000">
        <ele>212.140</ele>
      </trkpt>
      <trkpt lat="51.110110000" lon="15.578500000">
        <ele>212.210</ele>
      </trkpt>
      <trkpt lat="51.110080000" lon="15.578580000">
        <ele>212.420</ele>
      </trkpt>
      <trkpt lat="51.110010000" lon="15.578690000">
        <ele>212.640</ele>
      </trkpt>
      <trkpt lat="51.109840000" lon="15.578920000">
        <ele>215.970</ele>
      </trkpt>
      <trkpt lat="51.109810000" lon="15.578970000">
        <ele>216.590</ele>
      </trkpt>
      <trkpt lat="51.109740000" lon="15.579080000">
        <ele>217.910</ele>
      </trkpt>
      <trkpt lat="51.109640000" lon="15.579260000">
        <ele>218.260</ele>
      </trkpt>
      <trkpt lat="51.109630000" lon="15.579290000">
        <ele>218.220</ele>
      </trkpt>
      <trkpt lat="51.109620000" lon="15.579340000">
        <ele>218.110</ele>
      </trkpt>
      <trkpt lat="51.109610000" lon="15.579380000">
        <ele>218.040</ele>
      </trkpt>
      <trkpt lat="51.109600000" lon="15.579440000">
        <ele>217.900</ele>
      </trkpt>
      <trkpt lat="51.109590000" lon="15.579520000">
        <ele>217.420</ele>
      </trkpt>
      <trkpt lat="51.109600000" lon="15.579610000">
        <ele>216.760</ele>
      </trkpt>
      <trkpt lat="51.109610000" lon="15.579710000">
        <ele>216.080</ele>
      </trkpt>
      <trkpt lat="51.109630000" lon="15.579880000">
        <ele>217.320</ele>
      </trkpt>
      <trkpt lat="51.109670000" lon="15.580140000">
        <ele>218.500</ele>
      </trkpt>
      <trkpt lat="51.109700000" lon="15.580300000">
        <ele>218.910</ele>
      </trkpt>
      <trkpt lat="51.109730000" lon="15.580500000">
        <ele>218.920</ele>
      </trkpt>
      <trkpt lat="51.109750000" lon="15.580660000">
        <ele>217.650</ele>
      </trkpt>
      <trkpt lat="51.109750000" lon="15.580750000">
        <ele>216.740</ele>
      </trkpt>
      <trkpt lat="51.109760000" lon="15.580810000">
        <ele>216.090</ele>
      </trkpt>
      <trkpt lat="51.109780000" lon="15.580930000">
        <ele>215.170</ele>
      </trkpt>
      <trkpt lat="51.109710000" lon="15.580990000">
        <ele>214.760</ele>
      </trkpt>
      <trkpt lat="51.109740000" lon="15.581100000">
        <ele>214.080</ele>
      </trkpt>
      <trkpt lat="51.109770000" lon="15.581200000">
        <ele>214.490</ele>
      </trkpt>
      <trkpt lat="51.109780000" lon="15.581220000">
        <ele>214.640</ele>
      </trkpt>
      <trkpt lat="51.109810000" lon="15.581320000">
        <ele>215.460</ele>
      </trkpt>
      <trkpt lat="51.109820000" lon="15.581360000">
        <ele>215.840</ele>
      </trkpt>
      <trkpt lat="51.109860000" lon="15.581550000">
        <ele>217.940</ele>
      </trkpt>
      <trkpt lat="51.109900000" lon="15.581680000">
        <ele>219.740</ele>
      </trkpt>
      <trkpt lat="51.109940000" lon="15.581830000">
        <ele>221.950</ele>
      </trkpt>
      <trkpt lat="51.109990000" lon="15.581970000">
        <ele>223.400</ele>
      </trkpt>
      <trkpt lat="51.110050000" lon="15.582130000">
        <ele>225.310</ele>
      </trkpt>
      <trkpt lat="51.110090000" lon="15.582250000">
        <ele>226.710</ele>
      </trkpt>
      <trkpt lat="51.110240000" lon="15.582870000">
        <ele>226.940</ele>
      </trkpt>
      <trkpt lat="51.110390000" lon="15.583510000">
        <ele>227.740</ele>
      </trkpt>
      <trkpt lat="51.110420000" lon="15.583650000">
        <ele>228.020</ele>
      </trkpt>
      <trkpt lat="51.110430000" lon="15.583690000">
        <ele>228.070</ele>
      </trkpt>
      <trkpt lat="51.110460000" lon="15.583910000">
        <ele>228.070</ele>
      </trkpt>
      <trkpt lat="51.110500000" lon="15.584140000">
        <ele>229.270</ele>
      </trkpt>
      <trkpt lat="51.110520000" lon="15.584390000">
        <ele>225.100</ele>
      </trkpt>
      <trkpt lat="51.110530000" lon="15.584490000">
        <ele>223.520</ele>
      </trkpt>
      <trkpt lat="51.110560000" lon="15.584690000">
        <ele>221.340</ele>
      </trkpt>
      <trkpt lat="51.110590000" lon="15.584860000">
        <ele>220.130</ele>
      </trkpt>
      <trkpt lat="51.110640000" lon="15.585110000">
        <ele>219.760</ele>
      </trkpt>
      <trkpt lat="51.110650000" lon="15.585180000">
        <ele>219.890</ele>
      </trkpt>
      <trkpt lat="51.110650000" lon="15.585220000">
        <ele>219.930</ele>
      </trkpt>
      <trkpt lat="51.110650000" lon="15.585280000">
        <ele>220.020</ele>
      </trkpt>
      <trkpt lat="51.110650000" lon="15.585690000">
        <ele>222.150</ele>
      </trkpt>
      <trkpt lat="51.110650000" lon="15.585690000">
        <ele>222.150</ele>
      </trkpt>
      <trkpt lat="51.110650000" lon="15.585690000">
        <ele>222.150</ele>
      </trkpt>
      <trkpt lat="51.110660000" lon="15.586130000">
        <ele>219.840</ele>
      </trkpt>
      <trkpt lat="51.110660000" lon="15.586780000">
        <ele>222.810</ele>
      </trkpt>
      <trkpt lat="51.110660000" lon="15.587220000">
        <ele>223.000</ele>
      </trkpt>
      <trkpt lat="51.110660000" lon="15.587320000">
        <ele>223.440</ele>
      </trkpt>
      <trkpt lat="51.110660000" lon="15.587370000">
        <ele>223.660</ele>
      </trkpt>
      <trkpt lat="51.110650000" lon="15.587430000">
        <ele>223.990</ele>
      </trkpt>
      <trkpt lat="51.110650000" lon="15.587460000">
        <ele>224.130</ele>
      </trkpt>
      <trkpt lat="51.110640000" lon="15.587480000">
        <ele>224.290</ele>
      </trkpt>
      <trkpt lat="51.110630000" lon="15.587520000">
        <ele>224.370</ele>
      </trkpt>
      <trkpt lat="51.110620000" lon="15.587560000">
        <ele>224.270</ele>
      </trkpt>
      <trkpt lat="51.110600000" lon="15.587610000">
        <ele>224.220</ele>
      </trkpt>
      <trkpt lat="51.110580000" lon="15.587660000">
        <ele>224.200</ele>
      </trkpt>
      <trkpt lat="51.110560000" lon="15.587760000">
        <ele>224.020</ele>
      </trkpt>
      <trkpt lat="51.110540000" lon="15.587860000">
        <ele>222.880</ele>
      </trkpt>
      <trkpt lat="51.110520000" lon="15.587970000">
        <ele>221.550</ele>
      </trkpt>
      <trkpt lat="51.110500000" lon="15.588090000">
        <ele>220.330</ele>
      </trkpt>
      <trkpt lat="51.110450000" lon="15.588360000">
        <ele>218.640</ele>
      </trkpt>
      <trkpt lat="51.110420000" lon="15.588480000">
        <ele>218.440</ele>
      </trkpt>
      <trkpt lat="51.110380000" lon="15.588620000">
        <ele>218.420</ele>
      </trkpt>
      <trkpt lat="51.110250000" lon="15.588910000">
        <ele>215.650</ele>
      </trkpt>
      <trkpt lat="51.109920000" lon="15.589580000">
        <ele>214.510</ele>
      </trkpt>
      <trkpt lat="51.109860000" lon="15.589700000">
        <ele>213.530</ele>
      </trkpt>
      <trkpt lat="51.109780000" lon="15.589910000">
        <ele>214.420</ele>
      </trkpt>
      <trkpt lat="51.109630000" lon="15.590290000">
        <ele>215.700</ele>
      </trkpt>
      <trkpt lat="51.109590000" lon="15.590400000">
        <ele>215.750</ele>
      </trkpt>
      <trkpt lat="51.109590000" lon="15.590440000">
        <ele>215.830</ele>
      </trkpt>
      <trkpt lat="51.109580000" lon="15.590490000">
        <ele>215.860</ele>
      </trkpt>
      <trkpt lat="51.109580000" lon="15.590540000">
        <ele>215.950</ele>
      </trkpt>
      <trkpt lat="51.109560000" lon="15.590560000">
        <ele>215.840</ele>
      </trkpt>
      <trkpt lat="51.109550000" lon="15.590580000">
        <ele>215.840</ele>
      </trkpt>
      <trkpt lat="51.109530000" lon="15.590610000">
        <ele>215.830</ele>
      </trkpt>
      <trkpt lat="51.109510000" lon="15.590650000">
        <ele>215.910</ele>
      </trkpt>
      <trkpt lat="51.109440000" lon="15.590800000">
        <ele>216.780</ele>
      </trkpt>
      <trkpt lat="51.109430000" lon="15.590840000">
        <ele>217.070</ele>
      </trkpt>
      <trkpt lat="51.109340000" lon="15.591020000">
        <ele>217.800</ele>
      </trkpt>
      <trkpt lat="51.109230000" lon="15.591220000">
        <ele>217.910</ele>
      </trkpt>
      <trkpt lat="51.109130000" lon="15.591410000">
        <ele>217.600</ele>
      </trkpt>
      <trkpt lat="51.109080000" lon="15.591490000">
        <ele>217.250</ele>
      </trkpt>
      <trkpt lat="51.108970000" lon="15.591660000">
        <ele>215.740</ele>
      </trkpt>
      <trkpt lat="51.108850000" lon="15.591860000">
        <ele>213.290</ele>
      </trkpt>
      <trkpt lat="51.108800000" lon="15.591930000">
        <ele>212.130</ele>
      </trkpt>
      <trkpt lat="51.108690000" lon="15.592100000">
        <ele>212.270</ele>
      </trkpt>
      <trkpt lat="51.108650000" lon="15.592150000">
        <ele>212.760</ele>
      </trkpt>
      <trkpt lat="51.108680000" lon="15.592230000">
        <ele>214.190</ele>
      </trkpt>
      <trkpt lat="51.108700000" lon="15.592280000">
        <ele>213.960</ele>
      </trkpt>
      <trkpt lat="51.108710000" lon="15.592340000">
        <ele>213.690</ele>
      </trkpt>
      <trkpt lat="51.108740000" lon="15.592500000">
        <ele>213.320</ele>
      </trkpt>
      <trkpt lat="51.108790000" lon="15.592960000">
        <ele>212.810</ele>
      </trkpt>
      <trkpt lat="51.108800000" lon="15.593010000">
        <ele>212.990</ele>
      </trkpt>
      <trkpt lat="51.108830000" lon="15.593270000">
        <ele>212.760</ele>
      </trkpt>
      <trkpt lat="51.108860000" lon="15.593530000">
        <ele>210.740</ele>
      </trkpt>
      <trkpt lat="51.108900000" lon="15.593830000">
        <ele>208.340</ele>
      </trkpt>
      <trkpt lat="51.108930000" lon="15.594030000">
        <ele>206.760</ele>
      </trkpt>
      <trkpt lat="51.108940000" lon="15.594120000">
        <ele>206.120</ele>
      </trkpt>
      <trkpt lat="51.108960000" lon="15.594230000">
        <ele>205.230</ele>
      </trkpt>
      <trkpt lat="51.108970000" lon="15.594280000">
        <ele>204.770</ele>
      </trkpt>
      <trkpt lat="51.108990000" lon="15.594390000">
        <ele>203.740</ele>
      </trkpt>
      <trkpt lat="51.109010000" lon="15.594450000">
        <ele>203.110</ele>
      </trkpt>
      <trkpt lat="51.109020000" lon="15.594520000">
        <ele>202.770</ele>
      </trkpt>
      <trkpt lat="51.109030000" lon="15.594570000">
        <ele>202.540</ele>
      </trkpt>
      <trkpt lat="51.109080000" lon="15.594880000">
        <ele>201.820</ele>
      </trkpt>
      <trkpt lat="51.109160000" lon="15.595200000">
        <ele>200.660</ele>
      </trkpt>
      <trkpt lat="51.109220000" lon="15.595440000">
        <ele>202.840</ele>
      </trkpt>
      <trkpt lat="51.109300000" lon="15.595710000">
        <ele>204.150</ele>
      </trkpt>
      <trkpt lat="51.109350000" lon="15.595850000">
        <ele>203.580</ele>
      </trkpt>
      <trkpt lat="51.109370000" lon="15.595900000">
        <ele>203.430</ele>
      </trkpt>
      <trkpt lat="51.109520000" lon="15.596320000">
        <ele>202.120</ele>
      </trkpt>
      <trkpt lat="51.109530000" lon="15.596370000">
        <ele>202.080</ele>
      </trkpt>
      <trkpt lat="51.109550000" lon="15.596430000">
        <ele>201.680</ele>
      </trkpt>
      <trkpt lat="51.109570000" lon="15.596490000">
        <ele>201.250</ele>
      </trkpt>
      <trkpt lat="51.109570000" lon="15.596540000">
        <ele>201.240</ele>
      </trkpt>
      <trkpt lat="51.109590000" lon="15.596610000">
        <ele>200.890</ele>
      </trkpt>
      <trkpt lat="51.109600000" lon="15.596690000">
        <ele>200.840</ele>
      </trkpt>
      <trkpt lat="51.109670000" lon="15.597550000">
        <ele>207.510</ele>
      </trkpt>
      <trkpt lat="51.109690000" lon="15.597660000">
        <ele>208.660</ele>
      </trkpt>
      <trkpt lat="51.109710000" lon="15.597830000">
        <ele>210.340</ele>
      </trkpt>
      <trkpt lat="51.109710000" lon="15.597840000">
        <ele>210.410</ele>
      </trkpt>
      <trkpt lat="51.109730000" lon="15.597930000">
        <ele>210.980</ele>
      </trkpt>
      <trkpt lat="51.109750000" lon="15.598050000">
        <ele>211.560</ele>
      </trkpt>
      <trkpt lat="51.109790000" lon="15.598260000">
        <ele>211.580</ele>
      </trkpt>
      <trkpt lat="51.109810000" lon="15.598340000">
        <ele>211.370</ele>
      </trkpt>
      <trkpt lat="51.109850000" lon="15.598510000">
        <ele>209.430</ele>
      </trkpt>
      <trkpt lat="51.109910000" lon="15.598640000">
        <ele>207.410</ele>
      </trkpt>
      <trkpt lat="51.109950000" lon="15.598720000">
        <ele>206.120</ele>
      </trkpt>
      <trkpt lat="51.109980000" lon="15.598790000">
        <ele>205.070</ele>
      </trkpt>
      <trkpt lat="51.110030000" lon="15.598880000">
        <ele>204.050</ele>
      </trkpt>
      <trkpt lat="51.110080000" lon="15.598950000">
        <ele>204.060</ele>
      </trkpt>
      <trkpt lat="51.110160000" lon="15.599060000">
        <ele>204.350</ele>
      </trkpt>
      <trkpt lat="51.110160000" lon="15.599060000">
        <ele>204.350</ele>
      </trkpt>
      <trkpt lat="51.110160000" lon="15.599060000">
        <ele>204.350</ele>
      </trkpt>
      <trkpt lat="51.110420000" lon="15.599430000">
        <ele>206.920</ele>
      </trkpt>
      <trkpt lat="51.110530000" lon="15.599590000">
        <ele>207.000</ele>
      </trkpt>
      <trkpt lat="51.110570000" lon="15.599650000">
        <ele>207.050</ele>
      </trkpt>
      <trkpt lat="51.110620000" lon="15.599750000">
        <ele>207.290</ele>
      </trkpt>
      <trkpt lat="51.110670000" lon="15.599880000">
        <ele>207.510</ele>
      </trkpt>
      <trkpt lat="51.110700000" lon="15.599970000">
        <ele>207.480</ele>
      </trkpt>
      <trkpt lat="51.110710000" lon="15.600070000">
        <ele>207.190</ele>
      </trkpt>
      <trkpt lat="51.110740000" lon="15.600220000">
        <ele>206.540</ele>
      </trkpt>
      <trkpt lat="51.110880000" lon="15.601090000">
        <ele>204.610</ele>
      </trkpt>
      <trkpt lat="51.111020000" lon="15.602000000">
        <ele>205.140</ele>
      </trkpt>
      <trkpt lat="51.111060000" lon="15.602220000">
        <ele>204.640</ele>
      </trkpt>
      <trkpt lat="51.111110000" lon="15.602560000">
        <ele>202.790</ele>
      </trkpt>
      <trkpt lat="51.111140000" lon="15.602680000">
        <ele>202.120</ele>
      </trkpt>
      <trkpt lat="51.111160000" lon="15.602760000">
        <ele>201.420</ele>
      </trkpt>
      <trkpt lat="51.111200000" lon="15.602870000">
        <ele>199.720</ele>
      </trkpt>
      <trkpt lat="51.111240000" lon="15.602960000">
        <ele>198.180</ele>
      </trkpt>
      <trkpt lat="51.111270000" lon="15.603020000">
        <ele>197.100</ele>
      </trkpt>
      <trkpt lat="51.111350000" lon="15.603140000">
        <ele>195.520</ele>
      </trkpt>
      <trkpt lat="51.111430000" lon="15.603220000">
        <ele>195.110</ele>
      </trkpt>
      <trkpt lat="51.111590000" lon="15.603390000">
        <ele>197.060</ele>
      </trkpt>
      <trkpt lat="51.111620000" lon="15.603430000">
        <ele>197.710</ele>
      </trkpt>
      <trkpt lat="51.111650000" lon="15.603460000">
        <ele>198.250</ele>
      </trkpt>
      <trkpt lat="51.111700000" lon="15.603510000">
        <ele>199.220</ele>
      </trkpt>
      <trkpt lat="51.111850000" lon="15.603670000">
        <ele>202.260</ele>
      </trkpt>
      <trkpt lat="51.111920000" lon="15.603760000">
        <ele>203.320</ele>
      </trkpt>
      <trkpt lat="51.112080000" lon="15.603960000">
        <ele>203.270</ele>
      </trkpt>
      <trkpt lat="51.112180000" lon="15.604100000">
        <ele>203.590</ele>
      </trkpt>
      <trkpt lat="51.112220000" lon="15.604150000">
        <ele>203.880</ele>
      </trkpt>
      <trkpt lat="51.112300000" lon="15.604260000">
        <ele>204.060</ele>
      </trkpt>
      <trkpt lat="51.112450000" lon="15.604500000">
        <ele>204.710</ele>
      </trkpt>
      <trkpt lat="51.112550000" lon="15.604710000">
        <ele>206.520</ele>
      </trkpt>
      <trkpt lat="51.112630000" lon="15.604870000">
        <ele>206.880</ele>
      </trkpt>
      <trkpt lat="51.112860000" lon="15.605420000">
        <ele>204.900</ele>
      </trkpt>
      <trkpt lat="51.112930000" lon="15.605570000">
        <ele>203.880</ele>
      </trkpt>
      <trkpt lat="51.112940000" lon="15.605600000">
        <ele>203.740</ele>
      </trkpt>
      <trkpt lat="51.113030000" lon="15.605840000">
        <ele>202.280</ele>
      </trkpt>
      <trkpt lat="51.113090000" lon="15.606000000">
        <ele>201.750</ele>
      </trkpt>
      <trkpt lat="51.113360000" lon="15.606900000">
        <ele>206.300</ele>
      </trkpt>
      <trkpt lat="51.113420000" lon="15.607110000">
        <ele>207.910</ele>
      </trkpt>
      <trkpt lat="51.113470000" lon="15.607280000">
        <ele>209.740</ele>
      </trkpt>
      <trkpt lat="51.113510000" lon="15.607410000">
        <ele>211.190</ele>
      </trkpt>
      <trkpt lat="51.113540000" lon="15.607510000">
        <ele>212.320</ele>
      </trkpt>
      <trkpt lat="51.113580000" lon="15.607610000">
        <ele>212.860</ele>
      </trkpt>
      <trkpt lat="51.113630000" lon="15.607720000">
        <ele>213.350</ele>
      </trkpt>
      <trkpt lat="51.113680000" lon="15.607830000">
        <ele>213.540</ele>
      </trkpt>
      <trkpt lat="51.113750000" lon="15.607960000">
        <ele>213.810</ele>
      </trkpt>
      <trkpt lat="51.113800000" lon="15.608050000">
        <ele>214.270</ele>
      </trkpt>
      <trkpt lat="51.113850000" lon="15.608130000">
        <ele>214.940</ele>
      </trkpt>
      <trkpt lat="51.113970000" lon="15.608310000">
        <ele>215.560</ele>
      </trkpt>
      <trkpt lat="51.114280000" lon="15.608760000">
        <ele>213.620</ele>
      </trkpt>
      <trkpt lat="51.114610000" lon="15.609260000">
        <ele>212.620</ele>
      </trkpt>
      <trkpt lat="51.114700000" lon="15.609390000">
        <ele>211.320</ele>
      </trkpt>
      <trkpt lat="51.114810000" lon="15.609520000">
        <ele>208.500</ele>
      </trkpt>
      <trkpt lat="51.114900000" lon="15.609600000">
        <ele>206.480</ele>
      </trkpt>
      <trkpt lat="51.115050000" lon="15.609720000">
        <ele>204.450</ele>
      </trkpt>
      <trkpt lat="51.115160000" lon="15.609760000">
        <ele>203.210</ele>
      </trkpt>
      <trkpt lat="51.115280000" lon="15.609790000">
        <ele>202.010</ele>
      </trkpt>
      <trkpt lat="51.115390000" lon="15.609810000">
        <ele>202.280</ele>
      </trkpt>
      <trkpt lat="51.115520000" lon="15.609820000">
        <ele>202.570</ele>
      </trkpt>
      <trkpt lat="51.115660000" lon="15.609830000">
        <ele>203.430</ele>
      </trkpt>
      <trkpt lat="51.115900000" lon="15.609810000">
        <ele>204.950</ele>
      </trkpt>
      <trkpt lat="51.115920000" lon="15.609810000">
        <ele>205.040</ele>
      </trkpt>
      <trkpt lat="51.116000000" lon="15.609810000">
        <ele>205.420</ele>
      </trkpt>
      <trkpt lat="51.116060000" lon="15.609800000">
        <ele>205.600</ele>
      </trkpt>
      <trkpt lat="51.116200000" lon="15.609790000">
        <ele>206.860</ele>
      </trkpt>
      <trkpt lat="51.116270000" lon="15.609800000">
        <ele>207.810</ele>
      </trkpt>
      <trkpt lat="51.116330000" lon="15.609810000">
        <ele>208.600</ele>
      </trkpt>
      <trkpt lat="51.116400000" lon="15.609820000">
        <ele>209.330</ele>
      </trkpt>
      <trkpt lat="51.116440000" lon="15.609840000">
        <ele>209.320</ele>
      </trkpt>
      <trkpt lat="51.116480000" lon="15.609870000">
        <ele>209.380</ele>
      </trkpt>
      <trkpt lat="51.116550000" lon="15.609920000">
        <ele>209.540</ele>
      </trkpt>
      <trkpt lat="51.116620000" lon="15.609990000">
        <ele>209.930</ele>
      </trkpt>
      <trkpt lat="51.116680000" lon="15.610070000">
        <ele>210.300</ele>
      </trkpt>
      <trkpt lat="51.116760000" lon="15.610230000">
        <ele>211.160</ele>
      </trkpt>
      <trkpt lat="51.116810000" lon="15.610370000">
        <ele>212.010</ele>
      </trkpt>
      <trkpt lat="51.117040000" lon="15.610890000">
        <ele>214.070</ele>
      </trkpt>
      <trkpt lat="51.117100000" lon="15.611030000">
        <ele>214.400</ele>
      </trkpt>
      <trkpt lat="51.117450000" lon="15.611750000">
        <ele>219.030</ele>
      </trkpt>
      <trkpt lat="51.117740000" lon="15.612340000">
        <ele>222.230</ele>
      </trkpt>
      <trkpt lat="51.117990000" lon="15.612840000">
        <ele>223.250</ele>
      </trkpt>
      <trkpt lat="51.117960000" lon="15.612880000">
        <ele>222.820</ele>
      </trkpt>
      <trkpt lat="51.117920000" lon="15.612910000">
        <ele>222.320</ele>
      </trkpt>
      <trkpt lat="51.117910000" lon="15.612920000">
        <ele>222.170</ele>
      </trkpt>
      <trkpt lat="51.117900000" lon="15.612920000">
        <ele>222.080</ele>
      </trkpt>
      <trkpt lat="51.117740000" lon="15.612920000">
        <ele>220.840</ele>
      </trkpt>
      <trkpt lat="51.117740000" lon="15.612850000">
        <ele>221.280</ele>
      </trkpt>
      <trkpt lat="51.117740000" lon="15.612790000">
        <ele>221.650</ele>
      </trkpt>
      <trkpt lat="51.117730000" lon="15.612750000">
        <ele>221.660</ele>
      </trkpt>
      <trkpt lat="51.117710000" lon="15.612710000">
        <ele>221.510</ele>
      </trkpt>
      <trkpt lat="51.117700000" lon="15.612670000">
        <ele>221.440</ele>
      </trkpt>
      <trkpt lat="51.117630000" lon="15.612550000">
        <ele>220.940</ele>
      </trkpt>
      <trkpt lat="51.117630000" lon="15.612550000">
        <ele>220.940</ele>
      </trkpt>
      <trkpt lat="51.117610000" lon="15.612500000">
        <ele>220.790</ele>
      </trkpt>
      <trkpt lat="51.117700000" lon="15.612670000">
        <ele>221.440</ele>
      </trkpt>
      <trkpt lat="51.117710000" lon="15.612710000">
        <ele>221.510</ele>
      </trkpt>
      <trkpt lat="51.117730000" lon="15.612750000">
        <ele>221.660</ele>
      </trkpt>
      <trkpt lat="51.117740000" lon="15.612790000">
        <ele>221.650</ele>
      </trkpt>
      <trkpt lat="51.117740000" lon="15.612850000">
        <ele>221.280</ele>
      </trkpt>
      <trkpt lat="51.117740000" lon="15.612920000">
        <ele>220.840</ele>
      </trkpt>
      <trkpt lat="51.117900000" lon="15.612920000">
        <ele>222.080</ele>
      </trkpt>
      <trkpt lat="51.117910000" lon="15.612920000">
        <ele>222.170</ele>
      </trkpt>
      <trkpt lat="51.117920000" lon="15.612910000">
        <ele>222.320</ele>
      </trkpt>
      <trkpt lat="51.117960000" lon="15.612880000">
        <ele>222.820</ele>
      </trkpt>
      <trkpt lat="51.117990000" lon="15.612840000">
        <ele>223.250</ele>
      </trkpt>
      <trkpt lat="51.118110000" lon="15.613110000">
        <ele>223.510</ele>
      </trkpt>
      <trkpt lat="51.118180000" lon="15.613330000">
        <ele>224.140</ele>
      </trkpt>
      <trkpt lat="51.118230000" lon="15.613500000">
        <ele>224.570</ele>
      </trkpt>
      <trkpt lat="51.118260000" lon="15.613640000">
        <ele>224.840</ele>
      </trkpt>
      <trkpt lat="51.118290000" lon="15.613750000">
        <ele>225.410</ele>
      </trkpt>
      <trkpt lat="51.118330000" lon="15.613910000">
        <ele>225.850</ele>
      </trkpt>
      <trkpt lat="51.118360000" lon="15.614070000">
        <ele>225.990</ele>
      </trkpt>
      <trkpt lat="51.118440000" lon="15.614480000">
        <ele>225.430</ele>
      </trkpt>
      <trkpt lat="51.118540000" lon="15.614980000">
        <ele>223.210</ele>
      </trkpt>
      <trkpt lat="51.118580000" lon="15.615170000">
        <ele>222.400</ele>
      </trkpt>
      <trkpt lat="51.118640000" lon="15.615360000">
        <ele>222.380</ele>
      </trkpt>
      <trkpt lat="51.118740000" lon="15.615690000">
        <ele>221.620</ele>
      </trkpt>
      <trkpt lat="51.118880000" lon="15.616050000">
        <ele>216.840</ele>
      </trkpt>
      <trkpt lat="51.119000000" lon="15.616370000">
        <ele>217.460</ele>
      </trkpt>
      <trkpt lat="51.119060000" lon="15.616540000">
        <ele>215.800</ele>
      </trkpt>
      <trkpt lat="51.119300000" lon="15.616490000">
        <ele>213.270</ele>
      </trkpt>
      <trkpt lat="51.119330000" lon="15.616480000">
        <ele>212.950</ele>
      </trkpt>
      <trkpt lat="51.119440000" lon="15.616460000">
        <ele>211.810</ele>
      </trkpt>
      <trkpt lat="51.119720000" lon="15.616280000">
        <ele>203.450</ele>
      </trkpt>
      <trkpt lat="51.119810000" lon="15.616230000">
        <ele>204.110</ele>
      </trkpt>
      <trkpt lat="51.120590000" lon="15.615830000">
        <ele>210.370</ele>
      </trkpt>
      <trkpt lat="51.120850000" lon="15.615690000">
        <ele>213.420</ele>
      </trkpt>
      <trkpt lat="51.120970000" lon="15.615630000">
        <ele>212.420</ele>
      </trkpt>
      <trkpt lat="51.121040000" lon="15.615590000">
        <ele>211.360</ele>
      </trkpt>
      <trkpt lat="51.121280000" lon="15.615450000">
        <ele>209.620</ele>
      </trkpt>
      <trkpt lat="51.121370000" lon="15.615430000">
        <ele>209.490</ele>
      </trkpt>
      <trkpt lat="51.121490000" lon="15.615390000">
        <ele>212.210</ele>
      </trkpt>
      <trkpt lat="51.121630000" lon="15.615370000">
        <ele>216.040</ele>
      </trkpt>
      <trkpt lat="51.121660000" lon="15.615370000">
        <ele>216.830</ele>
      </trkpt>
      <trkpt lat="51.121690000" lon="15.615360000">
        <ele>217.450</ele>
      </trkpt>
      <trkpt lat="51.121910000" lon="15.615350000">
        <ele>220.720</ele>
      </trkpt>
      <trkpt lat="51.122010000" lon="15.615350000">
        <ele>220.930</ele>
      </trkpt>
      <trkpt lat="51.122140000" lon="15.615340000">
        <ele>220.390</ele>
      </trkpt>
      <trkpt lat="51.122190000" lon="15.615340000">
        <ele>220.150</ele>
      </trkpt>
      <trkpt lat="51.122280000" lon="15.615330000">
        <ele>219.260</ele>
      </trkpt>
      <trkpt lat="51.122560000" lon="15.615320000">
        <ele>216.210</ele>
      </trkpt>
      <trkpt lat="51.122610000" lon="15.615320000">
        <ele>215.930</ele>
      </trkpt>
      <trkpt lat="51.122670000" lon="15.615320000">
        <ele>215.600</ele>
      </trkpt>
      <trkpt lat="51.122850000" lon="15.615320000">
        <ele>215.920</ele>
      </trkpt>
      <trkpt lat="51.122870000" lon="15.615320000">
        <ele>216.180</ele>
      </trkpt>
      <trkpt lat="51.122900000" lon="15.615310000">
        <ele>216.610</ele>
      </trkpt>
      <trkpt lat="51.122930000" lon="15.615300000">
        <ele>217.060</ele>
      </trkpt>
      <trkpt lat="51.122980000" lon="15.615290000">
        <ele>217.820</ele>
      </trkpt>
      <trkpt lat="51.123170000" lon="15.615230000">
        <ele>217.950</ele>
      </trkpt>
      <trkpt lat="51.123200000" lon="15.615220000">
        <ele>217.770</ele>
      </trkpt>
      <trkpt lat="51.123270000" lon="15.615200000">
        <ele>217.480</ele>
      </trkpt>
      <trkpt lat="51.123400000" lon="15.615150000">
        <ele>217.950</ele>
      </trkpt>
      <trkpt lat="51.123400000" lon="15.615150000">
        <ele>217.950</ele>
      </trkpt>
      <trkpt lat="51.123400000" lon="15.615150000">
        <ele>217.950</ele>
      </trkpt>
      <trkpt lat="51.123650000" lon="15.615050000">
        <ele>219.740</ele>
      </trkpt>
      <trkpt lat="51.123840000" lon="15.614930000">
        <ele>218.700</ele>
      </trkpt>
      <trkpt lat="51.124040000" lon="15.614770000">
        <ele>221.780</ele>
      </trkpt>
      <trkpt lat="51.124070000" lon="15.614730000">
        <ele>222.530</ele>
      </trkpt>
      <trkpt lat="51.124230000" lon="15.614530000">
        <ele>223.520</ele>
      </trkpt>
      <trkpt lat="51.124440000" lon="15.614270000">
        <ele>220.720</ele>
      </trkpt>
      <trkpt lat="51.124590000" lon="15.614020000">
        <ele>224.800</ele>
      </trkpt>
      <trkpt lat="51.124670000" lon="15.613890000">
        <ele>223.950</ele>
      </trkpt>
      <trkpt lat="51.124790000" lon="15.613590000">
        <ele>227.200</ele>
      </trkpt>
      <trkpt lat="51.125000000" lon="15.613050000">
        <ele>226.880</ele>
      </trkpt>
      <trkpt lat="51.125410000" lon="15.611890000">
        <ele>223.670</ele>
      </trkpt>
      <trkpt lat="51.125460000" lon="15.611720000">
        <ele>222.720</ele>
      </trkpt>
      <trkpt lat="51.125630000" lon="15.611250000">
        <ele>222.270</ele>
      </trkpt>
      <trkpt lat="51.125910000" lon="15.610470000">
        <ele>225.530</ele>
      </trkpt>
      <trkpt lat="51.125930000" lon="15.610400000">
        <ele>225.930</ele>
      </trkpt>
      <trkpt lat="51.125960000" lon="15.610320000">
        <ele>226.310</ele>
      </trkpt>
      <trkpt lat="51.125990000" lon="15.610170000">
        <ele>226.990</ele>
      </trkpt>
      <trkpt lat="51.126040000" lon="15.610000000">
        <ele>227.510</ele>
      </trkpt>
      <trkpt lat="51.126080000" lon="15.609820000">
        <ele>227.940</ele>
      </trkpt>
      <trkpt lat="51.126130000" lon="15.609550000">
        <ele>228.900</ele>
      </trkpt>
      <trkpt lat="51.126140000" lon="15.609490000">
        <ele>229.200</ele>
      </trkpt>
      <trkpt lat="51.126150000" lon="15.609430000">
        <ele>229.410</ele>
      </trkpt>
      <trkpt lat="51.126190000" lon="15.609150000">
        <ele>229.570</ele>
      </trkpt>
      <trkpt lat="51.126210000" lon="15.608990000">
        <ele>229.710</ele>
      </trkpt>
      <trkpt lat="51.126230000" lon="15.608860000">
        <ele>230.020</ele>
      </trkpt>
      <trkpt lat="51.126240000" lon="15.608690000">
        <ele>231.030</ele>
      </trkpt>
      <trkpt lat="51.126250000" lon="15.608580000">
        <ele>231.560</ele>
      </trkpt>
      <trkpt lat="51.126260000" lon="15.608470000">
        <ele>231.770</ele>
      </trkpt>
      <trkpt lat="51.126290000" lon="15.607770000">
        <ele>230.680</ele>
      </trkpt>
      <trkpt lat="51.126320000" lon="15.607250000">
        <ele>229.050</ele>
      </trkpt>
      <trkpt lat="51.126340000" lon="15.606850000">
        <ele>229.800</ele>
      </trkpt>
      <trkpt lat="51.126450000" lon="15.605420000">
        <ele>236.940</ele>
      </trkpt>
      <trkpt lat="51.126460000" lon="15.605290000">
        <ele>236.820</ele>
      </trkpt>
      <trkpt lat="51.126450000" lon="15.604960000">
        <ele>236.460</ele>
      </trkpt>
      <trkpt lat="51.126430000" lon="15.604700000">
        <ele>235.480</ele>
      </trkpt>
      <trkpt lat="51.126420000" lon="15.604590000">
        <ele>235.910</ele>
      </trkpt>
      <trkpt lat="51.126400000" lon="15.603530000">
        <ele>241.850</ele>
      </trkpt>
      <trkpt lat="51.126750000" lon="15.601120000">
        <ele>243.500</ele>
      </trkpt>
      <trkpt lat="51.127260000" lon="15.599250000">
        <ele>247.830</ele>
      </trkpt>
      <trkpt lat="51.127460000" lon="15.598740000">
        <ele>245.790</ele>
      </trkpt>
      <trkpt lat="51.127740000" lon="15.598140000">
        <ele>247.330</ele>
      </trkpt>
      <trkpt lat="51.127760000" lon="15.598100000">
        <ele>247.660</ele>
      </trkpt>
      <trkpt lat="51.127770000" lon="15.598060000">
        <ele>247.900</ele>
      </trkpt>
      <trkpt lat="51.127770000" lon="15.598010000">
        <ele>248.080</ele>
      </trkpt>
      <trkpt lat="51.127850000" lon="15.596170000">
        <ele>249.270</ele>
      </trkpt>
      <trkpt lat="51.127820000" lon="15.595980000">
        <ele>249.910</ele>
      </trkpt>
      <trkpt lat="51.127600000" lon="15.595620000">
        <ele>253.200</ele>
      </trkpt>
      <trkpt lat="51.127470000" lon="15.595150000">
        <ele>253.130</ele>
      </trkpt>
      <trkpt lat="51.127510000" lon="15.594890000">
        <ele>250.010</ele>
      </trkpt>
      <trkpt lat="51.127650000" lon="15.594500000">
        <ele>248.100</ele>
      </trkpt>
      <trkpt lat="51.127770000" lon="15.594230000">
        <ele>247.900</ele>
      </trkpt>
      <trkpt lat="51.128690000" lon="15.592230000">
        <ele>236.840</ele>
      </trkpt>
      <trkpt lat="51.129020000" lon="15.591420000">
        <ele>229.470</ele>
      </trkpt>
      <trkpt lat="51.129020000" lon="15.591420000">
        <ele>229.470</ele>
      </trkpt>
      <trkpt lat="51.129020000" lon="15.591420000">
        <ele>229.470</ele>
      </trkpt>
      <trkpt lat="51.129430000" lon="15.590410000">
        <ele>224.320</ele>
      </trkpt>
      <trkpt lat="51.129700000" lon="15.589760000">
        <ele>218.430</ele>
      </trkpt>
      <trkpt lat="51.130120000" lon="15.588760000">
        <ele>214.020</ele>
      </trkpt>
      <trkpt lat="51.130420000" lon="15.588030000">
        <ele>206.420</ele>
      </trkpt>
      <trkpt lat="51.130700000" lon="15.587620000">
        <ele>206.300</ele>
      </trkpt>
      <trkpt lat="51.131130000" lon="15.587270000">
        <ele>205.250</ele>
      </trkpt>
      <trkpt lat="51.131320000" lon="15.587180000">
        <ele>205.370</ele>
      </trkpt>
      <trkpt lat="51.131620000" lon="15.587100000">
        <ele>203.850</ele>
      </trkpt>
      <trkpt lat="51.131870000" lon="15.587230000">
        <ele>200.660</ele>
      </trkpt>
      <trkpt lat="51.131970000" lon="15.587140000">
        <ele>198.410</ele>
      </trkpt>
      <trkpt lat="51.132160000" lon="15.586850000">
        <ele>196.580</ele>
      </trkpt>
      <trkpt lat="51.132250000" lon="15.586690000">
        <ele>196.290</ele>
      </trkpt>
      <trkpt lat="51.132530000" lon="15.586000000">
        <ele>198.210</ele>
      </trkpt>
      <trkpt lat="51.132570000" lon="15.585930000">
        <ele>199.070</ele>
      </trkpt>
      <trkpt lat="51.132760000" lon="15.585830000">
        <ele>200.870</ele>
      </trkpt>
      <trkpt lat="51.133060000" lon="15.585650000">
        <ele>200.940</ele>
      </trkpt>
      <trkpt lat="51.133120000" lon="15.585510000">
        <ele>200.220</ele>
      </trkpt>
      <trkpt lat="51.133140000" lon="15.585470000">
        <ele>200.160</ele>
      </trkpt>
      <trkpt lat="51.133150000" lon="15.585310000">
        <ele>200.840</ele>
      </trkpt>
      <trkpt lat="51.133140000" lon="15.585090000">
        <ele>200.650</ele>
      </trkpt>
      <trkpt lat="51.133010000" lon="15.584220000">
        <ele>194.160</ele>
      </trkpt>
      <trkpt lat="51.133010000" lon="15.584070000">
        <ele>194.410</ele>
      </trkpt>
      <trkpt lat="51.133050000" lon="15.583930000">
        <ele>194.870</ele>
      </trkpt>
      <trkpt lat="51.133180000" lon="15.583730000">
        <ele>195.060</ele>
      </trkpt>
      <trkpt lat="51.133460000" lon="15.583260000">
        <ele>195.060</ele>
      </trkpt>
      <trkpt lat="51.133490000" lon="15.583220000">
        <ele>195.310</ele>
      </trkpt>
      <trkpt lat="51.133520000" lon="15.583190000">
        <ele>195.510</ele>
      </trkpt>
      <trkpt lat="51.133690000" lon="15.583600000">
        <ele>196.120</ele>
      </trkpt>
      <trkpt lat="51.133760000" lon="15.583760000">
        <ele>195.930</ele>
      </trkpt>
      <trkpt lat="51.133770000" lon="15.583790000">
        <ele>195.930</ele>
      </trkpt>
      <trkpt lat="51.133900000" lon="15.584080000">
        <ele>197.080</ele>
      </trkpt>
      <trkpt lat="51.134020000" lon="15.584310000">
        <ele>200.720</ele>
      </trkpt>
      <trkpt lat="51.133980000" lon="15.584430000">
        <ele>201.780</ele>
      </trkpt>
      <trkpt lat="51.133970000" lon="15.584480000">
        <ele>201.950</ele>
      </trkpt>
      <trkpt lat="51.133970000" lon="15.584530000">
        <ele>202.230</ele>
      </trkpt>
      <trkpt lat="51.133960000" lon="15.584630000">
        <ele>202.680</ele>
      </trkpt>
      <trkpt lat="51.133960000" lon="15.584720000">
        <ele>203.240</ele>
      </trkpt>
      <trkpt lat="51.133940000" lon="15.585980000">
        <ele>200.910</ele>
      </trkpt>
      <trkpt lat="51.133930000" lon="15.586520000">
        <ele>201.580</ele>
      </trkpt>
      <trkpt lat="51.133930000" lon="15.586780000">
        <ele>203.200</ele>
      </trkpt>
      <trkpt lat="51.133940000" lon="15.586920000">
        <ele>203.560</ele>
      </trkpt>
      <trkpt lat="51.133970000" lon="15.587150000">
        <ele>203.940</ele>
      </trkpt>
      <trkpt lat="51.133970000" lon="15.587150000">
        <ele>203.940</ele>
      </trkpt>
      <trkpt lat="51.133970000" lon="15.587150000">
        <ele>203.940</ele>
      </trkpt>
      <trkpt lat="51.134080000" lon="15.587780000">
        <ele>204.570</ele>
      </trkpt>
      <trkpt lat="51.134090000" lon="15.587820000">
        <ele>204.640</ele>
      </trkpt>
      <trkpt lat="51.134140000" lon="15.588110000">
        <ele>205.350</ele>
      </trkpt>
      <trkpt lat="51.134150000" lon="15.588170000">
        <ele>205.190</ele>
      </trkpt>
      <trkpt lat="51.134170000" lon="15.588380000">
        <ele>205.480</ele>
      </trkpt>
      <trkpt lat="51.134180000" lon="15.588490000">
        <ele>206.540</ele>
      </trkpt>
      <trkpt lat="51.134190000" lon="15.588750000">
        <ele>208.160</ele>
      </trkpt>
      <trkpt lat="51.134180000" lon="15.588960000">
        <ele>208.560</ele>
      </trkpt>
      <trkpt lat="51.134150000" lon="15.589250000">
        <ele>207.900</ele>
      </trkpt>
      <trkpt lat="51.134110000" lon="15.589480000">
        <ele>207.670</ele>
      </trkpt>
      <trkpt lat="51.134050000" lon="15.589810000">
        <ele>206.210</ele>
      </trkpt>
      <trkpt lat="51.134020000" lon="15.590030000">
        <ele>205.580</ele>
      </trkpt>
      <trkpt lat="51.133990000" lon="15.590200000">
        <ele>205.900</ele>
      </trkpt>
      <trkpt lat="51.133990000" lon="15.590410000">
        <ele>206.780</ele>
      </trkpt>
      <trkpt lat="51.134020000" lon="15.590610000">
        <ele>207.620</ele>
      </trkpt>
      <trkpt lat="51.134080000" lon="15.590840000">
        <ele>207.990</ele>
      </trkpt>
      <trkpt lat="51.134220000" lon="15.591300000">
        <ele>209.940</ele>
      </trkpt>
      <trkpt lat="51.134300000" lon="15.591550000">
        <ele>212.420</ele>
      </trkpt>
      <trkpt lat="51.134390000" lon="15.591840000">
        <ele>211.930</ele>
      </trkpt>
      <trkpt lat="51.134490000" lon="15.592220000">
        <ele>210.170</ele>
      </trkpt>
      <trkpt lat="51.134550000" lon="15.592590000">
        <ele>209.800</ele>
      </trkpt>
      <trkpt lat="51.134660000" lon="15.593280000">
        <ele>209.970</ele>
      </trkpt>
      <trkpt lat="51.134660000" lon="15.593280000">
        <ele>209.970</ele>
      </trkpt>
      <trkpt lat="51.134660000" lon="15.593280000">
        <ele>209.970</ele>
      </trkpt>
      <trkpt lat="51.134890000" lon="15.594590000">
        <ele>210.290</ele>
      </trkpt>
      <trkpt lat="51.135120000" lon="15.595920000">
        <ele>211.550</ele>
      </trkpt>
      <trkpt lat="51.135130000" lon="15.595960000">
        <ele>211.630</ele>
      </trkpt>
      <trkpt lat="51.135180000" lon="15.596370000">
        <ele>211.640</ele>
      </trkpt>
      <trkpt lat="51.135230000" lon="15.596780000">
        <ele>212.820</ele>
      </trkpt>
      <trkpt lat="51.135330000" lon="15.597900000">
        <ele>219.000</ele>
      </trkpt>
      <trkpt lat="51.135370000" lon="15.598510000">
        <ele>222.060</ele>
      </trkpt>
      <trkpt lat="51.135400000" lon="15.598790000">
        <ele>223.880</ele>
      </trkpt>
      <trkpt lat="51.135440000" lon="15.598980000">
        <ele>225.300</ele>
      </trkpt>
      <trkpt lat="51.135470000" lon="15.599070000">
        <ele>226.250</ele>
      </trkpt>
      <trkpt lat="51.135490000" lon="15.599130000">
        <ele>226.960</ele>
      </trkpt>
      <trkpt lat="51.135570000" lon="15.599250000">
        <ele>228.800</ele>
      </trkpt>
      <trkpt lat="51.135700000" lon="15.599450000">
        <ele>229.970</ele>
      </trkpt>
      <trkpt lat="51.135920000" lon="15.599780000">
        <ele>230.650</ele>
      </trkpt>
      <trkpt lat="51.136080000" lon="15.600030000">
        <ele>233.780</ele>
      </trkpt>
      <trkpt lat="51.136180000" lon="15.600240000">
        <ele>234.800</ele>
      </trkpt>
      <trkpt lat="51.136290000" lon="15.600480000">
        <ele>234.530</ele>
      </trkpt>
      <trkpt lat="51.136560000" lon="15.601100000">
        <ele>229.580</ele>
      </trkpt>
      <trkpt lat="51.136650000" lon="15.601340000">
        <ele>228.140</ele>
      </trkpt>
      <trkpt lat="51.136790000" lon="15.601720000">
        <ele>226.810</ele>
      </trkpt>
      <trkpt lat="51.137180000" lon="15.602830000">
        <ele>220.790</ele>
      </trkpt>
      <trkpt lat="51.137340000" lon="15.603340000">
        <ele>222.480</ele>
      </trkpt>
      <trkpt lat="51.137460000" lon="15.603720000">
        <ele>220.250</ele>
      </trkpt>
      <trkpt lat="51.137500000" lon="15.603860000">
        <ele>219.310</ele>
      </trkpt>
      <trkpt lat="51.137530000" lon="15.604000000">
        <ele>217.680</ele>
      </trkpt>
      <trkpt lat="51.137620000" lon="15.604530000">
        <ele>216.000</ele>
      </trkpt>
      <trkpt lat="51.137690000" lon="15.605110000">
        <ele>214.080</ele>
      </trkpt>
      <trkpt lat="51.137750000" lon="15.605470000">
        <ele>211.390</ele>
      </trkpt>
      <trkpt lat="51.137830000" lon="15.605830000">
        <ele>207.520</ele>
      </trkpt>
      <trkpt lat="51.137950000" lon="15.606180000">
        <ele>206.900</ele>
      </trkpt>
      <trkpt lat="51.138130000" lon="15.606690000">
        <ele>208.210</ele>
      </trkpt>
      <trkpt lat="51.138280000" lon="15.607040000">
        <ele>212.380</ele>
      </trkpt>
      <trkpt lat="51.138480000" lon="15.607510000">
        <ele>213.480</ele>
      </trkpt>
      <trkpt lat="51.138660000" lon="15.607900000">
        <ele>213.220</ele>
      </trkpt>
      <trkpt lat="51.138760000" lon="15.608180000">
        <ele>213.340</ele>
      </trkpt>
      <trkpt lat="51.138860000" lon="15.608450000">
        <ele>211.120</ele>
      </trkpt>
      <trkpt lat="51.138970000" lon="15.608770000">
        <ele>211.900</ele>
      </trkpt>
      <trkpt lat="51.139070000" lon="15.608990000">
        <ele>210.990</ele>
      </trkpt>
      <trkpt lat="51.139160000" lon="15.609180000">
        <ele>211.170</ele>
      </trkpt>
      <trkpt lat="51.139320000" lon="15.609430000">
        <ele>209.760</ele>
      </trkpt>
      <trkpt lat="51.139460000" lon="15.609610000">
        <ele>208.090</ele>
      </trkpt>
      <trkpt lat="51.139580000" lon="15.609720000">
        <ele>207.530</ele>
      </trkpt>
      <trkpt lat="51.139640000" lon="15.609740000">
        <ele>207.080</ele>
      </trkpt>
      <trkpt lat="51.139690000" lon="15.609760000">
        <ele>206.760</ele>
      </trkpt>
      <trkpt lat="51.139880000" lon="15.609810000">
        <ele>203.360</ele>
      </trkpt>
      <trkpt lat="51.139960000" lon="15.609820000">
        <ele>201.620</ele>
      </trkpt>
      <trkpt lat="51.140310000" lon="15.609850000">
        <ele>199.470</ele>
      </trkpt>
      <trkpt lat="51.140770000" lon="15.609900000">
        <ele>202.370</ele>
      </trkpt>
      <trkpt lat="51.141060000" lon="15.609950000">
        <ele>204.080</ele>
      </trkpt>
      <trkpt lat="51.141200000" lon="15.609990000">
        <ele>204.640</ele>
      </trkpt>
      <trkpt lat="51.141220000" lon="15.610070000">
        <ele>204.730</ele>
      </trkpt>
      <trkpt lat="51.141230000" lon="15.610130000">
        <ele>204.790</ele>
      </trkpt>
      <trkpt lat="51.141230000" lon="15.610200000">
        <ele>204.750</ele>
      </trkpt>
      <trkpt lat="51.141220000" lon="15.610410000">
        <ele>204.570</ele>
      </trkpt>
      <trkpt lat="51.141200000" lon="15.610710000">
        <ele>204.480</ele>
      </trkpt>
      <trkpt lat="51.141120000" lon="15.611770000">
        <ele>208.490</ele>
      </trkpt>
      <trkpt lat="51.141120000" lon="15.611790000">
        <ele>208.420</ele>
      </trkpt>
      <trkpt lat="51.141120000" lon="15.612140000">
        <ele>207.930</ele>
      </trkpt>
      <trkpt lat="51.141120000" lon="15.612210000">
        <ele>207.930</ele>
      </trkpt>
      <trkpt lat="51.141110000" lon="15.612550000">
        <ele>209.000</ele>
      </trkpt>
      <trkpt lat="51.141110000" lon="15.612690000">
        <ele>209.000</ele>
      </trkpt>
      <trkpt lat="51.141070000" lon="15.613240000">
        <ele>208.570</ele>
      </trkpt>
      <trkpt lat="51.140980000" lon="15.614210000">
        <ele>206.380</ele>
      </trkpt>
      <trkpt lat="51.140970000" lon="15.614460000">
        <ele>205.480</ele>
      </trkpt>
      <trkpt lat="51.140940000" lon="15.615230000">
        <ele>206.300</ele>
      </trkpt>
      <trkpt lat="51.140940000" lon="15.615440000">
        <ele>205.140</ele>
      </trkpt>
      <trkpt lat="51.140950000" lon="15.615610000">
        <ele>204.210</ele>
      </trkpt>
      <trkpt lat="51.140950000" lon="15.615820000">
        <ele>203.020</ele>
      </trkpt>
      <trkpt lat="51.140950000" lon="15.615820000">
        <ele>203.020</ele>
      </trkpt>
      <trkpt lat="51.140950000" lon="15.615820000">
        <ele>203.020</ele>
      </trkpt>
      <trkpt lat="51.140960000" lon="15.616140000">
        <ele>202.840</ele>
      </trkpt>
      <trkpt lat="51.140960000" lon="15.616310000">
        <ele>203.450</ele>
      </trkpt>
      <trkpt lat="51.140940000" lon="15.616500000">
        <ele>204.100</ele>
      </trkpt>
      <trkpt lat="51.140910000" lon="15.616710000">
        <ele>205.040</ele>
      </trkpt>
      <trkpt lat="51.140830000" lon="15.616930000">
        <ele>205.800</ele>
      </trkpt>
      <trkpt lat="51.140730000" lon="15.617230000">
        <ele>204.490</ele>
      </trkpt>
      <trkpt lat="51.140580000" lon="15.617570000">
        <ele>203.320</ele>
      </trkpt>
      <trkpt lat="51.140500000" lon="15.617850000">
        <ele>204.990</ele>
      </trkpt>
      <trkpt lat="51.140410000" lon="15.618180000">
        <ele>208.350</ele>
      </trkpt>
      <trkpt lat="51.140380000" lon="15.618260000">
        <ele>208.650</ele>
      </trkpt>
      <trkpt lat="51.140110000" lon="15.619350000">
        <ele>208.580</ele>
      </trkpt>
      <trkpt lat="51.139990000" lon="15.619850000">
        <ele>210.880</ele>
      </trkpt>
      <trkpt lat="51.139920000" lon="15.620070000">
        <ele>209.920</ele>
      </trkpt>
      <trkpt lat="51.139840000" lon="15.620280000">
        <ele>209.280</ele>
      </trkpt>
      <trkpt lat="51.139680000" lon="15.621000000">
        <ele>208.530</ele>
      </trkpt>
      <trkpt lat="51.139590000" lon="15.621400000">
        <ele>207.520</ele>
      </trkpt>
      <trkpt lat="51.139450000" lon="15.621770000">
        <ele>206.650</ele>
      </trkpt>
      <trkpt lat="51.139380000" lon="15.621910000">
        <ele>206.590</ele>
      </trkpt>
      <trkpt lat="51.139290000" lon="15.622090000">
        <ele>206.530</ele>
      </trkpt>
      <trkpt lat="51.139240000" lon="15.622200000">
        <ele>206.120</ele>
      </trkpt>
      <trkpt lat="51.139200000" lon="15.622300000">
        <ele>206.070</ele>
      </trkpt>
      <trkpt lat="51.139160000" lon="15.622450000">
        <ele>205.960</ele>
      </trkpt>
      <trkpt lat="51.139110000" lon="15.622690000">
        <ele>205.050</ele>
      </trkpt>
      <trkpt lat="51.139070000" lon="15.622930000">
        <ele>205.200</ele>
      </trkpt>
      <trkpt lat="51.139040000" lon="15.623080000">
        <ele>205.590</ele>
      </trkpt>
      <trkpt lat="51.139030000" lon="15.623260000">
        <ele>205.880</ele>
      </trkpt>
      <trkpt lat="51.139020000" lon="15.623450000">
        <ele>205.550</ele>
      </trkpt>
      <trkpt lat="51.139090000" lon="15.624620000">
        <ele>206.200</ele>
      </trkpt>
      <trkpt lat="51.139100000" lon="15.624980000">
        <ele>205.270</ele>
      </trkpt>
      <trkpt lat="51.139130000" lon="15.625980000">
        <ele>209.870</ele>
      </trkpt>
      <trkpt lat="51.139140000" lon="15.626590000">
        <ele>208.210</ele>
      </trkpt>
      <trkpt lat="51.139140000" lon="15.626640000">
        <ele>208.010</ele>
      </trkpt>
      <trkpt lat="51.139190000" lon="15.627240000">
        <ele>206.970</ele>
      </trkpt>
      <trkpt lat="51.139270000" lon="15.627600000">
        <ele>207.390</ele>
      </trkpt>
      <trkpt lat="51.139290000" lon="15.627720000">
        <ele>207.460</ele>
      </trkpt>
      <trkpt lat="51.139490000" lon="15.628270000">
        <ele>207.290</ele>
      </trkpt>
      <trkpt lat="51.139540000" lon="15.628510000">
        <ele>207.050</ele>
      </trkpt>
      <trkpt lat="51.139590000" lon="15.628680000">
        <ele>206.800</ele>
      </trkpt>
      <trkpt lat="51.139590000" lon="15.628720000">
        <ele>206.660</ele>
      </trkpt>
      <trkpt lat="51.139600000" lon="15.628810000">
        <ele>206.400</ele>
      </trkpt>
      <trkpt lat="51.139610000" lon="15.628910000">
        <ele>206.160</ele>
      </trkpt>
      <trkpt lat="51.139620000" lon="15.629030000">
        <ele>206.080</ele>
      </trkpt>
      <trkpt lat="51.139600000" lon="15.629560000">
        <ele>206.470</ele>
      </trkpt>
      <trkpt lat="51.139650000" lon="15.630570000">
        <ele>208.040</ele>
      </trkpt>
      <trkpt lat="51.139670000" lon="15.631690000">
        <ele>209.340</ele>
      </trkpt>
      <trkpt lat="51.139670000" lon="15.631880000">
        <ele>210.110</ele>
      </trkpt>
      <trkpt lat="51.139680000" lon="15.632480000">
        <ele>210.460</ele>
      </trkpt>
      <trkpt lat="51.139700000" lon="15.632820000">
        <ele>209.900</ele>
      </trkpt>
      <trkpt lat="51.139700000" lon="15.632940000">
        <ele>209.400</ele>
      </trkpt>
      <trkpt lat="51.139710000" lon="15.632990000">
        <ele>209.210</ele>
      </trkpt>
      <trkpt lat="51.139730000" lon="15.633170000">
        <ele>207.840</ele>
      </trkpt>
      <trkpt lat="51.139770000" lon="15.633480000">
        <ele>206.950</ele>
      </trkpt>
      <trkpt lat="51.139790000" lon="15.633640000">
        <ele>207.360</ele>
      </trkpt>
      <trkpt lat="51.139840000" lon="15.633850000">
        <ele>207.680</ele>
      </trkpt>
      <trkpt lat="51.139960000" lon="15.634180000">
        <ele>208.290</ele>
      </trkpt>
      <trkpt lat="51.140030000" lon="15.634310000">
        <ele>208.100</ele>
      </trkpt>
      <trkpt lat="51.140080000" lon="15.634360000">
        <ele>208.750</ele>
      </trkpt>
      <trkpt lat="51.140160000" lon="15.634390000">
        <ele>210.390</ele>
      </trkpt>
      <trkpt lat="51.140190000" lon="15.634390000">
        <ele>211.110</ele>
      </trkpt>
      <trkpt lat="51.140330000" lon="15.634400000">
        <ele>213.690</ele>
      </trkpt>
      <trkpt lat="51.140490000" lon="15.634440000">
        <ele>215.300</ele>
      </trkpt>
      <trkpt lat="51.140540000" lon="15.634480000">
        <ele>215.700</ele>
      </trkpt>
      <trkpt lat="51.140580000" lon="15.634540000">
        <ele>215.710</ele>
      </trkpt>
      <trkpt lat="51.140740000" lon="15.634950000">
        <ele>214.460</ele>
      </trkpt>
      <trkpt lat="51.140750000" lon="15.634970000">
        <ele>214.380</ele>
      </trkpt>
      <trkpt lat="51.140750000" lon="15.634990000">
        <ele>214.330</ele>
      </trkpt>
      <trkpt lat="51.140760000" lon="15.635000000">
        <ele>214.260</ele>
      </trkpt>
      <trkpt lat="51.140840000" lon="15.635090000">
        <ele>213.670</ele>
      </trkpt>
      <trkpt lat="51.140870000" lon="15.635130000">
        <ele>213.520</ele>
      </trkpt>
      <trkpt lat="51.140910000" lon="15.635170000">
        <ele>213.450</ele>
      </trkpt>
      <trkpt lat="51.140940000" lon="15.635220000">
        <ele>213.430</ele>
      </trkpt>
      <trkpt lat="51.140960000" lon="15.635270000">
        <ele>213.460</ele>
      </trkpt>
      <trkpt lat="51.141010000" lon="15.635420000">
        <ele>213.640</ele>
      </trkpt>
      <trkpt lat="51.141050000" lon="15.635640000">
        <ele>214.350</ele>
      </trkpt>
      <trkpt lat="51.141100000" lon="15.635950000">
        <ele>213.890</ele>
      </trkpt>
      <trkpt lat="51.141110000" lon="15.636000000">
        <ele>213.220</ele>
      </trkpt>
      <trkpt lat="51.141170000" lon="15.636360000">
        <ele>209.500</ele>
      </trkpt>
      <trkpt lat="51.141270000" lon="15.636660000">
        <ele>209.010</ele>
      </trkpt>
      <trkpt lat="51.141350000" lon="15.637030000">
        <ele>209.450</ele>
      </trkpt>
      <trkpt lat="51.141390000" lon="15.637190000">
        <ele>209.880</ele>
      </trkpt>
      <trkpt lat="51.141430000" lon="15.637430000">
        <ele>211.390</ele>
      </trkpt>
      <trkpt lat="51.141500000" lon="15.637790000">
        <ele>213.240</ele>
      </trkpt>
      <trkpt lat="51.141620000" lon="15.638340000">
        <ele>214.170</ele>
      </trkpt>
      <trkpt lat="51.141750000" lon="15.638920000">
        <ele>216.280</ele>
      </trkpt>
      <trkpt lat="51.141850000" lon="15.639350000">
        <ele>217.770</ele>
      </trkpt>
      <trkpt lat="51.141870000" lon="15.639470000">
        <ele>217.600</ele>
      </trkpt>
      <trkpt lat="51.141930000" lon="15.639700000">
        <ele>216.200</ele>
      </trkpt>
      <trkpt lat="51.141960000" lon="15.639880000">
        <ele>216.340</ele>
      </trkpt>
      <trkpt lat="51.141970000" lon="15.639940000">
        <ele>216.360</ele>
      </trkpt>
      <trkpt lat="51.142000000" lon="15.640170000">
        <ele>216.860</ele>
      </trkpt>
      <trkpt lat="51.142000000" lon="15.640420000">
        <ele>215.970</ele>
      </trkpt>
      <trkpt lat="51.141990000" lon="15.640570000">
        <ele>214.520</ele>
      </trkpt>
      <trkpt lat="51.141970000" lon="15.640730000">
        <ele>214.450</ele>
      </trkpt>
      <trkpt lat="51.141950000" lon="15.641110000">
        <ele>213.140</ele>
      </trkpt>
      <trkpt lat="51.141950000" lon="15.641210000">
        <ele>212.780</ele>
      </trkpt>
      <trkpt lat="51.141950000" lon="15.641430000">
        <ele>212.120</ele>
      </trkpt>
      <trkpt lat="51.141950000" lon="15.641610000">
        <ele>212.100</ele>
      </trkpt>
      <trkpt lat="51.141960000" lon="15.641810000">
        <ele>215.720</ele>
      </trkpt>
      <trkpt lat="51.141980000" lon="15.642090000">
        <ele>218.480</ele>
      </trkpt>
      <trkpt lat="51.141990000" lon="15.642150000">
        <ele>218.340</ele>
      </trkpt>
      <trkpt lat="51.142080000" lon="15.642700000">
        <ele>218.480</ele>
      </trkpt>
      <trkpt lat="51.142150000" lon="15.643150000">
        <ele>217.160</ele>
      </trkpt>
      <trkpt lat="51.142150000" lon="15.643150000">
        <ele>217.160</ele>
      </trkpt>
      <trkpt lat="51.142150000" lon="15.643150000">
        <ele>217.160</ele>
      </trkpt>
      <trkpt lat="51.142170000" lon="15.643360000">
        <ele>215.050</ele>
      </trkpt>
      <trkpt lat="51.142270000" lon="15.643950000">
        <ele>211.440</ele>
      </trkpt>
      <trkpt lat="51.142450000" lon="15.644660000">
        <ele>216.460</ele>
      </trkpt>
      <trkpt lat="51.142480000" lon="15.644750000">
        <ele>216.570</ele>
      </trkpt>
      <trkpt lat="51.142730000" lon="15.645960000">
        <ele>211.290</ele>
      </trkpt>
      <trkpt lat="51.142710000" lon="15.646250000">
        <ele>210.270</ele>
      </trkpt>
      <trkpt lat="51.142680000" lon="15.646850000">
        <ele>208.280</ele>
      </trkpt>
      <trkpt lat="51.142510000" lon="15.647790000">
        <ele>210.190</ele>
      </trkpt>
      <trkpt lat="51.142490000" lon="15.648280000">
        <ele>211.740</ele>
      </trkpt>
      <trkpt lat="51.142480000" lon="15.648540000">
        <ele>213.400</ele>
      </trkpt>
      <trkpt lat="51.142480000" lon="15.648670000">
        <ele>214.520</ele>
      </trkpt>
      <trkpt lat="51.142480000" lon="15.648860000">
        <ele>216.420</ele>
      </trkpt>
      <trkpt lat="51.142470000" lon="15.648950000">
        <ele>216.590</ele>
      </trkpt>
      <trkpt lat="51.142460000" lon="15.649070000">
        <ele>216.520</ele>
      </trkpt>
      <trkpt lat="51.142420000" lon="15.649240000">
        <ele>216.060</ele>
      </trkpt>
      <trkpt lat="51.142380000" lon="15.649340000">
        <ele>215.430</ele>
      </trkpt>
      <trkpt lat="51.142300000" lon="15.649520000">
        <ele>213.970</ele>
      </trkpt>
      <trkpt lat="51.142280000" lon="15.649580000">
        <ele>213.630</ele>
      </trkpt>
      <trkpt lat="51.142260000" lon="15.649640000">
        <ele>213.350</ele>
      </trkpt>
      <trkpt lat="51.142240000" lon="15.649820000">
        <ele>213.460</ele>
      </trkpt>
      <trkpt lat="51.142230000" lon="15.650030000">
        <ele>214.130</ele>
      </trkpt>
      <trkpt lat="51.142230000" lon="15.650060000">
        <ele>214.240</ele>
      </trkpt>
      <trkpt lat="51.142240000" lon="15.650150000">
        <ele>214.570</ele>
      </trkpt>
      <trkpt lat="51.142240000" lon="15.650310000">
        <ele>215.000</ele>
      </trkpt>
      <trkpt lat="51.142260000" lon="15.650550000">
        <ele>215.000</ele>
      </trkpt>
      <trkpt lat="51.142260000" lon="15.650600000">
        <ele>215.040</ele>
      </trkpt>
      <trkpt lat="51.142280000" lon="15.650850000">
        <ele>215.460</ele>
      </trkpt>
      <trkpt lat="51.142280000" lon="15.650990000">
        <ele>215.860</ele>
      </trkpt>
      <trkpt lat="51.142280000" lon="15.651180000">
        <ele>216.260</ele>
      </trkpt>
      <trkpt lat="51.142260000" lon="15.651330000">
        <ele>216.240</ele>
      </trkpt>
      <trkpt lat="51.142240000" lon="15.651530000">
        <ele>215.650</ele>
      </trkpt>
      <trkpt lat="51.142210000" lon="15.651740000">
        <ele>214.910</ele>
      </trkpt>
      <trkpt lat="51.142200000" lon="15.651820000">
        <ele>214.840</ele>
      </trkpt>
      <trkpt lat="51.142140000" lon="15.652230000">
        <ele>215.450</ele>
      </trkpt>
      <trkpt lat="51.142110000" lon="15.652420000">
        <ele>216.040</ele>
      </trkpt>
      <trkpt lat="51.142100000" lon="15.652470000">
        <ele>216.120</ele>
      </trkpt>
      <trkpt lat="51.142050000" lon="15.652840000">
        <ele>214.810</ele>
      </trkpt>
      <trkpt lat="51.142020000" lon="15.653240000">
        <ele>214.810</ele>
      </trkpt>
      <trkpt lat="51.142010000" lon="15.653290000">
        <ele>214.740</ele>
      </trkpt>
      <trkpt lat="51.141980000" lon="15.653680000">
        <ele>214.860</ele>
      </trkpt>
      <trkpt lat="51.141940000" lon="15.654060000">
        <ele>215.190</ele>
      </trkpt>
      <trkpt lat="51.141930000" lon="15.654120000">
        <ele>215.520</ele>
      </trkpt>
      <trkpt lat="51.141850000" lon="15.654740000">
        <ele>219.550</ele>
      </trkpt>
      <trkpt lat="51.141760000" lon="15.655490000">
        <ele>217.430</ele>
      </trkpt>
      <trkpt lat="51.141760000" lon="15.655520000">
        <ele>217.390</ele>
      </trkpt>
      <trkpt lat="51.141730000" lon="15.655740000">
        <ele>216.440</ele>
      </trkpt>
      <trkpt lat="51.141690000" lon="15.656150000">
        <ele>216.600</ele>
      </trkpt>
      <trkpt lat="51.141650000" lon="15.656550000">
        <ele>218.800</ele>
      </trkpt>
      <trkpt lat="51.141640000" lon="15.656670000">
        <ele>219.430</ele>
      </trkpt>
      <trkpt lat="51.141630000" lon="15.656810000">
        <ele>219.280</ele>
      </trkpt>
      <trkpt lat="51.141640000" lon="15.656920000">
        <ele>219.510</ele>
      </trkpt>
      <trkpt lat="51.141640000" lon="15.656990000">
        <ele>219.520</ele>
      </trkpt>
      <trkpt lat="51.141650000" lon="15.657180000">
        <ele>219.700</ele>
      </trkpt>
      <trkpt lat="51.141660000" lon="15.657240000">
        <ele>219.820</ele>
      </trkpt>
      <trkpt lat="51.141680000" lon="15.657420000">
        <ele>219.300</ele>
      </trkpt>
      <trkpt lat="51.141720000" lon="15.657710000">
        <ele>218.390</ele>
      </trkpt>
      <trkpt lat="51.141740000" lon="15.657940000">
        <ele>218.420</ele>
      </trkpt>
      <trkpt lat="51.141750000" lon="15.658110000">
        <ele>218.460</ele>
      </trkpt>
      <trkpt lat="51.141760000" lon="15.658350000">
        <ele>217.970</ele>
      </trkpt>
      <trkpt lat="51.141750000" lon="15.658660000">
        <ele>217.250</ele>
      </trkpt>
      <trkpt lat="51.141740000" lon="15.659090000">
        <ele>217.530</ele>
      </trkpt>
      <trkpt lat="51.141740000" lon="15.659120000">
        <ele>217.610</ele>
      </trkpt>
      <trkpt lat="51.141740000" lon="15.659590000">
        <ele>217.700</ele>
      </trkpt>
      <trkpt lat="51.141750000" lon="15.659860000">
        <ele>215.960</ele>
      </trkpt>
      <trkpt lat="51.141770000" lon="15.660170000">
        <ele>214.350</ele>
      </trkpt>
      <trkpt lat="51.141770000" lon="15.660330000">
        <ele>214.050</ele>
      </trkpt>
      <trkpt lat="51.141770000" lon="15.660440000">
        <ele>214.440</ele>
      </trkpt>
      <trkpt lat="51.141760000" lon="15.660480000">
        <ele>214.410</ele>
      </trkpt>
      <trkpt lat="51.141740000" lon="15.660650000">
        <ele>214.910</ele>
      </trkpt>
      <trkpt lat="51.141730000" lon="15.660790000">
        <ele>215.640</ele>
      </trkpt>
      <trkpt lat="51.141710000" lon="15.660970000">
        <ele>216.450</ele>
      </trkpt>
      <trkpt lat="51.141700000" lon="15.661120000">
        <ele>217.270</ele>
      </trkpt>
      <trkpt lat="51.141700000" lon="15.661310000">
        <ele>217.870</ele>
      </trkpt>
      <trkpt lat="51.141710000" lon="15.661510000">
        <ele>218.590</ele>
      </trkpt>
      <trkpt lat="51.141720000" lon="15.661620000">
        <ele>219.020</ele>
      </trkpt>
      <trkpt lat="51.141740000" lon="15.661980000">
        <ele>224.260</ele>
      </trkpt>
      <trkpt lat="51.141770000" lon="15.662380000">
        <ele>220.790</ele>
      </trkpt>
      <trkpt lat="51.141790000" lon="15.662580000">
        <ele>220.240</ele>
      </trkpt>
      <trkpt lat="51.141810000" lon="15.662840000">
        <ele>219.750</ele>
      </trkpt>
      <trkpt lat="51.141850000" lon="15.663100000">
        <ele>220.980</ele>
      </trkpt>
      <trkpt lat="51.141890000" lon="15.663330000">
        <ele>221.410</ele>
      </trkpt>
      <trkpt lat="51.141930000" lon="15.663530000">
        <ele>221.880</ele>
      </trkpt>
      <trkpt lat="51.141930000" lon="15.663580000">
        <ele>221.890</ele>
      </trkpt>
      <trkpt lat="51.142060000" lon="15.664230000">
        <ele>220.830</ele>
      </trkpt>
      <trkpt lat="51.142070000" lon="15.664320000">
        <ele>220.900</ele>
      </trkpt>
      <trkpt lat="51.142170000" lon="15.664790000">
        <ele>221.400</ele>
      </trkpt>
      <trkpt lat="51.142170000" lon="15.664820000">
        <ele>221.470</ele>
      </trkpt>
      <trkpt lat="51.142300000" lon="15.665470000">
        <ele>222.500</ele>
      </trkpt>
      <trkpt lat="51.142350000" lon="15.665740000">
        <ele>222.820</ele>
      </trkpt>
      <trkpt lat="51.142410000" lon="15.666000000">
        <ele>223.000</ele>
      </trkpt>
      <trkpt lat="51.142470000" lon="15.666230000">
        <ele>222.570</ele>
      </trkpt>
      <trkpt lat="51.142530000" lon="15.666480000">
        <ele>221.560</ele>
      </trkpt>
      <trkpt lat="51.142590000" lon="15.666710000">
        <ele>221.240</ele>
      </trkpt>
      <trkpt lat="51.142620000" lon="15.666920000">
        <ele>221.600</ele>
      </trkpt>
      <trkpt lat="51.142660000" lon="15.667180000">
        <ele>222.330</ele>
      </trkpt>
      <trkpt lat="51.142690000" lon="15.667450000">
        <ele>221.870</ele>
      </trkpt>
      <trkpt lat="51.142700000" lon="15.667500000">
        <ele>221.720</ele>
      </trkpt>
      <trkpt lat="51.142730000" lon="15.667700000">
        <ele>221.830</ele>
      </trkpt>
      <trkpt lat="51.142770000" lon="15.667860000">
        <ele>221.400</ele>
      </trkpt>
      <trkpt lat="51.142830000" lon="15.668080000">
        <ele>220.070</ele>
      </trkpt>
      <trkpt lat="51.142900000" lon="15.668270000">
        <ele>220.430</ele>
      </trkpt>
      <trkpt lat="51.143040000" lon="15.668600000">
        <ele>220.160</ele>
      </trkpt>
      <trkpt lat="51.143160000" lon="15.668880000">
        <ele>221.920</ele>
      </trkpt>
      <trkpt lat="51.143300000" lon="15.669210000">
        <ele>224.020</ele>
      </trkpt>
      <trkpt lat="51.143430000" lon="15.669560000">
        <ele>223.170</ele>
      </trkpt>
      <trkpt lat="51.143500000" lon="15.669720000">
        <ele>223.190</ele>
      </trkpt>
      <trkpt lat="51.143540000" lon="15.669810000">
        <ele>222.770</ele>
      </trkpt>
      <trkpt lat="51.143580000" lon="15.669890000">
        <ele>222.340</ele>
      </trkpt>
      <trkpt lat="51.143630000" lon="15.669960000">
        <ele>221.800</ele>
      </trkpt>
      <trkpt lat="51.143740000" lon="15.670050000">
        <ele>220.690</ele>
      </trkpt>
      <trkpt lat="51.143840000" lon="15.670160000">
        <ele>220.000</ele>
      </trkpt>
      <trkpt lat="51.143930000" lon="15.670290000">
        <ele>220.200</ele>
      </trkpt>
      <trkpt lat="51.143970000" lon="15.670370000">
        <ele>220.720</ele>
      </trkpt>
      <trkpt lat="51.144010000" lon="15.670480000">
        <ele>221.480</ele>
      </trkpt>
      <trkpt lat="51.144050000" lon="15.670580000">
        <ele>222.170</ele>
      </trkpt>
      <trkpt lat="51.144070000" lon="15.670740000">
        <ele>222.510</ele>
      </trkpt>
      <trkpt lat="51.144080000" lon="15.670810000">
        <ele>222.720</ele>
      </trkpt>
      <trkpt lat="51.144080000" lon="15.670890000">
        <ele>222.820</ele>
      </trkpt>
      <trkpt lat="51.144100000" lon="15.671020000">
        <ele>223.200</ele>
      </trkpt>
      <trkpt lat="51.144100000" lon="15.671070000">
        <ele>223.240</ele>
      </trkpt>
      <trkpt lat="51.144140000" lon="15.671300000">
        <ele>223.840</ele>
      </trkpt>
      <trkpt lat="51.144180000" lon="15.671430000">
        <ele>224.020</ele>
      </trkpt>
      <trkpt lat="51.144230000" lon="15.671560000">
        <ele>224.420</ele>
      </trkpt>
      <trkpt lat="51.144310000" lon="15.671710000">
        <ele>225.390</ele>
      </trkpt>
      <trkpt lat="51.144390000" lon="15.671860000">
        <ele>225.720</ele>
      </trkpt>
      <trkpt lat="51.144410000" lon="15.671900000">
        <ele>225.790</ele>
      </trkpt>
      <trkpt lat="51.144450000" lon="15.671970000">
        <ele>225.890</ele>
      </trkpt>
      <trkpt lat="51.144580000" lon="15.672140000">
        <ele>225.500</ele>
      </trkpt>
      <trkpt lat="51.144650000" lon="15.672210000">
        <ele>225.720</ele>
      </trkpt>
      <trkpt lat="51.144730000" lon="15.672260000">
        <ele>226.360</ele>
      </trkpt>
      <trkpt lat="51.144800000" lon="15.672300000">
        <ele>226.360</ele>
      </trkpt>
      <trkpt lat="51.144800000" lon="15.672300000">
        <ele>226.360</ele>
      </trkpt>
      <trkpt lat="51.144800000" lon="15.672300000">
        <ele>226.360</ele>
      </trkpt>
      <trkpt lat="51.144960000" lon="15.672410000">
        <ele>226.890</ele>
      </trkpt>
      <trkpt lat="51.145120000" lon="15.672580000">
        <ele>227.880</ele>
      </trkpt>
      <trkpt lat="51.145200000" lon="15.672700000">
        <ele>228.200</ele>
      </trkpt>
      <trkpt lat="51.145230000" lon="15.672770000">
        <ele>228.460</ele>
      </trkpt>
      <trkpt lat="51.145280000" lon="15.672950000">
        <ele>228.610</ele>
      </trkpt>
      <trkpt lat="51.145310000" lon="15.673030000">
        <ele>228.790</ele>
      </trkpt>
      <trkpt lat="51.145370000" lon="15.673250000">
        <ele>227.970</ele>
      </trkpt>
      <trkpt lat="51.145370000" lon="15.673280000">
        <ele>227.860</ele>
      </trkpt>
      <trkpt lat="51.145400000" lon="15.673370000">
        <ele>227.620</ele>
      </trkpt>
      <trkpt lat="51.145540000" lon="15.673950000">
        <ele>230.420</ele>
      </trkpt>
      <trkpt lat="51.145560000" lon="15.674030000">
        <ele>230.990</ele>
      </trkpt>
      <trkpt lat="51.145610000" lon="15.674210000">
        <ele>231.410</ele>
      </trkpt>
      <trkpt lat="51.145690000" lon="15.674500000">
        <ele>230.240</ele>
      </trkpt>
      <trkpt lat="51.145740000" lon="15.674650000">
        <ele>229.020</ele>
      </trkpt>
      <trkpt lat="51.145810000" lon="15.674870000">
        <ele>227.550</ele>
      </trkpt>
      <trkpt lat="51.145840000" lon="15.674950000">
        <ele>227.160</ele>
      </trkpt>
      <trkpt lat="51.145930000" lon="15.675300000">
        <ele>226.760</ele>
      </trkpt>
      <trkpt lat="51.146020000" lon="15.675600000">
        <ele>227.840</ele>
      </trkpt>
      <trkpt lat="51.146040000" lon="15.675670000">
        <ele>227.680</ele>
      </trkpt>
      <trkpt lat="51.146180000" lon="15.676120000">
        <ele>227.490</ele>
      </trkpt>
      <trkpt lat="51.146200000" lon="15.676170000">
        <ele>227.570</ele>
      </trkpt>
      <trkpt lat="51.146250000" lon="15.676350000">
        <ele>227.570</ele>
      </trkpt>
      <trkpt lat="51.146290000" lon="15.676530000">
        <ele>227.640</ele>
      </trkpt>
      <trkpt lat="51.146310000" lon="15.676670000">
        <ele>227.720</ele>
      </trkpt>
      <trkpt lat="51.146320000" lon="15.676820000">
        <ele>227.890</ele>
      </trkpt>
      <trkpt lat="51.146320000" lon="15.676930000">
        <ele>227.990</ele>
      </trkpt>
      <trkpt lat="51.146340000" lon="15.677030000">
        <ele>228.550</ele>
      </trkpt>
      <trkpt lat="51.146350000" lon="15.677110000">
        <ele>228.950</ele>
      </trkpt>
      <trkpt lat="51.146400000" lon="15.677280000">
        <ele>229.380</ele>
      </trkpt>
      <trkpt lat="51.146480000" lon="15.677520000">
        <ele>226.980</ele>
      </trkpt>
      <trkpt lat="51.146560000" lon="15.677780000">
        <ele>226.380</ele>
      </trkpt>
      <trkpt lat="51.146610000" lon="15.678100000">
        <ele>225.900</ele>
      </trkpt>
      <trkpt lat="51.146660000" lon="15.678490000">
        <ele>228.160</ele>
      </trkpt>
      <trkpt lat="51.146690000" lon="15.678740000">
        <ele>228.920</ele>
      </trkpt>
      <trkpt lat="51.146700000" lon="15.678790000">
        <ele>228.880</ele>
      </trkpt>
      <trkpt lat="51.146710000" lon="15.679020000">
        <ele>228.450</ele>
      </trkpt>
      <trkpt lat="51.146730000" lon="15.679250000">
        <ele>227.840</ele>
      </trkpt>
      <trkpt lat="51.146740000" lon="15.679500000">
        <ele>227.330</ele>
      </trkpt>
      <trkpt lat="51.146740000" lon="15.679720000">
        <ele>226.540</ele>
      </trkpt>
      <trkpt lat="51.146760000" lon="15.679880000">
        <ele>226.100</ele>
      </trkpt>
      <trkpt lat="51.146800000" lon="15.680100000">
        <ele>225.430</ele>
      </trkpt>
      <trkpt lat="51.146860000" lon="15.680360000">
        <ele>224.400</ele>
      </trkpt>
      <trkpt lat="51.146970000" lon="15.680740000">
        <ele>224.460</ele>
      </trkpt>
      <trkpt lat="51.146980000" lon="15.680780000">
        <ele>224.640</ele>
      </trkpt>
      <trkpt lat="51.147070000" lon="15.681090000">
        <ele>227.690</ele>
      </trkpt>
      <trkpt lat="51.147140000" lon="15.681330000">
        <ele>229.050</ele>
      </trkpt>
      <trkpt lat="51.147240000" lon="15.681620000">
        <ele>229.950</ele>
      </trkpt>
      <trkpt lat="51.147300000" lon="15.681800000">
        <ele>229.240</ele>
      </trkpt>
      <trkpt lat="51.147340000" lon="15.681960000">
        <ele>228.540</ele>
      </trkpt>
      <trkpt lat="51.147360000" lon="15.682110000">
        <ele>228.200</ele>
      </trkpt>
      <trkpt lat="51.147360000" lon="15.682240000">
        <ele>228.060</ele>
      </trkpt>
      <trkpt lat="51.147350000" lon="15.682440000">
        <ele>228.700</ele>
      </trkpt>
      <trkpt lat="51.147330000" lon="15.682650000">
        <ele>230.400</ele>
      </trkpt>
      <trkpt lat="51.147310000" lon="15.682860000">
        <ele>231.520</ele>
      </trkpt>
      <trkpt lat="51.147300000" lon="15.683020000">
        <ele>231.180</ele>
      </trkpt>
      <trkpt lat="51.147300000" lon="15.683140000">
        <ele>230.820</ele>
      </trkpt>
      <trkpt lat="51.147290000" lon="15.683510000">
        <ele>229.670</ele>
      </trkpt>
      <trkpt lat="51.147280000" lon="15.683830000">
        <ele>229.250</ele>
      </trkpt>
      <trkpt lat="51.147270000" lon="15.684120000">
        <ele>229.170</ele>
      </trkpt>
      <trkpt lat="51.147230000" lon="15.684580000">
        <ele>227.580</ele>
      </trkpt>
      <trkpt lat="51.147170000" lon="15.685300000">
        <ele>228.890</ele>
      </trkpt>
      <trkpt lat="51.147120000" lon="15.685860000">
        <ele>230.800</ele>
      </trkpt>
      <trkpt lat="51.147040000" lon="15.686610000">
        <ele>229.480</ele>
      </trkpt>
      <trkpt lat="51.146990000" lon="15.687070000">
        <ele>229.980</ele>
      </trkpt>
      <trkpt lat="51.146980000" lon="15.687390000">
        <ele>229.810</ele>
      </trkpt>
      <trkpt lat="51.146970000" lon="15.687620000">
        <ele>230.220</ele>
      </trkpt>
      <trkpt lat="51.146950000" lon="15.688000000">
        <ele>229.280</ele>
      </trkpt>
      <trkpt lat="51.146940000" lon="15.688140000">
        <ele>229.220</ele>
      </trkpt>
      <trkpt lat="51.146910000" lon="15.688470000">
        <ele>228.760</ele>
      </trkpt>
      <trkpt lat="51.146880000" lon="15.688700000">
        <ele>227.930</ele>
      </trkpt>
      <trkpt lat="51.146800000" lon="15.689110000">
        <ele>229.330</ele>
      </trkpt>
      <trkpt lat="51.146790000" lon="15.689170000">
        <ele>229.900</ele>
      </trkpt>
      <trkpt lat="51.146760000" lon="15.689330000">
        <ele>230.260</ele>
      </trkpt>
      <trkpt lat="51.146730000" lon="15.689460000">
        <ele>230.400</ele>
      </trkpt>
      <trkpt lat="51.146660000" lon="15.689740000">
        <ele>228.920</ele>
      </trkpt>
      <trkpt lat="51.146630000" lon="15.689870000">
        <ele>228.480</ele>
      </trkpt>
      <trkpt lat="51.146620000" lon="15.689990000">
        <ele>228.190</ele>
      </trkpt>
      <trkpt lat="51.146340000" lon="15.690390000">
        <ele>229.440</ele>
      </trkpt>
      <trkpt lat="51.146300000" lon="15.690460000">
        <ele>229.560</ele>
      </trkpt>
      <trkpt lat="51.146020000" lon="15.690920000">
        <ele>228.230</ele>
      </trkpt>
      <trkpt lat="51.145870000" lon="15.691190000">
        <ele>226.770</ele>
      </trkpt>
      <trkpt lat="51.145740000" lon="15.691360000">
        <ele>226.900</ele>
      </trkpt>
      <trkpt lat="51.145470000" lon="15.691680000">
        <ele>227.740</ele>
      </trkpt>
      <trkpt lat="51.145250000" lon="15.691980000">
        <ele>228.360</ele>
      </trkpt>
      <trkpt lat="51.145120000" lon="15.692230000">
        <ele>230.620</ele>
      </trkpt>
      <trkpt lat="51.145000000" lon="15.692570000">
        <ele>233.500</ele>
      </trkpt>
      <trkpt lat="51.144920000" lon="15.692870000">
        <ele>234.760</ele>
      </trkpt>
      <trkpt lat="51.144750000" lon="15.693270000">
        <ele>236.440</ele>
      </trkpt>
      <trkpt lat="51.144540000" lon="15.693640000">
        <ele>237.970</ele>
      </trkpt>
      <trkpt lat="51.144260000" lon="15.694090000">
        <ele>234.100</ele>
      </trkpt>
      <trkpt lat="51.144160000" lon="15.694350000">
        <ele>233.560</ele>
      </trkpt>
      <trkpt lat="51.144030000" lon="15.694960000">
        <ele>235.790</ele>
      </trkpt>
      <trkpt lat="51.143910000" lon="15.695390000">
        <ele>236.400</ele>
      </trkpt>
      <trkpt lat="51.143820000" lon="15.695810000">
        <ele>237.190</ele>
      </trkpt>
      <trkpt lat="51.143780000" lon="15.696060000">
        <ele>237.320</ele>
      </trkpt>
      <trkpt lat="51.143760000" lon="15.696390000">
        <ele>238.150</ele>
      </trkpt>
      <trkpt lat="51.143770000" lon="15.696640000">
        <ele>238.810</ele>
      </trkpt>
      <trkpt lat="51.143780000" lon="15.696780000">
        <ele>239.290</ele>
      </trkpt>
      <trkpt lat="51.143680000" lon="15.697060000">
        <ele>237.590</ele>
      </trkpt>
      <trkpt lat="51.143570000" lon="15.697360000">
        <ele>236.270</ele>
      </trkpt>
      <trkpt lat="51.143510000" lon="15.697520000">
        <ele>236.320</ele>
      </trkpt>
      <trkpt lat="51.143460000" lon="15.697700000">
        <ele>236.240</ele>
      </trkpt>
      <trkpt lat="51.143410000" lon="15.697910000">
        <ele>236.090</ele>
      </trkpt>
      <trkpt lat="51.143390000" lon="15.698110000">
        <ele>235.860</ele>
      </trkpt>
      <trkpt lat="51.143380000" lon="15.698400000">
        <ele>235.330</ele>
      </trkpt>
      <trkpt lat="51.143380000" lon="15.698660000">
        <ele>236.800</ele>
      </trkpt>
      <trkpt lat="51.143390000" lon="15.698920000">
        <ele>239.130</ele>
      </trkpt>
      <trkpt lat="51.143420000" lon="15.699300000">
        <ele>240.940</ele>
      </trkpt>
      <trkpt lat="51.143490000" lon="15.699700000">
        <ele>243.050</ele>
      </trkpt>
      <trkpt lat="51.143510000" lon="15.699950000">
        <ele>243.570</ele>
      </trkpt>
      <trkpt lat="51.143510000" lon="15.700110000">
        <ele>243.350</ele>
      </trkpt>
      <trkpt lat="51.143510000" lon="15.700550000">
        <ele>241.300</ele>
      </trkpt>
      <trkpt lat="51.143490000" lon="15.700900000">
        <ele>239.390</ele>
      </trkpt>
      <trkpt lat="51.143490000" lon="15.700940000">
        <ele>239.470</ele>
      </trkpt>
      <trkpt lat="51.143490000" lon="15.701110000">
        <ele>239.820</ele>
      </trkpt>
      <trkpt lat="51.143490000" lon="15.701110000">
        <ele>239.820</ele>
      </trkpt>
      <trkpt lat="51.143490000" lon="15.701110000">
        <ele>239.820</ele>
      </trkpt>
      <trkpt lat="51.143490000" lon="15.701220000">
        <ele>240.330</ele>
      </trkpt>
      <trkpt lat="51.143490000" lon="15.701610000">
        <ele>241.030</ele>
      </trkpt>
      <trkpt lat="51.143510000" lon="15.702180000">
        <ele>240.820</ele>
      </trkpt>
      <trkpt lat="51.143520000" lon="15.702760000">
        <ele>241.640</ele>
      </trkpt>
      <trkpt lat="51.143520000" lon="15.702830000">
        <ele>241.340</ele>
      </trkpt>
      <trkpt lat="51.143550000" lon="15.703300000">
        <ele>239.610</ele>
      </trkpt>
      <trkpt lat="51.143570000" lon="15.703670000">
        <ele>239.770</ele>
      </trkpt>
      <trkpt lat="51.143580000" lon="15.703760000">
        <ele>240.200</ele>
      </trkpt>
      <trkpt lat="51.143590000" lon="15.703860000">
        <ele>240.670</ele>
      </trkpt>
      <trkpt lat="51.143590000" lon="15.703900000">
        <ele>240.780</ele>
      </trkpt>
      <trkpt lat="51.143680000" lon="15.704610000">
        <ele>243.090</ele>
      </trkpt>
      <trkpt lat="51.143730000" lon="15.704910000">
        <ele>244.240</ele>
      </trkpt>
      <trkpt lat="51.143800000" lon="15.705240000">
        <ele>245.270</ele>
      </trkpt>
      <trkpt lat="51.143840000" lon="15.705450000">
        <ele>246.160</ele>
      </trkpt>
      <trkpt lat="51.143850000" lon="15.705570000">
        <ele>246.540</ele>
      </trkpt>
      <trkpt lat="51.143870000" lon="15.705840000">
        <ele>245.860</ele>
      </trkpt>
      <trkpt lat="51.143880000" lon="15.706350000">
        <ele>246.770</ele>
      </trkpt>
      <trkpt lat="51.143890000" lon="15.706510000">
        <ele>246.560</ele>
      </trkpt>
      <trkpt lat="51.143900000" lon="15.707130000">
        <ele>244.990</ele>
      </trkpt>
      <trkpt lat="51.143910000" lon="15.707720000">
        <ele>245.860</ele>
      </trkpt>
      <trkpt lat="51.143930000" lon="15.708020000">
        <ele>245.700</ele>
      </trkpt>
      <trkpt lat="51.143970000" lon="15.708270000">
        <ele>246.190</ele>
      </trkpt>
      <trkpt lat="51.144000000" lon="15.708540000">
        <ele>247.690</ele>
      </trkpt>
      <trkpt lat="51.144040000" lon="15.708740000">
        <ele>247.700</ele>
      </trkpt>
      <trkpt lat="51.144090000" lon="15.709040000">
        <ele>246.730</ele>
      </trkpt>
      <trkpt lat="51.144110000" lon="15.709370000">
        <ele>245.620</ele>
      </trkpt>
      <trkpt lat="51.144120000" lon="15.709460000">
        <ele>245.370</ele>
      </trkpt>
      <trkpt lat="51.144110000" lon="15.709610000">
        <ele>245.760</ele>
      </trkpt>
      <trkpt lat="51.144100000" lon="15.709780000">
        <ele>246.000</ele>
      </trkpt>
      <trkpt lat="51.144060000" lon="15.709990000">
        <ele>246.000</ele>
      </trkpt>
      <trkpt lat="51.143990000" lon="15.710380000">
        <ele>247.100</ele>
      </trkpt>
      <trkpt lat="51.143850000" lon="15.711230000">
        <ele>249.880</ele>
      </trkpt>
      <trkpt lat="51.143790000" lon="15.711740000">
        <ele>248.740</ele>
      </trkpt>
      <trkpt lat="51.143720000" lon="15.712440000">
        <ele>250.310</ele>
      </trkpt>
      <trkpt lat="51.143680000" lon="15.712810000">
        <ele>251.250</ele>
      </trkpt>
      <trkpt lat="51.143670000" lon="15.713070000">
        <ele>251.180</ele>
      </trkpt>
      <trkpt lat="51.143650000" lon="15.713350000">
        <ele>250.380</ele>
      </trkpt>
      <trkpt lat="51.143630000" lon="15.713850000">
        <ele>250.940</ele>
      </trkpt>
      <trkpt lat="51.143590000" lon="15.714240000">
        <ele>250.850</ele>
      </trkpt>
      <trkpt lat="51.143560000" lon="15.714430000">
        <ele>250.580</ele>
      </trkpt>
      <trkpt lat="51.143490000" lon="15.714780000">
        <ele>252.670</ele>
      </trkpt>
      <trkpt lat="51.143440000" lon="15.714960000">
        <ele>253.270</ele>
      </trkpt>
      <trkpt lat="51.143230000" lon="15.715830000">
        <ele>253.610</ele>
      </trkpt>
      <trkpt lat="51.143170000" lon="15.716110000">
        <ele>255.810</ele>
      </trkpt>
      <trkpt lat="51.143130000" lon="15.716260000">
        <ele>256.900</ele>
      </trkpt>
      <trkpt lat="51.143110000" lon="15.716350000">
        <ele>257.450</ele>
      </trkpt>
      <trkpt lat="51.143090000" lon="15.716420000">
        <ele>257.760</ele>
      </trkpt>
      <trkpt lat="51.143070000" lon="15.716480000">
        <ele>257.920</ele>
      </trkpt>
      <trkpt lat="51.143020000" lon="15.716540000">
        <ele>257.510</ele>
      </trkpt>
      <trkpt lat="51.143000000" lon="15.716560000">
        <ele>257.310</ele>
      </trkpt>
      <trkpt lat="51.142970000" lon="15.716590000">
        <ele>256.990</ele>
      </trkpt>
      <trkpt lat="51.142900000" lon="15.716610000">
        <ele>255.910</ele>
      </trkpt>
      <trkpt lat="51.142840000" lon="15.716640000">
        <ele>255.000</ele>
      </trkpt>
      <trkpt lat="51.142750000" lon="15.716660000">
        <ele>254.080</ele>
      </trkpt>
      <trkpt lat="51.142600000" lon="15.716710000">
        <ele>254.600</ele>
      </trkpt>
      <trkpt lat="51.142520000" lon="15.716760000">
        <ele>254.640</ele>
      </trkpt>
      <trkpt lat="51.142440000" lon="15.716810000">
        <ele>254.390</ele>
      </trkpt>
      <trkpt lat="51.142320000" lon="15.716900000">
        <ele>254.940</ele>
      </trkpt>
      <trkpt lat="51.142250000" lon="15.716970000">
        <ele>255.540</ele>
      </trkpt>
      <trkpt lat="51.142210000" lon="15.717020000">
        <ele>255.230</ele>
      </trkpt>
      <trkpt lat="51.142150000" lon="15.717110000">
        <ele>254.470</ele>
      </trkpt>
      <trkpt lat="51.142060000" lon="15.717280000">
        <ele>253.380</ele>
      </trkpt>
      <trkpt lat="51.141870000" lon="15.717690000">
        <ele>254.380</ele>
      </trkpt>
      <trkpt lat="51.141670000" lon="15.718130000">
        <ele>256.710</ele>
      </trkpt>
      <trkpt lat="51.141600000" lon="15.718310000">
        <ele>256.300</ele>
      </trkpt>
      <trkpt lat="51.141520000" lon="15.718550000">
        <ele>255.700</ele>
      </trkpt>
      <trkpt lat="51.141390000" lon="15.719050000">
        <ele>258.730</ele>
      </trkpt>
      <trkpt lat="51.141260000" lon="15.719490000">
        <ele>263.480</ele>
      </trkpt>
      <trkpt lat="51.141170000" lon="15.719760000">
        <ele>264.410</ele>
      </trkpt>
      <trkpt lat="51.140870000" lon="15.720530000">
        <ele>259.200</ele>
      </trkpt>
      <trkpt lat="51.140670000" lon="15.721050000">
        <ele>261.780</ele>
      </trkpt>
      <trkpt lat="51.140340000" lon="15.721900000">
        <ele>260.320</ele>
      </trkpt>
      <trkpt lat="51.140160000" lon="15.722290000">
        <ele>263.000</ele>
      </trkpt>
      <trkpt lat="51.139840000" lon="15.723130000">
        <ele>262.230</ele>
      </trkpt>
      <trkpt lat="51.139770000" lon="15.723310000">
        <ele>263.920</ele>
      </trkpt>
      <trkpt lat="51.139670000" lon="15.723570000">
        <ele>266.140</ele>
      </trkpt>
      <trkpt lat="51.139600000" lon="15.723800000">
        <ele>269.760</ele>
      </trkpt>
      <trkpt lat="51.139490000" lon="15.724330000">
        <ele>274.600</ele>
      </trkpt>
      <trkpt lat="51.139450000" lon="15.724590000">
        <ele>275.440</ele>
      </trkpt>
      <trkpt lat="51.139410000" lon="15.724820000">
        <ele>275.260</ele>
      </trkpt>
      <trkpt lat="51.139370000" lon="15.725120000">
        <ele>274.300</ele>
      </trkpt>
      <trkpt lat="51.139340000" lon="15.725260000">
        <ele>273.330</ele>
      </trkpt>
      <trkpt lat="51.139300000" lon="15.725430000">
        <ele>270.770</ele>
      </trkpt>
      <trkpt lat="51.139230000" lon="15.725680000">
        <ele>270.800</ele>
      </trkpt>
      <trkpt lat="51.139160000" lon="15.725930000">
        <ele>273.680</ele>
      </trkpt>
      <trkpt lat="51.139110000" lon="15.726110000">
        <ele>274.590</ele>
      </trkpt>
      <trkpt lat="51.139070000" lon="15.726410000">
        <ele>273.600</ele>
      </trkpt>
      <trkpt lat="51.139060000" lon="15.726490000">
        <ele>273.390</ele>
      </trkpt>
      <trkpt lat="51.139000000" lon="15.726960000">
        <ele>272.580</ele>
      </trkpt>
      <trkpt lat="51.138950000" lon="15.727360000">
        <ele>272.560</ele>
      </trkpt>
      <trkpt lat="51.138950000" lon="15.727390000">
        <ele>272.560</ele>
      </trkpt>
      <trkpt lat="51.138930000" lon="15.727510000">
        <ele>272.810</ele>
      </trkpt>
      <trkpt lat="51.138920000" lon="15.727580000">
        <ele>273.640</ele>
      </trkpt>
      <trkpt lat="51.138870000" lon="15.728160000">
        <ele>277.540</ele>
      </trkpt>
      <trkpt lat="51.138840000" lon="15.728490000">
        <ele>279.460</ele>
      </trkpt>
      <trkpt lat="51.138800000" lon="15.728880000">
        <ele>281.000</ele>
      </trkpt>
      <trkpt lat="51.138750000" lon="15.729470000">
        <ele>279.860</ele>
      </trkpt>
      <trkpt lat="51.138710000" lon="15.729960000">
        <ele>278.930</ele>
      </trkpt>
      <trkpt lat="51.138650000" lon="15.730610000">
        <ele>276.830</ele>
      </trkpt>
      <trkpt lat="51.138650000" lon="15.730610000">
        <ele>276.830</ele>
      </trkpt>
      <trkpt lat="51.138650000" lon="15.730610000">
        <ele>276.830</ele>
      </trkpt>
      <trkpt lat="51.138480000" lon="15.732370000">
        <ele>276.310</ele>
      </trkpt>
      <trkpt lat="51.138460000" lon="15.732630000">
        <ele>279.290</ele>
      </trkpt>
      <trkpt lat="51.138440000" lon="15.732980000">
        <ele>282.120</ele>
      </trkpt>
      <trkpt lat="51.138440000" lon="15.733080000">
        <ele>282.860</ele>
      </trkpt>
      <trkpt lat="51.138440000" lon="15.733150000">
        <ele>283.110</ele>
      </trkpt>
      <trkpt lat="51.138460000" lon="15.733290000">
        <ele>283.760</ele>
      </trkpt>
      <trkpt lat="51.138480000" lon="15.733400000">
        <ele>283.480</ele>
      </trkpt>
      <trkpt lat="51.138510000" lon="15.733530000">
        <ele>282.790</ele>
      </trkpt>
      <trkpt lat="51.138540000" lon="15.733620000">
        <ele>282.650</ele>
      </trkpt>
      <trkpt lat="51.138560000" lon="15.733700000">
        <ele>282.380</ele>
      </trkpt>
      <trkpt lat="51.138600000" lon="15.733770000">
        <ele>282.630</ele>
      </trkpt>
      <trkpt lat="51.138630000" lon="15.733830000">
        <ele>282.330</ele>
      </trkpt>
      <trkpt lat="51.138660000" lon="15.733870000">
        <ele>281.940</ele>
      </trkpt>
      <trkpt lat="51.138690000" lon="15.733900000">
        <ele>281.610</ele>
      </trkpt>
      <trkpt lat="51.138730000" lon="15.733940000">
        <ele>281.230</ele>
      </trkpt>
      <trkpt lat="51.138780000" lon="15.733990000">
        <ele>281.040</ele>
      </trkpt>
      <trkpt lat="51.138970000" lon="15.734100000">
        <ele>282.120</ele>
      </trkpt>
      <trkpt lat="51.139140000" lon="15.734210000">
        <ele>283.000</ele>
      </trkpt>
      <trkpt lat="51.139280000" lon="15.734320000">
        <ele>282.830</ele>
      </trkpt>
      <trkpt lat="51.139370000" lon="15.734410000">
        <ele>281.400</ele>
      </trkpt>
      <trkpt lat="51.139450000" lon="15.734500000">
        <ele>279.940</ele>
      </trkpt>
      <trkpt lat="51.139550000" lon="15.734630000">
        <ele>279.110</ele>
      </trkpt>
      <trkpt lat="51.139660000" lon="15.734780000">
        <ele>279.000</ele>
      </trkpt>
      <trkpt lat="51.139800000" lon="15.735020000">
        <ele>278.550</ele>
      </trkpt>
      <trkpt lat="51.139970000" lon="15.735310000">
        <ele>276.610</ele>
      </trkpt>
      <trkpt lat="51.140140000" lon="15.735590000">
        <ele>280.240</ele>
      </trkpt>
      <trkpt lat="51.140330000" lon="15.735910000">
        <ele>279.840</ele>
      </trkpt>
      <trkpt lat="51.140460000" lon="15.736130000">
        <ele>278.770</ele>
      </trkpt>
      <trkpt lat="51.140600000" lon="15.736360000">
        <ele>273.570</ele>
      </trkpt>
      <trkpt lat="51.140750000" lon="15.736630000">
        <ele>272.070</ele>
      </trkpt>
      <trkpt lat="51.140830000" lon="15.736740000">
        <ele>271.320</ele>
      </trkpt>
      <trkpt lat="51.140870000" lon="15.736790000">
        <ele>271.550</ele>
      </trkpt>
      <trkpt lat="51.140970000" lon="15.736900000">
        <ele>273.000</ele>
      </trkpt>
      <trkpt lat="51.141060000" lon="15.736970000">
        <ele>274.520</ele>
      </trkpt>
      <trkpt lat="51.141360000" lon="15.737180000">
        <ele>274.100</ele>
      </trkpt>
      <trkpt lat="51.141430000" lon="15.737230000">
        <ele>273.690</ele>
      </trkpt>
      <trkpt lat="51.141500000" lon="15.737280000">
        <ele>273.320</ele>
      </trkpt>
      <trkpt lat="51.141580000" lon="15.737340000">
        <ele>273.370</ele>
      </trkpt>
      <trkpt lat="51.141560000" lon="15.737470000">
        <ele>274.070</ele>
      </trkpt>
      <trkpt lat="51.141540000" lon="15.737680000">
        <ele>271.380</ele>
      </trkpt>
      <trkpt lat="51.141530000" lon="15.737870000">
        <ele>269.980</ele>
      </trkpt>
      <trkpt lat="51.141540000" lon="15.738230000">
        <ele>270.170</ele>
      </trkpt>
      <trkpt lat="51.141560000" lon="15.738450000">
        <ele>270.830</ele>
      </trkpt>
      <trkpt lat="51.141600000" lon="15.738640000">
        <ele>271.580</ele>
      </trkpt>
      <trkpt lat="51.141650000" lon="15.738790000">
        <ele>271.760</ele>
      </trkpt>
      <trkpt lat="51.141970000" lon="15.739760000">
        <ele>271.550</ele>
      </trkpt>
      <trkpt lat="51.142230000" lon="15.740540000">
        <ele>268.940</ele>
      </trkpt>
      <trkpt lat="51.142230000" lon="15.740540000">
        <ele>268.940</ele>
      </trkpt>
      <trkpt lat="51.142230000" lon="15.740540000">
        <ele>268.940</ele>
      </trkpt>
      <trkpt lat="51.142250000" lon="15.740610000">
        <ele>268.420</ele>
      </trkpt>
      <trkpt lat="51.142540000" lon="15.741470000">
        <ele>269.050</ele>
      </trkpt>
      <trkpt lat="51.142780000" lon="15.742190000">
        <ele>273.500</ele>
      </trkpt>
      <trkpt lat="51.142890000" lon="15.742550000">
        <ele>278.670</ele>
      </trkpt>
      <trkpt lat="51.142960000" lon="15.742750000">
        <ele>280.600</ele>
      </trkpt>
      <trkpt lat="51.143060000" lon="15.742970000">
        <ele>279.890</ele>
      </trkpt>
      <trkpt lat="51.143180000" lon="15.743180000">
        <ele>276.620</ele>
      </trkpt>
      <trkpt lat="51.143260000" lon="15.743300000">
        <ele>274.620</ele>
      </trkpt>
      <trkpt lat="51.143420000" lon="15.743510000">
        <ele>276.030</ele>
      </trkpt>
      <trkpt lat="51.143770000" lon="15.743940000">
        <ele>271.130</ele>
      </trkpt>
      <trkpt lat="51.144160000" lon="15.744450000">
        <ele>267.180</ele>
      </trkpt>
      <trkpt lat="51.144680000" lon="15.745100000">
        <ele>278.550</ele>
      </trkpt>
      <trkpt lat="51.145330000" lon="15.745940000">
        <ele>274.400</ele>
      </trkpt>
      <trkpt lat="51.145360000" lon="15.745970000">
        <ele>274.010</ele>
      </trkpt>
      <trkpt lat="51.145470000" lon="15.746080000">
        <ele>272.960</ele>
      </trkpt>
      <trkpt lat="51.145800000" lon="15.746360000">
        <ele>271.650</ele>
      </trkpt>
      <trkpt lat="51.146290000" lon="15.746780000">
        <ele>269.230</ele>
      </trkpt>
      <trkpt lat="51.146400000" lon="15.746900000">
        <ele>269.890</ele>
      </trkpt>
      <trkpt lat="51.146470000" lon="15.746990000">
        <ele>271.100</ele>
      </trkpt>
      <trkpt lat="51.146560000" lon="15.747170000">
        <ele>274.530</ele>
      </trkpt>
      <trkpt lat="51.146800000" lon="15.747670000">
        <ele>271.140</ele>
      </trkpt>
      <trkpt lat="51.146990000" lon="15.748110000">
        <ele>264.620</ele>
      </trkpt>
      <trkpt lat="51.147750000" lon="15.749810000">
        <ele>271.980</ele>
      </trkpt>
      <trkpt lat="51.147930000" lon="15.750220000">
        <ele>267.790</ele>
      </trkpt>
      <trkpt lat="51.148260000" lon="15.751190000">
        <ele>272.310</ele>
      </trkpt>
      <trkpt lat="51.148400000" lon="15.751460000">
        <ele>273.140</ele>
      </trkpt>
      <trkpt lat="51.149840000" lon="15.753580000">
        <ele>269.730</ele>
      </trkpt>
      <trkpt lat="51.150050000" lon="15.753830000">
        <ele>265.380</ele>
      </trkpt>
      <trkpt lat="51.150200000" lon="15.753990000">
        <ele>264.440</ele>
      </trkpt>
      <trkpt lat="51.150460000" lon="15.754180000">
        <ele>268.380</ele>
      </trkpt>
      <trkpt lat="51.150870000" lon="15.754500000">
        <ele>271.810</ele>
      </trkpt>
      <trkpt lat="51.152580000" lon="15.755840000">
        <ele>258.370</ele>
      </trkpt>
      <trkpt lat="51.153490000" lon="15.756550000">
        <ele>255.510</ele>
      </trkpt>
      <trkpt lat="51.153850000" lon="15.756860000">
        <ele>258.870</ele>
      </trkpt>
      <trkpt lat="51.154200000" lon="15.757260000">
        <ele>253.710</ele>
      </trkpt>
      <trkpt lat="51.154530000" lon="15.757670000">
        <ele>253.460</ele>
      </trkpt>
      <trkpt lat="51.154960000" lon="15.758260000">
        <ele>254.360</ele>
      </trkpt>
      <trkpt lat="51.155120000" lon="15.758460000">
        <ele>256.840</ele>
      </trkpt>
      <trkpt lat="51.155390000" lon="15.758670000">
        <ele>255.090</ele>
      </trkpt>
      <trkpt lat="51.156070000" lon="15.759100000">
        <ele>255.690</ele>
      </trkpt>
      <trkpt lat="51.156740000" lon="15.759540000">
        <ele>255.130</ele>
      </trkpt>
      <trkpt lat="51.157590000" lon="15.760070000">
        <ele>249.030</ele>
      </trkpt>
      <trkpt lat="51.157980000" lon="15.760340000">
        <ele>249.130</ele>
      </trkpt>
      <trkpt lat="51.158160000" lon="15.760500000">
        <ele>251.040</ele>
      </trkpt>
      <trkpt lat="51.158780000" lon="15.761150000">
        <ele>248.090</ele>
      </trkpt>
      <trkpt lat="51.158880000" lon="15.761250000">
        <ele>249.860</ele>
      </trkpt>
      <trkpt lat="51.159240000" lon="15.761650000">
        <ele>249.450</ele>
      </trkpt>
      <trkpt lat="51.159660000" lon="15.762120000">
        <ele>251.060</ele>
      </trkpt>
      <trkpt lat="51.159980000" lon="15.762470000">
        <ele>256.790</ele>
      </trkpt>
      <trkpt lat="51.160380000" lon="15.762830000">
        <ele>249.230</ele>
      </trkpt>
      <trkpt lat="51.161520000" lon="15.763790000">
        <ele>242.890</ele>
      </trkpt>
      <trkpt lat="51.161580000" lon="15.763840000">
        <ele>242.500</ele>
      </trkpt>
      <trkpt lat="51.161580000" lon="15.763840000">
        <ele>242.500</ele>
      </trkpt>
      <trkpt lat="51.161580000" lon="15.763840000">
        <ele>242.500</ele>
      </trkpt>
      <trkpt lat="51.161790000" lon="15.764010000">
        <ele>241.800</ele>
      </trkpt>
      <trkpt lat="51.162670000" lon="15.764250000">
        <ele>240.590</ele>
      </trkpt>
      <trkpt lat="51.162890000" lon="15.764410000">
        <ele>244.370</ele>
      </trkpt>
      <trkpt lat="51.164430000" lon="15.765990000">
        <ele>250.370</ele>
      </trkpt>
      <trkpt lat="51.165120000" lon="15.766550000">
        <ele>238.560</ele>
      </trkpt>
      <trkpt lat="51.165450000" lon="15.766830000">
        <ele>236.380</ele>
      </trkpt>
      <trkpt lat="51.165630000" lon="15.767040000">
        <ele>235.920</ele>
      </trkpt>
      <trkpt lat="51.165820000" lon="15.767230000">
        <ele>236.000</ele>
      </trkpt>
      <trkpt lat="51.166740000" lon="15.767410000">
        <ele>242.440</ele>
      </trkpt>
      <trkpt lat="51.166970000" lon="15.767470000">
        <ele>243.070</ele>
      </trkpt>
      <trkpt lat="51.167160000" lon="15.767550000">
        <ele>244.770</ele>
      </trkpt>
      <trkpt lat="51.167250000" lon="15.767670000">
        <ele>245.270</ele>
      </trkpt>
      <trkpt lat="51.167300000" lon="15.767760000">
        <ele>245.080</ele>
      </trkpt>
      <trkpt lat="51.167340000" lon="15.767880000">
        <ele>245.040</ele>
      </trkpt>
      <trkpt lat="51.167370000" lon="15.768030000">
        <ele>245.370</ele>
      </trkpt>
      <trkpt lat="51.167690000" lon="15.769930000">
        <ele>247.370</ele>
      </trkpt>
      <trkpt lat="51.167760000" lon="15.770500000">
        <ele>244.250</ele>
      </trkpt>
      <trkpt lat="51.167790000" lon="15.770840000">
        <ele>241.610</ele>
      </trkpt>
      <trkpt lat="51.167740000" lon="15.771190000">
        <ele>239.280</ele>
      </trkpt>
      <trkpt lat="51.167200000" lon="15.773980000">
        <ele>234.690</ele>
      </trkpt>
      <trkpt lat="51.167190000" lon="15.774050000">
        <ele>235.260</ele>
      </trkpt>
      <trkpt lat="51.167180000" lon="15.774140000">
        <ele>235.980</ele>
      </trkpt>
      <trkpt lat="51.167160000" lon="15.774400000">
        <ele>238.020</ele>
      </trkpt>
      <trkpt lat="51.167170000" lon="15.774730000">
        <ele>239.280</ele>
      </trkpt>
      <trkpt lat="51.167190000" lon="15.775150000">
        <ele>240.540</ele>
      </trkpt>
      <trkpt lat="51.167210000" lon="15.775550000">
        <ele>241.800</ele>
      </trkpt>
      <trkpt lat="51.167260000" lon="15.776530000">
        <ele>244.320</ele>
      </trkpt>
      <trkpt lat="51.167320000" lon="15.777440000">
        <ele>239.410</ele>
      </trkpt>
      <trkpt lat="51.167330000" lon="15.777680000">
        <ele>238.120</ele>
      </trkpt>
      <trkpt lat="51.167320000" lon="15.777840000">
        <ele>237.180</ele>
      </trkpt>
      <trkpt lat="51.167300000" lon="15.777970000">
        <ele>236.430</ele>
      </trkpt>
      <trkpt lat="51.167230000" lon="15.778210000">
        <ele>235.670</ele>
      </trkpt>
      <trkpt lat="51.167190000" lon="15.778370000">
        <ele>235.290</ele>
      </trkpt>
      <trkpt lat="51.167200000" lon="15.778480000">
        <ele>235.070</ele>
      </trkpt>
      <trkpt lat="51.167170000" lon="15.778570000">
        <ele>234.210</ele>
      </trkpt>
      <trkpt lat="51.167180000" lon="15.778670000">
        <ele>233.490</ele>
      </trkpt>
      <trkpt lat="51.167200000" lon="15.778770000">
        <ele>232.450</ele>
      </trkpt>
      <trkpt lat="51.167260000" lon="15.779010000">
        <ele>231.080</ele>
      </trkpt>
      <trkpt lat="51.167480000" lon="15.779730000">
        <ele>230.830</ele>
      </trkpt>
      <trkpt lat="51.167660000" lon="15.780340000">
        <ele>231.670</ele>
      </trkpt>
      <trkpt lat="51.167800000" lon="15.780670000">
        <ele>232.000</ele>
      </trkpt>
      <trkpt lat="51.167960000" lon="15.780990000">
        <ele>232.000</ele>
      </trkpt>
      <trkpt lat="51.168070000" lon="15.781190000">
        <ele>231.450</ele>
      </trkpt>
      <trkpt lat="51.168160000" lon="15.781320000">
        <ele>230.780</ele>
      </trkpt>
      <trkpt lat="51.168660000" lon="15.781840000">
        <ele>233.430</ele>
      </trkpt>
      <trkpt lat="51.168710000" lon="15.781920000">
        <ele>233.860</ele>
      </trkpt>
      <trkpt lat="51.168750000" lon="15.782010000">
        <ele>234.380</ele>
      </trkpt>
      <trkpt lat="51.168780000" lon="15.782120000">
        <ele>234.790</ele>
      </trkpt>
      <trkpt lat="51.168800000" lon="15.782250000">
        <ele>234.980</ele>
      </trkpt>
      <trkpt lat="51.168840000" lon="15.782730000">
        <ele>234.260</ele>
      </trkpt>
      <trkpt lat="51.168900000" lon="15.783160000">
        <ele>234.410</ele>
      </trkpt>
      <trkpt lat="51.168940000" lon="15.783380000">
        <ele>233.440</ele>
      </trkpt>
      <trkpt lat="51.169050000" lon="15.783850000">
        <ele>230.420</ele>
      </trkpt>
      <trkpt lat="51.169110000" lon="15.784060000">
        <ele>232.930</ele>
      </trkpt>
      <trkpt lat="51.169140000" lon="15.784220000">
        <ele>234.520</ele>
      </trkpt>
      <trkpt lat="51.169180000" lon="15.784480000">
        <ele>234.280</ele>
      </trkpt>
      <trkpt lat="51.169230000" lon="15.784910000">
        <ele>233.930</ele>
      </trkpt>
      <trkpt lat="51.169330000" lon="15.785730000">
        <ele>230.620</ele>
      </trkpt>
      <trkpt lat="51.169350000" lon="15.785910000">
        <ele>229.940</ele>
      </trkpt>
      <trkpt lat="51.169410000" lon="15.786410000">
        <ele>229.440</ele>
      </trkpt>
      <trkpt lat="51.169540000" lon="15.787420000">
        <ele>228.160</ele>
      </trkpt>
      <trkpt lat="51.169610000" lon="15.787950000">
        <ele>227.130</ele>
      </trkpt>
      <trkpt lat="51.169700000" lon="15.788620000">
        <ele>224.890</ele>
      </trkpt>
      <trkpt lat="51.169830000" lon="15.789510000">
        <ele>223.840</ele>
      </trkpt>
      <trkpt lat="51.169910000" lon="15.789970000">
        <ele>223.040</ele>
      </trkpt>
      <trkpt lat="51.170050000" lon="15.790750000">
        <ele>226.880</ele>
      </trkpt>
      <trkpt lat="51.170130000" lon="15.791200000">
        <ele>228.620</ele>
      </trkpt>
      <trkpt lat="51.170170000" lon="15.791400000">
        <ele>229.220</ele>
      </trkpt>
      <trkpt lat="51.170170000" lon="15.791400000">
        <ele>229.220</ele>
      </trkpt>
      <trkpt lat="51.170170000" lon="15.791400000">
        <ele>229.220</ele>
      </trkpt>
      <trkpt lat="51.170370000" lon="15.792430000">
        <ele>227.340</ele>
      </trkpt>
      <trkpt lat="51.170500000" lon="15.792910000">
        <ele>226.720</ele>
      </trkpt>
      <trkpt lat="51.170780000" lon="15.793830000">
        <ele>224.850</ele>
      </trkpt>
      <trkpt lat="51.170860000" lon="15.794220000">
        <ele>225.110</ele>
      </trkpt>
      <trkpt lat="51.170960000" lon="15.795000000">
        <ele>228.540</ele>
      </trkpt>
      <trkpt lat="51.171030000" lon="15.795480000">
        <ele>227.970</ele>
      </trkpt>
      <trkpt lat="51.171080000" lon="15.795840000">
        <ele>226.840</ele>
      </trkpt>
      <trkpt lat="51.171140000" lon="15.796060000">
        <ele>225.490</ele>
      </trkpt>
      <trkpt lat="51.171310000" lon="15.796560000">
        <ele>225.440</ele>
      </trkpt>
      <trkpt lat="51.171620000" lon="15.797370000">
        <ele>226.920</ele>
      </trkpt>
      <trkpt lat="51.171670000" lon="15.797600000">
        <ele>227.360</ele>
      </trkpt>
      <trkpt lat="51.171700000" lon="15.797880000">
        <ele>228.780</ele>
      </trkpt>
      <trkpt lat="51.171770000" lon="15.798510000">
        <ele>232.770</ele>
      </trkpt>
      <trkpt lat="51.171810000" lon="15.798800000">
        <ele>234.360</ele>
      </trkpt>
      <trkpt lat="51.171860000" lon="15.798960000">
        <ele>234.900</ele>
      </trkpt>
      <trkpt lat="51.171980000" lon="15.799200000">
        <ele>233.880</ele>
      </trkpt>
      <trkpt lat="51.172130000" lon="15.799440000">
        <ele>234.310</ele>
      </trkpt>
      <trkpt lat="51.172520000" lon="15.800080000">
        <ele>234.510</ele>
      </trkpt>
      <trkpt lat="51.172900000" lon="15.800710000">
        <ele>236.690</ele>
      </trkpt>
      <trkpt lat="51.173280000" lon="15.801630000">
        <ele>240.720</ele>
      </trkpt>
      <trkpt lat="51.173570000" lon="15.802540000">
        <ele>244.580</ele>
      </trkpt>
      <trkpt lat="51.173860000" lon="15.803450000">
        <ele>242.370</ele>
      </trkpt>
      <trkpt lat="51.173940000" lon="15.803920000">
        <ele>241.910</ele>
      </trkpt>
      <trkpt lat="51.174020000" lon="15.804810000">
        <ele>242.810</ele>
      </trkpt>
      <trkpt lat="51.174090000" lon="15.805690000">
        <ele>242.940</ele>
      </trkpt>
      <trkpt lat="51.174150000" lon="15.806480000">
        <ele>241.980</ele>
      </trkpt>
      <trkpt lat="51.174220000" lon="15.807270000">
        <ele>243.240</ele>
      </trkpt>
      <trkpt lat="51.174280000" lon="15.808060000">
        <ele>237.980</ele>
      </trkpt>
      <trkpt lat="51.174340000" lon="15.808850000">
        <ele>236.870</ele>
      </trkpt>
      <trkpt lat="51.174430000" lon="15.809400000">
        <ele>236.790</ele>
      </trkpt>
      <trkpt lat="51.174680000" lon="15.810240000">
        <ele>239.680</ele>
      </trkpt>
      <trkpt lat="51.174880000" lon="15.810910000">
        <ele>237.570</ele>
      </trkpt>
      <trkpt lat="51.175080000" lon="15.811580000">
        <ele>239.270</ele>
      </trkpt>
      <trkpt lat="51.175280000" lon="15.812250000">
        <ele>236.110</ele>
      </trkpt>
      <trkpt lat="51.175490000" lon="15.812970000">
        <ele>237.240</ele>
      </trkpt>
      <trkpt lat="51.175700000" lon="15.813700000">
        <ele>234.510</ele>
      </trkpt>
      <trkpt lat="51.175910000" lon="15.814420000">
        <ele>229.460</ele>
      </trkpt>
      <trkpt lat="51.176120000" lon="15.815150000">
        <ele>226.950</ele>
      </trkpt>
      <trkpt lat="51.176330000" lon="15.815870000">
        <ele>225.500</ele>
      </trkpt>
      <trkpt lat="51.176400000" lon="15.816080000">
        <ele>224.780</ele>
      </trkpt>
      <trkpt lat="51.176660000" lon="15.816920000">
        <ele>226.140</ele>
      </trkpt>
      <trkpt lat="51.176920000" lon="15.817750000">
        <ele>224.810</ele>
      </trkpt>
      <trkpt lat="51.177180000" lon="15.818590000">
        <ele>226.520</ele>
      </trkpt>
      <trkpt lat="51.177510000" lon="15.819910000">
        <ele>220.250</ele>
      </trkpt>
      <trkpt lat="51.177570000" lon="15.820270000">
        <ele>219.990</ele>
      </trkpt>
      <trkpt lat="51.177600000" lon="15.820640000">
        <ele>220.550</ele>
      </trkpt>
      <trkpt lat="51.177640000" lon="15.821350000">
        <ele>222.000</ele>
      </trkpt>
      <trkpt lat="51.177690000" lon="15.822060000">
        <ele>218.760</ele>
      </trkpt>
      <trkpt lat="51.177730000" lon="15.822780000">
        <ele>219.690</ele>
      </trkpt>
      <trkpt lat="51.177780000" lon="15.823490000">
        <ele>218.970</ele>
      </trkpt>
      <trkpt lat="51.177820000" lon="15.824200000">
        <ele>216.440</ele>
      </trkpt>
      <trkpt lat="51.177870000" lon="15.825030000">
        <ele>215.600</ele>
      </trkpt>
      <trkpt lat="51.177920000" lon="15.825850000">
        <ele>211.480</ele>
      </trkpt>
      <trkpt lat="51.177960000" lon="15.826680000">
        <ele>214.080</ele>
      </trkpt>
      <trkpt lat="51.178010000" lon="15.827500000">
        <ele>213.000</ele>
      </trkpt>
      <trkpt lat="51.178060000" lon="15.828330000">
        <ele>210.020</ele>
      </trkpt>
      <trkpt lat="51.178080000" lon="15.828550000">
        <ele>210.020</ele>
      </trkpt>
      <trkpt lat="51.178110000" lon="15.829190000">
        <ele>207.980</ele>
      </trkpt>
      <trkpt lat="51.178110000" lon="15.829340000">
        <ele>207.880</ele>
      </trkpt>
      <trkpt lat="51.178110000" lon="15.829340000">
        <ele>207.880</ele>
      </trkpt>
      <trkpt lat="51.178110000" lon="15.829340000">
        <ele>207.880</ele>
      </trkpt>
      <trkpt lat="51.178110000" lon="15.829660000">
        <ele>208.730</ele>
      </trkpt>
      <trkpt lat="51.178100000" lon="15.830230000">
        <ele>208.300</ele>
      </trkpt>
      <trkpt lat="51.178080000" lon="15.830530000">
        <ele>207.260</ele>
      </trkpt>
      <trkpt lat="51.178080000" lon="15.831070000">
        <ele>207.010</ele>
      </trkpt>
      <trkpt lat="51.178070000" lon="15.831920000">
        <ele>208.080</ele>
      </trkpt>
      <trkpt lat="51.178060000" lon="15.832310000">
        <ele>209.310</ele>
      </trkpt>
      <trkpt lat="51.178050000" lon="15.832460000">
        <ele>209.760</ele>
      </trkpt>
      <trkpt lat="51.178040000" lon="15.832490000">
        <ele>209.690</ele>
      </trkpt>
      <trkpt lat="51.177980000" lon="15.832850000">
        <ele>208.190</ele>
      </trkpt>
      <trkpt lat="51.177900000" lon="15.833210000">
        <ele>206.560</ele>
      </trkpt>
      <trkpt lat="51.177580000" lon="15.834600000">
        <ele>209.550</ele>
      </trkpt>
      <trkpt lat="51.177550000" lon="15.834700000">
        <ele>209.470</ele>
      </trkpt>
      <trkpt lat="51.177470000" lon="15.835020000">
        <ele>207.890</ele>
      </trkpt>
      <trkpt lat="51.177200000" lon="15.836090000">
        <ele>206.000</ele>
      </trkpt>
      <trkpt lat="51.177020000" lon="15.836910000">
        <ele>206.870</ele>
      </trkpt>
      <trkpt lat="51.176990000" lon="15.837300000">
        <ele>206.960</ele>
      </trkpt>
      <trkpt lat="51.177250000" lon="15.839540000">
        <ele>198.120</ele>
      </trkpt>
      <trkpt lat="51.177300000" lon="15.839930000">
        <ele>197.420</ele>
      </trkpt>
      <trkpt lat="51.177340000" lon="15.840370000">
        <ele>199.500</ele>
      </trkpt>
      <trkpt lat="51.177500000" lon="15.842990000">
        <ele>206.000</ele>
      </trkpt>
      <trkpt lat="51.177520000" lon="15.843180000">
        <ele>206.740</ele>
      </trkpt>
      <trkpt lat="51.177490000" lon="15.843540000">
        <ele>208.580</ele>
      </trkpt>
      <trkpt lat="51.177410000" lon="15.843910000">
        <ele>204.530</ele>
      </trkpt>
      <trkpt lat="51.176820000" lon="15.846030000">
        <ele>193.290</ele>
      </trkpt>
      <trkpt lat="51.176780000" lon="15.846380000">
        <ele>194.360</ele>
      </trkpt>
      <trkpt lat="51.176780000" lon="15.846700000">
        <ele>197.310</ele>
      </trkpt>
      <trkpt lat="51.176800000" lon="15.849030000">
        <ele>193.420</ele>
      </trkpt>
      <trkpt lat="51.176840000" lon="15.849620000">
        <ele>191.240</ele>
      </trkpt>
      <trkpt lat="51.176940000" lon="15.850160000">
        <ele>191.780</ele>
      </trkpt>
      <trkpt lat="51.177110000" lon="15.850750000">
        <ele>192.150</ele>
      </trkpt>
      <trkpt lat="51.177210000" lon="15.851250000">
        <ele>189.000</ele>
      </trkpt>
      <trkpt lat="51.176920000" lon="15.851080000">
        <ele>188.840</ele>
      </trkpt>
      <trkpt lat="51.176630000" lon="15.850880000">
        <ele>186.020</ele>
      </trkpt>
      <trkpt lat="51.176400000" lon="15.850680000">
        <ele>185.470</ele>
      </trkpt>
      <trkpt lat="51.176140000" lon="15.850420000">
        <ele>184.510</ele>
      </trkpt>
      <trkpt lat="51.175240000" lon="15.849210000">
        <ele>192.000</ele>
      </trkpt>
      <trkpt lat="51.175030000" lon="15.848940000">
        <ele>192.890</ele>
      </trkpt>
      <trkpt lat="51.174830000" lon="15.848500000">
        <ele>190.040</ele>
      </trkpt>
      <trkpt lat="51.174710000" lon="15.848220000">
        <ele>191.140</ele>
      </trkpt>
      <trkpt lat="51.174610000" lon="15.848060000">
        <ele>191.750</ele>
      </trkpt>
      <trkpt lat="51.174490000" lon="15.847960000">
        <ele>190.200</ele>
      </trkpt>
      <trkpt lat="51.174380000" lon="15.847930000">
        <ele>189.970</ele>
      </trkpt>
      <trkpt lat="51.174240000" lon="15.847930000">
        <ele>190.880</ele>
      </trkpt>
      <trkpt lat="51.174130000" lon="15.847930000">
        <ele>191.500</ele>
      </trkpt>
      <trkpt lat="51.174020000" lon="15.847860000">
        <ele>192.420</ele>
      </trkpt>
      <trkpt lat="51.172920000" lon="15.846660000">
        <ele>185.980</ele>
      </trkpt>
      <trkpt lat="51.172860000" lon="15.846600000">
        <ele>186.960</ele>
      </trkpt>
      <trkpt lat="51.172560000" lon="15.846260000">
        <ele>189.930</ele>
      </trkpt>
      <trkpt lat="51.172320000" lon="15.846130000">
        <ele>191.540</ele>
      </trkpt>
      <trkpt lat="51.172220000" lon="15.846070000">
        <ele>192.280</ele>
      </trkpt>
      <trkpt lat="51.172060000" lon="15.845990000">
        <ele>191.190</ele>
      </trkpt>
      <trkpt lat="51.171480000" lon="15.845800000">
        <ele>185.370</ele>
      </trkpt>
      <trkpt lat="51.171390000" lon="15.845770000">
        <ele>184.330</ele>
      </trkpt>
      <trkpt lat="51.170190000" lon="15.845480000">
        <ele>194.590</ele>
      </trkpt>
      <trkpt lat="51.170040000" lon="15.845440000">
        <ele>195.270</ele>
      </trkpt>
      <trkpt lat="51.169570000" lon="15.845290000">
        <ele>199.000</ele>
      </trkpt>
      <trkpt lat="51.169230000" lon="15.845150000">
        <ele>202.760</ele>
      </trkpt>
      <trkpt lat="51.169230000" lon="15.845150000">
        <ele>202.760</ele>
      </trkpt>
      <trkpt lat="51.169230000" lon="15.845150000">
        <ele>202.760</ele>
      </trkpt>
      <trkpt lat="51.169140000" lon="15.845120000">
        <ele>203.420</ele>
      </trkpt>
      <trkpt lat="51.168760000" lon="15.844940000">
        <ele>201.540</ele>
      </trkpt>
      <trkpt lat="51.168650000" lon="15.844900000">
        <ele>201.140</ele>
      </trkpt>
      <trkpt lat="51.168620000" lon="15.844900000">
        <ele>201.030</ele>
      </trkpt>
      <trkpt lat="51.168580000" lon="15.844910000">
        <ele>200.850</ele>
      </trkpt>
      <trkpt lat="51.168450000" lon="15.844960000">
        <ele>200.010</ele>
      </trkpt>
      <trkpt lat="51.168310000" lon="15.845080000">
        <ele>199.260</ele>
      </trkpt>
      <trkpt lat="51.168110000" lon="15.845320000">
        <ele>199.350</ele>
      </trkpt>
      <trkpt lat="51.168010000" lon="15.845530000">
        <ele>199.940</ele>
      </trkpt>
      <trkpt lat="51.167950000" lon="15.845760000">
        <ele>199.820</ele>
      </trkpt>
      <trkpt lat="51.167920000" lon="15.846060000">
        <ele>199.180</ele>
      </trkpt>
      <trkpt lat="51.167940000" lon="15.846990000">
        <ele>200.850</ele>
      </trkpt>
      <trkpt lat="51.167940000" lon="15.847270000">
        <ele>201.360</ele>
      </trkpt>
      <trkpt lat="51.167920000" lon="15.847470000">
        <ele>201.070</ele>
      </trkpt>
      <trkpt lat="51.167870000" lon="15.847630000">
        <ele>199.840</ele>
      </trkpt>
      <trkpt lat="51.167840000" lon="15.847670000">
        <ele>199.210</ele>
      </trkpt>
      <trkpt lat="51.167780000" lon="15.847750000">
        <ele>198.040</ele>
      </trkpt>
      <trkpt lat="51.167570000" lon="15.847840000">
        <ele>193.510</ele>
      </trkpt>
      <trkpt lat="51.165650000" lon="15.848240000">
        <ele>196.030</ele>
      </trkpt>
      <trkpt lat="51.165530000" lon="15.848330000">
        <ele>195.080</ele>
      </trkpt>
      <trkpt lat="51.165490000" lon="15.848400000">
        <ele>195.420</ele>
      </trkpt>
      <trkpt lat="51.165440000" lon="15.848500000">
        <ele>195.770</ele>
      </trkpt>
      <trkpt lat="51.165420000" lon="15.848720000">
        <ele>196.590</ele>
      </trkpt>
      <trkpt lat="51.165390000" lon="15.849760000">
        <ele>201.270</ele>
      </trkpt>
      <trkpt lat="51.165360000" lon="15.849960000">
        <ele>200.440</ele>
      </trkpt>
      <trkpt lat="51.165320000" lon="15.850130000">
        <ele>199.760</ele>
      </trkpt>
      <trkpt lat="51.165270000" lon="15.850280000">
        <ele>198.940</ele>
      </trkpt>
      <trkpt lat="51.165230000" lon="15.850340000">
        <ele>198.620</ele>
      </trkpt>
      <trkpt lat="51.165200000" lon="15.850390000">
        <ele>198.330</ele>
      </trkpt>
      <trkpt lat="51.165100000" lon="15.850470000">
        <ele>197.280</ele>
      </trkpt>
      <trkpt lat="51.164940000" lon="15.850520000">
        <ele>195.670</ele>
      </trkpt>
      <trkpt lat="51.164650000" lon="15.850570000">
        <ele>193.710</ele>
      </trkpt>
      <trkpt lat="51.163690000" lon="15.850720000">
        <ele>195.890</ele>
      </trkpt>
      <trkpt lat="51.163450000" lon="15.850790000">
        <ele>199.480</ele>
      </trkpt>
      <trkpt lat="51.163320000" lon="15.850920000">
        <ele>201.640</ele>
      </trkpt>
      <trkpt lat="51.163230000" lon="15.851090000">
        <ele>200.700</ele>
      </trkpt>
      <trkpt lat="51.163180000" lon="15.851300000">
        <ele>200.380</ele>
      </trkpt>
      <trkpt lat="51.163190000" lon="15.852110000">
        <ele>203.450</ele>
      </trkpt>
      <trkpt lat="51.163210000" lon="15.852650000">
        <ele>201.020</ele>
      </trkpt>
      <trkpt lat="51.163200000" lon="15.852920000">
        <ele>199.740</ele>
      </trkpt>
      <trkpt lat="51.163180000" lon="15.853210000">
        <ele>198.440</ele>
      </trkpt>
      <trkpt lat="51.163150000" lon="15.853930000">
        <ele>196.000</ele>
      </trkpt>
      <trkpt lat="51.163140000" lon="15.854100000">
        <ele>196.000</ele>
      </trkpt>
      <trkpt lat="51.163110000" lon="15.854300000">
        <ele>195.520</ele>
      </trkpt>
      <trkpt lat="51.163070000" lon="15.854460000">
        <ele>194.940</ele>
      </trkpt>
      <trkpt lat="51.163060000" lon="15.854510000">
        <ele>194.760</ele>
      </trkpt>
      <trkpt lat="51.163010000" lon="15.854630000">
        <ele>194.280</ele>
      </trkpt>
      <trkpt lat="51.162960000" lon="15.854770000">
        <ele>194.230</ele>
      </trkpt>
      <trkpt lat="51.162910000" lon="15.854920000">
        <ele>194.680</ele>
      </trkpt>
      <trkpt lat="51.162880000" lon="15.855080000">
        <ele>195.020</ele>
      </trkpt>
      <trkpt lat="51.162840000" lon="15.855260000">
        <ele>195.380</ele>
      </trkpt>
      <trkpt lat="51.162820000" lon="15.855500000">
        <ele>196.100</ele>
      </trkpt>
      <trkpt lat="51.162780000" lon="15.855860000">
        <ele>194.910</ele>
      </trkpt>
      <trkpt lat="51.162750000" lon="15.856160000">
        <ele>193.460</ele>
      </trkpt>
      <trkpt lat="51.162710000" lon="15.856340000">
        <ele>192.600</ele>
      </trkpt>
      <trkpt lat="51.162670000" lon="15.856500000">
        <ele>192.220</ele>
      </trkpt>
      <trkpt lat="51.162590000" lon="15.856650000">
        <ele>191.650</ele>
      </trkpt>
      <trkpt lat="51.162440000" lon="15.856830000">
        <ele>189.300</ele>
      </trkpt>
      <trkpt lat="51.162330000" lon="15.856950000">
        <ele>187.770</ele>
      </trkpt>
      <trkpt lat="51.162240000" lon="15.856980000">
        <ele>187.120</ele>
      </trkpt>
      <trkpt lat="51.162120000" lon="15.857020000">
        <ele>187.370</ele>
      </trkpt>
      <trkpt lat="51.161970000" lon="15.857020000">
        <ele>187.910</ele>
      </trkpt>
      <trkpt lat="51.161810000" lon="15.857040000">
        <ele>189.940</ele>
      </trkpt>
      <trkpt lat="51.161770000" lon="15.857040000">
        <ele>190.510</ele>
      </trkpt>
      <trkpt lat="51.161690000" lon="15.857020000">
        <ele>191.660</ele>
      </trkpt>
      <trkpt lat="51.161650000" lon="15.857010000">
        <ele>192.180</ele>
      </trkpt>
      <trkpt lat="51.161580000" lon="15.856970000">
        <ele>192.940</ele>
      </trkpt>
      <trkpt lat="51.161460000" lon="15.856870000">
        <ele>194.500</ele>
      </trkpt>
      <trkpt lat="51.161380000" lon="15.857050000">
        <ele>195.070</ele>
      </trkpt>
      <trkpt lat="51.161350000" lon="15.857130000">
        <ele>195.230</ele>
      </trkpt>
      <trkpt lat="51.161290000" lon="15.857320000">
        <ele>195.330</ele>
      </trkpt>
      <trkpt lat="51.161200000" lon="15.857580000">
        <ele>194.350</ele>
      </trkpt>
      <trkpt lat="51.161150000" lon="15.857680000">
        <ele>193.630</ele>
      </trkpt>
      <trkpt lat="51.161080000" lon="15.857750000">
        <ele>192.570</ele>
      </trkpt>
      <trkpt lat="51.161000000" lon="15.857780000">
        <ele>191.040</ele>
      </trkpt>
      <trkpt lat="51.160970000" lon="15.857790000">
        <ele>190.680</ele>
      </trkpt>
      <trkpt lat="51.160910000" lon="15.857810000">
        <ele>190.060</ele>
      </trkpt>
      <trkpt lat="51.160820000" lon="15.857830000">
        <ele>189.450</ele>
      </trkpt>
      <trkpt lat="51.160710000" lon="15.857870000">
        <ele>191.510</ele>
      </trkpt>
      <trkpt lat="51.160620000" lon="15.857940000">
        <ele>193.940</ele>
      </trkpt>
      <trkpt lat="51.160540000" lon="15.858010000">
        <ele>196.200</ele>
      </trkpt>
      <trkpt lat="51.160440000" lon="15.858110000">
        <ele>198.640</ele>
      </trkpt>
      <trkpt lat="51.160350000" lon="15.858230000">
        <ele>200.480</ele>
      </trkpt>
      <trkpt lat="51.160290000" lon="15.858330000">
        <ele>201.840</ele>
      </trkpt>
      <trkpt lat="51.160210000" lon="15.858520000">
        <ele>202.770</ele>
      </trkpt>
      <trkpt lat="51.160100000" lon="15.858840000">
        <ele>201.550</ele>
      </trkpt>
      <trkpt lat="51.159910000" lon="15.859360000">
        <ele>197.640</ele>
      </trkpt>
      <trkpt lat="51.159910000" lon="15.859360000">
        <ele>197.640</ele>
      </trkpt>
      <trkpt lat="51.159910000" lon="15.859360000">
        <ele>197.640</ele>
      </trkpt>
      <trkpt lat="51.159790000" lon="15.859640000">
        <ele>195.900</ele>
      </trkpt>
      <trkpt lat="51.159650000" lon="15.859960000">
        <ele>195.890</ele>
      </trkpt>
      <trkpt lat="51.159520000" lon="15.860190000">
        <ele>196.870</ele>
      </trkpt>
      <trkpt lat="51.159390000" lon="15.860370000">
        <ele>197.200</ele>
      </trkpt>
      <trkpt lat="51.159260000" lon="15.860510000">
        <ele>197.730</ele>
      </trkpt>
      <trkpt lat="51.158780000" lon="15.861210000">
        <ele>195.930</ele>
      </trkpt>
      <trkpt lat="51.158290000" lon="15.861900000">
        <ele>197.760</ele>
      </trkpt>
      <trkpt lat="51.157990000" lon="15.862360000">
        <ele>200.610</ele>
      </trkpt>
      <trkpt lat="51.157700000" lon="15.862800000">
        <ele>199.960</ele>
      </trkpt>
      <trkpt lat="51.157320000" lon="15.863380000">
        <ele>199.750</ele>
      </trkpt>
      <trkpt lat="51.156940000" lon="15.864010000">
        <ele>201.870</ele>
      </trkpt>
      <trkpt lat="51.156430000" lon="15.864870000">
        <ele>203.880</ele>
      </trkpt>
      <trkpt lat="51.156410000" lon="15.864920000">
        <ele>204.260</ele>
      </trkpt>
      <trkpt lat="51.156140000" lon="15.865450000">
        <ele>205.450</ele>
      </trkpt>
      <trkpt lat="51.155660000" lon="15.866630000">
        <ele>208.950</ele>
      </trkpt>
      <trkpt lat="51.155500000" lon="15.867040000">
        <ele>208.750</ele>
      </trkpt>
      <trkpt lat="51.155240000" lon="15.867630000">
        <ele>212.070</ele>
      </trkpt>
      <trkpt lat="51.154820000" lon="15.868690000">
        <ele>219.050</ele>
      </trkpt>
      <trkpt lat="51.154420000" lon="15.869730000">
        <ele>213.880</ele>
      </trkpt>
      <trkpt lat="51.154190000" lon="15.870360000">
        <ele>213.770</ele>
      </trkpt>
      <trkpt lat="51.153950000" lon="15.870990000">
        <ele>215.240</ele>
      </trkpt>
      <trkpt lat="51.153660000" lon="15.871790000">
        <ele>215.970</ele>
      </trkpt>
      <trkpt lat="51.153500000" lon="15.872230000">
        <ele>215.830</ele>
      </trkpt>
      <trkpt lat="51.153190000" lon="15.873070000">
        <ele>214.550</ele>
      </trkpt>
      <trkpt lat="51.152900000" lon="15.873770000">
        <ele>213.760</ele>
      </trkpt>
      <trkpt lat="51.152500000" lon="15.874710000">
        <ele>215.000</ele>
      </trkpt>
      <trkpt lat="51.152240000" lon="15.875470000">
        <ele>217.690</ele>
      </trkpt>
      <trkpt lat="51.152010000" lon="15.876400000">
        <ele>215.220</ele>
      </trkpt>
      <trkpt lat="51.151910000" lon="15.876740000">
        <ele>215.390</ele>
      </trkpt>
      <trkpt lat="51.151680000" lon="15.877680000">
        <ele>216.610</ele>
      </trkpt>
      <trkpt lat="51.151370000" lon="15.878910000">
        <ele>218.400</ele>
      </trkpt>
      <trkpt lat="51.151150000" lon="15.879850000">
        <ele>214.410</ele>
      </trkpt>
      <trkpt lat="51.150920000" lon="15.880780000">
        <ele>216.310</ele>
      </trkpt>
      <trkpt lat="51.150770000" lon="15.881390000">
        <ele>217.230</ele>
      </trkpt>
      <trkpt lat="51.150590000" lon="15.881960000">
        <ele>219.780</ele>
      </trkpt>
      <trkpt lat="51.150330000" lon="15.882770000">
        <ele>218.770</ele>
      </trkpt>
      <trkpt lat="51.150050000" lon="15.883640000">
        <ele>215.890</ele>
      </trkpt>
      <trkpt lat="51.149760000" lon="15.884510000">
        <ele>217.500</ele>
      </trkpt>
      <trkpt lat="51.149670000" lon="15.884820000">
        <ele>216.920</ele>
      </trkpt>
      <trkpt lat="51.149370000" lon="15.885770000">
        <ele>218.520</ele>
      </trkpt>
      <trkpt lat="51.149150000" lon="15.886480000">
        <ele>215.780</ele>
      </trkpt>
      <trkpt lat="51.148940000" lon="15.887190000">
        <ele>216.530</ele>
      </trkpt>
      <trkpt lat="51.148720000" lon="15.887900000">
        <ele>217.120</ele>
      </trkpt>
      <trkpt lat="51.148720000" lon="15.887900000">
        <ele>217.120</ele>
      </trkpt>
      <trkpt lat="51.148720000" lon="15.887900000">
        <ele>217.120</ele>
      </trkpt>
      <trkpt lat="51.148550000" lon="15.888450000">
        <ele>215.760</ele>
      </trkpt>
      <trkpt lat="51.148420000" lon="15.888750000">
        <ele>215.940</ele>
      </trkpt>
      <trkpt lat="51.148390000" lon="15.888820000">
        <ele>216.120</ele>
      </trkpt>
      <trkpt lat="51.148340000" lon="15.888950000">
        <ele>216.080</ele>
      </trkpt>
      <trkpt lat="51.148040000" lon="15.889660000">
        <ele>212.840</ele>
      </trkpt>
      <trkpt lat="51.147760000" lon="15.890300000">
        <ele>211.880</ele>
      </trkpt>
      <trkpt lat="51.147480000" lon="15.890940000">
        <ele>213.500</ele>
      </trkpt>
      <trkpt lat="51.147010000" lon="15.891960000">
        <ele>214.250</ele>
      </trkpt>
      <trkpt lat="51.146980000" lon="15.892030000">
        <ele>214.170</ele>
      </trkpt>
      <trkpt lat="51.146680000" lon="15.892670000">
        <ele>213.100</ele>
      </trkpt>
      <trkpt lat="51.146370000" lon="15.893300000">
        <ele>211.870</ele>
      </trkpt>
      <trkpt lat="51.146080000" lon="15.893860000">
        <ele>211.780</ele>
      </trkpt>
      <trkpt lat="51.145790000" lon="15.894420000">
        <ele>210.560</ele>
      </trkpt>
      <trkpt lat="51.145620000" lon="15.894630000">
        <ele>210.390</ele>
      </trkpt>
      <trkpt lat="51.145340000" lon="15.894850000">
        <ele>207.410</ele>
      </trkpt>
      <trkpt lat="51.144860000" lon="15.895160000">
        <ele>206.270</ele>
      </trkpt>
      <trkpt lat="51.144380000" lon="15.895460000">
        <ele>209.590</ele>
      </trkpt>
      <trkpt lat="51.143850000" lon="15.895800000">
        <ele>207.490</ele>
      </trkpt>
      <trkpt lat="51.143120000" lon="15.896390000">
        <ele>211.230</ele>
      </trkpt>
      <trkpt lat="51.142670000" lon="15.896730000">
        <ele>213.380</ele>
      </trkpt>
      <trkpt lat="51.142210000" lon="15.897070000">
        <ele>215.350</ele>
      </trkpt>
      <trkpt lat="51.141760000" lon="15.897410000">
        <ele>209.550</ele>
      </trkpt>
      <trkpt lat="51.141310000" lon="15.897750000">
        <ele>207.440</ele>
      </trkpt>
      <trkpt lat="51.140850000" lon="15.898090000">
        <ele>208.210</ele>
      </trkpt>
      <trkpt lat="51.140400000" lon="15.898430000">
        <ele>207.770</ele>
      </trkpt>
      <trkpt lat="51.139940000" lon="15.898770000">
        <ele>208.870</ele>
      </trkpt>
      <trkpt lat="51.139490000" lon="15.899110000">
        <ele>211.830</ele>
      </trkpt>
      <trkpt lat="51.139030000" lon="15.899590000">
        <ele>210.790</ele>
      </trkpt>
      <trkpt lat="51.138570000" lon="15.900060000">
        <ele>212.360</ele>
      </trkpt>
      <trkpt lat="51.138110000" lon="15.900540000">
        <ele>213.200</ele>
      </trkpt>
      <trkpt lat="51.137650000" lon="15.901010000">
        <ele>216.670</ele>
      </trkpt>
      <trkpt lat="51.137010000" lon="15.901700000">
        <ele>216.070</ele>
      </trkpt>
      <trkpt lat="51.136460000" lon="15.902290000">
        <ele>210.250</ele>
      </trkpt>
      <trkpt lat="51.136100000" lon="15.902680000">
        <ele>210.420</ele>
      </trkpt>
      <trkpt lat="51.135860000" lon="15.902920000">
        <ele>211.150</ele>
      </trkpt>
      <trkpt lat="51.135660000" lon="15.903120000">
        <ele>213.280</ele>
      </trkpt>
      <trkpt lat="51.135450000" lon="15.903280000">
        <ele>216.040</ele>
      </trkpt>
      <trkpt lat="51.135050000" lon="15.903590000">
        <ele>210.920</ele>
      </trkpt>
      <trkpt lat="51.134690000" lon="15.903830000">
        <ele>213.950</ele>
      </trkpt>
      <trkpt lat="51.134530000" lon="15.903950000">
        <ele>214.830</ele>
      </trkpt>
      <trkpt lat="51.134370000" lon="15.904060000">
        <ele>216.010</ele>
      </trkpt>
      <trkpt lat="51.134160000" lon="15.904220000">
        <ele>217.540</ele>
      </trkpt>
      <trkpt lat="51.134050000" lon="15.904310000">
        <ele>218.340</ele>
      </trkpt>
      <trkpt lat="51.133990000" lon="15.904390000">
        <ele>218.260</ele>
      </trkpt>
      <trkpt lat="51.133940000" lon="15.904490000">
        <ele>218.620</ele>
      </trkpt>
      <trkpt lat="51.133900000" lon="15.904590000">
        <ele>219.910</ele>
      </trkpt>
      <trkpt lat="51.133890000" lon="15.904700000">
        <ele>220.830</ele>
      </trkpt>
      <trkpt lat="51.133880000" lon="15.904820000">
        <ele>221.710</ele>
      </trkpt>
      <trkpt lat="51.133880000" lon="15.904940000">
        <ele>222.550</ele>
      </trkpt>
      <trkpt lat="51.133900000" lon="15.905100000">
        <ele>223.970</ele>
      </trkpt>
      <trkpt lat="51.133960000" lon="15.905590000">
        <ele>223.760</ele>
      </trkpt>
      <trkpt lat="51.133900000" lon="15.905620000">
        <ele>224.390</ele>
      </trkpt>
      <trkpt lat="51.133900000" lon="15.905620000">
        <ele>224.390</ele>
      </trkpt>
      <trkpt lat="51.133900000" lon="15.905620000">
        <ele>224.390</ele>
      </trkpt>
      <trkpt lat="51.133960000" lon="15.905590000">
        <ele>223.760</ele>
      </trkpt>
      <trkpt lat="51.134060000" lon="15.906470000">
        <ele>219.380</ele>
      </trkpt>
      <trkpt lat="51.134190000" lon="15.907560000">
        <ele>216.590</ele>
      </trkpt>
      <trkpt lat="51.134280000" lon="15.908190000">
        <ele>216.770</ele>
      </trkpt>
      <trkpt lat="51.134280000" lon="15.908200000">
        <ele>216.660</ele>
      </trkpt>
      <trkpt lat="51.134290000" lon="15.908220000">
        <ele>216.560</ele>
      </trkpt>
      <trkpt lat="51.134310000" lon="15.908360000">
        <ele>215.500</ele>
      </trkpt>
      <trkpt lat="51.134230000" lon="15.908420000">
        <ele>214.440</ele>
      </trkpt>
      <trkpt lat="51.134010000" lon="15.908580000">
        <ele>214.240</ele>
      </trkpt>
      <trkpt lat="51.133960000" lon="15.908620000">
        <ele>214.500</ele>
      </trkpt>
      <trkpt lat="51.133920000" lon="15.908650000">
        <ele>214.790</ele>
      </trkpt>
      <trkpt lat="51.133590000" lon="15.908900000">
        <ele>215.850</ele>
      </trkpt>
      <trkpt lat="51.133380000" lon="15.909050000">
        <ele>214.490</ele>
      </trkpt>
      <trkpt lat="51.133360000" lon="15.909070000">
        <ele>214.380</ele>
      </trkpt>
      <trkpt lat="51.133320000" lon="15.909100000">
        <ele>214.220</ele>
      </trkpt>
      <trkpt lat="51.133260000" lon="15.909150000">
        <ele>214.030</ele>
      </trkpt>
      <trkpt lat="51.133100000" lon="15.909280000">
        <ele>214.340</ele>
      </trkpt>
      <trkpt lat="51.132450000" lon="15.909860000">
        <ele>220.060</ele>
      </trkpt>
      <trkpt lat="51.132390000" lon="15.909910000">
        <ele>219.190</ele>
      </trkpt>
      <trkpt lat="51.132340000" lon="15.909960000">
        <ele>218.610</ele>
      </trkpt>
      <trkpt lat="51.132120000" lon="15.910160000">
        <ele>216.480</ele>
      </trkpt>
      <trkpt lat="51.131830000" lon="15.910410000">
        <ele>213.670</ele>
      </trkpt>
      <trkpt lat="51.131810000" lon="15.910420000">
        <ele>213.530</ele>
      </trkpt>
      <trkpt lat="51.131530000" lon="15.910650000">
        <ele>214.470</ele>
      </trkpt>
      <trkpt lat="51.131430000" lon="15.910730000">
        <ele>215.820</ele>
      </trkpt>
      <trkpt lat="51.131350000" lon="15.910800000">
        <ele>215.810</ele>
      </trkpt>
      <trkpt lat="51.131280000" lon="15.910850000">
        <ele>215.220</ele>
      </trkpt>
      <trkpt lat="51.131050000" lon="15.911050000">
        <ele>213.070</ele>
      </trkpt>
      <trkpt lat="51.130870000" lon="15.911230000">
        <ele>210.530</ele>
      </trkpt>
      <trkpt lat="51.130810000" lon="15.911320000">
        <ele>210.040</ele>
      </trkpt>
      <trkpt lat="51.130730000" lon="15.911450000">
        <ele>210.060</ele>
      </trkpt>
      <trkpt lat="51.130620000" lon="15.911620000">
        <ele>209.550</ele>
      </trkpt>
      <trkpt lat="51.130620000" lon="15.911620000">
        <ele>209.550</ele>
      </trkpt>
      <trkpt lat="51.130620000" lon="15.911610000">
        <ele>209.570</ele>
      </trkpt>
      <trkpt lat="51.130500000" lon="15.911800000">
        <ele>208.500</ele>
      </trkpt>
      <trkpt lat="51.130410000" lon="15.911920000">
        <ele>207.910</ele>
      </trkpt>
      <trkpt lat="51.130330000" lon="15.912040000">
        <ele>207.100</ele>
      </trkpt>
      <trkpt lat="51.130200000" lon="15.912210000">
        <ele>204.310</ele>
      </trkpt>
      <trkpt lat="51.130130000" lon="15.912280000">
        <ele>203.140</ele>
      </trkpt>
      <trkpt lat="51.130080000" lon="15.912300000">
        <ele>202.330</ele>
      </trkpt>
      <trkpt lat="51.130040000" lon="15.912300000">
        <ele>201.580</ele>
      </trkpt>
      <trkpt lat="51.130010000" lon="15.912290000">
        <ele>200.920</ele>
      </trkpt>
      <trkpt lat="51.129950000" lon="15.912260000">
        <ele>198.740</ele>
      </trkpt>
      <trkpt lat="51.129890000" lon="15.912180000">
        <ele>196.220</ele>
      </trkpt>
      <trkpt lat="51.129850000" lon="15.912070000">
        <ele>194.680</ele>
      </trkpt>
      <trkpt lat="51.129810000" lon="15.911850000">
        <ele>193.830</ele>
      </trkpt>
      <trkpt lat="51.129800000" lon="15.911730000">
        <ele>194.080</ele>
      </trkpt>
      <trkpt lat="51.129790000" lon="15.911630000">
        <ele>194.180</ele>
      </trkpt>
      <trkpt lat="51.129770000" lon="15.911540000">
        <ele>194.020</ele>
      </trkpt>
      <trkpt lat="51.129730000" lon="15.911460000">
        <ele>193.990</ele>
      </trkpt>
      <trkpt lat="51.129680000" lon="15.911380000">
        <ele>194.140</ele>
      </trkpt>
      <trkpt lat="51.129600000" lon="15.911270000">
        <ele>194.060</ele>
      </trkpt>
      <trkpt lat="51.129380000" lon="15.911030000">
        <ele>193.100</ele>
      </trkpt>
      <trkpt lat="51.129300000" lon="15.910950000">
        <ele>193.160</ele>
      </trkpt>
      <trkpt lat="51.129250000" lon="15.910880000">
        <ele>192.990</ele>
      </trkpt>
      <trkpt lat="51.129220000" lon="15.910850000">
        <ele>192.920</ele>
      </trkpt>
      <trkpt lat="51.129170000" lon="15.910790000">
        <ele>192.680</ele>
      </trkpt>
      <trkpt lat="51.129140000" lon="15.910770000">
        <ele>192.400</ele>
      </trkpt>
      <trkpt lat="51.129090000" lon="15.910750000">
        <ele>191.960</ele>
      </trkpt>
      <trkpt lat="51.129040000" lon="15.910760000">
        <ele>191.780</ele>
      </trkpt>
      <trkpt lat="51.128970000" lon="15.910810000">
        <ele>192.010</ele>
      </trkpt>
      <trkpt lat="51.128800000" lon="15.910870000">
        <ele>191.620</ele>
      </trkpt>
      <trkpt lat="51.128780000" lon="15.910890000">
        <ele>191.680</ele>
      </trkpt>
      <trkpt lat="51.128660000" lon="15.910950000">
        <ele>190.940</ele>
      </trkpt>
      <trkpt lat="51.128550000" lon="15.911010000">
        <ele>190.030</ele>
      </trkpt>
      <trkpt lat="51.128490000" lon="15.911040000">
        <ele>189.490</ele>
      </trkpt>
      <trkpt lat="51.128440000" lon="15.911070000">
        <ele>189.090</ele>
      </trkpt>
      <trkpt lat="51.128350000" lon="15.911090000">
        <ele>188.010</ele>
      </trkpt>
      <trkpt lat="51.128270000" lon="15.911060000">
        <ele>186.430</ele>
      </trkpt>
      <trkpt lat="51.128190000" lon="15.911040000">
        <ele>185.050</ele>
      </trkpt>
      <trkpt lat="51.127900000" lon="15.910910000">
        <ele>183.150</ele>
      </trkpt>
      <trkpt lat="51.127820000" lon="15.910860000">
        <ele>183.080</ele>
      </trkpt>
      <trkpt lat="51.127830000" lon="15.911050000">
        <ele>183.630</ele>
      </trkpt>
      <trkpt lat="51.127840000" lon="15.911110000">
        <ele>183.770</ele>
      </trkpt>
      <trkpt lat="51.127860000" lon="15.911840000">
        <ele>185.740</ele>
      </trkpt>
      <trkpt lat="51.127860000" lon="15.912070000">
        <ele>187.470</ele>
      </trkpt>
      <trkpt lat="51.127860000" lon="15.912070000">
        <ele>187.470</ele>
      </trkpt>
      <trkpt lat="51.127860000" lon="15.912070000">
        <ele>187.470</ele>
      </trkpt>
      <trkpt lat="51.127870000" lon="15.912430000">
        <ele>190.500</ele>
      </trkpt>
      <trkpt lat="51.127870000" lon="15.913280000">
        <ele>195.070</ele>
      </trkpt>
      <trkpt lat="51.127880000" lon="15.914640000">
        <ele>184.420</ele>
      </trkpt>
      <trkpt lat="51.127890000" lon="15.914860000">
        <ele>184.780</ele>
      </trkpt>
      <trkpt lat="51.127860000" lon="15.915020000">
        <ele>185.480</ele>
      </trkpt>
      <trkpt lat="51.127800000" lon="15.915300000">
        <ele>186.770</ele>
      </trkpt>
      <trkpt lat="51.127760000" lon="15.915430000">
        <ele>186.610</ele>
      </trkpt>
      <trkpt lat="51.127700000" lon="15.915590000">
        <ele>186.530</ele>
      </trkpt>
      <trkpt lat="51.127690000" lon="15.915720000">
        <ele>186.440</ele>
      </trkpt>
      <trkpt lat="51.127680000" lon="15.915870000">
        <ele>186.350</ele>
      </trkpt>
      <trkpt lat="51.127700000" lon="15.916630000">
        <ele>186.620</ele>
      </trkpt>
      <trkpt lat="51.127700000" lon="15.917130000">
        <ele>188.430</ele>
      </trkpt>
      <trkpt lat="51.127700000" lon="15.917130000">
        <ele>188.430</ele>
      </trkpt>
      <trkpt lat="51.127700000" lon="15.917130000">
        <ele>188.430</ele>
      </trkpt>
      <trkpt lat="51.127670000" lon="15.917310000">
        <ele>188.270</ele>
      </trkpt>
      <trkpt lat="51.127650000" lon="15.917490000">
        <ele>188.020</ele>
      </trkpt>
      <trkpt lat="51.127610000" lon="15.917660000">
        <ele>188.230</ele>
      </trkpt>
      <trkpt lat="51.127560000" lon="15.917850000">
        <ele>188.480</ele>
      </trkpt>
      <trkpt lat="51.127510000" lon="15.917950000">
        <ele>188.660</ele>
      </trkpt>
      <trkpt lat="51.127460000" lon="15.918020000">
        <ele>189.020</ele>
      </trkpt>
      <trkpt lat="51.127310000" lon="15.918230000">
        <ele>191.570</ele>
      </trkpt>
      <trkpt lat="51.127180000" lon="15.918380000">
        <ele>193.820</ele>
      </trkpt>
      <trkpt lat="51.127110000" lon="15.918470000">
        <ele>195.370</ele>
      </trkpt>
      <trkpt lat="51.127030000" lon="15.918570000">
        <ele>197.100</ele>
      </trkpt>
      <trkpt lat="51.126990000" lon="15.918630000">
        <ele>198.120</ele>
      </trkpt>
      <trkpt lat="51.126890000" lon="15.918800000">
        <ele>202.610</ele>
      </trkpt>
      <trkpt lat="51.126820000" lon="15.918920000">
        <ele>205.880</ele>
      </trkpt>
      <trkpt lat="51.126820000" lon="15.918920000">
        <ele>205.880</ele>
      </trkpt>
      <trkpt lat="51.126820000" lon="15.918920000">
        <ele>205.880</ele>
      </trkpt>
      <trkpt lat="51.126470000" lon="15.919600000">
        <ele>211.140</ele>
      </trkpt>
      <trkpt lat="51.126450000" lon="15.919590000">
        <ele>211.200</ele>
      </trkpt>
      <trkpt lat="51.126430000" lon="15.919580000">
        <ele>211.260</ele>
      </trkpt>
      <trkpt lat="51.126400000" lon="15.919590000">
        <ele>211.460</ele>
      </trkpt>
      <trkpt lat="51.126370000" lon="15.919610000">
        <ele>211.700</ele>
      </trkpt>
      <trkpt lat="51.126360000" lon="15.919650000">
        <ele>211.920</ele>
      </trkpt>
      <trkpt lat="51.126350000" lon="15.919690000">
        <ele>212.150</ele>
      </trkpt>
      <trkpt lat="51.126350000" lon="15.919740000">
        <ele>212.330</ele>
      </trkpt>
      <trkpt lat="51.126360000" lon="15.919780000">
        <ele>212.370</ele>
      </trkpt>
      <trkpt lat="51.126380000" lon="15.919810000">
        <ele>212.360</ele>
      </trkpt>
      <trkpt lat="51.126400000" lon="15.919830000">
        <ele>212.360</ele>
      </trkpt>
      <trkpt lat="51.126430000" lon="15.919830000">
        <ele>212.300</ele>
      </trkpt>
      <trkpt lat="51.126460000" lon="15.919820000">
        <ele>212.190</ele>
      </trkpt>
      <trkpt lat="51.126480000" lon="15.919800000">
        <ele>212.040</ele>
      </trkpt>
      <trkpt lat="51.126500000" lon="15.919760000">
        <ele>211.790</ele>
      </trkpt>
      <trkpt lat="51.126710000" lon="15.919900000">
        <ele>212.420</ele>
      </trkpt>
      <trkpt lat="51.127020000" lon="15.920250000">
        <ele>216.610</ele>
      </trkpt>
      <trkpt lat="51.127140000" lon="15.920380000">
        <ele>216.700</ele>
      </trkpt>
      <trkpt lat="51.127220000" lon="15.920540000">
        <ele>218.730</ele>
      </trkpt>
      <trkpt lat="51.127330000" lon="15.920740000">
        <ele>218.110</ele>
      </trkpt>
      <trkpt lat="51.127540000" lon="15.921060000">
        <ele>219.540</ele>
      </trkpt>
      <trkpt lat="51.127590000" lon="15.921220000">
        <ele>220.830</ele>
      </trkpt>
      <trkpt lat="51.127590000" lon="15.921220000">
        <ele>220.830</ele>
      </trkpt>
      <trkpt lat="51.127590000" lon="15.921220000">
        <ele>220.830</ele>
      </trkpt>
      <trkpt lat="51.127640000" lon="15.921360000">
        <ele>222.310</ele>
      </trkpt>
      <trkpt lat="51.127800000" lon="15.921730000">
        <ele>226.980</ele>
      </trkpt>
      <trkpt lat="51.127940000" lon="15.922010000">
        <ele>228.670</ele>
      </trkpt>
      <trkpt lat="51.128160000" lon="15.922330000">
        <ele>228.360</ele>
      </trkpt>
      <trkpt lat="51.128490000" lon="15.922740000">
        <ele>225.590</ele>
      </trkpt>
      <trkpt lat="51.128800000" lon="15.923160000">
        <ele>225.820</ele>
      </trkpt>
      <trkpt lat="51.128880000" lon="15.923280000">
        <ele>226.720</ele>
      </trkpt>
      <trkpt lat="51.128950000" lon="15.923420000">
        <ele>226.100</ele>
      </trkpt>
      <trkpt lat="51.129110000" lon="15.923740000">
        <ele>223.850</ele>
      </trkpt>
      <trkpt lat="51.129410000" lon="15.924340000">
        <ele>222.710</ele>
      </trkpt>
      <trkpt lat="51.129780000" lon="15.924960000">
        <ele>213.720</ele>
      </trkpt>
      <trkpt lat="51.129890000" lon="15.925120000">
        <ele>209.850</ele>
      </trkpt>
      <trkpt lat="51.130020000" lon="15.925320000">
        <ele>203.190</ele>
      </trkpt>
      <trkpt lat="51.130250000" lon="15.925630000">
        <ele>197.110</ele>
      </trkpt>
      <trkpt lat="51.130530000" lon="15.925900000">
        <ele>196.300</ele>
      </trkpt>
      <trkpt lat="51.130850000" lon="15.926240000">
        <ele>188.390</ele>
      </trkpt>
      <trkpt lat="51.130850000" lon="15.926240000">
        <ele>188.390</ele>
      </trkpt>
      <trkpt lat="51.130850000" lon="15.926240000">
        <ele>188.390</ele>
      </trkpt>
      <trkpt lat="51.130880000" lon="15.926260000">
        <ele>188.040</ele>
      </trkpt>
      <trkpt lat="51.131190000" lon="15.926580000">
        <ele>185.000</ele>
      </trkpt>
      <trkpt lat="51.131310000" lon="15.926750000">
        <ele>185.430</ele>
      </trkpt>
      <trkpt lat="51.131360000" lon="15.926840000">
        <ele>186.120</ele>
      </trkpt>
      <trkpt lat="51.131410000" lon="15.926940000">
        <ele>186.440</ele>
      </trkpt>
      <trkpt lat="51.131480000" lon="15.927130000">
        <ele>183.590</ele>
      </trkpt>
      <trkpt lat="51.131560000" lon="15.927380000">
        <ele>180.520</ele>
      </trkpt>
      <trkpt lat="51.131750000" lon="15.927990000">
        <ele>179.360</ele>
      </trkpt>
      <trkpt lat="51.131860000" lon="15.928330000">
        <ele>181.980</ele>
      </trkpt>
      <trkpt lat="51.131910000" lon="15.928500000">
        <ele>182.670</ele>
      </trkpt>
      <trkpt lat="51.131910000" lon="15.928500000">
        <ele>182.670</ele>
      </trkpt>
      <trkpt lat="51.131910000" lon="15.928500000">
        <ele>182.670</ele>
      </trkpt>
      <trkpt lat="51.131950000" lon="15.928620000">
        <ele>183.210</ele>
      </trkpt>
      <trkpt lat="51.131970000" lon="15.928670000">
        <ele>184.160</ele>
      </trkpt>
      <trkpt lat="51.131990000" lon="15.928730000">
        <ele>185.160</ele>
      </trkpt>
      <trkpt lat="51.132010000" lon="15.928910000">
        <ele>187.500</ele>
      </trkpt>
      <trkpt lat="51.131920000" lon="15.928890000">
        <ele>187.020</ele>
      </trkpt>
      <trkpt lat="51.131840000" lon="15.928930000">
        <ele>187.480</ele>
      </trkpt>
      <trkpt lat="51.131580000" lon="15.928970000">
        <ele>187.900</ele>
      </trkpt>
      <trkpt lat="51.131180000" lon="15.929020000">
        <ele>190.450</ele>
      </trkpt>
      <trkpt lat="51.130730000" lon="15.929160000">
        <ele>195.320</ele>
      </trkpt>
      <trkpt lat="51.130730000" lon="15.929160000">
        <ele>195.320</ele>
      </trkpt>
      <trkpt lat="51.130730000" lon="15.929160000">
        <ele>195.320</ele>
      </trkpt>
      <trkpt lat="51.130690000" lon="15.929160000">
        <ele>195.470</ele>
      </trkpt>
      <trkpt lat="51.130670000" lon="15.929150000">
        <ele>195.470</ele>
      </trkpt>
      <trkpt lat="51.130630000" lon="15.929080000">
        <ele>195.110</ele>
      </trkpt>
      <trkpt lat="51.130610000" lon="15.929020000">
        <ele>194.750</ele>
      </trkpt>
      <trkpt lat="51.130560000" lon="15.929040000">
        <ele>195.070</ele>
      </trkpt>
      <trkpt lat="51.130510000" lon="15.929060000">
        <ele>194.580</ele>
      </trkpt>
      <trkpt lat="51.130470000" lon="15.929100000">
        <ele>194.290</ele>
      </trkpt>
      <trkpt lat="51.130530000" lon="15.929220000">
        <ele>196.020</ele>
      </trkpt>
      <trkpt lat="51.130610000" lon="15.929370000">
        <ele>196.980</ele>
      </trkpt>
      <trkpt lat="51.130750000" lon="15.929640000">
        <ele>198.220</ele>
      </trkpt>
      <trkpt lat="51.130780000" lon="15.929700000">
        <ele>198.510</ele>
      </trkpt>
      <trkpt lat="51.130920000" lon="15.929930000">
        <ele>196.640</ele>
      </trkpt>
      <trkpt lat="51.130950000" lon="15.930000000">
        <ele>196.060</ele>
      </trkpt>
      <trkpt lat="51.130980000" lon="15.930050000">
        <ele>195.750</ele>
      </trkpt>
      <trkpt lat="51.131290000" lon="15.930650000">
        <ele>192.690</ele>
      </trkpt>
      <trkpt lat="51.131380000" lon="15.930820000">
        <ele>192.070</ele>
      </trkpt>
      <trkpt lat="51.131440000" lon="15.930980000">
        <ele>192.060</ele>
      </trkpt>
      <trkpt lat="51.131470000" lon="15.931080000">
        <ele>192.040</ele>
      </trkpt>
      <trkpt lat="51.131490000" lon="15.931170000">
        <ele>192.180</ele>
      </trkpt>
      <trkpt lat="51.131520000" lon="15.931270000">
        <ele>192.190</ele>
      </trkpt>
      <trkpt lat="51.131550000" lon="15.931390000">
        <ele>192.110</ele>
      </trkpt>
      <trkpt lat="51.131560000" lon="15.931480000">
        <ele>192.370</ele>
      </trkpt>
      <trkpt lat="51.131590000" lon="15.931700000">
        <ele>192.900</ele>
      </trkpt>
      <trkpt lat="51.131620000" lon="15.931870000">
        <ele>193.470</ele>
      </trkpt>
      <trkpt lat="51.131640000" lon="15.932170000">
        <ele>194.470</ele>
      </trkpt>
      <trkpt lat="51.131650000" lon="15.932260000">
        <ele>194.430</ele>
      </trkpt>
      <trkpt lat="51.131650000" lon="15.932340000">
        <ele>194.450</ele>
      </trkpt>
      <trkpt lat="51.131690000" lon="15.932790000">
        <ele>192.820</ele>
      </trkpt>
      <trkpt lat="51.131690000" lon="15.932860000">
        <ele>192.780</ele>
      </trkpt>
      <trkpt lat="51.131700000" lon="15.932990000">
        <ele>192.580</ele>
      </trkpt>
      <trkpt lat="51.131710000" lon="15.933070000">
        <ele>192.350</ele>
      </trkpt>
      <trkpt lat="51.131710000" lon="15.933160000">
        <ele>192.200</ele>
      </trkpt>
      <trkpt lat="51.131720000" lon="15.933240000">
        <ele>191.850</ele>
      </trkpt>
      <trkpt lat="51.131730000" lon="15.933480000">
        <ele>190.760</ele>
      </trkpt>
      <trkpt lat="51.131730000" lon="15.933570000">
        <ele>190.360</ele>
      </trkpt>
      <trkpt lat="51.131730000" lon="15.933660000">
        <ele>190.000</ele>
      </trkpt>
      <trkpt lat="51.131730000" lon="15.933790000">
        <ele>189.530</ele>
      </trkpt>
      <trkpt lat="51.131730000" lon="15.933930000">
        <ele>188.830</ele>
      </trkpt>
      <trkpt lat="51.131720000" lon="15.934250000">
        <ele>187.270</ele>
      </trkpt>
      <trkpt lat="51.131720000" lon="15.934440000">
        <ele>187.800</ele>
      </trkpt>
      <trkpt lat="51.131710000" lon="15.935000000">
        <ele>190.160</ele>
      </trkpt>
      <trkpt lat="51.131710000" lon="15.935050000">
        <ele>189.520</ele>
      </trkpt>
      <trkpt lat="51.131710000" lon="15.935180000">
        <ele>187.870</ele>
      </trkpt>
      <trkpt lat="51.131710000" lon="15.935200000">
        <ele>187.610</ele>
      </trkpt>
      <trkpt lat="51.131720000" lon="15.935270000">
        <ele>186.860</ele>
      </trkpt>
      <trkpt lat="51.131720000" lon="15.935340000">
        <ele>187.000</ele>
      </trkpt>
      <trkpt lat="51.131730000" lon="15.935390000">
        <ele>187.260</ele>
      </trkpt>
      <trkpt lat="51.131740000" lon="15.935470000">
        <ele>187.530</ele>
      </trkpt>
      <trkpt lat="51.131750000" lon="15.935590000">
        <ele>187.540</ele>
      </trkpt>
      <trkpt lat="51.131780000" lon="15.935740000">
        <ele>186.660</ele>
      </trkpt>
      <trkpt lat="51.131830000" lon="15.936020000">
        <ele>185.550</ele>
      </trkpt>
      <trkpt lat="51.131840000" lon="15.936040000">
        <ele>185.470</ele>
      </trkpt>
      <trkpt lat="51.131850000" lon="15.936080000">
        <ele>185.380</ele>
      </trkpt>
      <trkpt lat="51.131850000" lon="15.936110000">
        <ele>185.340</ele>
      </trkpt>
      <trkpt lat="51.131870000" lon="15.936200000">
        <ele>185.350</ele>
      </trkpt>
      <trkpt lat="51.131870000" lon="15.936200000">
        <ele>185.350</ele>
      </trkpt>
      <trkpt lat="51.131870000" lon="15.936200000">
        <ele>185.350</ele>
      </trkpt>
      <trkpt lat="51.131900000" lon="15.936330000">
        <ele>185.290</ele>
      </trkpt>
      <trkpt lat="51.131880000" lon="15.936340000">
        <ele>185.420</ele>
      </trkpt>
      <trkpt lat="51.131860000" lon="15.936350000">
        <ele>185.570</ele>
      </trkpt>
      <trkpt lat="51.131820000" lon="15.936360000">
        <ele>185.850</ele>
      </trkpt>
      <trkpt lat="51.131710000" lon="15.936400000">
        <ele>186.680</ele>
      </trkpt>
      <trkpt lat="51.131600000" lon="15.936460000">
        <ele>188.260</ele>
      </trkpt>
      <trkpt lat="51.131550000" lon="15.936600000">
        <ele>189.420</ele>
      </trkpt>
      <trkpt lat="51.131490000" lon="15.936790000">
        <ele>191.100</ele>
      </trkpt>
      <trkpt lat="51.131430000" lon="15.937020000">
        <ele>192.730</ele>
      </trkpt>
      <trkpt lat="51.131410000" lon="15.937150000">
        <ele>192.780</ele>
      </trkpt>
      <trkpt lat="51.131390000" lon="15.937280000">
        <ele>192.360</ele>
      </trkpt>
      <trkpt lat="51.131340000" lon="15.937620000">
        <ele>189.990</ele>
      </trkpt>
      <trkpt lat="51.131300000" lon="15.937970000">
        <ele>189.920</ele>
      </trkpt>
      <trkpt lat="51.131260000" lon="15.938270000">
        <ele>191.140</ele>
      </trkpt>
      <trkpt lat="51.131240000" lon="15.938500000">
        <ele>192.950</ele>
      </trkpt>
      <trkpt lat="51.131240000" lon="15.938750000">
        <ele>194.290</ele>
      </trkpt>
      <trkpt lat="51.131240000" lon="15.938890000">
        <ele>194.820</ele>
      </trkpt>
      <trkpt lat="51.131250000" lon="15.939200000">
        <ele>193.000</ele>
      </trkpt>
      <trkpt lat="51.131270000" lon="15.939410000">
        <ele>192.690</ele>
      </trkpt>
      <trkpt lat="51.131270000" lon="15.939410000">
        <ele>192.690</ele>
      </trkpt>
      <trkpt lat="51.131270000" lon="15.939410000">
        <ele>192.690</ele>
      </trkpt>
      <trkpt lat="51.131270000" lon="15.939620000">
        <ele>192.350</ele>
      </trkpt>
      <trkpt lat="51.131270000" lon="15.939940000">
        <ele>191.690</ele>
      </trkpt>
      <trkpt lat="51.131270000" lon="15.940230000">
        <ele>188.610</ele>
      </trkpt>
      <trkpt lat="51.131240000" lon="15.940550000">
        <ele>187.770</ele>
      </trkpt>
      <trkpt lat="51.131210000" lon="15.940970000">
        <ele>188.370</ele>
      </trkpt>
      <trkpt lat="51.131180000" lon="15.941190000">
        <ele>188.620</ele>
      </trkpt>
      <trkpt lat="51.131150000" lon="15.941450000">
        <ele>188.390</ele>
      </trkpt>
      <trkpt lat="51.131130000" lon="15.941630000">
        <ele>187.990</ele>
      </trkpt>
      <trkpt lat="51.131130000" lon="15.941840000">
        <ele>187.910</ele>
      </trkpt>
      <trkpt lat="51.131150000" lon="15.942070000">
        <ele>188.310</ele>
      </trkpt>
      <trkpt lat="51.131160000" lon="15.942230000">
        <ele>188.840</ele>
      </trkpt>
      <trkpt lat="51.131170000" lon="15.942380000">
        <ele>188.990</ele>
      </trkpt>
      <trkpt lat="51.131200000" lon="15.942810000">
        <ele>188.790</ele>
      </trkpt>
      <trkpt lat="51.131210000" lon="15.943120000">
        <ele>189.370</ele>
      </trkpt>
      <trkpt lat="51.131210000" lon="15.943210000">
        <ele>189.490</ele>
      </trkpt>
      <trkpt lat="51.131210000" lon="15.943360000">
        <ele>189.870</ele>
      </trkpt>
      <trkpt lat="51.131220000" lon="15.943720000">
        <ele>192.000</ele>
      </trkpt>
      <trkpt lat="51.131240000" lon="15.944130000">
        <ele>191.130</ele>
      </trkpt>
      <trkpt lat="51.131250000" lon="15.944410000">
        <ele>190.560</ele>
      </trkpt>
      <trkpt lat="51.131250000" lon="15.944540000">
        <ele>190.330</ele>
      </trkpt>
      <trkpt lat="51.131250000" lon="15.944910000">
        <ele>190.680</ele>
      </trkpt>
      <trkpt lat="51.131230000" lon="15.945260000">
        <ele>190.990</ele>
      </trkpt>
      <trkpt lat="51.131190000" lon="15.945650000">
        <ele>190.900</ele>
      </trkpt>
      <trkpt lat="51.131150000" lon="15.945900000">
        <ele>190.790</ele>
      </trkpt>
      <trkpt lat="51.131120000" lon="15.946050000">
        <ele>190.920</ele>
      </trkpt>
      <trkpt lat="51.131080000" lon="15.946230000">
        <ele>190.290</ele>
      </trkpt>
      <trkpt lat="51.131010000" lon="15.946520000">
        <ele>190.740</ele>
      </trkpt>
      <trkpt lat="51.130910000" lon="15.946710000">
        <ele>192.940</ele>
      </trkpt>
      <trkpt lat="51.130780000" lon="15.947000000">
        <ele>195.210</ele>
      </trkpt>
      <trkpt lat="51.130700000" lon="15.947130000">
        <ele>196.640</ele>
      </trkpt>
      <trkpt lat="51.130650000" lon="15.947210000">
        <ele>196.980</ele>
      </trkpt>
      <trkpt lat="51.130520000" lon="15.947400000">
        <ele>197.940</ele>
      </trkpt>
      <trkpt lat="51.130410000" lon="15.947640000">
        <ele>199.790</ele>
      </trkpt>
      <trkpt lat="51.130370000" lon="15.947900000">
        <ele>200.960</ele>
      </trkpt>
      <trkpt lat="51.130400000" lon="15.948190000">
        <ele>201.120</ele>
      </trkpt>
      <trkpt lat="51.130420000" lon="15.948510000">
        <ele>200.340</ele>
      </trkpt>
      <trkpt lat="51.130430000" lon="15.948820000">
        <ele>198.400</ele>
      </trkpt>
      <trkpt lat="51.130390000" lon="15.949330000">
        <ele>195.370</ele>
      </trkpt>
      <trkpt lat="51.130330000" lon="15.950100000">
        <ele>190.640</ele>
      </trkpt>
      <trkpt lat="51.130280000" lon="15.950570000">
        <ele>190.040</ele>
      </trkpt>
      <trkpt lat="51.130250000" lon="15.950880000">
        <ele>190.950</ele>
      </trkpt>
      <trkpt lat="51.130230000" lon="15.951000000">
        <ele>191.140</ele>
      </trkpt>
      <trkpt lat="51.130160000" lon="15.951360000">
        <ele>191.220</ele>
      </trkpt>
      <trkpt lat="51.130090000" lon="15.951850000">
        <ele>189.010</ele>
      </trkpt>
      <trkpt lat="51.130010000" lon="15.952390000">
        <ele>187.900</ele>
      </trkpt>
      <trkpt lat="51.129980000" lon="15.952830000">
        <ele>188.900</ele>
      </trkpt>
      <trkpt lat="51.129980000" lon="15.952830000">
        <ele>188.900</ele>
      </trkpt>
      <trkpt lat="51.129980000" lon="15.952830000">
        <ele>188.900</ele>
      </trkpt>
      <trkpt lat="51.129970000" lon="15.952880000">
        <ele>188.780</ele>
      </trkpt>
      <trkpt lat="51.129900000" lon="15.953530000">
        <ele>185.750</ele>
      </trkpt>
      <trkpt lat="51.129810000" lon="15.954100000">
        <ele>182.160</ele>
      </trkpt>
      <trkpt lat="51.129740000" lon="15.954670000">
        <ele>178.360</ele>
      </trkpt>
      <trkpt lat="51.129640000" lon="15.955690000">
        <ele>174.860</ele>
      </trkpt>
      <trkpt lat="51.129630000" lon="15.955970000">
        <ele>174.180</ele>
      </trkpt>
      <trkpt lat="51.129650000" lon="15.956210000">
        <ele>173.740</ele>
      </trkpt>
      <trkpt lat="51.129680000" lon="15.956390000">
        <ele>173.840</ele>
      </trkpt>
      <trkpt lat="51.129940000" lon="15.956800000">
        <ele>172.900</ele>
      </trkpt>
      <trkpt lat="51.130190000" lon="15.957170000">
        <ele>172.190</ele>
      </trkpt>
      <trkpt lat="51.130490000" lon="15.957690000">
        <ele>172.750</ele>
      </trkpt>
      <trkpt lat="51.130650000" lon="15.957890000">
        <ele>171.700</ele>
      </trkpt>
      <trkpt lat="51.130840000" lon="15.958040000">
        <ele>168.920</ele>
      </trkpt>
      <trkpt lat="51.130930000" lon="15.958090000">
        <ele>168.780</ele>
      </trkpt>
      <trkpt lat="51.131010000" lon="15.958090000">
        <ele>168.490</ele>
      </trkpt>
      <trkpt lat="51.131080000" lon="15.958070000">
        <ele>168.160</ele>
      </trkpt>
      <trkpt lat="51.131110000" lon="15.958210000">
        <ele>168.560</ele>
      </trkpt>
      <trkpt lat="51.131140000" lon="15.958370000">
        <ele>169.000</ele>
      </trkpt>
      <trkpt lat="51.131160000" lon="15.958500000">
        <ele>169.000</ele>
      </trkpt>
      <trkpt lat="51.131170000" lon="15.958580000">
        <ele>169.000</ele>
      </trkpt>
      <trkpt lat="51.131160000" lon="15.958700000">
        <ele>168.790</ele>
      </trkpt>
      <trkpt lat="51.131150000" lon="15.958880000">
        <ele>168.300</ele>
      </trkpt>
      <trkpt lat="51.131120000" lon="15.959070000">
        <ele>166.740</ele>
      </trkpt>
      <trkpt lat="51.131090000" lon="15.959210000">
        <ele>166.260</ele>
      </trkpt>
      <trkpt lat="51.131070000" lon="15.959370000">
        <ele>166.770</ele>
      </trkpt>
      <trkpt lat="51.131040000" lon="15.959500000">
        <ele>167.590</ele>
      </trkpt>
      <trkpt lat="51.131030000" lon="15.959640000">
        <ele>167.960</ele>
      </trkpt>
      <trkpt lat="51.131040000" lon="15.959800000">
        <ele>167.930</ele>
      </trkpt>
      <trkpt lat="51.131050000" lon="15.959940000">
        <ele>167.980</ele>
      </trkpt>
      <trkpt lat="51.131080000" lon="15.960160000">
        <ele>167.430</ele>
      </trkpt>
      <trkpt lat="51.131110000" lon="15.960350000">
        <ele>167.010</ele>
      </trkpt>
      <trkpt lat="51.131150000" lon="15.960610000">
        <ele>166.860</ele>
      </trkpt>
      <trkpt lat="51.131190000" lon="15.960890000">
        <ele>166.770</ele>
      </trkpt>
      <trkpt lat="51.131240000" lon="15.961160000">
        <ele>166.820</ele>
      </trkpt>
      <trkpt lat="51.131270000" lon="15.961330000">
        <ele>166.210</ele>
      </trkpt>
      <trkpt lat="51.131310000" lon="15.961540000">
        <ele>165.850</ele>
      </trkpt>
      <trkpt lat="51.131330000" lon="15.961710000">
        <ele>165.720</ele>
      </trkpt>
      <trkpt lat="51.131330000" lon="15.961870000">
        <ele>165.480</ele>
      </trkpt>
      <trkpt lat="51.131340000" lon="15.962070000">
        <ele>165.840</ele>
      </trkpt>
      <trkpt lat="51.131330000" lon="15.962210000">
        <ele>166.120</ele>
      </trkpt>
      <trkpt lat="51.131310000" lon="15.962340000">
        <ele>165.140</ele>
      </trkpt>
      <trkpt lat="51.131300000" lon="15.962460000">
        <ele>164.280</ele>
      </trkpt>
      <trkpt lat="51.131270000" lon="15.962580000">
        <ele>163.510</ele>
      </trkpt>
      <trkpt lat="51.131250000" lon="15.962710000">
        <ele>163.120</ele>
      </trkpt>
      <trkpt lat="51.131190000" lon="15.962860000">
        <ele>162.920</ele>
      </trkpt>
      <trkpt lat="51.131150000" lon="15.963020000">
        <ele>162.880</ele>
      </trkpt>
      <trkpt lat="51.131130000" lon="15.963140000">
        <ele>163.190</ele>
      </trkpt>
      <trkpt lat="51.131120000" lon="15.963240000">
        <ele>163.590</ele>
      </trkpt>
      <trkpt lat="51.131130000" lon="15.963370000">
        <ele>164.170</ele>
      </trkpt>
      <trkpt lat="51.131130000" lon="15.963510000">
        <ele>165.570</ele>
      </trkpt>
      <trkpt lat="51.131140000" lon="15.963560000">
        <ele>165.880</ele>
      </trkpt>
      <trkpt lat="51.131140000" lon="15.963560000">
        <ele>165.880</ele>
      </trkpt>
      <trkpt lat="51.131140000" lon="15.963560000">
        <ele>165.880</ele>
      </trkpt>
      <trkpt lat="51.131150000" lon="15.963640000">
        <ele>166.200</ele>
      </trkpt>
      <trkpt lat="51.131160000" lon="15.963770000">
        <ele>166.250</ele>
      </trkpt>
      <trkpt lat="51.131160000" lon="15.963880000">
        <ele>166.460</ele>
      </trkpt>
      <trkpt lat="51.131160000" lon="15.963970000">
        <ele>166.520</ele>
      </trkpt>
      <trkpt lat="51.131150000" lon="15.964070000">
        <ele>166.670</ele>
      </trkpt>
      <trkpt lat="51.131140000" lon="15.964150000">
        <ele>166.790</ele>
      </trkpt>
      <trkpt lat="51.131120000" lon="15.964250000">
        <ele>166.930</ele>
      </trkpt>
      <trkpt lat="51.131080000" lon="15.964330000">
        <ele>166.620</ele>
      </trkpt>
      <trkpt lat="51.131030000" lon="15.964400000">
        <ele>166.080</ele>
      </trkpt>
      <trkpt lat="51.130980000" lon="15.964480000">
        <ele>165.830</ele>
      </trkpt>
      <trkpt lat="51.130930000" lon="15.964600000">
        <ele>166.330</ele>
      </trkpt>
      <trkpt lat="51.130900000" lon="15.964710000">
        <ele>167.130</ele>
      </trkpt>
      <trkpt lat="51.130890000" lon="15.964810000">
        <ele>167.960</ele>
      </trkpt>
      <trkpt lat="51.130890000" lon="15.964900000">
        <ele>168.730</ele>
      </trkpt>
      <trkpt lat="51.130890000" lon="15.965050000">
        <ele>169.450</ele>
      </trkpt>
      <trkpt lat="51.130890000" lon="15.965180000">
        <ele>169.080</ele>
      </trkpt>
      <trkpt lat="51.130880000" lon="15.965370000">
        <ele>168.280</ele>
      </trkpt>
      <trkpt lat="51.130870000" lon="15.965550000">
        <ele>167.170</ele>
      </trkpt>
      <trkpt lat="51.130850000" lon="15.965790000">
        <ele>167.900</ele>
      </trkpt>
      <trkpt lat="51.130850000" lon="15.965910000">
        <ele>168.350</ele>
      </trkpt>
      <trkpt lat="51.130850000" lon="15.966050000">
        <ele>168.890</ele>
      </trkpt>
      <trkpt lat="51.130870000" lon="15.966270000">
        <ele>169.840</ele>
      </trkpt>
      <trkpt lat="51.130870000" lon="15.966600000">
        <ele>169.700</ele>
      </trkpt>
      <trkpt lat="51.130870000" lon="15.966820000">
        <ele>168.900</ele>
      </trkpt>
      <trkpt lat="51.130870000" lon="15.967080000">
        <ele>167.000</ele>
      </trkpt>
      <trkpt lat="51.130850000" lon="15.967290000">
        <ele>165.240</ele>
      </trkpt>
      <trkpt lat="51.130830000" lon="15.967540000">
        <ele>164.930</ele>
      </trkpt>
      <trkpt lat="51.130820000" lon="15.967680000">
        <ele>164.740</ele>
      </trkpt>
      <trkpt lat="51.130820000" lon="15.967830000">
        <ele>164.770</ele>
      </trkpt>
      <trkpt lat="51.130840000" lon="15.968050000">
        <ele>165.020</ele>
      </trkpt>
      <trkpt lat="51.130860000" lon="15.968250000">
        <ele>165.730</ele>
      </trkpt>
      <trkpt lat="51.130880000" lon="15.968480000">
        <ele>165.910</ele>
      </trkpt>
      <trkpt lat="51.130880000" lon="15.968700000">
        <ele>165.830</ele>
      </trkpt>
      <trkpt lat="51.130880000" lon="15.969020000">
        <ele>165.910</ele>
      </trkpt>
      <trkpt lat="51.130870000" lon="15.969350000">
        <ele>166.000</ele>
      </trkpt>
      <trkpt lat="51.130870000" lon="15.969680000">
        <ele>163.060</ele>
      </trkpt>
      <trkpt lat="51.130880000" lon="15.969890000">
        <ele>162.670</ele>
      </trkpt>
      <trkpt lat="51.130900000" lon="15.970090000">
        <ele>163.620</ele>
      </trkpt>
      <trkpt lat="51.130930000" lon="15.970330000">
        <ele>165.000</ele>
      </trkpt>
      <trkpt lat="51.130950000" lon="15.970580000">
        <ele>164.910</ele>
      </trkpt>
      <trkpt lat="51.130960000" lon="15.970830000">
        <ele>164.010</ele>
      </trkpt>
      <trkpt lat="51.130960000" lon="15.971140000">
        <ele>163.010</ele>
      </trkpt>
      <trkpt lat="51.130950000" lon="15.971390000">
        <ele>163.690</ele>
      </trkpt>
      <trkpt lat="51.130950000" lon="15.971630000">
        <ele>165.550</ele>
      </trkpt>
      <trkpt lat="51.130940000" lon="15.971830000">
        <ele>166.270</ele>
      </trkpt>
      <trkpt lat="51.130930000" lon="15.971990000">
        <ele>166.430</ele>
      </trkpt>
      <trkpt lat="51.130890000" lon="15.972140000">
        <ele>165.950</ele>
      </trkpt>
      <trkpt lat="51.130840000" lon="15.972310000">
        <ele>165.940</ele>
      </trkpt>
      <trkpt lat="51.130810000" lon="15.972430000">
        <ele>166.150</ele>
      </trkpt>
      <trkpt lat="51.130780000" lon="15.972580000">
        <ele>166.100</ele>
      </trkpt>
      <trkpt lat="51.130760000" lon="15.972760000">
        <ele>165.590</ele>
      </trkpt>
      <trkpt lat="51.130730000" lon="15.972930000">
        <ele>164.850</ele>
      </trkpt>
      <trkpt lat="51.130680000" lon="15.973110000">
        <ele>164.070</ele>
      </trkpt>
      <trkpt lat="51.130560000" lon="15.973460000">
        <ele>162.050</ele>
      </trkpt>
      <trkpt lat="51.130430000" lon="15.973850000">
        <ele>163.300</ele>
      </trkpt>
      <trkpt lat="51.130400000" lon="15.974110000">
        <ele>162.490</ele>
      </trkpt>
      <trkpt lat="51.130390000" lon="15.974450000">
        <ele>163.210</ele>
      </trkpt>
      <trkpt lat="51.130400000" lon="15.974850000">
        <ele>164.730</ele>
      </trkpt>
      <trkpt lat="51.130440000" lon="15.975210000">
        <ele>165.900</ele>
      </trkpt>
      <trkpt lat="51.130500000" lon="15.975670000">
        <ele>168.210</ele>
      </trkpt>
      <trkpt lat="51.130540000" lon="15.976080000">
        <ele>168.940</ele>
      </trkpt>
      <trkpt lat="51.130550000" lon="15.976200000">
        <ele>168.660</ele>
      </trkpt>
      <trkpt lat="51.130560000" lon="15.976360000">
        <ele>168.080</ele>
      </trkpt>
      <trkpt lat="51.130530000" lon="15.976420000">
        <ele>168.000</ele>
      </trkpt>
      <trkpt lat="51.130330000" lon="15.976860000">
        <ele>166.830</ele>
      </trkpt>
      <trkpt lat="51.130220000" lon="15.977100000">
        <ele>166.540</ele>
      </trkpt>
      <trkpt lat="51.130100000" lon="15.977320000">
        <ele>166.710</ele>
      </trkpt>
      <trkpt lat="51.130030000" lon="15.977450000">
        <ele>166.930</ele>
      </trkpt>
      <trkpt lat="51.129990000" lon="15.977570000">
        <ele>167.310</ele>
      </trkpt>
      <trkpt lat="51.129950000" lon="15.977700000">
        <ele>168.160</ele>
      </trkpt>
      <trkpt lat="51.129930000" lon="15.977800000">
        <ele>168.920</ele>
      </trkpt>
      <trkpt lat="51.129910000" lon="15.978000000">
        <ele>170.340</ele>
      </trkpt>
      <trkpt lat="51.129900000" lon="15.978120000">
        <ele>171.100</ele>
      </trkpt>
      <trkpt lat="51.129900000" lon="15.978120000">
        <ele>171.100</ele>
      </trkpt>
      <trkpt lat="51.129900000" lon="15.978120000">
        <ele>171.100</ele>
      </trkpt>
      <trkpt lat="51.129890000" lon="15.978230000">
        <ele>171.860</ele>
      </trkpt>
      <trkpt lat="51.129800000" lon="15.978330000">
        <ele>172.260</ele>
      </trkpt>
      <trkpt lat="51.129760000" lon="15.978420000">
        <ele>172.680</ele>
      </trkpt>
      <trkpt lat="51.129720000" lon="15.978650000">
        <ele>174.160</ele>
      </trkpt>
      <trkpt lat="51.129570000" lon="15.979320000">
        <ele>178.350</ele>
      </trkpt>
      <trkpt lat="51.129470000" lon="15.979740000">
        <ele>177.790</ele>
      </trkpt>
      <trkpt lat="51.129420000" lon="15.979850000">
        <ele>177.260</ele>
      </trkpt>
      <trkpt lat="51.129420000" lon="15.979850000">
        <ele>177.260</ele>
      </trkpt>
      <trkpt lat="51.129420000" lon="15.979850000">
        <ele>177.260</ele>
      </trkpt>
      <trkpt lat="51.129360000" lon="15.979980000">
        <ele>176.750</ele>
      </trkpt>
      <trkpt lat="51.129040000" lon="15.980610000">
        <ele>177.840</ele>
      </trkpt>
      <trkpt lat="51.128910000" lon="15.980820000">
        <ele>178.890</ele>
      </trkpt>
      <trkpt lat="51.128740000" lon="15.981080000">
        <ele>181.140</ele>
      </trkpt>
      <trkpt lat="51.128500000" lon="15.981420000">
        <ele>183.960</ele>
      </trkpt>
      <trkpt lat="51.128340000" lon="15.981560000">
        <ele>186.170</ele>
      </trkpt>
      <trkpt lat="51.128300000" lon="15.981610000">
        <ele>186.880</ele>
      </trkpt>
      <trkpt lat="51.128210000" lon="15.981730000">
        <ele>188.170</ele>
      </trkpt>
      <trkpt lat="51.128040000" lon="15.981910000">
        <ele>188.190</ele>
      </trkpt>
      <trkpt lat="51.127990000" lon="15.981800000">
        <ele>189.000</ele>
      </trkpt>
      <trkpt lat="51.127940000" lon="15.981650000">
        <ele>190.320</ele>
      </trkpt>
      <trkpt lat="51.127940000" lon="15.981650000">
        <ele>190.320</ele>
      </trkpt>
      <trkpt lat="51.127940000" lon="15.981650000">
        <ele>190.320</ele>
      </trkpt>
      <trkpt lat="51.127850000" lon="15.981340000">
        <ele>193.880</ele>
      </trkpt>
      <trkpt lat="51.127770000" lon="15.981100000">
        <ele>198.140</ele>
      </trkpt>
      <trkpt lat="51.127660000" lon="15.980820000">
        <ele>201.060</ele>
      </trkpt>
      <trkpt lat="51.127600000" lon="15.980700000">
        <ele>203.440</ele>
      </trkpt>
      <trkpt lat="51.127530000" lon="15.980570000">
        <ele>206.140</ele>
      </trkpt>
      <trkpt lat="51.127430000" lon="15.980400000">
        <ele>207.390</ele>
      </trkpt>
      <trkpt lat="51.127130000" lon="15.980100000">
        <ele>209.730</ele>
      </trkpt>
      <trkpt lat="51.126730000" lon="15.979720000">
        <ele>214.020</ele>
      </trkpt>
      <trkpt lat="51.126640000" lon="15.979650000">
        <ele>214.590</ele>
      </trkpt>
      <trkpt lat="51.126540000" lon="15.979590000">
        <ele>214.520</ele>
      </trkpt>
      <trkpt lat="51.126460000" lon="15.979550000">
        <ele>214.370</ele>
      </trkpt>
      <trkpt lat="51.126350000" lon="15.979520000">
        <ele>213.280</ele>
      </trkpt>
      <trkpt lat="51.126290000" lon="15.979510000">
        <ele>211.970</ele>
      </trkpt>
      <trkpt lat="51.126230000" lon="15.979490000">
        <ele>210.690</ele>
      </trkpt>
      <trkpt lat="51.126140000" lon="15.979460000">
        <ele>208.660</ele>
      </trkpt>
      <trkpt lat="51.126020000" lon="15.979380000">
        <ele>208.230</ele>
      </trkpt>
      <trkpt lat="51.125980000" lon="15.979330000">
        <ele>208.410</ele>
      </trkpt>
      <trkpt lat="51.125940000" lon="15.979260000">
        <ele>208.660</ele>
      </trkpt>
      <trkpt lat="51.125910000" lon="15.979180000">
        <ele>208.950</ele>
      </trkpt>
      <trkpt lat="51.125890000" lon="15.979090000">
        <ele>209.280</ele>
      </trkpt>
      <trkpt lat="51.125880000" lon="15.978960000">
        <ele>209.740</ele>
      </trkpt>
      <trkpt lat="51.125850000" lon="15.978790000">
        <ele>209.980</ele>
      </trkpt>
      <trkpt lat="51.125770000" lon="15.978480000">
        <ele>209.500</ele>
      </trkpt>
      <trkpt lat="51.125630000" lon="15.978070000">
        <ele>209.250</ele>
      </trkpt>
      <trkpt lat="51.125630000" lon="15.978070000">
        <ele>209.250</ele>
      </trkpt>
      <trkpt lat="51.125630000" lon="15.978070000">
        <ele>209.250</ele>
      </trkpt>
      <trkpt lat="51.125620000" lon="15.978040000">
        <ele>209.290</ele>
      </trkpt>
      <trkpt lat="51.125560000" lon="15.977920000">
        <ele>209.940</ele>
      </trkpt>
      <trkpt lat="51.125510000" lon="15.977840000">
        <ele>210.290</ele>
      </trkpt>
      <trkpt lat="51.125460000" lon="15.977780000">
        <ele>210.690</ele>
      </trkpt>
      <trkpt lat="51.125400000" lon="15.977730000">
        <ele>211.440</ele>
      </trkpt>
      <trkpt lat="51.125330000" lon="15.977680000">
        <ele>212.110</ele>
      </trkpt>
      <trkpt lat="51.125220000" lon="15.977660000">
        <ele>211.980</ele>
      </trkpt>
      <trkpt lat="51.125120000" lon="15.977650000">
        <ele>211.280</ele>
      </trkpt>
      <trkpt lat="51.125040000" lon="15.977640000">
        <ele>210.780</ele>
      </trkpt>
      <trkpt lat="51.124800000" lon="15.977650000">
        <ele>208.610</ele>
      </trkpt>
      <trkpt lat="51.124570000" lon="15.977670000">
        <ele>206.130</ele>
      </trkpt>
      <trkpt lat="51.124450000" lon="15.977680000">
        <ele>204.760</ele>
      </trkpt>
      <trkpt lat="51.124300000" lon="15.977700000">
        <ele>204.270</ele>
      </trkpt>
      <trkpt lat="51.123440000" lon="15.977790000">
        <ele>208.610</ele>
      </trkpt>
      <trkpt lat="51.122580000" lon="15.977860000">
        <ele>207.390</ele>
      </trkpt>
      <trkpt lat="51.120860000" lon="15.978000000">
        <ele>214.110</ele>
      </trkpt>
      <trkpt lat="51.119600000" lon="15.978000000">
        <ele>216.220</ele>
      </trkpt>
      <trkpt lat="51.119350000" lon="15.978000000">
        <ele>219.550</ele>
      </trkpt>
      <trkpt lat="51.119250000" lon="15.978000000">
        <ele>220.340</ele>
      </trkpt>
      <trkpt lat="51.119200000" lon="15.977990000">
        <ele>220.750</ele>
      </trkpt>
      <trkpt lat="51.119150000" lon="15.977960000">
        <ele>220.940</ele>
      </trkpt>
      <trkpt lat="51.119070000" lon="15.977910000">
        <ele>220.850</ele>
      </trkpt>
      <trkpt lat="51.119030000" lon="15.977870000">
        <ele>221.000</ele>
      </trkpt>
      <trkpt lat="51.119000000" lon="15.977830000">
        <ele>221.260</ele>
      </trkpt>
      <trkpt lat="51.118930000" lon="15.977730000">
        <ele>222.020</ele>
      </trkpt>
      <trkpt lat="51.118880000" lon="15.977610000">
        <ele>222.530</ele>
      </trkpt>
      <trkpt lat="51.118780000" lon="15.977280000">
        <ele>222.220</ele>
      </trkpt>
      <trkpt lat="51.118680000" lon="15.976950000">
        <ele>221.990</ele>
      </trkpt>
      <trkpt lat="51.118550000" lon="15.976510000">
        <ele>222.340</ele>
      </trkpt>
      <trkpt lat="51.118520000" lon="15.976460000">
        <ele>222.570</ele>
      </trkpt>
      <trkpt lat="51.118490000" lon="15.976410000">
        <ele>222.840</ele>
      </trkpt>
      <trkpt lat="51.118440000" lon="15.976390000">
        <ele>223.230</ele>
      </trkpt>
      <trkpt lat="51.118370000" lon="15.976390000">
        <ele>223.730</ele>
      </trkpt>
      <trkpt lat="51.118280000" lon="15.976430000">
        <ele>223.520</ele>
      </trkpt>
      <trkpt lat="51.118220000" lon="15.976490000">
        <ele>223.120</ele>
      </trkpt>
      <trkpt lat="51.118120000" lon="15.976620000">
        <ele>222.910</ele>
      </trkpt>
      <trkpt lat="51.117680000" lon="15.977250000">
        <ele>222.800</ele>
      </trkpt>
      <trkpt lat="51.117440000" lon="15.977590000">
        <ele>224.680</ele>
      </trkpt>
      <trkpt lat="51.117340000" lon="15.977690000">
        <ele>224.320</ele>
      </trkpt>
      <trkpt lat="51.117070000" lon="15.977930000">
        <ele>223.200</ele>
      </trkpt>
      <trkpt lat="51.117010000" lon="15.978020000">
        <ele>223.030</ele>
      </trkpt>
      <trkpt lat="51.117010000" lon="15.978020000">
        <ele>223.030</ele>
      </trkpt>
      <trkpt lat="51.117010000" lon="15.978020000">
        <ele>223.030</ele>
      </trkpt>
      <trkpt lat="51.116870000" lon="15.978230000">
        <ele>223.730</ele>
      </trkpt>
      <trkpt lat="51.116550000" lon="15.978720000">
        <ele>222.900</ele>
      </trkpt>
      <trkpt lat="51.116130000" lon="15.979310000">
        <ele>222.130</ele>
      </trkpt>
      <trkpt lat="51.115710000" lon="15.979900000">
        <ele>229.640</ele>
      </trkpt>
      <trkpt lat="51.115190000" lon="15.980610000">
        <ele>227.310</ele>
      </trkpt>
      <trkpt lat="51.114670000" lon="15.981310000">
        <ele>223.040</ele>
      </trkpt>
      <trkpt lat="51.114180000" lon="15.981960000">
        <ele>221.050</ele>
      </trkpt>
      <trkpt lat="51.113920000" lon="15.982260000">
        <ele>220.250</ele>
      </trkpt>
      <trkpt lat="51.113880000" lon="15.982310000">
        <ele>220.380</ele>
      </trkpt>
      <trkpt lat="51.113830000" lon="15.982370000">
        <ele>220.830</ele>
      </trkpt>
      <trkpt lat="51.113780000" lon="15.982430000">
        <ele>221.040</ele>
      </trkpt>
      <trkpt lat="51.113750000" lon="15.982460000">
        <ele>221.070</ele>
      </trkpt>
      <trkpt lat="51.113720000" lon="15.982500000">
        <ele>221.000</ele>
      </trkpt>
      <trkpt lat="51.113680000" lon="15.982550000">
        <ele>221.000</ele>
      </trkpt>
      <trkpt lat="51.113530000" lon="15.982720000">
        <ele>221.940</ele>
      </trkpt>
      <trkpt lat="51.113440000" lon="15.982830000">
        <ele>223.180</ele>
      </trkpt>
      <trkpt lat="51.113340000" lon="15.982930000">
        <ele>224.500</ele>
      </trkpt>
      <trkpt lat="51.113290000" lon="15.982990000">
        <ele>224.990</ele>
      </trkpt>
      <trkpt lat="51.113260000" lon="15.983020000">
        <ele>225.200</ele>
      </trkpt>
      <trkpt lat="51.113220000" lon="15.983050000">
        <ele>225.400</ele>
      </trkpt>
      <trkpt lat="51.113050000" lon="15.983230000">
        <ele>224.760</ele>
      </trkpt>
      <trkpt lat="51.112940000" lon="15.983330000">
        <ele>224.440</ele>
      </trkpt>
      <trkpt lat="51.112850000" lon="15.983410000">
        <ele>224.870</ele>
      </trkpt>
      <trkpt lat="51.112770000" lon="15.983500000">
        <ele>225.680</ele>
      </trkpt>
      <trkpt lat="51.112730000" lon="15.983530000">
        <ele>226.220</ele>
      </trkpt>
      <trkpt lat="51.112700000" lon="15.983560000">
        <ele>226.660</ele>
      </trkpt>
      <trkpt lat="51.112270000" lon="15.983940000">
        <ele>233.390</ele>
      </trkpt>
      <trkpt lat="51.112220000" lon="15.983990000">
        <ele>233.310</ele>
      </trkpt>
      <trkpt lat="51.112160000" lon="15.984040000">
        <ele>231.830</ele>
      </trkpt>
      <trkpt lat="51.112040000" lon="15.984160000">
        <ele>228.120</ele>
      </trkpt>
      <trkpt lat="51.112000000" lon="15.984190000">
        <ele>227.000</ele>
      </trkpt>
      <trkpt lat="51.111970000" lon="15.984210000">
        <ele>226.250</ele>
      </trkpt>
      <trkpt lat="51.111930000" lon="15.984230000">
        <ele>225.620</ele>
      </trkpt>
      <trkpt lat="51.111890000" lon="15.984240000">
        <ele>225.540</ele>
      </trkpt>
      <trkpt lat="51.111860000" lon="15.984240000">
        <ele>225.410</ele>
      </trkpt>
      <trkpt lat="51.111820000" lon="15.984260000">
        <ele>225.410</ele>
      </trkpt>
      <trkpt lat="51.111580000" lon="15.984340000">
        <ele>226.180</ele>
      </trkpt>
      <trkpt lat="51.111500000" lon="15.984380000">
        <ele>227.340</ele>
      </trkpt>
      <trkpt lat="51.111430000" lon="15.984460000">
        <ele>228.690</ele>
      </trkpt>
      <trkpt lat="51.111350000" lon="15.984570000">
        <ele>230.320</ele>
      </trkpt>
      <trkpt lat="51.111260000" lon="15.984720000">
        <ele>232.380</ele>
      </trkpt>
      <trkpt lat="51.111120000" lon="15.984960000">
        <ele>234.760</ele>
      </trkpt>
      <trkpt lat="51.111030000" lon="15.985120000">
        <ele>234.430</ele>
      </trkpt>
      <trkpt lat="51.110930000" lon="15.985300000">
        <ele>233.280</ele>
      </trkpt>
      <trkpt lat="51.110810000" lon="15.985540000">
        <ele>230.330</ele>
      </trkpt>
      <trkpt lat="51.110810000" lon="15.985540000">
        <ele>230.330</ele>
      </trkpt>
      <trkpt lat="51.110810000" lon="15.985540000">
        <ele>230.330</ele>
      </trkpt>
      <trkpt lat="51.110680000" lon="15.985690000">
        <ele>224.850</ele>
      </trkpt>
      <trkpt lat="51.110660000" lon="15.985730000">
        <ele>223.890</ele>
      </trkpt>
      <trkpt lat="51.110550000" lon="15.985840000">
        <ele>219.980</ele>
      </trkpt>
      <trkpt lat="51.110500000" lon="15.985890000">
        <ele>219.760</ele>
      </trkpt>
      <trkpt lat="51.110430000" lon="15.985920000">
        <ele>219.410</ele>
      </trkpt>
      <trkpt lat="51.110350000" lon="15.985930000">
        <ele>219.000</ele>
      </trkpt>
      <trkpt lat="51.110290000" lon="15.985940000">
        <ele>218.680</ele>
      </trkpt>
      <trkpt lat="51.110060000" lon="15.985980000">
        <ele>221.930</ele>
      </trkpt>
      <trkpt lat="51.109780000" lon="15.986060000">
        <ele>221.440</ele>
      </trkpt>
      <trkpt lat="51.109320000" lon="15.986240000">
        <ele>217.100</ele>
      </trkpt>
      <trkpt lat="51.109200000" lon="15.986310000">
        <ele>214.530</ele>
      </trkpt>
      <trkpt lat="51.109060000" lon="15.986460000">
        <ele>214.680</ele>
      </trkpt>
      <trkpt lat="51.108780000" lon="15.986790000">
        <ele>215.260</ele>
      </trkpt>
      <trkpt lat="51.108720000" lon="15.986870000">
        <ele>214.850</ele>
      </trkpt>
      <trkpt lat="51.108580000" lon="15.987070000">
        <ele>213.720</ele>
      </trkpt>
      <trkpt lat="51.108340000" lon="15.987580000">
        <ele>212.410</ele>
      </trkpt>
      <trkpt lat="51.108260000" lon="15.987730000">
        <ele>211.300</ele>
      </trkpt>
      <trkpt lat="51.108160000" lon="15.987840000">
        <ele>211.220</ele>
      </trkpt>
      <trkpt lat="51.108060000" lon="15.987920000">
        <ele>211.510</ele>
      </trkpt>
      <trkpt lat="51.107950000" lon="15.987990000">
        <ele>211.580</ele>
      </trkpt>
      <trkpt lat="51.107810000" lon="15.988040000">
        <ele>211.840</ele>
      </trkpt>
      <trkpt lat="51.107590000" lon="15.988090000">
        <ele>209.550</ele>
      </trkpt>
      <trkpt lat="51.107230000" lon="15.988130000">
        <ele>211.390</ele>
      </trkpt>
      <trkpt lat="51.107160000" lon="15.988150000">
        <ele>210.950</ele>
      </trkpt>
      <trkpt lat="51.107090000" lon="15.988180000">
        <ele>210.530</ele>
      </trkpt>
      <trkpt lat="51.106980000" lon="15.988270000">
        <ele>210.530</ele>
      </trkpt>
      <trkpt lat="51.106870000" lon="15.988380000">
        <ele>211.890</ele>
      </trkpt>
      <trkpt lat="51.106640000" lon="15.988620000">
        <ele>214.990</ele>
      </trkpt>
      <trkpt lat="51.106280000" lon="15.988920000">
        <ele>213.960</ele>
      </trkpt>
      <trkpt lat="51.106060000" lon="15.989170000">
        <ele>211.300</ele>
      </trkpt>
      <trkpt lat="51.105990000" lon="15.989280000">
        <ele>211.300</ele>
      </trkpt>
      <trkpt lat="51.105940000" lon="15.989410000">
        <ele>211.620</ele>
      </trkpt>
      <trkpt lat="51.105850000" lon="15.989640000">
        <ele>213.070</ele>
      </trkpt>
      <trkpt lat="51.105740000" lon="15.989990000">
        <ele>215.220</ele>
      </trkpt>
      <trkpt lat="51.105690000" lon="15.990170000">
        <ele>214.720</ele>
      </trkpt>
      <trkpt lat="51.105500000" lon="15.990820000">
        <ele>210.410</ele>
      </trkpt>
      <trkpt lat="51.105350000" lon="15.991200000">
        <ele>205.390</ele>
      </trkpt>
      <trkpt lat="51.105090000" lon="15.991750000">
        <ele>204.370</ele>
      </trkpt>
      <trkpt lat="51.105010000" lon="15.991940000">
        <ele>203.100</ele>
      </trkpt>
      <trkpt lat="51.105000000" lon="15.991970000">
        <ele>203.000</ele>
      </trkpt>
      <trkpt lat="51.104950000" lon="15.992140000">
        <ele>203.160</ele>
      </trkpt>
      <trkpt lat="51.104890000" lon="15.992400000">
        <ele>203.640</ele>
      </trkpt>
      <trkpt lat="51.104840000" lon="15.992700000">
        <ele>204.000</ele>
      </trkpt>
      <trkpt lat="51.104760000" lon="15.993010000">
        <ele>203.160</ele>
      </trkpt>
      <trkpt lat="51.104640000" lon="15.993420000">
        <ele>204.900</ele>
      </trkpt>
      <trkpt lat="51.104560000" lon="15.993660000">
        <ele>206.590</ele>
      </trkpt>
      <trkpt lat="51.104550000" lon="15.993710000">
        <ele>206.970</ele>
      </trkpt>
      <trkpt lat="51.104540000" lon="15.993820000">
        <ele>207.630</ele>
      </trkpt>
      <trkpt lat="51.104530000" lon="15.993840000">
        <ele>207.850</ele>
      </trkpt>
      <trkpt lat="51.104530000" lon="15.993870000">
        <ele>207.990</ele>
      </trkpt>
      <trkpt lat="51.104500000" lon="15.994040000">
        <ele>206.550</ele>
      </trkpt>
      <trkpt lat="51.104480000" lon="15.994180000">
        <ele>204.590</ele>
      </trkpt>
      <trkpt lat="51.104470000" lon="15.994210000">
        <ele>204.300</ele>
      </trkpt>
      <trkpt lat="51.104470000" lon="15.994210000">
        <ele>204.300</ele>
      </trkpt>
      <trkpt lat="51.104470000" lon="15.994210000">
        <ele>204.300</ele>
      </trkpt>
      <trkpt lat="51.104460000" lon="15.994350000">
        <ele>203.620</ele>
      </trkpt>
      <trkpt lat="51.104450000" lon="15.994530000">
        <ele>202.170</ele>
      </trkpt>
      <trkpt lat="51.104440000" lon="15.994620000">
        <ele>201.160</ele>
      </trkpt>
      <trkpt lat="51.104440000" lon="15.994780000">
        <ele>200.670</ele>
      </trkpt>
      <trkpt lat="51.104430000" lon="15.995000000">
        <ele>203.000</ele>
      </trkpt>
      <trkpt lat="51.104410000" lon="15.995110000">
        <ele>202.260</ele>
      </trkpt>
      <trkpt lat="51.104390000" lon="15.995210000">
        <ele>201.640</ele>
      </trkpt>
      <trkpt lat="51.104320000" lon="15.995380000">
        <ele>201.610</ele>
      </trkpt>
      <trkpt lat="51.104280000" lon="15.995480000">
        <ele>202.020</ele>
      </trkpt>
      <trkpt lat="51.104200000" lon="15.995640000">
        <ele>203.300</ele>
      </trkpt>
      <trkpt lat="51.104120000" lon="15.995850000">
        <ele>205.650</ele>
      </trkpt>
      <trkpt lat="51.104070000" lon="15.996110000">
        <ele>207.990</ele>
      </trkpt>
      <trkpt lat="51.104060000" lon="15.996310000">
        <ele>209.270</ele>
      </trkpt>
      <trkpt lat="51.104050000" lon="15.996520000">
        <ele>210.240</ele>
      </trkpt>
      <trkpt lat="51.104030000" lon="15.996880000">
        <ele>212.110</ele>
      </trkpt>
      <trkpt lat="51.103980000" lon="15.997260000">
        <ele>214.120</ele>
      </trkpt>
      <trkpt lat="51.103940000" lon="15.997680000">
        <ele>214.890</ele>
      </trkpt>
      <trkpt lat="51.103930000" lon="15.997850000">
        <ele>214.670</ele>
      </trkpt>
      <trkpt lat="51.103950000" lon="15.998040000">
        <ele>214.960</ele>
      </trkpt>
      <trkpt lat="51.103990000" lon="15.998360000">
        <ele>218.060</ele>
      </trkpt>
      <trkpt lat="51.104060000" lon="15.998710000">
        <ele>218.520</ele>
      </trkpt>
      <trkpt lat="51.104080000" lon="15.998890000">
        <ele>218.630</ele>
      </trkpt>
      <trkpt lat="51.104090000" lon="15.999090000">
        <ele>219.080</ele>
      </trkpt>
      <trkpt lat="51.104080000" lon="15.999270000">
        <ele>219.310</ele>
      </trkpt>
      <trkpt lat="51.104050000" lon="15.999490000">
        <ele>219.680</ele>
      </trkpt>
      <trkpt lat="51.103980000" lon="15.999750000">
        <ele>221.230</ele>
      </trkpt>
      <trkpt lat="51.103890000" lon="16.000020000">
        <ele>223.080</ele>
      </trkpt>
      <trkpt lat="51.103730000" lon="16.000450000">
        <ele>224.570</ele>
      </trkpt>
      <trkpt lat="51.103560000" lon="16.000860000">
        <ele>225.450</ele>
      </trkpt>
      <trkpt lat="51.103240000" lon="16.001650000">
        <ele>225.260</ele>
      </trkpt>
      <trkpt lat="51.103110000" lon="16.001930000">
        <ele>226.180</ele>
      </trkpt>
      <trkpt lat="51.102920000" lon="16.002260000">
        <ele>228.070</ele>
      </trkpt>
      <trkpt lat="51.102710000" lon="16.002590000">
        <ele>227.430</ele>
      </trkpt>
      <trkpt lat="51.102190000" lon="16.003390000">
        <ele>226.950</ele>
      </trkpt>
      <trkpt lat="51.102030000" lon="16.003690000">
        <ele>226.490</ele>
      </trkpt>
      <trkpt lat="51.101850000" lon="16.004040000">
        <ele>227.770</ele>
      </trkpt>
      <trkpt lat="51.101670000" lon="16.004450000">
        <ele>227.080</ele>
      </trkpt>
      <trkpt lat="51.101560000" lon="16.004770000">
        <ele>226.640</ele>
      </trkpt>
      <trkpt lat="51.101460000" lon="16.005180000">
        <ele>226.840</ele>
      </trkpt>
      <trkpt lat="51.101440000" lon="16.005260000">
        <ele>226.840</ele>
      </trkpt>
      <trkpt lat="51.100740000" lon="16.008150000">
        <ele>227.570</ele>
      </trkpt>
      <trkpt lat="51.100660000" lon="16.008460000">
        <ele>229.340</ele>
      </trkpt>
      <trkpt lat="51.100230000" lon="16.010430000">
        <ele>225.480</ele>
      </trkpt>
      <trkpt lat="51.100180000" lon="16.010610000">
        <ele>225.080</ele>
      </trkpt>
      <trkpt lat="51.100180000" lon="16.010610000">
        <ele>225.080</ele>
      </trkpt>
      <trkpt lat="51.100180000" lon="16.010610000">
        <ele>225.080</ele>
      </trkpt>
      <trkpt lat="51.100100000" lon="16.010960000">
        <ele>225.980</ele>
      </trkpt>
      <trkpt lat="51.099950000" lon="16.011510000">
        <ele>230.670</ele>
      </trkpt>
      <trkpt lat="51.099730000" lon="16.012520000">
        <ele>228.250</ele>
      </trkpt>
      <trkpt lat="51.099600000" lon="16.013000000">
        <ele>228.680</ele>
      </trkpt>
      <trkpt lat="51.099450000" lon="16.013440000">
        <ele>226.690</ele>
      </trkpt>
      <trkpt lat="51.099280000" lon="16.013870000">
        <ele>225.960</ele>
      </trkpt>
      <trkpt lat="51.099220000" lon="16.014040000">
        <ele>226.210</ele>
      </trkpt>
      <trkpt lat="51.099170000" lon="16.014230000">
        <ele>226.030</ele>
      </trkpt>
      <trkpt lat="51.099100000" lon="16.014730000">
        <ele>227.530</ele>
      </trkpt>
      <trkpt lat="51.099040000" lon="16.015260000">
        <ele>225.300</ele>
      </trkpt>
      <trkpt lat="51.099030000" lon="16.015570000">
        <ele>224.500</ele>
      </trkpt>
      <trkpt lat="51.099010000" lon="16.015940000">
        <ele>223.910</ele>
      </trkpt>
      <trkpt lat="51.099020000" lon="16.016010000">
        <ele>224.190</ele>
      </trkpt>
      <trkpt lat="51.099050000" lon="16.016280000">
        <ele>225.510</ele>
      </trkpt>
      <trkpt lat="51.099110000" lon="16.016600000">
        <ele>227.740</ele>
      </trkpt>
      <trkpt lat="51.099340000" lon="16.017480000">
        <ele>228.930</ele>
      </trkpt>
      <trkpt lat="51.099740000" lon="16.019010000">
        <ele>221.690</ele>
      </trkpt>
      <trkpt lat="51.099780000" lon="16.019230000">
        <ele>219.590</ele>
      </trkpt>
      <trkpt lat="51.099810000" lon="16.019510000">
        <ele>218.170</ele>
      </trkpt>
      <trkpt lat="51.099820000" lon="16.019720000">
        <ele>217.650</ele>
      </trkpt>
      <trkpt lat="51.099820000" lon="16.019930000">
        <ele>216.680</ele>
      </trkpt>
      <trkpt lat="51.099810000" lon="16.020150000">
        <ele>215.780</ele>
      </trkpt>
      <trkpt lat="51.099780000" lon="16.020380000">
        <ele>214.920</ele>
      </trkpt>
      <trkpt lat="51.099720000" lon="16.020800000">
        <ele>212.240</ele>
      </trkpt>
      <trkpt lat="51.099650000" lon="16.021250000">
        <ele>211.870</ele>
      </trkpt>
      <trkpt lat="51.099580000" lon="16.021740000">
        <ele>211.590</ele>
      </trkpt>
      <trkpt lat="51.099390000" lon="16.022900000">
        <ele>211.940</ele>
      </trkpt>
      <trkpt lat="51.099320000" lon="16.023590000">
        <ele>214.480</ele>
      </trkpt>
      <trkpt lat="51.099280000" lon="16.023870000">
        <ele>214.620</ele>
      </trkpt>
      <trkpt lat="51.099250000" lon="16.024080000">
        <ele>215.580</ele>
      </trkpt>
      <trkpt lat="51.099180000" lon="16.024520000">
        <ele>215.790</ele>
      </trkpt>
      <trkpt lat="51.099090000" lon="16.024940000">
        <ele>213.660</ele>
      </trkpt>
      <trkpt lat="51.098840000" lon="16.026030000">
        <ele>219.640</ele>
      </trkpt>
      <trkpt lat="51.098650000" lon="16.026880000">
        <ele>223.780</ele>
      </trkpt>
      <trkpt lat="51.098580000" lon="16.027160000">
        <ele>221.290</ele>
      </trkpt>
      <trkpt lat="51.098390000" lon="16.027700000">
        <ele>218.190</ele>
      </trkpt>
      <trkpt lat="51.098320000" lon="16.027890000">
        <ele>217.890</ele>
      </trkpt>
      <trkpt lat="51.098160000" lon="16.028310000">
        <ele>217.950</ele>
      </trkpt>
      <trkpt lat="51.097980000" lon="16.028710000">
        <ele>217.450</ele>
      </trkpt>
      <trkpt lat="51.097860000" lon="16.028920000">
        <ele>217.880</ele>
      </trkpt>
      <trkpt lat="51.097550000" lon="16.029430000">
        <ele>221.550</ele>
      </trkpt>
      <trkpt lat="51.097380000" lon="16.029740000">
        <ele>224.860</ele>
      </trkpt>
      <trkpt lat="51.097210000" lon="16.030080000">
        <ele>225.170</ele>
      </trkpt>
      <trkpt lat="51.097070000" lon="16.030460000">
        <ele>223.340</ele>
      </trkpt>
      <trkpt lat="51.097000000" lon="16.030680000">
        <ele>222.640</ele>
      </trkpt>
      <trkpt lat="51.096970000" lon="16.030830000">
        <ele>222.100</ele>
      </trkpt>
      <trkpt lat="51.096900000" lon="16.031150000">
        <ele>219.900</ele>
      </trkpt>
      <trkpt lat="51.096850000" lon="16.031560000">
        <ele>218.680</ele>
      </trkpt>
      <trkpt lat="51.096760000" lon="16.032210000">
        <ele>222.550</ele>
      </trkpt>
      <trkpt lat="51.096730000" lon="16.032490000">
        <ele>222.560</ele>
      </trkpt>
      <trkpt lat="51.096730000" lon="16.032860000">
        <ele>221.790</ele>
      </trkpt>
      <trkpt lat="51.096730000" lon="16.033000000">
        <ele>221.290</ele>
      </trkpt>
      <trkpt lat="51.096730000" lon="16.033200000">
        <ele>220.920</ele>
      </trkpt>
      <trkpt lat="51.096690000" lon="16.033570000">
        <ele>220.210</ele>
      </trkpt>
      <trkpt lat="51.096650000" lon="16.033810000">
        <ele>219.860</ele>
      </trkpt>
      <trkpt lat="51.096640000" lon="16.033900000">
        <ele>219.830</ele>
      </trkpt>
      <trkpt lat="51.096640000" lon="16.033930000">
        <ele>219.900</ele>
      </trkpt>
      <trkpt lat="51.096600000" lon="16.034280000">
        <ele>218.940</ele>
      </trkpt>
      <trkpt lat="51.096590000" lon="16.034700000">
        <ele>214.980</ele>
      </trkpt>
      <trkpt lat="51.096590000" lon="16.034780000">
        <ele>214.120</ele>
      </trkpt>
      <trkpt lat="51.096580000" lon="16.034860000">
        <ele>213.320</ele>
      </trkpt>
      <trkpt lat="51.096580000" lon="16.035020000">
        <ele>211.700</ele>
      </trkpt>
      <trkpt lat="51.096480000" lon="16.035810000">
        <ele>210.520</ele>
      </trkpt>
      <trkpt lat="51.096460000" lon="16.036120000">
        <ele>215.340</ele>
      </trkpt>
      <trkpt lat="51.096460000" lon="16.036440000">
        <ele>217.160</ele>
      </trkpt>
      <trkpt lat="51.096460000" lon="16.036760000">
        <ele>217.510</ele>
      </trkpt>
      <trkpt lat="51.096460000" lon="16.037480000">
        <ele>213.880</ele>
      </trkpt>
      <trkpt lat="51.096450000" lon="16.037850000">
        <ele>211.990</ele>
      </trkpt>
      <trkpt lat="51.096400000" lon="16.038180000">
        <ele>211.550</ele>
      </trkpt>
      <trkpt lat="51.096370000" lon="16.038410000">
        <ele>212.030</ele>
      </trkpt>
      <trkpt lat="51.096370000" lon="16.038690000">
        <ele>211.870</ele>
      </trkpt>
      <trkpt lat="51.096380000" lon="16.038790000">
        <ele>211.910</ele>
      </trkpt>
      <trkpt lat="51.096420000" lon="16.039300000">
        <ele>211.110</ele>
      </trkpt>
      <trkpt lat="51.096460000" lon="16.039880000">
        <ele>211.120</ele>
      </trkpt>
      <trkpt lat="51.096510000" lon="16.040540000">
        <ele>207.080</ele>
      </trkpt>
      <trkpt lat="51.096520000" lon="16.040590000">
        <ele>206.940</ele>
      </trkpt>
      <trkpt lat="51.096560000" lon="16.040900000">
        <ele>206.440</ele>
      </trkpt>
      <trkpt lat="51.096560000" lon="16.040940000">
        <ele>206.470</ele>
      </trkpt>
      <trkpt lat="51.096580000" lon="16.041380000">
        <ele>206.990</ele>
      </trkpt>
      <trkpt lat="51.096620000" lon="16.042140000">
        <ele>207.160</ele>
      </trkpt>
      <trkpt lat="51.096650000" lon="16.042490000">
        <ele>208.140</ele>
      </trkpt>
      <trkpt lat="51.096710000" lon="16.042870000">
        <ele>208.340</ele>
      </trkpt>
      <trkpt lat="51.096800000" lon="16.043360000">
        <ele>208.210</ele>
      </trkpt>
      <trkpt lat="51.096800000" lon="16.043360000">
        <ele>208.210</ele>
      </trkpt>
      <trkpt lat="51.096800000" lon="16.043360000">
        <ele>208.210</ele>
      </trkpt>
      <trkpt lat="51.096880000" lon="16.043800000">
        <ele>206.800</ele>
      </trkpt>
      <trkpt lat="51.096930000" lon="16.044100000">
        <ele>205.400</ele>
      </trkpt>
      <trkpt lat="51.096930000" lon="16.044280000">
        <ele>205.360</ele>
      </trkpt>
      <trkpt lat="51.096910000" lon="16.044460000">
        <ele>205.820</ele>
      </trkpt>
      <trkpt lat="51.096890000" lon="16.044610000">
        <ele>205.210</ele>
      </trkpt>
      <trkpt lat="51.096850000" lon="16.044870000">
        <ele>204.310</ele>
      </trkpt>
      <trkpt lat="51.096830000" lon="16.045150000">
        <ele>204.760</ele>
      </trkpt>
      <trkpt lat="51.096820000" lon="16.045290000">
        <ele>205.470</ele>
      </trkpt>
      <trkpt lat="51.096820000" lon="16.045460000">
        <ele>205.740</ele>
      </trkpt>
      <trkpt lat="51.096810000" lon="16.045600000">
        <ele>205.890</ele>
      </trkpt>
      <trkpt lat="51.096810000" lon="16.045830000">
        <ele>205.490</ele>
      </trkpt>
      <trkpt lat="51.096820000" lon="16.046030000">
        <ele>205.520</ele>
      </trkpt>
      <trkpt lat="51.096840000" lon="16.046130000">
        <ele>205.530</ele>
      </trkpt>
      <trkpt lat="51.096860000" lon="16.046300000">
        <ele>204.810</ele>
      </trkpt>
      <trkpt lat="51.096930000" lon="16.046920000">
        <ele>201.250</ele>
      </trkpt>
      <trkpt lat="51.097100000" lon="16.047980000">
        <ele>202.260</ele>
      </trkpt>
      <trkpt lat="51.097110000" lon="16.048120000">
        <ele>201.090</ele>
      </trkpt>
      <trkpt lat="51.097120000" lon="16.048260000">
        <ele>199.970</ele>
      </trkpt>
      <trkpt lat="51.097130000" lon="16.048350000">
        <ele>199.230</ele>
      </trkpt>
      <trkpt lat="51.097130000" lon="16.048510000">
        <ele>198.270</ele>
      </trkpt>
      <trkpt lat="51.097100000" lon="16.049040000">
        <ele>199.180</ele>
      </trkpt>
      <trkpt lat="51.097080000" lon="16.049730000">
        <ele>199.550</ele>
      </trkpt>
      <trkpt lat="51.097060000" lon="16.050510000">
        <ele>202.450</ele>
      </trkpt>
      <trkpt lat="51.097050000" lon="16.051090000">
        <ele>202.050</ele>
      </trkpt>
      <trkpt lat="51.097040000" lon="16.051230000">
        <ele>201.870</ele>
      </trkpt>
      <trkpt lat="51.097030000" lon="16.051370000">
        <ele>201.640</ele>
      </trkpt>
      <trkpt lat="51.097000000" lon="16.051510000">
        <ele>201.750</ele>
      </trkpt>
      <trkpt lat="51.096960000" lon="16.051660000">
        <ele>202.030</ele>
      </trkpt>
      <trkpt lat="51.096730000" lon="16.052490000">
        <ele>199.480</ele>
      </trkpt>
      <trkpt lat="51.096690000" lon="16.052710000">
        <ele>199.860</ele>
      </trkpt>
      <trkpt lat="51.096670000" lon="16.052930000">
        <ele>201.640</ele>
      </trkpt>
      <trkpt lat="51.096660000" lon="16.052990000">
        <ele>202.220</ele>
      </trkpt>
      <trkpt lat="51.096650000" lon="16.053100000">
        <ele>201.870</ele>
      </trkpt>
      <trkpt lat="51.096640000" lon="16.053210000">
        <ele>199.650</ele>
      </trkpt>
      <trkpt lat="51.096730000" lon="16.053290000">
        <ele>199.060</ele>
      </trkpt>
      <trkpt lat="51.096810000" lon="16.053350000">
        <ele>199.790</ele>
      </trkpt>
      <trkpt lat="51.096870000" lon="16.053400000">
        <ele>199.970</ele>
      </trkpt>
      <trkpt lat="51.096920000" lon="16.053360000">
        <ele>201.830</ele>
      </trkpt>
      <trkpt lat="51.096990000" lon="16.053330000">
        <ele>202.990</ele>
      </trkpt>
      <trkpt lat="51.097070000" lon="16.053300000">
        <ele>203.040</ele>
      </trkpt>
      <trkpt lat="51.097140000" lon="16.053300000">
        <ele>203.130</ele>
      </trkpt>
      <trkpt lat="51.097170000" lon="16.053290000">
        <ele>203.220</ele>
      </trkpt>
      <trkpt lat="51.097250000" lon="16.053310000">
        <ele>202.650</ele>
      </trkpt>
      <trkpt lat="51.097280000" lon="16.053320000">
        <ele>202.040</ele>
      </trkpt>
      <trkpt lat="51.097380000" lon="16.053350000">
        <ele>200.110</ele>
      </trkpt>
      <trkpt lat="51.097600000" lon="16.053450000">
        <ele>196.560</ele>
      </trkpt>
      <trkpt lat="51.097940000" lon="16.053570000">
        <ele>193.910</ele>
      </trkpt>
      <trkpt lat="51.098010000" lon="16.053580000">
        <ele>193.910</ele>
      </trkpt>
      <trkpt lat="51.098040000" lon="16.053580000">
        <ele>193.890</ele>
      </trkpt>
      <trkpt lat="51.098120000" lon="16.053560000">
        <ele>194.320</ele>
      </trkpt>
      <trkpt lat="51.098130000" lon="16.053590000">
        <ele>194.480</ele>
      </trkpt>
      <trkpt lat="51.098170000" lon="16.053690000">
        <ele>194.870</ele>
      </trkpt>
      <trkpt lat="51.098240000" lon="16.053770000">
        <ele>195.140</ele>
      </trkpt>
      <trkpt lat="51.098330000" lon="16.053840000">
        <ele>195.170</ele>
      </trkpt>
      <trkpt lat="51.098460000" lon="16.053920000">
        <ele>193.120</ele>
      </trkpt>
      <trkpt lat="51.098610000" lon="16.054000000">
        <ele>191.010</ele>
      </trkpt>
      <trkpt lat="51.098790000" lon="16.054060000">
        <ele>192.390</ele>
      </trkpt>
      <trkpt lat="51.099610000" lon="16.054260000">
        <ele>197.590</ele>
      </trkpt>
      <trkpt lat="51.100360000" lon="16.054440000">
        <ele>195.020</ele>
      </trkpt>
      <trkpt lat="51.101130000" lon="16.054620000">
        <ele>192.540</ele>
      </trkpt>
      <trkpt lat="51.102820000" lon="16.055020000">
        <ele>192.500</ele>
      </trkpt>
      <trkpt lat="51.103610000" lon="16.055200000">
        <ele>194.000</ele>
      </trkpt>
      <trkpt lat="51.103610000" lon="16.055200000">
        <ele>194.000</ele>
      </trkpt>
      <trkpt lat="51.103610000" lon="16.055200000">
        <ele>194.000</ele>
      </trkpt>
      <trkpt lat="51.103820000" lon="16.055250000">
        <ele>196.330</ele>
      </trkpt>
      <trkpt lat="51.104510000" lon="16.055400000">
        <ele>195.760</ele>
      </trkpt>
      <trkpt lat="51.104720000" lon="16.055450000">
        <ele>195.010</ele>
      </trkpt>
      <trkpt lat="51.104930000" lon="16.055540000">
        <ele>194.250</ele>
      </trkpt>
      <trkpt lat="51.105090000" lon="16.055620000">
        <ele>195.690</ele>
      </trkpt>
      <trkpt lat="51.105210000" lon="16.055710000">
        <ele>198.910</ele>
      </trkpt>
      <trkpt lat="51.106120000" lon="16.056470000">
        <ele>203.940</ele>
      </trkpt>
      <trkpt lat="51.106450000" lon="16.056750000">
        <ele>200.450</ele>
      </trkpt>
      <trkpt lat="51.106610000" lon="16.056940000">
        <ele>197.020</ele>
      </trkpt>
      <trkpt lat="51.106730000" lon="16.057150000">
        <ele>194.170</ele>
      </trkpt>
      <trkpt lat="51.106810000" lon="16.057360000">
        <ele>193.500</ele>
      </trkpt>
      <trkpt lat="51.106900000" lon="16.057630000">
        <ele>193.620</ele>
      </trkpt>
      <trkpt lat="51.107090000" lon="16.058110000">
        <ele>193.910</ele>
      </trkpt>
      <trkpt lat="51.107250000" lon="16.058380000">
        <ele>194.400</ele>
      </trkpt>
      <trkpt lat="51.107330000" lon="16.058530000">
        <ele>194.770</ele>
      </trkpt>
      <trkpt lat="51.107860000" lon="16.059140000">
        <ele>192.460</ele>
      </trkpt>
      <trkpt lat="51.108180000" lon="16.059480000">
        <ele>188.110</ele>
      </trkpt>
      <trkpt lat="51.108320000" lon="16.059570000">
        <ele>184.810</ele>
      </trkpt>
      <trkpt lat="51.108480000" lon="16.059640000">
        <ele>181.440</ele>
      </trkpt>
      <trkpt lat="51.108980000" lon="16.059720000">
        <ele>181.650</ele>
      </trkpt>
      <trkpt lat="51.109080000" lon="16.059760000">
        <ele>183.300</ele>
      </trkpt>
      <trkpt lat="51.109180000" lon="16.059850000">
        <ele>184.660</ele>
      </trkpt>
      <trkpt lat="51.109260000" lon="16.059940000">
        <ele>185.150</ele>
      </trkpt>
      <trkpt lat="51.109340000" lon="16.060080000">
        <ele>185.800</ele>
      </trkpt>
      <trkpt lat="51.109390000" lon="16.060220000">
        <ele>185.930</ele>
      </trkpt>
      <trkpt lat="51.109420000" lon="16.060390000">
        <ele>184.700</ele>
      </trkpt>
      <trkpt lat="51.109430000" lon="16.060570000">
        <ele>182.740</ele>
      </trkpt>
      <trkpt lat="51.109430000" lon="16.060780000">
        <ele>179.760</ele>
      </trkpt>
      <trkpt lat="51.109400000" lon="16.060990000">
        <ele>176.830</ele>
      </trkpt>
      <trkpt lat="51.109400000" lon="16.061080000">
        <ele>175.590</ele>
      </trkpt>
      <trkpt lat="51.109360000" lon="16.061230000">
        <ele>174.020</ele>
      </trkpt>
      <trkpt lat="51.109250000" lon="16.061690000">
        <ele>170.370</ele>
      </trkpt>
      <trkpt lat="51.109140000" lon="16.062110000">
        <ele>169.500</ele>
      </trkpt>
      <trkpt lat="51.109090000" lon="16.062320000">
        <ele>169.280</ele>
      </trkpt>
      <trkpt lat="51.109080000" lon="16.062540000">
        <ele>169.270</ele>
      </trkpt>
      <trkpt lat="51.109080000" lon="16.062710000">
        <ele>169.080</ele>
      </trkpt>
      <trkpt lat="51.109090000" lon="16.063310000">
        <ele>168.750</ele>
      </trkpt>
      <trkpt lat="51.109100000" lon="16.063470000">
        <ele>168.880</ele>
      </trkpt>
      <trkpt lat="51.109130000" lon="16.063630000">
        <ele>169.010</ele>
      </trkpt>
      <trkpt lat="51.109180000" lon="16.063760000">
        <ele>168.950</ele>
      </trkpt>
      <trkpt lat="51.109250000" lon="16.063870000">
        <ele>168.440</ele>
      </trkpt>
      <trkpt lat="51.109350000" lon="16.063950000">
        <ele>167.390</ele>
      </trkpt>
      <trkpt lat="51.109530000" lon="16.064040000">
        <ele>165.530</ele>
      </trkpt>
      <trkpt lat="51.109610000" lon="16.064070000">
        <ele>164.560</ele>
      </trkpt>
      <trkpt lat="51.111460000" lon="16.064640000">
        <ele>163.300</ele>
      </trkpt>
      <trkpt lat="51.111870000" lon="16.064750000">
        <ele>159.900</ele>
      </trkpt>
      <trkpt lat="51.112060000" lon="16.064810000">
        <ele>158.520</ele>
      </trkpt>
      <trkpt lat="51.112110000" lon="16.064830000">
        <ele>158.360</ele>
      </trkpt>
      <trkpt lat="51.112210000" lon="16.064860000">
        <ele>158.020</ele>
      </trkpt>
      <trkpt lat="51.112190000" lon="16.065040000">
        <ele>156.060</ele>
      </trkpt>
      <trkpt lat="51.111890000" lon="16.069780000">
        <ele>153.910</ele>
      </trkpt>
      <trkpt lat="51.111870000" lon="16.070180000">
        <ele>151.530</ele>
      </trkpt>
      <trkpt lat="51.111870000" lon="16.070570000">
        <ele>152.070</ele>
      </trkpt>
      <trkpt lat="51.111910000" lon="16.070840000">
        <ele>153.150</ele>
      </trkpt>
      <trkpt lat="51.111920000" lon="16.070960000">
        <ele>153.580</ele>
      </trkpt>
      <trkpt lat="51.112560000" lon="16.073760000">
        <ele>151.720</ele>
      </trkpt>
      <trkpt lat="51.112770000" lon="16.074700000">
        <ele>154.720</ele>
      </trkpt>
      <trkpt lat="51.112790000" lon="16.074860000">
        <ele>156.420</ele>
      </trkpt>
      <trkpt lat="51.112820000" lon="16.075390000">
        <ele>154.790</ele>
      </trkpt>
      <trkpt lat="51.112850000" lon="16.075790000">
        <ele>154.630</ele>
      </trkpt>
      <trkpt lat="51.112850000" lon="16.076220000">
        <ele>153.730</ele>
      </trkpt>
      <trkpt lat="51.112820000" lon="16.076740000">
        <ele>152.330</ele>
      </trkpt>
      <trkpt lat="51.112760000" lon="16.077810000">
        <ele>155.750</ele>
      </trkpt>
      <trkpt lat="51.112730000" lon="16.078470000">
        <ele>163.180</ele>
      </trkpt>
      <trkpt lat="51.112650000" lon="16.079430000">
        <ele>157.510</ele>
      </trkpt>
      <trkpt lat="51.112620000" lon="16.079960000">
        <ele>155.950</ele>
      </trkpt>
      <trkpt lat="51.112560000" lon="16.081040000">
        <ele>156.230</ele>
      </trkpt>
      <trkpt lat="51.112560000" lon="16.081040000">
        <ele>156.230</ele>
      </trkpt>
      <trkpt lat="51.112560000" lon="16.081040000">
        <ele>156.230</ele>
      </trkpt>
      <trkpt lat="51.112550000" lon="16.081230000">
        <ele>156.240</ele>
      </trkpt>
      <trkpt lat="51.112530000" lon="16.081690000">
        <ele>154.410</ele>
      </trkpt>
      <trkpt lat="51.112470000" lon="16.082580000">
        <ele>151.500</ele>
      </trkpt>
      <trkpt lat="51.112440000" lon="16.083020000">
        <ele>149.200</ele>
      </trkpt>
      <trkpt lat="51.112410000" lon="16.083560000">
        <ele>149.550</ele>
      </trkpt>
      <trkpt lat="51.112390000" lon="16.084030000">
        <ele>148.990</ele>
      </trkpt>
      <trkpt lat="51.112410000" lon="16.084520000">
        <ele>148.420</ele>
      </trkpt>
      <trkpt lat="51.112410000" lon="16.085000000">
        <ele>147.350</ele>
      </trkpt>
      <trkpt lat="51.112430000" lon="16.085550000">
        <ele>146.240</ele>
      </trkpt>
      <trkpt lat="51.112430000" lon="16.085570000">
        <ele>146.280</ele>
      </trkpt>
      <trkpt lat="51.112420000" lon="16.086020000">
        <ele>147.520</ele>
      </trkpt>
      <trkpt lat="51.112390000" lon="16.086560000">
        <ele>146.460</ele>
      </trkpt>
      <trkpt lat="51.112320000" lon="16.087300000">
        <ele>146.490</ele>
      </trkpt>
      <trkpt lat="51.112300000" lon="16.087650000">
        <ele>147.150</ele>
      </trkpt>
      <trkpt lat="51.112310000" lon="16.087860000">
        <ele>147.320</ele>
      </trkpt>
      <trkpt lat="51.112340000" lon="16.088030000">
        <ele>147.420</ele>
      </trkpt>
      <trkpt lat="51.112290000" lon="16.088140000">
        <ele>147.170</ele>
      </trkpt>
      <trkpt lat="51.112270000" lon="16.088240000">
        <ele>147.060</ele>
      </trkpt>
      <trkpt lat="51.112270000" lon="16.088340000">
        <ele>146.980</ele>
      </trkpt>
      <trkpt lat="51.112270000" lon="16.088440000">
        <ele>146.680</ele>
      </trkpt>
      <trkpt lat="51.112290000" lon="16.088740000">
        <ele>146.370</ele>
      </trkpt>
      <trkpt lat="51.112290000" lon="16.088830000">
        <ele>146.460</ele>
      </trkpt>
      <trkpt lat="51.112270000" lon="16.088950000">
        <ele>146.620</ele>
      </trkpt>
      <trkpt lat="51.112240000" lon="16.089110000">
        <ele>146.820</ele>
      </trkpt>
      <trkpt lat="51.112110000" lon="16.089540000">
        <ele>145.380</ele>
      </trkpt>
      <trkpt lat="51.112010000" lon="16.089740000">
        <ele>144.060</ele>
      </trkpt>
      <trkpt lat="51.111860000" lon="16.089940000">
        <ele>143.960</ele>
      </trkpt>
      <trkpt lat="51.111640000" lon="16.090200000">
        <ele>145.050</ele>
      </trkpt>
      <trkpt lat="51.111500000" lon="16.090390000">
        <ele>145.930</ele>
      </trkpt>
      <trkpt lat="51.111370000" lon="16.090550000">
        <ele>145.760</ele>
      </trkpt>
      <trkpt lat="51.111230000" lon="16.090650000">
        <ele>144.480</ele>
      </trkpt>
      <trkpt lat="51.110540000" lon="16.090930000">
        <ele>145.230</ele>
      </trkpt>
      <trkpt lat="51.109670000" lon="16.091320000">
        <ele>138.370</ele>
      </trkpt>
      <trkpt lat="51.109550000" lon="16.091400000">
        <ele>140.360</ele>
      </trkpt>
      <trkpt lat="51.109260000" lon="16.091620000">
        <ele>142.610</ele>
      </trkpt>
      <trkpt lat="51.108830000" lon="16.092030000">
        <ele>140.130</ele>
      </trkpt>
      <trkpt lat="51.108610000" lon="16.092260000">
        <ele>142.430</ele>
      </trkpt>
      <trkpt lat="51.108270000" lon="16.092610000">
        <ele>147.370</ele>
      </trkpt>
      <trkpt lat="51.108150000" lon="16.092720000">
        <ele>146.500</ele>
      </trkpt>
      <trkpt lat="51.108050000" lon="16.092800000">
        <ele>144.880</ele>
      </trkpt>
      <trkpt lat="51.107770000" lon="16.093010000">
        <ele>143.710</ele>
      </trkpt>
      <trkpt lat="51.107420000" lon="16.093260000">
        <ele>144.620</ele>
      </trkpt>
      <trkpt lat="51.107260000" lon="16.093350000">
        <ele>145.440</ele>
      </trkpt>
      <trkpt lat="51.107080000" lon="16.093430000">
        <ele>143.580</ele>
      </trkpt>
      <trkpt lat="51.106840000" lon="16.093480000">
        <ele>142.310</ele>
      </trkpt>
      <trkpt lat="51.106470000" lon="16.093500000">
        <ele>144.020</ele>
      </trkpt>
      <trkpt lat="51.106140000" lon="16.093540000">
        <ele>146.270</ele>
      </trkpt>
      <trkpt lat="51.105520000" lon="16.093690000">
        <ele>150.250</ele>
      </trkpt>
      <trkpt lat="51.105110000" lon="16.093780000">
        <ele>154.090</ele>
      </trkpt>
      <trkpt lat="51.104710000" lon="16.093880000">
        <ele>149.110</ele>
      </trkpt>
      <trkpt lat="51.104350000" lon="16.093960000">
        <ele>146.210</ele>
      </trkpt>
      <trkpt lat="51.104350000" lon="16.093960000">
        <ele>146.210</ele>
      </trkpt>
      <trkpt lat="51.104350000" lon="16.093960000">
        <ele>146.210</ele>
      </trkpt>
      <trkpt lat="51.103780000" lon="16.094090000">
        <ele>148.150</ele>
      </trkpt>
      <trkpt lat="51.103640000" lon="16.094140000">
        <ele>150.980</ele>
      </trkpt>
      <trkpt lat="51.103500000" lon="16.094190000">
        <ele>149.750</ele>
      </trkpt>
      <trkpt lat="51.103080000" lon="16.094400000">
        <ele>141.380</ele>
      </trkpt>
      <trkpt lat="51.102900000" lon="16.094470000">
        <ele>139.970</ele>
      </trkpt>
      <trkpt lat="51.102750000" lon="16.094510000">
        <ele>140.520</ele>
      </trkpt>
      <trkpt lat="51.102330000" lon="16.094590000">
        <ele>145.920</ele>
      </trkpt>
      <trkpt lat="51.102150000" lon="16.094640000">
        <ele>146.970</ele>
      </trkpt>
      <trkpt lat="51.102040000" lon="16.094700000">
        <ele>144.220</ele>
      </trkpt>
      <trkpt lat="51.101940000" lon="16.094770000">
        <ele>141.530</ele>
      </trkpt>
      <trkpt lat="51.101830000" lon="16.094880000">
        <ele>141.530</ele>
      </trkpt>
      <trkpt lat="51.101420000" lon="16.095410000">
        <ele>145.610</ele>
      </trkpt>
      <trkpt lat="51.101040000" lon="16.095840000">
        <ele>147.230</ele>
      </trkpt>
      <trkpt lat="51.100810000" lon="16.096100000">
        <ele>146.430</ele>
      </trkpt>
      <trkpt lat="51.100680000" lon="16.096220000">
        <ele>146.950</ele>
      </trkpt>
      <trkpt lat="51.100560000" lon="16.096310000">
        <ele>146.400</ele>
      </trkpt>
      <trkpt lat="51.100410000" lon="16.096400000">
        <ele>145.950</ele>
      </trkpt>
      <trkpt lat="51.100260000" lon="16.096460000">
        <ele>146.440</ele>
      </trkpt>
      <trkpt lat="51.100110000" lon="16.096510000">
        <ele>147.770</ele>
      </trkpt>
      <trkpt lat="51.100070000" lon="16.096580000">
        <ele>147.690</ele>
      </trkpt>
      <trkpt lat="51.100040000" lon="16.096660000">
        <ele>147.480</ele>
      </trkpt>
      <trkpt lat="51.100030000" lon="16.096780000">
        <ele>146.750</ele>
      </trkpt>
      <trkpt lat="51.100060000" lon="16.096920000">
        <ele>145.310</ele>
      </trkpt>
      <trkpt lat="51.100190000" lon="16.097520000">
        <ele>149.440</ele>
      </trkpt>
      <trkpt lat="51.100360000" lon="16.098350000">
        <ele>152.890</ele>
      </trkpt>
      <trkpt lat="51.100450000" lon="16.098760000">
        <ele>153.470</ele>
      </trkpt>
      <trkpt lat="51.100530000" lon="16.099170000">
        <ele>155.910</ele>
      </trkpt>
      <trkpt lat="51.100840000" lon="16.100580000">
        <ele>153.880</ele>
      </trkpt>
      <trkpt lat="51.101130000" lon="16.101990000">
        <ele>150.890</ele>
      </trkpt>
      <trkpt lat="51.101310000" lon="16.102710000">
        <ele>156.420</ele>
      </trkpt>
      <trkpt lat="51.101500000" lon="16.103340000">
        <ele>165.830</ele>
      </trkpt>
      <trkpt lat="51.101740000" lon="16.103900000">
        <ele>169.520</ele>
      </trkpt>
      <trkpt lat="51.101790000" lon="16.104000000">
        <ele>170.020</ele>
      </trkpt>
      <trkpt lat="51.101840000" lon="16.104090000">
        <ele>170.880</ele>
      </trkpt>
      <trkpt lat="51.101950000" lon="16.104320000">
        <ele>173.910</ele>
      </trkpt>
      <trkpt lat="51.102230000" lon="16.104750000">
        <ele>171.020</ele>
      </trkpt>
      <trkpt lat="51.102510000" lon="16.105090000">
        <ele>166.540</ele>
      </trkpt>
      <trkpt lat="51.103000000" lon="16.105580000">
        <ele>174.130</ele>
      </trkpt>
      <trkpt lat="51.103930000" lon="16.106440000">
        <ele>192.390</ele>
      </trkpt>
      <trkpt lat="51.104060000" lon="16.106550000">
        <ele>191.320</ele>
      </trkpt>
      <trkpt lat="51.104400000" lon="16.106870000">
        <ele>185.320</ele>
      </trkpt>
      <trkpt lat="51.105410000" lon="16.107800000">
        <ele>195.350</ele>
      </trkpt>
      <trkpt lat="51.105410000" lon="16.107800000">
        <ele>195.350</ele>
      </trkpt>
      <trkpt lat="51.105410000" lon="16.107800000">
        <ele>195.350</ele>
      </trkpt>
      <trkpt lat="51.106170000" lon="16.108500000">
        <ele>194.870</ele>
      </trkpt>
      <trkpt lat="51.107300000" lon="16.109540000">
        <ele>191.900</ele>
      </trkpt>
      <trkpt lat="51.107860000" lon="16.110040000">
        <ele>185.620</ele>
      </trkpt>
      <trkpt lat="51.108430000" lon="16.110520000">
        <ele>191.570</ele>
      </trkpt>
      <trkpt lat="51.109720000" lon="16.111470000">
        <ele>187.260</ele>
      </trkpt>
      <trkpt lat="51.110360000" lon="16.111940000">
        <ele>192.470</ele>
      </trkpt>
      <trkpt lat="51.110910000" lon="16.112350000">
        <ele>194.000</ele>
      </trkpt>
      <trkpt lat="51.110990000" lon="16.112440000">
        <ele>194.030</ele>
      </trkpt>
      <trkpt lat="51.111150000" lon="16.112610000">
        <ele>195.460</ele>
      </trkpt>
      <trkpt lat="51.111260000" lon="16.112750000">
        <ele>197.110</ele>
      </trkpt>
      <trkpt lat="51.111350000" lon="16.112890000">
        <ele>196.530</ele>
      </trkpt>
      <trkpt lat="51.111520000" lon="16.113200000">
        <ele>194.110</ele>
      </trkpt>
      <trkpt lat="51.111640000" lon="16.113460000">
        <ele>192.380</ele>
      </trkpt>
      <trkpt lat="51.111710000" lon="16.113680000">
        <ele>191.530</ele>
      </trkpt>
      <trkpt lat="51.111780000" lon="16.113930000">
        <ele>190.480</ele>
      </trkpt>
      <trkpt lat="51.111820000" lon="16.114160000">
        <ele>188.390</ele>
      </trkpt>
      <trkpt lat="51.111860000" lon="16.114410000">
        <ele>185.890</ele>
      </trkpt>
      <trkpt lat="51.111880000" lon="16.114650000">
        <ele>184.550</ele>
      </trkpt>
      <trkpt lat="51.111880000" lon="16.114860000">
        <ele>183.850</ele>
      </trkpt>
      <trkpt lat="51.111860000" lon="16.115090000">
        <ele>183.480</ele>
      </trkpt>
      <trkpt lat="51.111840000" lon="16.115310000">
        <ele>183.460</ele>
      </trkpt>
      <trkpt lat="51.111740000" lon="16.115870000">
        <ele>184.100</ele>
      </trkpt>
      <trkpt lat="51.111610000" lon="16.116510000">
        <ele>184.760</ele>
      </trkpt>
      <trkpt lat="51.111150000" lon="16.118570000">
        <ele>188.860</ele>
      </trkpt>
      <trkpt lat="51.111050000" lon="16.119000000">
        <ele>187.340</ele>
      </trkpt>
      <trkpt lat="51.110860000" lon="16.119830000">
        <ele>187.450</ele>
      </trkpt>
      <trkpt lat="51.110770000" lon="16.120220000">
        <ele>188.520</ele>
      </trkpt>
      <trkpt lat="51.110630000" lon="16.120800000">
        <ele>188.210</ele>
      </trkpt>
      <trkpt lat="51.110560000" lon="16.121110000">
        <ele>186.040</ele>
      </trkpt>
      <trkpt lat="51.110480000" lon="16.121380000">
        <ele>185.580</ele>
      </trkpt>
      <trkpt lat="51.110300000" lon="16.121830000">
        <ele>186.760</ele>
      </trkpt>
      <trkpt lat="51.110090000" lon="16.122270000">
        <ele>185.460</ele>
      </trkpt>
      <trkpt lat="51.108900000" lon="16.124570000">
        <ele>174.900</ele>
      </trkpt>
      <trkpt lat="51.108450000" lon="16.125440000">
        <ele>174.770</ele>
      </trkpt>
      <trkpt lat="51.108450000" lon="16.125440000">
        <ele>174.770</ele>
      </trkpt>
      <trkpt lat="51.108450000" lon="16.125440000">
        <ele>174.770</ele>
      </trkpt>
      <trkpt lat="51.108090000" lon="16.126120000">
        <ele>175.780</ele>
      </trkpt>
      <trkpt lat="51.107700000" lon="16.126870000">
        <ele>174.800</ele>
      </trkpt>
      <trkpt lat="51.107340000" lon="16.127580000">
        <ele>172.030</ele>
      </trkpt>
      <trkpt lat="51.106970000" lon="16.128290000">
        <ele>177.740</ele>
      </trkpt>
      <trkpt lat="51.106670000" lon="16.128860000">
        <ele>179.060</ele>
      </trkpt>
      <trkpt lat="51.106370000" lon="16.129420000">
        <ele>173.170</ele>
      </trkpt>
      <trkpt lat="51.106010000" lon="16.130110000">
        <ele>170.760</ele>
      </trkpt>
      <trkpt lat="51.105660000" lon="16.130790000">
        <ele>173.720</ele>
      </trkpt>
      <trkpt lat="51.105300000" lon="16.131480000">
        <ele>173.820</ele>
      </trkpt>
      <trkpt lat="51.105180000" lon="16.131710000">
        <ele>175.850</ele>
      </trkpt>
      <trkpt lat="51.105080000" lon="16.131950000">
        <ele>176.110</ele>
      </trkpt>
      <trkpt lat="51.104840000" lon="16.132480000">
        <ele>175.220</ele>
      </trkpt>
      <trkpt lat="51.104600000" lon="16.133080000">
        <ele>177.280</ele>
      </trkpt>
      <trkpt lat="51.104390000" lon="16.133600000">
        <ele>182.210</ele>
      </trkpt>
      <trkpt lat="51.104140000" lon="16.134250000">
        <ele>181.880</ele>
      </trkpt>
      <trkpt lat="51.104060000" lon="16.134460000">
        <ele>181.880</ele>
      </trkpt>
      <trkpt lat="51.103810000" lon="16.135110000">
        <ele>182.480</ele>
      </trkpt>
      <trkpt lat="51.103650000" lon="16.135540000">
        <ele>181.960</ele>
      </trkpt>
      <trkpt lat="51.103530000" lon="16.135940000">
        <ele>178.430</ele>
      </trkpt>
      <trkpt lat="51.103500000" lon="16.136020000">
        <ele>177.780</ele>
      </trkpt>
      <trkpt lat="51.103300000" lon="16.136840000">
        <ele>173.180</ele>
      </trkpt>
      <trkpt lat="51.103090000" lon="16.137650000">
        <ele>171.530</ele>
      </trkpt>
      <trkpt lat="51.102890000" lon="16.138470000">
        <ele>174.010</ele>
      </trkpt>
      <trkpt lat="51.102690000" lon="16.139290000">
        <ele>172.800</ele>
      </trkpt>
      <trkpt lat="51.102480000" lon="16.140100000">
        <ele>174.360</ele>
      </trkpt>
      <trkpt lat="51.102280000" lon="16.140920000">
        <ele>175.040</ele>
      </trkpt>
      <trkpt lat="51.102060000" lon="16.141780000">
        <ele>174.480</ele>
      </trkpt>
      <trkpt lat="51.101840000" lon="16.142650000">
        <ele>172.960</ele>
      </trkpt>
      <trkpt lat="51.101520000" lon="16.143890000">
        <ele>170.410</ele>
      </trkpt>
      <trkpt lat="51.101430000" lon="16.144220000">
        <ele>167.140</ele>
      </trkpt>
      <trkpt lat="51.101330000" lon="16.144500000">
        <ele>165.320</ele>
      </trkpt>
      <trkpt lat="51.101220000" lon="16.144760000">
        <ele>163.700</ele>
      </trkpt>
      <trkpt lat="51.101080000" lon="16.145020000">
        <ele>162.820</ele>
      </trkpt>
      <trkpt lat="51.100960000" lon="16.145230000">
        <ele>161.630</ele>
      </trkpt>
      <trkpt lat="51.100830000" lon="16.145420000">
        <ele>159.950</ele>
      </trkpt>
      <trkpt lat="51.100660000" lon="16.145610000">
        <ele>156.610</ele>
      </trkpt>
      <trkpt lat="51.100510000" lon="16.145760000">
        <ele>153.530</ele>
      </trkpt>
      <trkpt lat="51.100330000" lon="16.145920000">
        <ele>149.070</ele>
      </trkpt>
      <trkpt lat="51.100180000" lon="16.146000000">
        <ele>147.030</ele>
      </trkpt>
      <trkpt lat="51.099940000" lon="16.146100000">
        <ele>145.910</ele>
      </trkpt>
      <trkpt lat="51.099710000" lon="16.146170000">
        <ele>150.220</ele>
      </trkpt>
      <trkpt lat="51.099540000" lon="16.146200000">
        <ele>153.840</ele>
      </trkpt>
      <trkpt lat="51.099360000" lon="16.146220000">
        <ele>157.220</ele>
      </trkpt>
      <trkpt lat="51.098850000" lon="16.146240000">
        <ele>164.630</ele>
      </trkpt>
      <trkpt lat="51.098330000" lon="16.146250000">
        <ele>161.920</ele>
      </trkpt>
      <trkpt lat="51.097820000" lon="16.146270000">
        <ele>155.900</ele>
      </trkpt>
      <trkpt lat="51.097320000" lon="16.146290000">
        <ele>153.190</ele>
      </trkpt>
      <trkpt lat="51.096830000" lon="16.146300000">
        <ele>140.930</ele>
      </trkpt>
      <trkpt lat="51.096330000" lon="16.146320000">
        <ele>155.590</ele>
      </trkpt>
      <trkpt lat="51.095830000" lon="16.146340000">
        <ele>173.990</ele>
      </trkpt>
      <trkpt lat="51.095210000" lon="16.146360000">
        <ele>163.440</ele>
      </trkpt>
      <trkpt lat="51.094590000" lon="16.146380000">
        <ele>161.590</ele>
      </trkpt>
      <trkpt lat="51.094500000" lon="16.146390000">
        <ele>160.600</ele>
      </trkpt>
      <trkpt lat="51.094500000" lon="16.146390000">
        <ele>160.600</ele>
      </trkpt>
      <trkpt lat="51.094500000" lon="16.146390000">
        <ele>160.600</ele>
      </trkpt>
      <trkpt lat="51.093960000" lon="16.146430000">
        <ele>158.380</ele>
      </trkpt>
      <trkpt lat="51.093330000" lon="16.146520000">
        <ele>167.360</ele>
      </trkpt>
      <trkpt lat="51.092870000" lon="16.146600000">
        <ele>163.730</ele>
      </trkpt>
      <trkpt lat="51.092400000" lon="16.146720000">
        <ele>160.970</ele>
      </trkpt>
      <trkpt lat="51.091470000" lon="16.146970000">
        <ele>164.980</ele>
      </trkpt>
      <trkpt lat="51.089590000" lon="16.147500000">
        <ele>175.000</ele>
      </trkpt>
      <trkpt lat="51.087720000" lon="16.148030000">
        <ele>173.850</ele>
      </trkpt>
      <trkpt lat="51.086780000" lon="16.148300000">
        <ele>160.840</ele>
      </trkpt>
      <trkpt lat="51.086320000" lon="16.148430000">
        <ele>156.710</ele>
      </trkpt>
      <trkpt lat="51.086080000" lon="16.148500000">
        <ele>158.910</ele>
      </trkpt>
      <trkpt lat="51.085980000" lon="16.148540000">
        <ele>158.760</ele>
      </trkpt>
      <trkpt lat="51.085850000" lon="16.148580000">
        <ele>158.790</ele>
      </trkpt>
      <trkpt lat="51.085800000" lon="16.148600000">
        <ele>158.690</ele>
      </trkpt>
      <trkpt lat="51.085680000" lon="16.148660000">
        <ele>158.170</ele>
      </trkpt>
      <trkpt lat="51.085510000" lon="16.148770000">
        <ele>158.940</ele>
      </trkpt>
      <trkpt lat="51.085340000" lon="16.148890000">
        <ele>162.120</ele>
      </trkpt>
      <trkpt lat="51.085180000" lon="16.149040000">
        <ele>164.950</ele>
      </trkpt>
      <trkpt lat="51.085060000" lon="16.149160000">
        <ele>165.970</ele>
      </trkpt>
      <trkpt lat="51.084920000" lon="16.149320000">
        <ele>173.570</ele>
      </trkpt>
      <trkpt lat="51.084800000" lon="16.149490000">
        <ele>176.780</ele>
      </trkpt>
      <trkpt lat="51.084620000" lon="16.149760000">
        <ele>174.670</ele>
      </trkpt>
      <trkpt lat="51.084270000" lon="16.150430000">
        <ele>168.440</ele>
      </trkpt>
      <trkpt lat="51.084150000" lon="16.150660000">
        <ele>168.100</ele>
      </trkpt>
      <trkpt lat="51.083790000" lon="16.151310000">
        <ele>166.450</ele>
      </trkpt>
      <trkpt lat="51.083610000" lon="16.151650000">
        <ele>167.060</ele>
      </trkpt>
      <trkpt lat="51.083430000" lon="16.151930000">
        <ele>166.130</ele>
      </trkpt>
      <trkpt lat="51.083230000" lon="16.152220000">
        <ele>168.860</ele>
      </trkpt>
      <trkpt lat="51.083030000" lon="16.152520000">
        <ele>176.560</ele>
      </trkpt>
      <trkpt lat="51.082700000" lon="16.153020000">
        <ele>180.990</ele>
      </trkpt>
      <trkpt lat="51.082590000" lon="16.153150000">
        <ele>179.410</ele>
      </trkpt>
      <trkpt lat="51.082500000" lon="16.153240000">
        <ele>178.000</ele>
      </trkpt>
      <trkpt lat="51.082400000" lon="16.153320000">
        <ele>176.630</ele>
      </trkpt>
      <trkpt lat="51.082290000" lon="16.153380000">
        <ele>175.350</ele>
      </trkpt>
      <trkpt lat="51.082070000" lon="16.153460000">
        <ele>174.410</ele>
      </trkpt>
      <trkpt lat="51.081850000" lon="16.153520000">
        <ele>172.180</ele>
      </trkpt>
      <trkpt lat="51.081630000" lon="16.153580000">
        <ele>167.160</ele>
      </trkpt>
      <trkpt lat="51.081460000" lon="16.153630000">
        <ele>164.600</ele>
      </trkpt>
      <trkpt lat="51.081210000" lon="16.153710000">
        <ele>164.030</ele>
      </trkpt>
      <trkpt lat="51.081070000" lon="16.153770000">
        <ele>164.090</ele>
      </trkpt>
      <trkpt lat="51.080990000" lon="16.153800000">
        <ele>163.470</ele>
      </trkpt>
      <trkpt lat="51.080930000" lon="16.153850000">
        <ele>163.210</ele>
      </trkpt>
      <trkpt lat="51.080540000" lon="16.154170000">
        <ele>163.800</ele>
      </trkpt>
      <trkpt lat="51.080140000" lon="16.154520000">
        <ele>163.180</ele>
      </trkpt>
      <trkpt lat="51.080120000" lon="16.154540000">
        <ele>163.400</ele>
      </trkpt>
      <trkpt lat="51.080040000" lon="16.154610000">
        <ele>164.130</ele>
      </trkpt>
      <trkpt lat="51.079760000" lon="16.154860000">
        <ele>171.360</ele>
      </trkpt>
      <trkpt lat="51.079660000" lon="16.154970000">
        <ele>173.130</ele>
      </trkpt>
      <trkpt lat="51.079560000" lon="16.155100000">
        <ele>172.340</ele>
      </trkpt>
      <trkpt lat="51.079010000" lon="16.156000000">
        <ele>176.300</ele>
      </trkpt>
      <trkpt lat="51.078910000" lon="16.156160000">
        <ele>176.150</ele>
      </trkpt>
      <trkpt lat="51.078830000" lon="16.156280000">
        <ele>176.690</ele>
      </trkpt>
      <trkpt lat="51.078420000" lon="16.156840000">
        <ele>179.250</ele>
      </trkpt>
      <trkpt lat="51.078140000" lon="16.157240000">
        <ele>178.110</ele>
      </trkpt>
      <trkpt lat="51.077870000" lon="16.157640000">
        <ele>173.990</ele>
      </trkpt>
      <trkpt lat="51.077700000" lon="16.157960000">
        <ele>170.260</ele>
      </trkpt>
      <trkpt lat="51.077560000" lon="16.158220000">
        <ele>167.630</ele>
      </trkpt>
      <trkpt lat="51.077460000" lon="16.158410000">
        <ele>168.700</ele>
      </trkpt>
      <trkpt lat="51.077430000" lon="16.158480000">
        <ele>169.970</ele>
      </trkpt>
      <trkpt lat="51.077370000" lon="16.158600000">
        <ele>171.830</ele>
      </trkpt>
      <trkpt lat="51.077240000" lon="16.158850000">
        <ele>172.930</ele>
      </trkpt>
      <trkpt lat="51.077280000" lon="16.158900000">
        <ele>172.810</ele>
      </trkpt>
      <trkpt lat="51.077280000" lon="16.158960000">
        <ele>172.900</ele>
      </trkpt>
      <trkpt lat="51.077260000" lon="16.159020000">
        <ele>172.990</ele>
      </trkpt>
    </trkseg>
  </trk>
</gpx>
