<?xml version="1.0" encoding="UTF-8"?>
<gpx version="1.0" creator="GPSBabel - https://www.gpsbabel.org" xmlns="http://www.topografix.com/GPX/1/0">
  <time>2026-08-20T13:36:40.370Z</time>
  <bounds minlat="50.200250000" minlon="17.578960000" maxlat="50.535720000" maxlon="18.307250000"/>
  <trk>
    <name>VHL</name>
    <trkseg>
      <trkpt lat="50.321700000" lon="17.580090000">
        <ele>0.000</ele>
      </trkpt>
      <trkpt lat="50.321670000" lon="17.580230000">
        <ele>0.000</ele>
      </trkpt>
      <trkpt lat="50.321890000" lon="17.580400000">
        <ele>0.000</ele>
      </trkpt>
      <trkpt lat="50.321940000" lon="17.580200000">
        <ele>0.000</ele>
      </trkpt>
      <trkpt lat="50.322020000" lon="17.580180000">
        <ele>0.000</ele>
      </trkpt>
      <trkpt lat="50.322330000" lon="17.579090000">
        <ele>0.000</ele>
      </trkpt>
      <trkpt lat="50.322350000" lon="17.578960000">
        <ele>0.000</ele>
      </trkpt>
      <trkpt lat="50.322520000" lon="17.579170000">
        <ele>0.000</ele>
      </trkpt>
      <trkpt lat="50.322740000" lon="17.579530000">
        <ele>0.000</ele>
      </trkpt>
      <trkpt lat="50.322730000" lon="17.579620000">
        <ele>0.000</ele>
      </trkpt>
      <trkpt lat="50.322660000" lon="17.579910000">
        <ele>0.000</ele>
      </trkpt>
      <trkpt lat="50.322400000" lon="17.580930000">
        <ele>0.000</ele>
      </trkpt>
      <trkpt lat="50.322250000" lon="17.581430000">
        <ele>0.000</ele>
      </trkpt>
      <trkpt lat="50.322160000" lon="17.581740000">
        <ele>0.000</ele>
      </trkpt>
      <trkpt lat="50.321890000" lon="17.582490000">
        <ele>0.000</ele>
      </trkpt>
      <trkpt lat="50.321860000" lon="17.582550000">
        <ele>0.000</ele>
      </trkpt>
      <trkpt lat="50.321810000" lon="17.582620000">
        <ele>0.000</ele>
      </trkpt>
      <trkpt lat="50.321990000" lon="17.583120000">
        <ele>0.000</ele>
      </trkpt>
      <trkpt lat="50.322060000" lon="17.583360000">
        <ele>0.000</ele>
      </trkpt>
      <trkpt lat="50.321980000" lon="17.583450000">
        <ele>0.000</ele>
      </trkpt>
      <trkpt lat="50.321930000" lon="17.583490000">
        <ele>0.000</ele>
      </trkpt>
      <trkpt lat="50.322000000" lon="17.583960000">
        <ele>0.000</ele>
      </trkpt>
      <trkpt lat="50.322050000" lon="17.584460000">
        <ele>0.000</ele>
      </trkpt>
      <trkpt lat="50.322150000" lon="17.584450000">
        <ele>0.000</ele>
      </trkpt>
      <trkpt lat="50.322210000" lon="17.584470000">
        <ele>0.000</ele>
      </trkpt>
      <trkpt lat="50.322230000" lon="17.584610000">
        <ele>0.000</ele>
      </trkpt>
      <trkpt lat="50.322550000" lon="17.584930000">
        <ele>0.000</ele>
      </trkpt>
      <trkpt lat="50.322350000" lon="17.585410000">
        <ele>0.000</ele>
      </trkpt>
      <trkpt lat="50.322260000" lon="17.585590000">
        <ele>0.000</ele>
      </trkpt>
      <trkpt lat="50.321860000" lon="17.586130000">
        <ele>0.000</ele>
      </trkpt>
      <trkpt lat="50.321850000" lon="17.586230000">
        <ele>0.000</ele>
      </trkpt>
      <trkpt lat="50.322000000" lon="17.586460000">
        <ele>0.000</ele>
      </trkpt>
      <trkpt lat="50.322180000" lon="17.586820000">
        <ele>0.000</ele>
      </trkpt>
      <trkpt lat="50.322180000" lon="17.586880000">
        <ele>0.000</ele>
      </trkpt>
      <trkpt lat="50.322160000" lon="17.586960000">
        <ele>0.000</ele>
      </trkpt>
      <trkpt lat="50.322240000" lon="17.587130000">
        <ele>0.000</ele>
      </trkpt>
      <trkpt lat="50.322380000" lon="17.587530000">
        <ele>0.000</ele>
      </trkpt>
      <trkpt lat="50.322390000" lon="17.587580000">
        <ele>0.000</ele>
      </trkpt>
      <trkpt lat="50.322380000" lon="17.587620000">
        <ele>0.000</ele>
      </trkpt>
      <trkpt lat="50.322370000" lon="17.587720000">
        <ele>0.000</ele>
      </trkpt>
      <trkpt lat="50.322380000" lon="17.587770000">
        <ele>0.000</ele>
      </trkpt>
      <trkpt lat="50.322400000" lon="17.587810000">
        <ele>0.000</ele>
      </trkpt>
      <trkpt lat="50.322430000" lon="17.587850000">
        <ele>0.000</ele>
      </trkpt>
      <trkpt lat="50.322460000" lon="17.587870000">
        <ele>0.000</ele>
      </trkpt>
      <trkpt lat="50.322500000" lon="17.587870000">
        <ele>0.000</ele>
      </trkpt>
      <trkpt lat="50.322530000" lon="17.587860000">
        <ele>0.000</ele>
      </trkpt>
      <trkpt lat="50.322760000" lon="17.588620000">
        <ele>0.000</ele>
      </trkpt>
      <trkpt lat="50.322840000" lon="17.589080000">
        <ele>0.000</ele>
      </trkpt>
      <trkpt lat="50.322760000" lon="17.589120000">
        <ele>0.000</ele>
      </trkpt>
      <trkpt lat="50.322760000" lon="17.589170000">
        <ele>0.000</ele>
      </trkpt>
      <trkpt lat="50.322790000" lon="17.589170000">
        <ele>0.000</ele>
      </trkpt>
      <trkpt lat="50.322810000" lon="17.589200000">
        <ele>0.000</ele>
      </trkpt>
      <trkpt lat="50.322840000" lon="17.589490000">
        <ele>0.000</ele>
      </trkpt>
      <trkpt lat="50.322840000" lon="17.589790000">
        <ele>0.000</ele>
      </trkpt>
      <trkpt lat="50.322830000" lon="17.590010000">
        <ele>0.000</ele>
      </trkpt>
      <trkpt lat="50.322810000" lon="17.590150000">
        <ele>0.000</ele>
      </trkpt>
      <trkpt lat="50.322770000" lon="17.590370000">
        <ele>0.000</ele>
      </trkpt>
      <trkpt lat="50.322580000" lon="17.591370000">
        <ele>0.000</ele>
      </trkpt>
      <trkpt lat="50.322560000" lon="17.591500000">
        <ele>0.000</ele>
      </trkpt>
      <trkpt lat="50.322510000" lon="17.591530000">
        <ele>0.000</ele>
      </trkpt>
      <trkpt lat="50.322500000" lon="17.591590000">
        <ele>0.000</ele>
      </trkpt>
      <trkpt lat="50.322580000" lon="17.591620000">
        <ele>0.000</ele>
      </trkpt>
      <trkpt lat="50.322190000" lon="17.593690000">
        <ele>0.000</ele>
      </trkpt>
      <trkpt lat="50.322230000" lon="17.593700000">
        <ele>0.000</ele>
      </trkpt>
      <trkpt lat="50.322080000" lon="17.594550000">
        <ele>0.000</ele>
      </trkpt>
      <trkpt lat="50.322090000" lon="17.594590000">
        <ele>0.000</ele>
      </trkpt>
      <trkpt lat="50.321720000" lon="17.596680000">
        <ele>0.000</ele>
      </trkpt>
      <trkpt lat="50.321590000" lon="17.597480000">
        <ele>0.000</ele>
      </trkpt>
      <trkpt lat="50.321400000" lon="17.598830000">
        <ele>0.000</ele>
      </trkpt>
      <trkpt lat="50.321350000" lon="17.599150000">
        <ele>0.000</ele>
      </trkpt>
      <trkpt lat="50.321110000" lon="17.600170000">
        <ele>0.000</ele>
      </trkpt>
      <trkpt lat="50.321000000" lon="17.600690000">
        <ele>0.000</ele>
      </trkpt>
      <trkpt lat="50.320820000" lon="17.601610000">
        <ele>0.000</ele>
      </trkpt>
      <trkpt lat="50.320470000" lon="17.603430000">
        <ele>0.000</ele>
      </trkpt>
      <trkpt lat="50.320210000" lon="17.604740000">
        <ele>0.000</ele>
      </trkpt>
      <trkpt lat="50.319970000" lon="17.606380000">
        <ele>0.000</ele>
      </trkpt>
      <trkpt lat="50.319720000" lon="17.608720000">
        <ele>0.000</ele>
      </trkpt>
      <trkpt lat="50.319600000" lon="17.609850000">
        <ele>0.000</ele>
      </trkpt>
      <trkpt lat="50.319570000" lon="17.609840000">
        <ele>0.000</ele>
      </trkpt>
      <trkpt lat="50.319500000" lon="17.610560000">
        <ele>0.000</ele>
      </trkpt>
      <trkpt lat="50.319470000" lon="17.611150000">
        <ele>0.000</ele>
      </trkpt>
      <trkpt lat="50.319470000" lon="17.613160000">
        <ele>0.000</ele>
      </trkpt>
      <trkpt lat="50.319430000" lon="17.613930000">
        <ele>0.000</ele>
      </trkpt>
      <trkpt lat="50.319190000" lon="17.616110000">
        <ele>0.000</ele>
      </trkpt>
      <trkpt lat="50.318990000" lon="17.617140000">
        <ele>0.000</ele>
      </trkpt>
      <trkpt lat="50.318700000" lon="17.618560000">
        <ele>0.000</ele>
      </trkpt>
      <trkpt lat="50.318630000" lon="17.618950000">
        <ele>0.000</ele>
      </trkpt>
      <trkpt lat="50.318590000" lon="17.619370000">
        <ele>0.000</ele>
      </trkpt>
      <trkpt lat="50.318580000" lon="17.619640000">
        <ele>0.000</ele>
      </trkpt>
      <trkpt lat="50.318560000" lon="17.620750000">
        <ele>0.000</ele>
      </trkpt>
      <trkpt lat="50.318620000" lon="17.623340000">
        <ele>0.000</ele>
      </trkpt>
      <trkpt lat="50.318810000" lon="17.627710000">
        <ele>0.000</ele>
      </trkpt>
      <trkpt lat="50.319010000" lon="17.630880000">
        <ele>0.000</ele>
      </trkpt>
      <trkpt lat="50.319340000" lon="17.633680000">
        <ele>0.000</ele>
      </trkpt>
      <trkpt lat="50.319550000" lon="17.635190000">
        <ele>0.000</ele>
      </trkpt>
      <trkpt lat="50.319730000" lon="17.636260000">
        <ele>0.000</ele>
      </trkpt>
      <trkpt lat="50.319920000" lon="17.637430000">
        <ele>0.000</ele>
      </trkpt>
      <trkpt lat="50.320130000" lon="17.639070000">
        <ele>0.000</ele>
      </trkpt>
      <trkpt lat="50.320290000" lon="17.641150000">
        <ele>0.000</ele>
      </trkpt>
      <trkpt lat="50.320360000" lon="17.641850000">
        <ele>0.000</ele>
      </trkpt>
      <trkpt lat="50.320720000" lon="17.643560000">
        <ele>0.000</ele>
      </trkpt>
      <trkpt lat="50.320750000" lon="17.643780000">
        <ele>0.000</ele>
      </trkpt>
      <trkpt lat="50.320760000" lon="17.644000000">
        <ele>0.000</ele>
      </trkpt>
      <trkpt lat="50.320770000" lon="17.644470000">
        <ele>0.000</ele>
      </trkpt>
      <trkpt lat="50.320740000" lon="17.646890000">
        <ele>0.000</ele>
      </trkpt>
      <trkpt lat="50.320700000" lon="17.647280000">
        <ele>0.000</ele>
      </trkpt>
      <trkpt lat="50.320610000" lon="17.647730000">
        <ele>0.000</ele>
      </trkpt>
      <trkpt lat="50.320030000" lon="17.649090000">
        <ele>0.000</ele>
      </trkpt>
      <trkpt lat="50.319440000" lon="17.650300000">
        <ele>0.000</ele>
      </trkpt>
      <trkpt lat="50.319120000" lon="17.650930000">
        <ele>0.000</ele>
      </trkpt>
      <trkpt lat="50.318760000" lon="17.651860000">
        <ele>0.000</ele>
      </trkpt>
      <trkpt lat="50.318410000" lon="17.653020000">
        <ele>0.000</ele>
      </trkpt>
      <trkpt lat="50.318230000" lon="17.653570000">
        <ele>0.000</ele>
      </trkpt>
      <trkpt lat="50.318110000" lon="17.653910000">
        <ele>0.000</ele>
      </trkpt>
      <trkpt lat="50.317650000" lon="17.654910000">
        <ele>0.000</ele>
      </trkpt>
      <trkpt lat="50.317310000" lon="17.655720000">
        <ele>0.000</ele>
      </trkpt>
      <trkpt lat="50.317210000" lon="17.655930000">
        <ele>0.000</ele>
      </trkpt>
      <trkpt lat="50.317030000" lon="17.656290000">
        <ele>0.000</ele>
      </trkpt>
      <trkpt lat="50.316650000" lon="17.656870000">
        <ele>0.000</ele>
      </trkpt>
      <trkpt lat="50.315750000" lon="17.658170000">
        <ele>0.000</ele>
      </trkpt>
      <trkpt lat="50.315140000" lon="17.659080000">
        <ele>0.000</ele>
      </trkpt>
      <trkpt lat="50.314880000" lon="17.659440000">
        <ele>0.000</ele>
      </trkpt>
      <trkpt lat="50.314610000" lon="17.659770000">
        <ele>0.000</ele>
      </trkpt>
      <trkpt lat="50.314440000" lon="17.659940000">
        <ele>0.000</ele>
      </trkpt>
      <trkpt lat="50.314330000" lon="17.660030000">
        <ele>0.000</ele>
      </trkpt>
      <trkpt lat="50.314260000" lon="17.660080000">
        <ele>0.000</ele>
      </trkpt>
      <trkpt lat="50.313740000" lon="17.660310000">
        <ele>0.000</ele>
      </trkpt>
      <trkpt lat="50.313680000" lon="17.660350000">
        <ele>0.000</ele>
      </trkpt>
      <trkpt lat="50.313620000" lon="17.660420000">
        <ele>0.000</ele>
      </trkpt>
      <trkpt lat="50.312780000" lon="17.661780000">
        <ele>0.000</ele>
      </trkpt>
      <trkpt lat="50.312640000" lon="17.662040000">
        <ele>0.000</ele>
      </trkpt>
      <trkpt lat="50.312520000" lon="17.662330000">
        <ele>0.000</ele>
      </trkpt>
      <trkpt lat="50.311390000" lon="17.665410000">
        <ele>0.000</ele>
      </trkpt>
      <trkpt lat="50.311120000" lon="17.666390000">
        <ele>0.000</ele>
      </trkpt>
      <trkpt lat="50.311000000" lon="17.666860000">
        <ele>0.000</ele>
      </trkpt>
      <trkpt lat="50.310950000" lon="17.667120000">
        <ele>0.000</ele>
      </trkpt>
      <trkpt lat="50.310880000" lon="17.667640000">
        <ele>0.000</ele>
      </trkpt>
      <trkpt lat="50.310870000" lon="17.667920000">
        <ele>0.000</ele>
      </trkpt>
      <trkpt lat="50.310880000" lon="17.668430000">
        <ele>0.000</ele>
      </trkpt>
      <trkpt lat="50.310870000" lon="17.668580000">
        <ele>0.000</ele>
      </trkpt>
      <trkpt lat="50.310850000" lon="17.668740000">
        <ele>0.000</ele>
      </trkpt>
      <trkpt lat="50.310680000" lon="17.669470000">
        <ele>0.000</ele>
      </trkpt>
      <trkpt lat="50.310590000" lon="17.669740000">
        <ele>0.000</ele>
      </trkpt>
      <trkpt lat="50.310480000" lon="17.670040000">
        <ele>0.000</ele>
      </trkpt>
      <trkpt lat="50.310410000" lon="17.670210000">
        <ele>0.000</ele>
      </trkpt>
      <trkpt lat="50.310330000" lon="17.670360000">
        <ele>0.000</ele>
      </trkpt>
      <trkpt lat="50.310280000" lon="17.670430000">
        <ele>0.000</ele>
      </trkpt>
      <trkpt lat="50.310030000" lon="17.670650000">
        <ele>0.000</ele>
      </trkpt>
      <trkpt lat="50.309850000" lon="17.670780000">
        <ele>0.000</ele>
      </trkpt>
      <trkpt lat="50.309720000" lon="17.670840000">
        <ele>0.000</ele>
      </trkpt>
      <trkpt lat="50.309180000" lon="17.670970000">
        <ele>0.000</ele>
      </trkpt>
      <trkpt lat="50.309000000" lon="17.671030000">
        <ele>0.000</ele>
      </trkpt>
      <trkpt lat="50.308890000" lon="17.671090000">
        <ele>0.000</ele>
      </trkpt>
      <trkpt lat="50.308820000" lon="17.671160000">
        <ele>0.000</ele>
      </trkpt>
      <trkpt lat="50.308750000" lon="17.671270000">
        <ele>0.000</ele>
      </trkpt>
      <trkpt lat="50.308640000" lon="17.671510000">
        <ele>0.000</ele>
      </trkpt>
      <trkpt lat="50.308030000" lon="17.672870000">
        <ele>0.000</ele>
      </trkpt>
      <trkpt lat="50.307890000" lon="17.673190000">
        <ele>0.000</ele>
      </trkpt>
      <trkpt lat="50.307760000" lon="17.673520000">
        <ele>0.000</ele>
      </trkpt>
      <trkpt lat="50.307570000" lon="17.674060000">
        <ele>0.000</ele>
      </trkpt>
      <trkpt lat="50.307520000" lon="17.674150000">
        <ele>0.000</ele>
      </trkpt>
      <trkpt lat="50.307430000" lon="17.674270000">
        <ele>0.000</ele>
      </trkpt>
      <trkpt lat="50.307300000" lon="17.674380000">
        <ele>0.000</ele>
      </trkpt>
      <trkpt lat="50.306920000" lon="17.674680000">
        <ele>0.000</ele>
      </trkpt>
      <trkpt lat="50.306840000" lon="17.674710000">
        <ele>0.000</ele>
      </trkpt>
      <trkpt lat="50.306450000" lon="17.674760000">
        <ele>0.000</ele>
      </trkpt>
      <trkpt lat="50.306380000" lon="17.674750000">
        <ele>0.000</ele>
      </trkpt>
      <trkpt lat="50.306320000" lon="17.674710000">
        <ele>0.000</ele>
      </trkpt>
      <trkpt lat="50.306260000" lon="17.674640000">
        <ele>0.000</ele>
      </trkpt>
      <trkpt lat="50.306140000" lon="17.674440000">
        <ele>0.000</ele>
      </trkpt>
      <trkpt lat="50.305670000" lon="17.673470000">
        <ele>0.000</ele>
      </trkpt>
      <trkpt lat="50.305480000" lon="17.673110000">
        <ele>0.000</ele>
      </trkpt>
      <trkpt lat="50.305390000" lon="17.672960000">
        <ele>0.000</ele>
      </trkpt>
      <trkpt lat="50.305310000" lon="17.672850000">
        <ele>0.000</ele>
      </trkpt>
      <trkpt lat="50.305170000" lon="17.672740000">
        <ele>0.000</ele>
      </trkpt>
      <trkpt lat="50.305060000" lon="17.672680000">
        <ele>0.000</ele>
      </trkpt>
      <trkpt lat="50.304940000" lon="17.672640000">
        <ele>0.000</ele>
      </trkpt>
      <trkpt lat="50.304800000" lon="17.672630000">
        <ele>0.000</ele>
      </trkpt>
      <trkpt lat="50.304630000" lon="17.672640000">
        <ele>0.000</ele>
      </trkpt>
      <trkpt lat="50.304320000" lon="17.672720000">
        <ele>0.000</ele>
      </trkpt>
      <trkpt lat="50.303990000" lon="17.672770000">
        <ele>0.000</ele>
      </trkpt>
      <trkpt lat="50.303720000" lon="17.672720000">
        <ele>0.000</ele>
      </trkpt>
      <trkpt lat="50.303300000" lon="17.672820000">
        <ele>0.000</ele>
      </trkpt>
      <trkpt lat="50.302710000" lon="17.672920000">
        <ele>0.000</ele>
      </trkpt>
      <trkpt lat="50.301770000" lon="17.673100000">
        <ele>0.000</ele>
      </trkpt>
      <trkpt lat="50.301520000" lon="17.673120000">
        <ele>0.000</ele>
      </trkpt>
      <trkpt lat="50.301340000" lon="17.673120000">
        <ele>0.000</ele>
      </trkpt>
      <trkpt lat="50.301110000" lon="17.673080000">
        <ele>0.000</ele>
      </trkpt>
      <trkpt lat="50.300910000" lon="17.673030000">
        <ele>0.000</ele>
      </trkpt>
      <trkpt lat="50.300610000" lon="17.672930000">
        <ele>0.000</ele>
      </trkpt>
      <trkpt lat="50.299710000" lon="17.672550000">
        <ele>0.000</ele>
      </trkpt>
      <trkpt lat="50.299540000" lon="17.672510000">
        <ele>0.000</ele>
      </trkpt>
      <trkpt lat="50.299110000" lon="17.672430000">
        <ele>0.000</ele>
      </trkpt>
      <trkpt lat="50.298500000" lon="17.672470000">
        <ele>0.000</ele>
      </trkpt>
      <trkpt lat="50.298120000" lon="17.672540000">
        <ele>0.000</ele>
      </trkpt>
      <trkpt lat="50.297980000" lon="17.672640000">
        <ele>0.000</ele>
      </trkpt>
      <trkpt lat="50.297860000" lon="17.672760000">
        <ele>0.000</ele>
      </trkpt>
      <trkpt lat="50.296180000" lon="17.674620000">
        <ele>0.000</ele>
      </trkpt>
      <trkpt lat="50.295790000" lon="17.675020000">
        <ele>0.000</ele>
      </trkpt>
      <trkpt lat="50.295620000" lon="17.675140000">
        <ele>0.000</ele>
      </trkpt>
      <trkpt lat="50.295460000" lon="17.675210000">
        <ele>0.000</ele>
      </trkpt>
      <trkpt lat="50.295360000" lon="17.675230000">
        <ele>0.000</ele>
      </trkpt>
      <trkpt lat="50.295260000" lon="17.675190000">
        <ele>0.000</ele>
      </trkpt>
      <trkpt lat="50.295140000" lon="17.675070000">
        <ele>0.000</ele>
      </trkpt>
      <trkpt lat="50.295070000" lon="17.674970000">
        <ele>0.000</ele>
      </trkpt>
      <trkpt lat="50.294910000" lon="17.674690000">
        <ele>0.000</ele>
      </trkpt>
      <trkpt lat="50.294370000" lon="17.673510000">
        <ele>0.000</ele>
      </trkpt>
      <trkpt lat="50.294280000" lon="17.673370000">
        <ele>0.000</ele>
      </trkpt>
      <trkpt lat="50.293440000" lon="17.673920000">
        <ele>0.000</ele>
      </trkpt>
      <trkpt lat="50.293210000" lon="17.674080000">
        <ele>0.000</ele>
      </trkpt>
      <trkpt lat="50.292950000" lon="17.674210000">
        <ele>0.000</ele>
      </trkpt>
      <trkpt lat="50.292790000" lon="17.674310000">
        <ele>0.000</ele>
      </trkpt>
      <trkpt lat="50.292710000" lon="17.674380000">
        <ele>0.000</ele>
      </trkpt>
      <trkpt lat="50.292660000" lon="17.674450000">
        <ele>0.000</ele>
      </trkpt>
      <trkpt lat="50.292610000" lon="17.674520000">
        <ele>0.000</ele>
      </trkpt>
      <trkpt lat="50.292490000" lon="17.674810000">
        <ele>0.000</ele>
      </trkpt>
      <trkpt lat="50.292310000" lon="17.675370000">
        <ele>0.000</ele>
      </trkpt>
      <trkpt lat="50.292210000" lon="17.675630000">
        <ele>0.000</ele>
      </trkpt>
      <trkpt lat="50.291960000" lon="17.676210000">
        <ele>0.000</ele>
      </trkpt>
      <trkpt lat="50.291550000" lon="17.677250000">
        <ele>0.000</ele>
      </trkpt>
      <trkpt lat="50.291470000" lon="17.677420000">
        <ele>0.000</ele>
      </trkpt>
      <trkpt lat="50.291290000" lon="17.677720000">
        <ele>0.000</ele>
      </trkpt>
      <trkpt lat="50.291180000" lon="17.677930000">
        <ele>0.000</ele>
      </trkpt>
      <trkpt lat="50.289340000" lon="17.682920000">
        <ele>0.000</ele>
      </trkpt>
      <trkpt lat="50.288850000" lon="17.684180000">
        <ele>0.000</ele>
      </trkpt>
      <trkpt lat="50.288000000" lon="17.686390000">
        <ele>0.000</ele>
      </trkpt>
      <trkpt lat="50.287810000" lon="17.686750000">
        <ele>0.000</ele>
      </trkpt>
      <trkpt lat="50.287080000" lon="17.687770000">
        <ele>0.000</ele>
      </trkpt>
      <trkpt lat="50.286420000" lon="17.688820000">
        <ele>0.000</ele>
      </trkpt>
      <trkpt lat="50.286200000" lon="17.689280000">
        <ele>0.000</ele>
      </trkpt>
      <trkpt lat="50.285780000" lon="17.690470000">
        <ele>0.000</ele>
      </trkpt>
      <trkpt lat="50.285230000" lon="17.692320000">
        <ele>0.000</ele>
      </trkpt>
      <trkpt lat="50.284900000" lon="17.693360000">
        <ele>0.000</ele>
      </trkpt>
      <trkpt lat="50.284770000" lon="17.694660000">
        <ele>0.000</ele>
      </trkpt>
      <trkpt lat="50.284660000" lon="17.695260000">
        <ele>0.000</ele>
      </trkpt>
      <trkpt lat="50.284520000" lon="17.695720000">
        <ele>0.000</ele>
      </trkpt>
      <trkpt lat="50.284280000" lon="17.696140000">
        <ele>0.000</ele>
      </trkpt>
      <trkpt lat="50.283660000" lon="17.697040000">
        <ele>0.000</ele>
      </trkpt>
      <trkpt lat="50.283500000" lon="17.697300000">
        <ele>0.000</ele>
      </trkpt>
      <trkpt lat="50.283320000" lon="17.697790000">
        <ele>0.000</ele>
      </trkpt>
      <trkpt lat="50.281630000" lon="17.702660000">
        <ele>0.000</ele>
      </trkpt>
      <trkpt lat="50.279430000" lon="17.706190000">
        <ele>0.000</ele>
      </trkpt>
      <trkpt lat="50.279000000" lon="17.706850000">
        <ele>0.000</ele>
      </trkpt>
      <trkpt lat="50.278350000" lon="17.707660000">
        <ele>0.000</ele>
      </trkpt>
      <trkpt lat="50.277890000" lon="17.708260000">
        <ele>0.000</ele>
      </trkpt>
      <trkpt lat="50.277600000" lon="17.708670000">
        <ele>0.000</ele>
      </trkpt>
      <trkpt lat="50.277450000" lon="17.708840000">
        <ele>0.000</ele>
      </trkpt>
      <trkpt lat="50.277200000" lon="17.709060000">
        <ele>0.000</ele>
      </trkpt>
      <trkpt lat="50.277110000" lon="17.709220000">
        <ele>0.000</ele>
      </trkpt>
      <trkpt lat="50.276900000" lon="17.709680000">
        <ele>0.000</ele>
      </trkpt>
      <trkpt lat="50.276810000" lon="17.709830000">
        <ele>0.000</ele>
      </trkpt>
      <trkpt lat="50.276680000" lon="17.709990000">
        <ele>0.000</ele>
      </trkpt>
      <trkpt lat="50.276520000" lon="17.710100000">
        <ele>0.000</ele>
      </trkpt>
      <trkpt lat="50.276420000" lon="17.710190000">
        <ele>0.000</ele>
      </trkpt>
      <trkpt lat="50.276360000" lon="17.710290000">
        <ele>0.000</ele>
      </trkpt>
      <trkpt lat="50.275940000" lon="17.711070000">
        <ele>0.000</ele>
      </trkpt>
      <trkpt lat="50.275850000" lon="17.711310000">
        <ele>0.000</ele>
      </trkpt>
      <trkpt lat="50.275800000" lon="17.711400000">
        <ele>0.000</ele>
      </trkpt>
      <trkpt lat="50.275730000" lon="17.711470000">
        <ele>0.000</ele>
      </trkpt>
      <trkpt lat="50.275670000" lon="17.711510000">
        <ele>0.000</ele>
      </trkpt>
      <trkpt lat="50.275580000" lon="17.711530000">
        <ele>0.000</ele>
      </trkpt>
      <trkpt lat="50.275510000" lon="17.711540000">
        <ele>0.000</ele>
      </trkpt>
      <trkpt lat="50.275450000" lon="17.711530000">
        <ele>0.000</ele>
      </trkpt>
      <trkpt lat="50.274950000" lon="17.711340000">
        <ele>0.000</ele>
      </trkpt>
      <trkpt lat="50.274730000" lon="17.711330000">
        <ele>0.000</ele>
      </trkpt>
      <trkpt lat="50.274070000" lon="17.711510000">
        <ele>0.000</ele>
      </trkpt>
      <trkpt lat="50.273810000" lon="17.711610000">
        <ele>0.000</ele>
      </trkpt>
      <trkpt lat="50.273610000" lon="17.711740000">
        <ele>0.000</ele>
      </trkpt>
      <trkpt lat="50.273140000" lon="17.712100000">
        <ele>0.000</ele>
      </trkpt>
      <trkpt lat="50.273010000" lon="17.712400000">
        <ele>0.000</ele>
      </trkpt>
      <trkpt lat="50.273030000" lon="17.712510000">
        <ele>0.000</ele>
      </trkpt>
      <trkpt lat="50.273020000" lon="17.712640000">
        <ele>0.000</ele>
      </trkpt>
      <trkpt lat="50.272910000" lon="17.712990000">
        <ele>0.000</ele>
      </trkpt>
      <trkpt lat="50.272870000" lon="17.713180000">
        <ele>0.000</ele>
      </trkpt>
      <trkpt lat="50.272850000" lon="17.713310000">
        <ele>0.000</ele>
      </trkpt>
      <trkpt lat="50.272820000" lon="17.713620000">
        <ele>0.000</ele>
      </trkpt>
      <trkpt lat="50.272800000" lon="17.714380000">
        <ele>0.000</ele>
      </trkpt>
      <trkpt lat="50.272770000" lon="17.715000000">
        <ele>0.000</ele>
      </trkpt>
      <trkpt lat="50.272790000" lon="17.715900000">
        <ele>0.000</ele>
      </trkpt>
      <trkpt lat="50.272790000" lon="17.716090000">
        <ele>0.000</ele>
      </trkpt>
      <trkpt lat="50.272740000" lon="17.716320000">
        <ele>0.000</ele>
      </trkpt>
      <trkpt lat="50.272630000" lon="17.716660000">
        <ele>0.000</ele>
      </trkpt>
      <trkpt lat="50.272570000" lon="17.716830000">
        <ele>0.000</ele>
      </trkpt>
      <trkpt lat="50.271460000" lon="17.719340000">
        <ele>0.000</ele>
      </trkpt>
      <trkpt lat="50.270460000" lon="17.721210000">
        <ele>0.000</ele>
      </trkpt>
      <trkpt lat="50.270270000" lon="17.721510000">
        <ele>0.000</ele>
      </trkpt>
      <trkpt lat="50.270100000" lon="17.721730000">
        <ele>0.000</ele>
      </trkpt>
      <trkpt lat="50.269850000" lon="17.722020000">
        <ele>0.000</ele>
      </trkpt>
      <trkpt lat="50.269070000" lon="17.722790000">
        <ele>0.000</ele>
      </trkpt>
      <trkpt lat="50.268790000" lon="17.723100000">
        <ele>0.000</ele>
      </trkpt>
      <trkpt lat="50.268540000" lon="17.723550000">
        <ele>0.000</ele>
      </trkpt>
      <trkpt lat="50.268380000" lon="17.724110000">
        <ele>0.000</ele>
      </trkpt>
      <trkpt lat="50.268000000" lon="17.724980000">
        <ele>0.000</ele>
      </trkpt>
      <trkpt lat="50.267840000" lon="17.725200000">
        <ele>0.000</ele>
      </trkpt>
      <trkpt lat="50.267460000" lon="17.725660000">
        <ele>0.000</ele>
      </trkpt>
      <trkpt lat="50.267250000" lon="17.725960000">
        <ele>0.000</ele>
      </trkpt>
      <trkpt lat="50.267220000" lon="17.726030000">
        <ele>0.000</ele>
      </trkpt>
      <trkpt lat="50.267170000" lon="17.726280000">
        <ele>0.000</ele>
      </trkpt>
      <trkpt lat="50.267140000" lon="17.726330000">
        <ele>0.000</ele>
      </trkpt>
      <trkpt lat="50.267000000" lon="17.726340000">
        <ele>0.000</ele>
      </trkpt>
      <trkpt lat="50.266310000" lon="17.726270000">
        <ele>0.000</ele>
      </trkpt>
      <trkpt lat="50.266120000" lon="17.726280000">
        <ele>0.000</ele>
      </trkpt>
      <trkpt lat="50.266000000" lon="17.726330000">
        <ele>0.000</ele>
      </trkpt>
      <trkpt lat="50.265940000" lon="17.726390000">
        <ele>0.000</ele>
      </trkpt>
      <trkpt lat="50.265860000" lon="17.726640000">
        <ele>0.000</ele>
      </trkpt>
      <trkpt lat="50.265730000" lon="17.727270000">
        <ele>0.000</ele>
      </trkpt>
      <trkpt lat="50.265580000" lon="17.727930000">
        <ele>0.000</ele>
      </trkpt>
      <trkpt lat="50.265540000" lon="17.728200000">
        <ele>0.000</ele>
      </trkpt>
      <trkpt lat="50.265540000" lon="17.728290000">
        <ele>0.000</ele>
      </trkpt>
      <trkpt lat="50.265560000" lon="17.728340000">
        <ele>0.000</ele>
      </trkpt>
      <trkpt lat="50.265590000" lon="17.728380000">
        <ele>0.000</ele>
      </trkpt>
      <trkpt lat="50.265640000" lon="17.728420000">
        <ele>0.000</ele>
      </trkpt>
      <trkpt lat="50.265720000" lon="17.728460000">
        <ele>0.000</ele>
      </trkpt>
      <trkpt lat="50.265930000" lon="17.728390000">
        <ele>0.000</ele>
      </trkpt>
      <trkpt lat="50.266070000" lon="17.728320000">
        <ele>0.000</ele>
      </trkpt>
      <trkpt lat="50.266200000" lon="17.728290000">
        <ele>0.000</ele>
      </trkpt>
      <trkpt lat="50.266310000" lon="17.728350000">
        <ele>0.000</ele>
      </trkpt>
      <trkpt lat="50.266340000" lon="17.728510000">
        <ele>0.000</ele>
      </trkpt>
      <trkpt lat="50.266340000" lon="17.728610000">
        <ele>0.000</ele>
      </trkpt>
      <trkpt lat="50.266320000" lon="17.728670000">
        <ele>0.000</ele>
      </trkpt>
      <trkpt lat="50.266270000" lon="17.728780000">
        <ele>0.000</ele>
      </trkpt>
      <trkpt lat="50.266200000" lon="17.728840000">
        <ele>0.000</ele>
      </trkpt>
      <trkpt lat="50.265890000" lon="17.729040000">
        <ele>0.000</ele>
      </trkpt>
      <trkpt lat="50.265590000" lon="17.729210000">
        <ele>0.000</ele>
      </trkpt>
      <trkpt lat="50.265230000" lon="17.729440000">
        <ele>0.000</ele>
      </trkpt>
      <trkpt lat="50.265020000" lon="17.729590000">
        <ele>0.000</ele>
      </trkpt>
      <trkpt lat="50.264980000" lon="17.729660000">
        <ele>0.000</ele>
      </trkpt>
      <trkpt lat="50.264940000" lon="17.729820000">
        <ele>0.000</ele>
      </trkpt>
      <trkpt lat="50.264930000" lon="17.729910000">
        <ele>0.000</ele>
      </trkpt>
      <trkpt lat="50.264980000" lon="17.729980000">
        <ele>0.000</ele>
      </trkpt>
      <trkpt lat="50.265100000" lon="17.730060000">
        <ele>0.000</ele>
      </trkpt>
      <trkpt lat="50.265290000" lon="17.730060000">
        <ele>0.000</ele>
      </trkpt>
      <trkpt lat="50.265670000" lon="17.729910000">
        <ele>0.000</ele>
      </trkpt>
      <trkpt lat="50.265770000" lon="17.729910000">
        <ele>0.000</ele>
      </trkpt>
      <trkpt lat="50.265830000" lon="17.729940000">
        <ele>0.000</ele>
      </trkpt>
      <trkpt lat="50.265910000" lon="17.730050000">
        <ele>0.000</ele>
      </trkpt>
      <trkpt lat="50.265970000" lon="17.730200000">
        <ele>0.000</ele>
      </trkpt>
      <trkpt lat="50.265910000" lon="17.730340000">
        <ele>0.000</ele>
      </trkpt>
      <trkpt lat="50.265450000" lon="17.731130000">
        <ele>0.000</ele>
      </trkpt>
      <trkpt lat="50.265190000" lon="17.731560000">
        <ele>0.000</ele>
      </trkpt>
      <trkpt lat="50.264270000" lon="17.732870000">
        <ele>0.000</ele>
      </trkpt>
      <trkpt lat="50.264250000" lon="17.732950000">
        <ele>0.000</ele>
      </trkpt>
      <trkpt lat="50.264170000" lon="17.733010000">
        <ele>0.000</ele>
      </trkpt>
      <trkpt lat="50.264090000" lon="17.733110000">
        <ele>0.000</ele>
      </trkpt>
      <trkpt lat="50.263980000" lon="17.733190000">
        <ele>0.000</ele>
      </trkpt>
      <trkpt lat="50.263830000" lon="17.733270000">
        <ele>0.000</ele>
      </trkpt>
      <trkpt lat="50.263650000" lon="17.733270000">
        <ele>0.000</ele>
      </trkpt>
      <trkpt lat="50.263510000" lon="17.733230000">
        <ele>0.000</ele>
      </trkpt>
      <trkpt lat="50.263320000" lon="17.733140000">
        <ele>0.000</ele>
      </trkpt>
      <trkpt lat="50.263110000" lon="17.733090000">
        <ele>0.000</ele>
      </trkpt>
      <trkpt lat="50.262950000" lon="17.733100000">
        <ele>0.000</ele>
      </trkpt>
      <trkpt lat="50.262720000" lon="17.733290000">
        <ele>0.000</ele>
      </trkpt>
      <trkpt lat="50.261230000" lon="17.734840000">
        <ele>0.000</ele>
      </trkpt>
      <trkpt lat="50.259820000" lon="17.736100000">
        <ele>0.000</ele>
      </trkpt>
      <trkpt lat="50.258970000" lon="17.736900000">
        <ele>0.000</ele>
      </trkpt>
      <trkpt lat="50.258420000" lon="17.737440000">
        <ele>0.000</ele>
      </trkpt>
      <trkpt lat="50.257840000" lon="17.738170000">
        <ele>0.000</ele>
      </trkpt>
      <trkpt lat="50.257570000" lon="17.738530000">
        <ele>0.000</ele>
      </trkpt>
      <trkpt lat="50.257400000" lon="17.738820000">
        <ele>0.000</ele>
      </trkpt>
      <trkpt lat="50.257310000" lon="17.739080000">
        <ele>0.000</ele>
      </trkpt>
      <trkpt lat="50.257250000" lon="17.739300000">
        <ele>0.000</ele>
      </trkpt>
      <trkpt lat="50.257190000" lon="17.739640000">
        <ele>0.000</ele>
      </trkpt>
      <trkpt lat="50.257120000" lon="17.740180000">
        <ele>0.000</ele>
      </trkpt>
      <trkpt lat="50.257090000" lon="17.740360000">
        <ele>0.000</ele>
      </trkpt>
      <trkpt lat="50.257010000" lon="17.740480000">
        <ele>0.000</ele>
      </trkpt>
      <trkpt lat="50.256910000" lon="17.740500000">
        <ele>0.000</ele>
      </trkpt>
      <trkpt lat="50.256410000" lon="17.740450000">
        <ele>0.000</ele>
      </trkpt>
      <trkpt lat="50.256230000" lon="17.740440000">
        <ele>0.000</ele>
      </trkpt>
      <trkpt lat="50.256130000" lon="17.740460000">
        <ele>0.000</ele>
      </trkpt>
      <trkpt lat="50.255970000" lon="17.740500000">
        <ele>0.000</ele>
      </trkpt>
      <trkpt lat="50.255860000" lon="17.740570000">
        <ele>0.000</ele>
      </trkpt>
      <trkpt lat="50.255350000" lon="17.741130000">
        <ele>0.000</ele>
      </trkpt>
      <trkpt lat="50.254780000" lon="17.741690000">
        <ele>0.000</ele>
      </trkpt>
      <trkpt lat="50.253980000" lon="17.742450000">
        <ele>0.000</ele>
      </trkpt>
      <trkpt lat="50.253410000" lon="17.743100000">
        <ele>0.000</ele>
      </trkpt>
      <trkpt lat="50.252940000" lon="17.743780000">
        <ele>0.000</ele>
      </trkpt>
      <trkpt lat="50.251560000" lon="17.745330000">
        <ele>0.000</ele>
      </trkpt>
      <trkpt lat="50.250970000" lon="17.745900000">
        <ele>0.000</ele>
      </trkpt>
      <trkpt lat="50.249160000" lon="17.747510000">
        <ele>0.000</ele>
      </trkpt>
      <trkpt lat="50.248860000" lon="17.747840000">
        <ele>0.000</ele>
      </trkpt>
      <trkpt lat="50.248650000" lon="17.748200000">
        <ele>0.000</ele>
      </trkpt>
      <trkpt lat="50.248500000" lon="17.748500000">
        <ele>0.000</ele>
      </trkpt>
      <trkpt lat="50.248150000" lon="17.749300000">
        <ele>0.000</ele>
      </trkpt>
      <trkpt lat="50.247680000" lon="17.750260000">
        <ele>0.000</ele>
      </trkpt>
      <trkpt lat="50.247260000" lon="17.751090000">
        <ele>0.000</ele>
      </trkpt>
      <trkpt lat="50.247000000" lon="17.751510000">
        <ele>0.000</ele>
      </trkpt>
      <trkpt lat="50.246900000" lon="17.751660000">
        <ele>0.000</ele>
      </trkpt>
      <trkpt lat="50.246430000" lon="17.752280000">
        <ele>0.000</ele>
      </trkpt>
      <trkpt lat="50.246060000" lon="17.752760000">
        <ele>0.000</ele>
      </trkpt>
      <trkpt lat="50.245150000" lon="17.753800000">
        <ele>0.000</ele>
      </trkpt>
      <trkpt lat="50.244860000" lon="17.754160000">
        <ele>0.000</ele>
      </trkpt>
      <trkpt lat="50.244670000" lon="17.754430000">
        <ele>0.000</ele>
      </trkpt>
      <trkpt lat="50.244520000" lon="17.754710000">
        <ele>0.000</ele>
      </trkpt>
      <trkpt lat="50.244250000" lon="17.755230000">
        <ele>0.000</ele>
      </trkpt>
      <trkpt lat="50.243750000" lon="17.756280000">
        <ele>0.000</ele>
      </trkpt>
      <trkpt lat="50.242800000" lon="17.758350000">
        <ele>0.000</ele>
      </trkpt>
      <trkpt lat="50.241870000" lon="17.760220000">
        <ele>0.000</ele>
      </trkpt>
      <trkpt lat="50.241340000" lon="17.761500000">
        <ele>0.000</ele>
      </trkpt>
      <trkpt lat="50.241140000" lon="17.761820000">
        <ele>0.000</ele>
      </trkpt>
      <trkpt lat="50.240070000" lon="17.762830000">
        <ele>0.000</ele>
      </trkpt>
      <trkpt lat="50.239600000" lon="17.763460000">
        <ele>0.000</ele>
      </trkpt>
      <trkpt lat="50.239160000" lon="17.763950000">
        <ele>0.000</ele>
      </trkpt>
      <trkpt lat="50.239010000" lon="17.764180000">
        <ele>0.000</ele>
      </trkpt>
      <trkpt lat="50.238520000" lon="17.765310000">
        <ele>0.000</ele>
      </trkpt>
      <trkpt lat="50.238270000" lon="17.765870000">
        <ele>0.000</ele>
      </trkpt>
      <trkpt lat="50.238020000" lon="17.766350000">
        <ele>0.000</ele>
      </trkpt>
      <trkpt lat="50.237800000" lon="17.766700000">
        <ele>0.000</ele>
      </trkpt>
      <trkpt lat="50.236900000" lon="17.768050000">
        <ele>0.000</ele>
      </trkpt>
      <trkpt lat="50.235810000" lon="17.769560000">
        <ele>0.000</ele>
      </trkpt>
      <trkpt lat="50.234850000" lon="17.770690000">
        <ele>0.000</ele>
      </trkpt>
      <trkpt lat="50.233270000" lon="17.773360000">
        <ele>0.000</ele>
      </trkpt>
      <trkpt lat="50.232670000" lon="17.774450000">
        <ele>0.000</ele>
      </trkpt>
      <trkpt lat="50.231030000" lon="17.777560000">
        <ele>0.000</ele>
      </trkpt>
      <trkpt lat="50.230910000" lon="17.777740000">
        <ele>0.000</ele>
      </trkpt>
      <trkpt lat="50.230760000" lon="17.777920000">
        <ele>0.000</ele>
      </trkpt>
      <trkpt lat="50.230230000" lon="17.778490000">
        <ele>0.000</ele>
      </trkpt>
      <trkpt lat="50.229800000" lon="17.779000000">
        <ele>0.000</ele>
      </trkpt>
      <trkpt lat="50.229400000" lon="17.779570000">
        <ele>0.000</ele>
      </trkpt>
      <trkpt lat="50.229060000" lon="17.779980000">
        <ele>0.000</ele>
      </trkpt>
      <trkpt lat="50.228310000" lon="17.780830000">
        <ele>0.000</ele>
      </trkpt>
      <trkpt lat="50.228180000" lon="17.781010000">
        <ele>0.000</ele>
      </trkpt>
      <trkpt lat="50.228020000" lon="17.781320000">
        <ele>0.000</ele>
      </trkpt>
      <trkpt lat="50.227830000" lon="17.781720000">
        <ele>0.000</ele>
      </trkpt>
      <trkpt lat="50.227790000" lon="17.781850000">
        <ele>0.000</ele>
      </trkpt>
      <trkpt lat="50.227760000" lon="17.781970000">
        <ele>0.000</ele>
      </trkpt>
      <trkpt lat="50.227700000" lon="17.782330000">
        <ele>0.000</ele>
      </trkpt>
      <trkpt lat="50.227670000" lon="17.782440000">
        <ele>0.000</ele>
      </trkpt>
      <trkpt lat="50.227610000" lon="17.782550000">
        <ele>0.000</ele>
      </trkpt>
      <trkpt lat="50.227250000" lon="17.783050000">
        <ele>0.000</ele>
      </trkpt>
      <trkpt lat="50.227160000" lon="17.783200000">
        <ele>0.000</ele>
      </trkpt>
      <trkpt lat="50.227070000" lon="17.783400000">
        <ele>0.000</ele>
      </trkpt>
      <trkpt lat="50.225720000" lon="17.786870000">
        <ele>0.000</ele>
      </trkpt>
      <trkpt lat="50.225300000" lon="17.787850000">
        <ele>0.000</ele>
      </trkpt>
      <trkpt lat="50.224620000" lon="17.789390000">
        <ele>0.000</ele>
      </trkpt>
      <trkpt lat="50.224530000" lon="17.789570000">
        <ele>0.000</ele>
      </trkpt>
      <trkpt lat="50.224400000" lon="17.789750000">
        <ele>0.000</ele>
      </trkpt>
      <trkpt lat="50.223750000" lon="17.790490000">
        <ele>0.000</ele>
      </trkpt>
      <trkpt lat="50.222610000" lon="17.791980000">
        <ele>0.000</ele>
      </trkpt>
      <trkpt lat="50.222410000" lon="17.792320000">
        <ele>0.000</ele>
      </trkpt>
      <trkpt lat="50.221990000" lon="17.793090000">
        <ele>0.000</ele>
      </trkpt>
      <trkpt lat="50.221610000" lon="17.793680000">
        <ele>0.000</ele>
      </trkpt>
      <trkpt lat="50.220860000" lon="17.794780000">
        <ele>0.000</ele>
      </trkpt>
      <trkpt lat="50.219370000" lon="17.796590000">
        <ele>0.000</ele>
      </trkpt>
      <trkpt lat="50.218970000" lon="17.797110000">
        <ele>0.000</ele>
      </trkpt>
      <trkpt lat="50.218400000" lon="17.797990000">
        <ele>0.000</ele>
      </trkpt>
      <trkpt lat="50.217380000" lon="17.799610000">
        <ele>0.000</ele>
      </trkpt>
      <trkpt lat="50.216470000" lon="17.801040000">
        <ele>0.000</ele>
      </trkpt>
      <trkpt lat="50.216020000" lon="17.801850000">
        <ele>0.000</ele>
      </trkpt>
      <trkpt lat="50.215770000" lon="17.802330000">
        <ele>0.000</ele>
      </trkpt>
      <trkpt lat="50.215370000" lon="17.803170000">
        <ele>0.000</ele>
      </trkpt>
      <trkpt lat="50.214610000" lon="17.804990000">
        <ele>0.000</ele>
      </trkpt>
      <trkpt lat="50.211630000" lon="17.810580000">
        <ele>0.000</ele>
      </trkpt>
      <trkpt lat="50.211300000" lon="17.811250000">
        <ele>0.000</ele>
      </trkpt>
      <trkpt lat="50.210690000" lon="17.812530000">
        <ele>0.000</ele>
      </trkpt>
      <trkpt lat="50.209990000" lon="17.813900000">
        <ele>0.000</ele>
      </trkpt>
      <trkpt lat="50.209110000" lon="17.815390000">
        <ele>0.000</ele>
      </trkpt>
      <trkpt lat="50.208640000" lon="17.816170000">
        <ele>0.000</ele>
      </trkpt>
      <trkpt lat="50.208270000" lon="17.816760000">
        <ele>0.000</ele>
      </trkpt>
      <trkpt lat="50.207820000" lon="17.817430000">
        <ele>0.000</ele>
      </trkpt>
      <trkpt lat="50.207120000" lon="17.818270000">
        <ele>0.000</ele>
      </trkpt>
      <trkpt lat="50.206520000" lon="17.818960000">
        <ele>0.000</ele>
      </trkpt>
      <trkpt lat="50.206040000" lon="17.819650000">
        <ele>0.000</ele>
      </trkpt>
      <trkpt lat="50.205910000" lon="17.819880000">
        <ele>0.000</ele>
      </trkpt>
      <trkpt lat="50.205720000" lon="17.820290000">
        <ele>0.000</ele>
      </trkpt>
      <trkpt lat="50.205280000" lon="17.821330000">
        <ele>0.000</ele>
      </trkpt>
      <trkpt lat="50.205080000" lon="17.821860000">
        <ele>0.000</ele>
      </trkpt>
      <trkpt lat="50.204870000" lon="17.822540000">
        <ele>0.000</ele>
      </trkpt>
      <trkpt lat="50.204800000" lon="17.822710000">
        <ele>0.000</ele>
      </trkpt>
      <trkpt lat="50.204680000" lon="17.823030000">
        <ele>0.000</ele>
      </trkpt>
      <trkpt lat="50.204040000" lon="17.825390000">
        <ele>0.000</ele>
      </trkpt>
      <trkpt lat="50.203760000" lon="17.826310000">
        <ele>0.000</ele>
      </trkpt>
      <trkpt lat="50.203710000" lon="17.826450000">
        <ele>0.000</ele>
      </trkpt>
      <trkpt lat="50.203510000" lon="17.826740000">
        <ele>0.000</ele>
      </trkpt>
      <trkpt lat="50.203430000" lon="17.826820000">
        <ele>0.000</ele>
      </trkpt>
      <trkpt lat="50.203380000" lon="17.826780000">
        <ele>0.000</ele>
      </trkpt>
      <trkpt lat="50.203330000" lon="17.826790000">
        <ele>0.000</ele>
      </trkpt>
      <trkpt lat="50.203290000" lon="17.826840000">
        <ele>0.000</ele>
      </trkpt>
      <trkpt lat="50.203270000" lon="17.826920000">
        <ele>0.000</ele>
      </trkpt>
      <trkpt lat="50.203290000" lon="17.827000000">
        <ele>0.000</ele>
      </trkpt>
      <trkpt lat="50.203260000" lon="17.827070000">
        <ele>0.000</ele>
      </trkpt>
      <trkpt lat="50.203120000" lon="17.827290000">
        <ele>0.000</ele>
      </trkpt>
      <trkpt lat="50.203080000" lon="17.827420000">
        <ele>0.000</ele>
      </trkpt>
      <trkpt lat="50.202870000" lon="17.827730000">
        <ele>0.000</ele>
      </trkpt>
      <trkpt lat="50.202800000" lon="17.827820000">
        <ele>0.000</ele>
      </trkpt>
      <trkpt lat="50.202490000" lon="17.828090000">
        <ele>0.000</ele>
      </trkpt>
      <trkpt lat="50.202420000" lon="17.828140000">
        <ele>0.000</ele>
      </trkpt>
      <trkpt lat="50.202310000" lon="17.828190000">
        <ele>0.000</ele>
      </trkpt>
      <trkpt lat="50.202160000" lon="17.828240000">
        <ele>0.000</ele>
      </trkpt>
      <trkpt lat="50.202200000" lon="17.828590000">
        <ele>0.000</ele>
      </trkpt>
      <trkpt lat="50.202190000" lon="17.828700000">
        <ele>0.000</ele>
      </trkpt>
      <trkpt lat="50.202140000" lon="17.828990000">
        <ele>0.000</ele>
      </trkpt>
      <trkpt lat="50.202100000" lon="17.829170000">
        <ele>0.000</ele>
      </trkpt>
      <trkpt lat="50.202040000" lon="17.829290000">
        <ele>0.000</ele>
      </trkpt>
      <trkpt lat="50.201860000" lon="17.829560000">
        <ele>0.000</ele>
      </trkpt>
      <trkpt lat="50.201530000" lon="17.829890000">
        <ele>0.000</ele>
      </trkpt>
      <trkpt lat="50.201420000" lon="17.830030000">
        <ele>0.000</ele>
      </trkpt>
      <trkpt lat="50.200720000" lon="17.830210000">
        <ele>0.000</ele>
      </trkpt>
      <trkpt lat="50.200660000" lon="17.830210000">
        <ele>0.000</ele>
      </trkpt>
      <trkpt lat="50.200590000" lon="17.830200000">
        <ele>0.000</ele>
      </trkpt>
      <trkpt lat="50.200340000" lon="17.830250000">
        <ele>0.000</ele>
      </trkpt>
      <trkpt lat="50.200330000" lon="17.830170000">
        <ele>0.000</ele>
      </trkpt>
      <trkpt lat="50.200330000" lon="17.830170000">
        <ele>0.000</ele>
      </trkpt>
      <trkpt lat="50.200310000" lon="17.829610000">
        <ele>0.000</ele>
      </trkpt>
      <trkpt lat="50.200250000" lon="17.828710000">
        <ele>0.000</ele>
      </trkpt>
      <trkpt lat="50.200370000" lon="17.828650000">
        <ele>0.000</ele>
      </trkpt>
      <trkpt lat="50.200500000" lon="17.828600000">
        <ele>0.000</ele>
      </trkpt>
      <trkpt lat="50.201340000" lon="17.828440000">
        <ele>0.000</ele>
      </trkpt>
      <trkpt lat="50.201810000" lon="17.828330000">
        <ele>0.000</ele>
      </trkpt>
      <trkpt lat="50.202310000" lon="17.828190000">
        <ele>0.000</ele>
      </trkpt>
      <trkpt lat="50.202420000" lon="17.828140000">
        <ele>0.000</ele>
      </trkpt>
      <trkpt lat="50.202490000" lon="17.828090000">
        <ele>0.000</ele>
      </trkpt>
      <trkpt lat="50.202800000" lon="17.827820000">
        <ele>0.000</ele>
      </trkpt>
      <trkpt lat="50.203060000" lon="17.828410000">
        <ele>0.000</ele>
      </trkpt>
      <trkpt lat="50.203100000" lon="17.828710000">
        <ele>0.000</ele>
      </trkpt>
      <trkpt lat="50.203200000" lon="17.828680000">
        <ele>0.000</ele>
      </trkpt>
      <trkpt lat="50.203430000" lon="17.828660000">
        <ele>0.000</ele>
      </trkpt>
      <trkpt lat="50.203560000" lon="17.828790000">
        <ele>0.000</ele>
      </trkpt>
      <trkpt lat="50.203980000" lon="17.828610000">
        <ele>0.000</ele>
      </trkpt>
      <trkpt lat="50.204040000" lon="17.828570000">
        <ele>0.000</ele>
      </trkpt>
      <trkpt lat="50.204090000" lon="17.828700000">
        <ele>0.000</ele>
      </trkpt>
      <trkpt lat="50.204500000" lon="17.828660000">
        <ele>0.000</ele>
      </trkpt>
      <trkpt lat="50.205220000" lon="17.828520000">
        <ele>0.000</ele>
      </trkpt>
      <trkpt lat="50.206320000" lon="17.828300000">
        <ele>0.000</ele>
      </trkpt>
      <trkpt lat="50.207800000" lon="17.828020000">
        <ele>0.000</ele>
      </trkpt>
      <trkpt lat="50.207990000" lon="17.828000000">
        <ele>0.000</ele>
      </trkpt>
      <trkpt lat="50.208630000" lon="17.828040000">
        <ele>0.000</ele>
      </trkpt>
      <trkpt lat="50.208870000" lon="17.828070000">
        <ele>0.000</ele>
      </trkpt>
      <trkpt lat="50.208930000" lon="17.828120000">
        <ele>0.000</ele>
      </trkpt>
      <trkpt lat="50.209070000" lon="17.828280000">
        <ele>0.000</ele>
      </trkpt>
      <trkpt lat="50.209180000" lon="17.828450000">
        <ele>0.000</ele>
      </trkpt>
      <trkpt lat="50.209630000" lon="17.829370000">
        <ele>0.000</ele>
      </trkpt>
      <trkpt lat="50.209780000" lon="17.829710000">
        <ele>0.000</ele>
      </trkpt>
      <trkpt lat="50.209920000" lon="17.830200000">
        <ele>0.000</ele>
      </trkpt>
      <trkpt lat="50.210490000" lon="17.832420000">
        <ele>0.000</ele>
      </trkpt>
      <trkpt lat="50.210880000" lon="17.833830000">
        <ele>0.000</ele>
      </trkpt>
      <trkpt lat="50.211010000" lon="17.834180000">
        <ele>0.000</ele>
      </trkpt>
      <trkpt lat="50.211280000" lon="17.834610000">
        <ele>0.000</ele>
      </trkpt>
      <trkpt lat="50.211350000" lon="17.834700000">
        <ele>0.000</ele>
      </trkpt>
      <trkpt lat="50.211510000" lon="17.834930000">
        <ele>0.000</ele>
      </trkpt>
      <trkpt lat="50.211690000" lon="17.835140000">
        <ele>0.000</ele>
      </trkpt>
      <trkpt lat="50.212020000" lon="17.835350000">
        <ele>0.000</ele>
      </trkpt>
      <trkpt lat="50.213470000" lon="17.836050000">
        <ele>0.000</ele>
      </trkpt>
      <trkpt lat="50.214040000" lon="17.836300000">
        <ele>0.000</ele>
      </trkpt>
      <trkpt lat="50.216490000" lon="17.836950000">
        <ele>0.000</ele>
      </trkpt>
      <trkpt lat="50.216890000" lon="17.837080000">
        <ele>0.000</ele>
      </trkpt>
      <trkpt lat="50.217240000" lon="17.837250000">
        <ele>0.000</ele>
      </trkpt>
      <trkpt lat="50.217610000" lon="17.837470000">
        <ele>0.000</ele>
      </trkpt>
      <trkpt lat="50.218030000" lon="17.837760000">
        <ele>0.000</ele>
      </trkpt>
      <trkpt lat="50.218410000" lon="17.838080000">
        <ele>0.000</ele>
      </trkpt>
      <trkpt lat="50.219370000" lon="17.839160000">
        <ele>0.000</ele>
      </trkpt>
      <trkpt lat="50.221670000" lon="17.841780000">
        <ele>0.000</ele>
      </trkpt>
      <trkpt lat="50.222190000" lon="17.842390000">
        <ele>0.000</ele>
      </trkpt>
      <trkpt lat="50.223440000" lon="17.843800000">
        <ele>0.000</ele>
      </trkpt>
      <trkpt lat="50.225330000" lon="17.845890000">
        <ele>0.000</ele>
      </trkpt>
      <trkpt lat="50.225890000" lon="17.846520000">
        <ele>0.000</ele>
      </trkpt>
      <trkpt lat="50.226580000" lon="17.847290000">
        <ele>0.000</ele>
      </trkpt>
      <trkpt lat="50.227430000" lon="17.848190000">
        <ele>0.000</ele>
      </trkpt>
      <trkpt lat="50.228850000" lon="17.849750000">
        <ele>0.000</ele>
      </trkpt>
      <trkpt lat="50.229250000" lon="17.850220000">
        <ele>0.000</ele>
      </trkpt>
      <trkpt lat="50.231790000" lon="17.853020000">
        <ele>0.000</ele>
      </trkpt>
      <trkpt lat="50.231980000" lon="17.853240000">
        <ele>0.000</ele>
      </trkpt>
      <trkpt lat="50.232140000" lon="17.853480000">
        <ele>0.000</ele>
      </trkpt>
      <trkpt lat="50.234120000" lon="17.857000000">
        <ele>0.000</ele>
      </trkpt>
      <trkpt lat="50.235270000" lon="17.859100000">
        <ele>0.000</ele>
      </trkpt>
      <trkpt lat="50.237020000" lon="17.862160000">
        <ele>0.000</ele>
      </trkpt>
      <trkpt lat="50.237090000" lon="17.862270000">
        <ele>0.000</ele>
      </trkpt>
      <trkpt lat="50.237170000" lon="17.862370000">
        <ele>0.000</ele>
      </trkpt>
      <trkpt lat="50.237260000" lon="17.862430000">
        <ele>0.000</ele>
      </trkpt>
      <trkpt lat="50.237400000" lon="17.862500000">
        <ele>0.000</ele>
      </trkpt>
      <trkpt lat="50.237480000" lon="17.862510000">
        <ele>0.000</ele>
      </trkpt>
      <trkpt lat="50.237630000" lon="17.862500000">
        <ele>0.000</ele>
      </trkpt>
      <trkpt lat="50.237870000" lon="17.862420000">
        <ele>0.000</ele>
      </trkpt>
      <trkpt lat="50.238250000" lon="17.862270000">
        <ele>0.000</ele>
      </trkpt>
      <trkpt lat="50.238510000" lon="17.862200000">
        <ele>0.000</ele>
      </trkpt>
      <trkpt lat="50.239150000" lon="17.862170000">
        <ele>0.000</ele>
      </trkpt>
      <trkpt lat="50.239310000" lon="17.862130000">
        <ele>0.000</ele>
      </trkpt>
      <trkpt lat="50.239450000" lon="17.862070000">
        <ele>0.000</ele>
      </trkpt>
      <trkpt lat="50.239590000" lon="17.862000000">
        <ele>0.000</ele>
      </trkpt>
      <trkpt lat="50.239730000" lon="17.861910000">
        <ele>0.000</ele>
      </trkpt>
      <trkpt lat="50.239850000" lon="17.861820000">
        <ele>0.000</ele>
      </trkpt>
      <trkpt lat="50.240050000" lon="17.861650000">
        <ele>0.000</ele>
      </trkpt>
      <trkpt lat="50.240360000" lon="17.861330000">
        <ele>0.000</ele>
      </trkpt>
      <trkpt lat="50.240560000" lon="17.861090000">
        <ele>0.000</ele>
      </trkpt>
      <trkpt lat="50.240650000" lon="17.861010000">
        <ele>0.000</ele>
      </trkpt>
      <trkpt lat="50.240870000" lon="17.860860000">
        <ele>0.000</ele>
      </trkpt>
      <trkpt lat="50.240980000" lon="17.860810000">
        <ele>0.000</ele>
      </trkpt>
      <trkpt lat="50.241110000" lon="17.860770000">
        <ele>0.000</ele>
      </trkpt>
      <trkpt lat="50.241200000" lon="17.860770000">
        <ele>0.000</ele>
      </trkpt>
      <trkpt lat="50.241330000" lon="17.860810000">
        <ele>0.000</ele>
      </trkpt>
      <trkpt lat="50.241510000" lon="17.860910000">
        <ele>0.000</ele>
      </trkpt>
      <trkpt lat="50.242020000" lon="17.861250000">
        <ele>0.000</ele>
      </trkpt>
      <trkpt lat="50.242210000" lon="17.861320000">
        <ele>0.000</ele>
      </trkpt>
      <trkpt lat="50.242500000" lon="17.861350000">
        <ele>0.000</ele>
      </trkpt>
      <trkpt lat="50.243250000" lon="17.861290000">
        <ele>0.000</ele>
      </trkpt>
      <trkpt lat="50.243400000" lon="17.861310000">
        <ele>0.000</ele>
      </trkpt>
      <trkpt lat="50.244160000" lon="17.861650000">
        <ele>0.000</ele>
      </trkpt>
      <trkpt lat="50.244600000" lon="17.861930000">
        <ele>0.000</ele>
      </trkpt>
      <trkpt lat="50.244890000" lon="17.862170000">
        <ele>0.000</ele>
      </trkpt>
      <trkpt lat="50.245450000" lon="17.862800000">
        <ele>0.000</ele>
      </trkpt>
      <trkpt lat="50.245760000" lon="17.863240000">
        <ele>0.000</ele>
      </trkpt>
      <trkpt lat="50.246070000" lon="17.863720000">
        <ele>0.000</ele>
      </trkpt>
      <trkpt lat="50.246650000" lon="17.864650000">
        <ele>0.000</ele>
      </trkpt>
      <trkpt lat="50.246810000" lon="17.864950000">
        <ele>0.000</ele>
      </trkpt>
      <trkpt lat="50.246870000" lon="17.865100000">
        <ele>0.000</ele>
      </trkpt>
      <trkpt lat="50.246980000" lon="17.865410000">
        <ele>0.000</ele>
      </trkpt>
      <trkpt lat="50.247040000" lon="17.865640000">
        <ele>0.000</ele>
      </trkpt>
      <trkpt lat="50.247100000" lon="17.865990000">
        <ele>0.000</ele>
      </trkpt>
      <trkpt lat="50.247180000" lon="17.866930000">
        <ele>0.000</ele>
      </trkpt>
      <trkpt lat="50.247230000" lon="17.867250000">
        <ele>0.000</ele>
      </trkpt>
      <trkpt lat="50.247300000" lon="17.867510000">
        <ele>0.000</ele>
      </trkpt>
      <trkpt lat="50.247420000" lon="17.867790000">
        <ele>0.000</ele>
      </trkpt>
      <trkpt lat="50.247520000" lon="17.867970000">
        <ele>0.000</ele>
      </trkpt>
      <trkpt lat="50.247640000" lon="17.868110000">
        <ele>0.000</ele>
      </trkpt>
      <trkpt lat="50.247780000" lon="17.868210000">
        <ele>0.000</ele>
      </trkpt>
      <trkpt lat="50.248000000" lon="17.868310000">
        <ele>0.000</ele>
      </trkpt>
      <trkpt lat="50.248280000" lon="17.868360000">
        <ele>0.000</ele>
      </trkpt>
      <trkpt lat="50.249270000" lon="17.868490000">
        <ele>0.000</ele>
      </trkpt>
      <trkpt lat="50.251490000" lon="17.868860000">
        <ele>0.000</ele>
      </trkpt>
      <trkpt lat="50.252490000" lon="17.869010000">
        <ele>0.000</ele>
      </trkpt>
      <trkpt lat="50.253450000" lon="17.869190000">
        <ele>0.000</ele>
      </trkpt>
      <trkpt lat="50.253870000" lon="17.869320000">
        <ele>0.000</ele>
      </trkpt>
      <trkpt lat="50.254690000" lon="17.869640000">
        <ele>0.000</ele>
      </trkpt>
      <trkpt lat="50.255230000" lon="17.869880000">
        <ele>0.000</ele>
      </trkpt>
      <trkpt lat="50.255550000" lon="17.870080000">
        <ele>0.000</ele>
      </trkpt>
      <trkpt lat="50.255850000" lon="17.870360000">
        <ele>0.000</ele>
      </trkpt>
      <trkpt lat="50.256110000" lon="17.870660000">
        <ele>0.000</ele>
      </trkpt>
      <trkpt lat="50.256510000" lon="17.871210000">
        <ele>0.000</ele>
      </trkpt>
      <trkpt lat="50.257060000" lon="17.871910000">
        <ele>0.000</ele>
      </trkpt>
      <trkpt lat="50.258920000" lon="17.873810000">
        <ele>0.000</ele>
      </trkpt>
      <trkpt lat="50.259420000" lon="17.874250000">
        <ele>0.000</ele>
      </trkpt>
      <trkpt lat="50.259610000" lon="17.874440000">
        <ele>0.000</ele>
      </trkpt>
      <trkpt lat="50.260260000" lon="17.875110000">
        <ele>0.000</ele>
      </trkpt>
      <trkpt lat="50.260440000" lon="17.875260000">
        <ele>0.000</ele>
      </trkpt>
      <trkpt lat="50.260710000" lon="17.875460000">
        <ele>0.000</ele>
      </trkpt>
      <trkpt lat="50.261030000" lon="17.875650000">
        <ele>0.000</ele>
      </trkpt>
      <trkpt lat="50.261160000" lon="17.875750000">
        <ele>0.000</ele>
      </trkpt>
      <trkpt lat="50.261670000" lon="17.876370000">
        <ele>0.000</ele>
      </trkpt>
      <trkpt lat="50.261880000" lon="17.876640000">
        <ele>0.000</ele>
      </trkpt>
      <trkpt lat="50.261960000" lon="17.876710000">
        <ele>0.000</ele>
      </trkpt>
      <trkpt lat="50.262040000" lon="17.876760000">
        <ele>0.000</ele>
      </trkpt>
      <trkpt lat="50.262120000" lon="17.876730000">
        <ele>0.000</ele>
      </trkpt>
      <trkpt lat="50.262360000" lon="17.876460000">
        <ele>0.000</ele>
      </trkpt>
      <trkpt lat="50.263010000" lon="17.876050000">
        <ele>0.000</ele>
      </trkpt>
      <trkpt lat="50.263220000" lon="17.875950000">
        <ele>0.000</ele>
      </trkpt>
      <trkpt lat="50.263740000" lon="17.875780000">
        <ele>0.000</ele>
      </trkpt>
      <trkpt lat="50.264230000" lon="17.875650000">
        <ele>0.000</ele>
      </trkpt>
      <trkpt lat="50.264540000" lon="17.875500000">
        <ele>0.000</ele>
      </trkpt>
      <trkpt lat="50.264750000" lon="17.875430000">
        <ele>0.000</ele>
      </trkpt>
      <trkpt lat="50.264870000" lon="17.875440000">
        <ele>0.000</ele>
      </trkpt>
      <trkpt lat="50.265090000" lon="17.875500000">
        <ele>0.000</ele>
      </trkpt>
      <trkpt lat="50.265200000" lon="17.875570000">
        <ele>0.000</ele>
      </trkpt>
      <trkpt lat="50.265260000" lon="17.875710000">
        <ele>0.000</ele>
      </trkpt>
      <trkpt lat="50.265520000" lon="17.875480000">
        <ele>0.000</ele>
      </trkpt>
      <trkpt lat="50.265580000" lon="17.875450000">
        <ele>0.000</ele>
      </trkpt>
      <trkpt lat="50.265810000" lon="17.875390000">
        <ele>0.000</ele>
      </trkpt>
      <trkpt lat="50.265890000" lon="17.875330000">
        <ele>0.000</ele>
      </trkpt>
      <trkpt lat="50.265950000" lon="17.875410000">
        <ele>0.000</ele>
      </trkpt>
      <trkpt lat="50.266180000" lon="17.875590000">
        <ele>0.000</ele>
      </trkpt>
      <trkpt lat="50.267010000" lon="17.876520000">
        <ele>0.000</ele>
      </trkpt>
      <trkpt lat="50.267090000" lon="17.876590000">
        <ele>0.000</ele>
      </trkpt>
      <trkpt lat="50.267220000" lon="17.876670000">
        <ele>0.000</ele>
      </trkpt>
      <trkpt lat="50.268230000" lon="17.877170000">
        <ele>0.000</ele>
      </trkpt>
      <trkpt lat="50.268760000" lon="17.877390000">
        <ele>0.000</ele>
      </trkpt>
      <trkpt lat="50.268920000" lon="17.877500000">
        <ele>0.000</ele>
      </trkpt>
      <trkpt lat="50.269080000" lon="17.877630000">
        <ele>0.000</ele>
      </trkpt>
      <trkpt lat="50.269220000" lon="17.877790000">
        <ele>0.000</ele>
      </trkpt>
      <trkpt lat="50.270270000" lon="17.879560000">
        <ele>0.000</ele>
      </trkpt>
      <trkpt lat="50.272300000" lon="17.882880000">
        <ele>0.000</ele>
      </trkpt>
      <trkpt lat="50.272760000" lon="17.882480000">
        <ele>0.000</ele>
      </trkpt>
      <trkpt lat="50.273560000" lon="17.881880000">
        <ele>0.000</ele>
      </trkpt>
      <trkpt lat="50.273950000" lon="17.881570000">
        <ele>0.000</ele>
      </trkpt>
      <trkpt lat="50.274180000" lon="17.881360000">
        <ele>0.000</ele>
      </trkpt>
      <trkpt lat="50.274690000" lon="17.880950000">
        <ele>0.000</ele>
      </trkpt>
      <trkpt lat="50.275650000" lon="17.880290000">
        <ele>0.000</ele>
      </trkpt>
      <trkpt lat="50.275950000" lon="17.880000000">
        <ele>0.000</ele>
      </trkpt>
      <trkpt lat="50.276270000" lon="17.879630000">
        <ele>0.000</ele>
      </trkpt>
      <trkpt lat="50.276590000" lon="17.879320000">
        <ele>0.000</ele>
      </trkpt>
      <trkpt lat="50.276880000" lon="17.879060000">
        <ele>0.000</ele>
      </trkpt>
      <trkpt lat="50.276990000" lon="17.879080000">
        <ele>0.000</ele>
      </trkpt>
      <trkpt lat="50.277430000" lon="17.879200000">
        <ele>0.000</ele>
      </trkpt>
      <trkpt lat="50.277820000" lon="17.879280000">
        <ele>0.000</ele>
      </trkpt>
      <trkpt lat="50.278170000" lon="17.879450000">
        <ele>0.000</ele>
      </trkpt>
      <trkpt lat="50.278550000" lon="17.879740000">
        <ele>0.000</ele>
      </trkpt>
      <trkpt lat="50.279060000" lon="17.880210000">
        <ele>0.000</ele>
      </trkpt>
      <trkpt lat="50.279590000" lon="17.880530000">
        <ele>0.000</ele>
      </trkpt>
      <trkpt lat="50.279930000" lon="17.880780000">
        <ele>0.000</ele>
      </trkpt>
      <trkpt lat="50.280710000" lon="17.881050000">
        <ele>0.000</ele>
      </trkpt>
      <trkpt lat="50.282250000" lon="17.881770000">
        <ele>0.000</ele>
      </trkpt>
      <trkpt lat="50.282950000" lon="17.882080000">
        <ele>0.000</ele>
      </trkpt>
      <trkpt lat="50.283240000" lon="17.882250000">
        <ele>0.000</ele>
      </trkpt>
      <trkpt lat="50.283450000" lon="17.882450000">
        <ele>0.000</ele>
      </trkpt>
      <trkpt lat="50.283640000" lon="17.882780000">
        <ele>0.000</ele>
      </trkpt>
      <trkpt lat="50.283730000" lon="17.882950000">
        <ele>0.000</ele>
      </trkpt>
      <trkpt lat="50.283790000" lon="17.883100000">
        <ele>0.000</ele>
      </trkpt>
      <trkpt lat="50.283820000" lon="17.883360000">
        <ele>0.000</ele>
      </trkpt>
      <trkpt lat="50.283940000" lon="17.883550000">
        <ele>0.000</ele>
      </trkpt>
      <trkpt lat="50.284220000" lon="17.883860000">
        <ele>0.000</ele>
      </trkpt>
      <trkpt lat="50.284750000" lon="17.884350000">
        <ele>0.000</ele>
      </trkpt>
      <trkpt lat="50.284900000" lon="17.884430000">
        <ele>0.000</ele>
      </trkpt>
      <trkpt lat="50.285210000" lon="17.884680000">
        <ele>0.000</ele>
      </trkpt>
      <trkpt lat="50.285770000" lon="17.885040000">
        <ele>0.000</ele>
      </trkpt>
      <trkpt lat="50.286160000" lon="17.885250000">
        <ele>0.000</ele>
      </trkpt>
      <trkpt lat="50.286340000" lon="17.885360000">
        <ele>0.000</ele>
      </trkpt>
      <trkpt lat="50.286760000" lon="17.885920000">
        <ele>0.000</ele>
      </trkpt>
      <trkpt lat="50.287470000" lon="17.886940000">
        <ele>0.000</ele>
      </trkpt>
      <trkpt lat="50.287840000" lon="17.887450000">
        <ele>0.000</ele>
      </trkpt>
      <trkpt lat="50.288030000" lon="17.887760000">
        <ele>0.000</ele>
      </trkpt>
      <trkpt lat="50.288420000" lon="17.888270000">
        <ele>0.000</ele>
      </trkpt>
      <trkpt lat="50.289090000" lon="17.889170000">
        <ele>0.000</ele>
      </trkpt>
      <trkpt lat="50.289560000" lon="17.889890000">
        <ele>0.000</ele>
      </trkpt>
      <trkpt lat="50.289880000" lon="17.890400000">
        <ele>0.000</ele>
      </trkpt>
      <trkpt lat="50.290010000" lon="17.890580000">
        <ele>0.000</ele>
      </trkpt>
      <trkpt lat="50.292160000" lon="17.894090000">
        <ele>0.000</ele>
      </trkpt>
      <trkpt lat="50.292380000" lon="17.894300000">
        <ele>0.000</ele>
      </trkpt>
      <trkpt lat="50.293590000" lon="17.895120000">
        <ele>0.000</ele>
      </trkpt>
      <trkpt lat="50.293610000" lon="17.894960000">
        <ele>0.000</ele>
      </trkpt>
      <trkpt lat="50.293780000" lon="17.894270000">
        <ele>0.000</ele>
      </trkpt>
      <trkpt lat="50.293780000" lon="17.893900000">
        <ele>0.000</ele>
      </trkpt>
      <trkpt lat="50.293800000" lon="17.893700000">
        <ele>0.000</ele>
      </trkpt>
      <trkpt lat="50.293860000" lon="17.893410000">
        <ele>0.000</ele>
      </trkpt>
      <trkpt lat="50.293900000" lon="17.893240000">
        <ele>0.000</ele>
      </trkpt>
      <trkpt lat="50.293990000" lon="17.893100000">
        <ele>0.000</ele>
      </trkpt>
      <trkpt lat="50.294500000" lon="17.892950000">
        <ele>0.000</ele>
      </trkpt>
      <trkpt lat="50.294610000" lon="17.892890000">
        <ele>0.000</ele>
      </trkpt>
      <trkpt lat="50.294680000" lon="17.892840000">
        <ele>0.000</ele>
      </trkpt>
      <trkpt lat="50.294770000" lon="17.892730000">
        <ele>0.000</ele>
      </trkpt>
      <trkpt lat="50.295170000" lon="17.892880000">
        <ele>0.000</ele>
      </trkpt>
      <trkpt lat="50.295510000" lon="17.893130000">
        <ele>0.000</ele>
      </trkpt>
      <trkpt lat="50.295750000" lon="17.893290000">
        <ele>0.000</ele>
      </trkpt>
      <trkpt lat="50.296560000" lon="17.893520000">
        <ele>0.000</ele>
      </trkpt>
      <trkpt lat="50.296740000" lon="17.893540000">
        <ele>0.000</ele>
      </trkpt>
      <trkpt lat="50.297010000" lon="17.893670000">
        <ele>0.000</ele>
      </trkpt>
      <trkpt lat="50.297260000" lon="17.893730000">
        <ele>0.000</ele>
      </trkpt>
      <trkpt lat="50.297870000" lon="17.893740000">
        <ele>0.000</ele>
      </trkpt>
      <trkpt lat="50.298430000" lon="17.893730000">
        <ele>0.000</ele>
      </trkpt>
      <trkpt lat="50.299100000" lon="17.893930000">
        <ele>0.000</ele>
      </trkpt>
      <trkpt lat="50.299410000" lon="17.893950000">
        <ele>0.000</ele>
      </trkpt>
      <trkpt lat="50.299760000" lon="17.893950000">
        <ele>0.000</ele>
      </trkpt>
      <trkpt lat="50.299850000" lon="17.893980000">
        <ele>0.000</ele>
      </trkpt>
      <trkpt lat="50.299940000" lon="17.894040000">
        <ele>0.000</ele>
      </trkpt>
      <trkpt lat="50.300060000" lon="17.894180000">
        <ele>0.000</ele>
      </trkpt>
      <trkpt lat="50.300360000" lon="17.894460000">
        <ele>0.000</ele>
      </trkpt>
      <trkpt lat="50.300450000" lon="17.894500000">
        <ele>0.000</ele>
      </trkpt>
      <trkpt lat="50.300590000" lon="17.894570000">
        <ele>0.000</ele>
      </trkpt>
      <trkpt lat="50.300740000" lon="17.894640000">
        <ele>0.000</ele>
      </trkpt>
      <trkpt lat="50.300970000" lon="17.894700000">
        <ele>0.000</ele>
      </trkpt>
      <trkpt lat="50.301200000" lon="17.894720000">
        <ele>0.000</ele>
      </trkpt>
      <trkpt lat="50.301400000" lon="17.894720000">
        <ele>0.000</ele>
      </trkpt>
      <trkpt lat="50.301620000" lon="17.894690000">
        <ele>0.000</ele>
      </trkpt>
      <trkpt lat="50.301810000" lon="17.894630000">
        <ele>0.000</ele>
      </trkpt>
      <trkpt lat="50.301950000" lon="17.894570000">
        <ele>0.000</ele>
      </trkpt>
      <trkpt lat="50.302140000" lon="17.894460000">
        <ele>0.000</ele>
      </trkpt>
      <trkpt lat="50.302980000" lon="17.893870000">
        <ele>0.000</ele>
      </trkpt>
      <trkpt lat="50.303240000" lon="17.893660000">
        <ele>0.000</ele>
      </trkpt>
      <trkpt lat="50.303410000" lon="17.893490000">
        <ele>0.000</ele>
      </trkpt>
      <trkpt lat="50.303540000" lon="17.893330000">
        <ele>0.000</ele>
      </trkpt>
      <trkpt lat="50.304940000" lon="17.891210000">
        <ele>0.000</ele>
      </trkpt>
      <trkpt lat="50.308030000" lon="17.886670000">
        <ele>0.000</ele>
      </trkpt>
      <trkpt lat="50.310910000" lon="17.882380000">
        <ele>0.000</ele>
      </trkpt>
      <trkpt lat="50.311270000" lon="17.881820000">
        <ele>0.000</ele>
      </trkpt>
      <trkpt lat="50.311530000" lon="17.881560000">
        <ele>0.000</ele>
      </trkpt>
      <trkpt lat="50.314160000" lon="17.879550000">
        <ele>0.000</ele>
      </trkpt>
      <trkpt lat="50.317190000" lon="17.877280000">
        <ele>0.000</ele>
      </trkpt>
      <trkpt lat="50.321410000" lon="17.871140000">
        <ele>0.000</ele>
      </trkpt>
      <trkpt lat="50.326470000" lon="17.863720000">
        <ele>0.000</ele>
      </trkpt>
      <trkpt lat="50.330000000" lon="17.858560000">
        <ele>0.000</ele>
      </trkpt>
      <trkpt lat="50.330070000" lon="17.858450000">
        <ele>0.000</ele>
      </trkpt>
      <trkpt lat="50.330130000" lon="17.858300000">
        <ele>0.000</ele>
      </trkpt>
      <trkpt lat="50.332060000" lon="17.859740000">
        <ele>0.000</ele>
      </trkpt>
      <trkpt lat="50.332800000" lon="17.860260000">
        <ele>0.000</ele>
      </trkpt>
      <trkpt lat="50.334160000" lon="17.860930000">
        <ele>0.000</ele>
      </trkpt>
      <trkpt lat="50.334130000" lon="17.861060000">
        <ele>0.000</ele>
      </trkpt>
      <trkpt lat="50.339200000" lon="17.863580000">
        <ele>0.000</ele>
      </trkpt>
      <trkpt lat="50.339360000" lon="17.863630000">
        <ele>0.000</ele>
      </trkpt>
      <trkpt lat="50.341200000" lon="17.863640000">
        <ele>0.000</ele>
      </trkpt>
      <trkpt lat="50.341160000" lon="17.863480000">
        <ele>0.000</ele>
      </trkpt>
      <trkpt lat="50.343880000" lon="17.863430000">
        <ele>0.000</ele>
      </trkpt>
      <trkpt lat="50.344170000" lon="17.863440000">
        <ele>0.000</ele>
      </trkpt>
      <trkpt lat="50.344330000" lon="17.863480000">
        <ele>0.000</ele>
      </trkpt>
      <trkpt lat="50.344510000" lon="17.863550000">
        <ele>0.000</ele>
      </trkpt>
      <trkpt lat="50.344730000" lon="17.863660000">
        <ele>0.000</ele>
      </trkpt>
      <trkpt lat="50.345000000" lon="17.863810000">
        <ele>0.000</ele>
      </trkpt>
      <trkpt lat="50.345740000" lon="17.864390000">
        <ele>0.000</ele>
      </trkpt>
      <trkpt lat="50.345940000" lon="17.864530000">
        <ele>0.000</ele>
      </trkpt>
      <trkpt lat="50.346140000" lon="17.864640000">
        <ele>0.000</ele>
      </trkpt>
      <trkpt lat="50.347420000" lon="17.865250000">
        <ele>0.000</ele>
      </trkpt>
      <trkpt lat="50.347540000" lon="17.865280000">
        <ele>0.000</ele>
      </trkpt>
      <trkpt lat="50.347620000" lon="17.865270000">
        <ele>0.000</ele>
      </trkpt>
      <trkpt lat="50.347690000" lon="17.865230000">
        <ele>0.000</ele>
      </trkpt>
      <trkpt lat="50.347800000" lon="17.865390000">
        <ele>0.000</ele>
      </trkpt>
      <trkpt lat="50.348050000" lon="17.865620000">
        <ele>0.000</ele>
      </trkpt>
      <trkpt lat="50.348320000" lon="17.865830000">
        <ele>0.000</ele>
      </trkpt>
      <trkpt lat="50.348410000" lon="17.865940000">
        <ele>0.000</ele>
      </trkpt>
      <trkpt lat="50.348480000" lon="17.866070000">
        <ele>0.000</ele>
      </trkpt>
      <trkpt lat="50.348610000" lon="17.866360000">
        <ele>0.000</ele>
      </trkpt>
      <trkpt lat="50.349130000" lon="17.867880000">
        <ele>0.000</ele>
      </trkpt>
      <trkpt lat="50.349560000" lon="17.868990000">
        <ele>0.000</ele>
      </trkpt>
      <trkpt lat="50.350970000" lon="17.866850000">
        <ele>0.000</ele>
      </trkpt>
      <trkpt lat="50.351370000" lon="17.866290000">
        <ele>0.000</ele>
      </trkpt>
      <trkpt lat="50.351510000" lon="17.866020000">
        <ele>0.000</ele>
      </trkpt>
      <trkpt lat="50.352030000" lon="17.866130000">
        <ele>0.000</ele>
      </trkpt>
      <trkpt lat="50.352260000" lon="17.866190000">
        <ele>0.000</ele>
      </trkpt>
      <trkpt lat="50.352510000" lon="17.866340000">
        <ele>0.000</ele>
      </trkpt>
      <trkpt lat="50.353140000" lon="17.866920000">
        <ele>0.000</ele>
      </trkpt>
      <trkpt lat="50.353210000" lon="17.866720000">
        <ele>0.000</ele>
      </trkpt>
      <trkpt lat="50.353490000" lon="17.866100000">
        <ele>0.000</ele>
      </trkpt>
      <trkpt lat="50.353620000" lon="17.866200000">
        <ele>0.000</ele>
      </trkpt>
      <trkpt lat="50.353650000" lon="17.866100000">
        <ele>0.000</ele>
      </trkpt>
      <trkpt lat="50.353750000" lon="17.866180000">
        <ele>0.000</ele>
      </trkpt>
      <trkpt lat="50.353860000" lon="17.866220000">
        <ele>0.000</ele>
      </trkpt>
      <trkpt lat="50.355170000" lon="17.867160000">
        <ele>0.000</ele>
      </trkpt>
      <trkpt lat="50.355640000" lon="17.867520000">
        <ele>0.000</ele>
      </trkpt>
      <trkpt lat="50.355880000" lon="17.867740000">
        <ele>0.000</ele>
      </trkpt>
      <trkpt lat="50.355900000" lon="17.867730000">
        <ele>0.000</ele>
      </trkpt>
      <trkpt lat="50.355960000" lon="17.867790000">
        <ele>0.000</ele>
      </trkpt>
      <trkpt lat="50.355950000" lon="17.867860000">
        <ele>0.000</ele>
      </trkpt>
      <trkpt lat="50.356100000" lon="17.868070000">
        <ele>0.000</ele>
      </trkpt>
      <trkpt lat="50.356490000" lon="17.868840000">
        <ele>0.000</ele>
      </trkpt>
      <trkpt lat="50.357580000" lon="17.870930000">
        <ele>0.000</ele>
      </trkpt>
      <trkpt lat="50.358020000" lon="17.871740000">
        <ele>0.000</ele>
      </trkpt>
      <trkpt lat="50.358350000" lon="17.871460000">
        <ele>0.000</ele>
      </trkpt>
      <trkpt lat="50.358510000" lon="17.871310000">
        <ele>0.000</ele>
      </trkpt>
      <trkpt lat="50.358870000" lon="17.870890000">
        <ele>0.000</ele>
      </trkpt>
      <trkpt lat="50.359260000" lon="17.870500000">
        <ele>0.000</ele>
      </trkpt>
      <trkpt lat="50.359400000" lon="17.870310000">
        <ele>0.000</ele>
      </trkpt>
      <trkpt lat="50.359480000" lon="17.870170000">
        <ele>0.000</ele>
      </trkpt>
      <trkpt lat="50.359650000" lon="17.869840000">
        <ele>0.000</ele>
      </trkpt>
      <trkpt lat="50.359810000" lon="17.869410000">
        <ele>0.000</ele>
      </trkpt>
      <trkpt lat="50.359950000" lon="17.869030000">
        <ele>0.000</ele>
      </trkpt>
      <trkpt lat="50.360000000" lon="17.868820000">
        <ele>0.000</ele>
      </trkpt>
      <trkpt lat="50.360010000" lon="17.868690000">
        <ele>0.000</ele>
      </trkpt>
      <trkpt lat="50.360000000" lon="17.868390000">
        <ele>0.000</ele>
      </trkpt>
      <trkpt lat="50.360020000" lon="17.868230000">
        <ele>0.000</ele>
      </trkpt>
      <trkpt lat="50.360040000" lon="17.868160000">
        <ele>0.000</ele>
      </trkpt>
      <trkpt lat="50.360290000" lon="17.867670000">
        <ele>0.000</ele>
      </trkpt>
      <trkpt lat="50.360350000" lon="17.867570000">
        <ele>0.000</ele>
      </trkpt>
      <trkpt lat="50.361260000" lon="17.868070000">
        <ele>0.000</ele>
      </trkpt>
      <trkpt lat="50.361800000" lon="17.868340000">
        <ele>0.000</ele>
      </trkpt>
      <trkpt lat="50.362390000" lon="17.868530000">
        <ele>0.000</ele>
      </trkpt>
      <trkpt lat="50.362790000" lon="17.868610000">
        <ele>0.000</ele>
      </trkpt>
      <trkpt lat="50.362920000" lon="17.868600000">
        <ele>0.000</ele>
      </trkpt>
      <trkpt lat="50.363250000" lon="17.868560000">
        <ele>0.000</ele>
      </trkpt>
      <trkpt lat="50.363590000" lon="17.868470000">
        <ele>0.000</ele>
      </trkpt>
      <trkpt lat="50.364130000" lon="17.868360000">
        <ele>0.000</ele>
      </trkpt>
      <trkpt lat="50.364400000" lon="17.868340000">
        <ele>0.000</ele>
      </trkpt>
      <trkpt lat="50.365110000" lon="17.868350000">
        <ele>0.000</ele>
      </trkpt>
      <trkpt lat="50.365300000" lon="17.868370000">
        <ele>0.000</ele>
      </trkpt>
      <trkpt lat="50.365640000" lon="17.868420000">
        <ele>0.000</ele>
      </trkpt>
      <trkpt lat="50.366100000" lon="17.868520000">
        <ele>0.000</ele>
      </trkpt>
      <trkpt lat="50.369130000" lon="17.869210000">
        <ele>0.000</ele>
      </trkpt>
      <trkpt lat="50.369480000" lon="17.869320000">
        <ele>0.000</ele>
      </trkpt>
      <trkpt lat="50.370270000" lon="17.869590000">
        <ele>0.000</ele>
      </trkpt>
      <trkpt lat="50.374190000" lon="17.870910000">
        <ele>0.000</ele>
      </trkpt>
      <trkpt lat="50.374600000" lon="17.871030000">
        <ele>0.000</ele>
      </trkpt>
      <trkpt lat="50.375120000" lon="17.871150000">
        <ele>0.000</ele>
      </trkpt>
      <trkpt lat="50.377720000" lon="17.871690000">
        <ele>0.000</ele>
      </trkpt>
      <trkpt lat="50.378150000" lon="17.871800000">
        <ele>0.000</ele>
      </trkpt>
      <trkpt lat="50.379080000" lon="17.872090000">
        <ele>0.000</ele>
      </trkpt>
      <trkpt lat="50.379630000" lon="17.872280000">
        <ele>0.000</ele>
      </trkpt>
      <trkpt lat="50.379640000" lon="17.872210000">
        <ele>0.000</ele>
      </trkpt>
      <trkpt lat="50.381150000" lon="17.872700000">
        <ele>0.000</ele>
      </trkpt>
      <trkpt lat="50.381210000" lon="17.872690000">
        <ele>0.000</ele>
      </trkpt>
      <trkpt lat="50.381290000" lon="17.872690000">
        <ele>0.000</ele>
      </trkpt>
      <trkpt lat="50.381440000" lon="17.872730000">
        <ele>0.000</ele>
      </trkpt>
      <trkpt lat="50.381570000" lon="17.872820000">
        <ele>0.000</ele>
      </trkpt>
      <trkpt lat="50.382140000" lon="17.873010000">
        <ele>0.000</ele>
      </trkpt>
      <trkpt lat="50.383540000" lon="17.873460000">
        <ele>0.000</ele>
      </trkpt>
      <trkpt lat="50.384320000" lon="17.873730000">
        <ele>0.000</ele>
      </trkpt>
      <trkpt lat="50.384320000" lon="17.873810000">
        <ele>0.000</ele>
      </trkpt>
      <trkpt lat="50.384830000" lon="17.873990000">
        <ele>0.000</ele>
      </trkpt>
      <trkpt lat="50.386030000" lon="17.874600000">
        <ele>0.000</ele>
      </trkpt>
      <trkpt lat="50.386450000" lon="17.874850000">
        <ele>0.000</ele>
      </trkpt>
      <trkpt lat="50.388780000" lon="17.876360000">
        <ele>0.000</ele>
      </trkpt>
      <trkpt lat="50.389150000" lon="17.876610000">
        <ele>0.000</ele>
      </trkpt>
      <trkpt lat="50.389380000" lon="17.876780000">
        <ele>0.000</ele>
      </trkpt>
      <trkpt lat="50.389690000" lon="17.877050000">
        <ele>0.000</ele>
      </trkpt>
      <trkpt lat="50.389950000" lon="17.877320000">
        <ele>0.000</ele>
      </trkpt>
      <trkpt lat="50.390270000" lon="17.877710000">
        <ele>0.000</ele>
      </trkpt>
      <trkpt lat="50.390530000" lon="17.878090000">
        <ele>0.000</ele>
      </trkpt>
      <trkpt lat="50.391090000" lon="17.879080000">
        <ele>0.000</ele>
      </trkpt>
      <trkpt lat="50.391340000" lon="17.879510000">
        <ele>0.000</ele>
      </trkpt>
      <trkpt lat="50.391440000" lon="17.879660000">
        <ele>0.000</ele>
      </trkpt>
      <trkpt lat="50.391860000" lon="17.880180000">
        <ele>0.000</ele>
      </trkpt>
      <trkpt lat="50.392810000" lon="17.881370000">
        <ele>0.000</ele>
      </trkpt>
      <trkpt lat="50.393240000" lon="17.881860000">
        <ele>0.000</ele>
      </trkpt>
      <trkpt lat="50.393540000" lon="17.882180000">
        <ele>0.000</ele>
      </trkpt>
      <trkpt lat="50.393860000" lon="17.882470000">
        <ele>0.000</ele>
      </trkpt>
      <trkpt lat="50.394410000" lon="17.882890000">
        <ele>0.000</ele>
      </trkpt>
      <trkpt lat="50.395890000" lon="17.883850000">
        <ele>0.000</ele>
      </trkpt>
      <trkpt lat="50.396390000" lon="17.884190000">
        <ele>0.000</ele>
      </trkpt>
      <trkpt lat="50.396810000" lon="17.884480000">
        <ele>0.000</ele>
      </trkpt>
      <trkpt lat="50.400890000" lon="17.887700000">
        <ele>0.000</ele>
      </trkpt>
      <trkpt lat="50.401860000" lon="17.888430000">
        <ele>0.000</ele>
      </trkpt>
      <trkpt lat="50.402210000" lon="17.888650000">
        <ele>0.000</ele>
      </trkpt>
      <trkpt lat="50.403050000" lon="17.889080000">
        <ele>0.000</ele>
      </trkpt>
      <trkpt lat="50.403190000" lon="17.889170000">
        <ele>0.000</ele>
      </trkpt>
      <trkpt lat="50.403500000" lon="17.889460000">
        <ele>0.000</ele>
      </trkpt>
      <trkpt lat="50.405050000" lon="17.891240000">
        <ele>0.000</ele>
      </trkpt>
      <trkpt lat="50.405830000" lon="17.892150000">
        <ele>0.000</ele>
      </trkpt>
      <trkpt lat="50.406050000" lon="17.892370000">
        <ele>0.000</ele>
      </trkpt>
      <trkpt lat="50.406240000" lon="17.892540000">
        <ele>0.000</ele>
      </trkpt>
      <trkpt lat="50.406500000" lon="17.892760000">
        <ele>0.000</ele>
      </trkpt>
      <trkpt lat="50.406960000" lon="17.893090000">
        <ele>0.000</ele>
      </trkpt>
      <trkpt lat="50.407680000" lon="17.893630000">
        <ele>0.000</ele>
      </trkpt>
      <trkpt lat="50.407750000" lon="17.893510000">
        <ele>0.000</ele>
      </trkpt>
      <trkpt lat="50.407800000" lon="17.893470000">
        <ele>0.000</ele>
      </trkpt>
      <trkpt lat="50.407850000" lon="17.893460000">
        <ele>0.000</ele>
      </trkpt>
      <trkpt lat="50.409040000" lon="17.893360000">
        <ele>0.000</ele>
      </trkpt>
      <trkpt lat="50.409880000" lon="17.893440000">
        <ele>0.000</ele>
      </trkpt>
      <trkpt lat="50.410340000" lon="17.893500000">
        <ele>0.000</ele>
      </trkpt>
      <trkpt lat="50.415980000" lon="17.894320000">
        <ele>0.000</ele>
      </trkpt>
      <trkpt lat="50.418450000" lon="17.894700000">
        <ele>0.000</ele>
      </trkpt>
      <trkpt lat="50.419190000" lon="17.894790000">
        <ele>0.000</ele>
      </trkpt>
      <trkpt lat="50.419830000" lon="17.894910000">
        <ele>0.000</ele>
      </trkpt>
      <trkpt lat="50.420120000" lon="17.895000000">
        <ele>0.000</ele>
      </trkpt>
      <trkpt lat="50.424130000" lon="17.896870000">
        <ele>0.000</ele>
      </trkpt>
      <trkpt lat="50.424530000" lon="17.897100000">
        <ele>0.000</ele>
      </trkpt>
      <trkpt lat="50.424990000" lon="17.897390000">
        <ele>0.000</ele>
      </trkpt>
      <trkpt lat="50.426360000" lon="17.898230000">
        <ele>0.000</ele>
      </trkpt>
      <trkpt lat="50.426380000" lon="17.898140000">
        <ele>0.000</ele>
      </trkpt>
      <trkpt lat="50.428380000" lon="17.899370000">
        <ele>0.000</ele>
      </trkpt>
      <trkpt lat="50.428790000" lon="17.899520000">
        <ele>0.000</ele>
      </trkpt>
      <trkpt lat="50.429880000" lon="17.899870000">
        <ele>0.000</ele>
      </trkpt>
      <trkpt lat="50.429870000" lon="17.899940000">
        <ele>0.000</ele>
      </trkpt>
      <trkpt lat="50.430470000" lon="17.900130000">
        <ele>0.000</ele>
      </trkpt>
      <trkpt lat="50.431150000" lon="17.900360000">
        <ele>0.000</ele>
      </trkpt>
      <trkpt lat="50.431340000" lon="17.900370000">
        <ele>0.000</ele>
      </trkpt>
      <trkpt lat="50.431900000" lon="17.900330000">
        <ele>0.000</ele>
      </trkpt>
      <trkpt lat="50.431940000" lon="17.900790000">
        <ele>0.000</ele>
      </trkpt>
      <trkpt lat="50.431970000" lon="17.901020000">
        <ele>0.000</ele>
      </trkpt>
      <trkpt lat="50.432010000" lon="17.901130000">
        <ele>0.000</ele>
      </trkpt>
      <trkpt lat="50.432050000" lon="17.901190000">
        <ele>0.000</ele>
      </trkpt>
      <trkpt lat="50.432190000" lon="17.901290000">
        <ele>0.000</ele>
      </trkpt>
      <trkpt lat="50.432880000" lon="17.901500000">
        <ele>0.000</ele>
      </trkpt>
      <trkpt lat="50.432980000" lon="17.901560000">
        <ele>0.000</ele>
      </trkpt>
      <trkpt lat="50.433170000" lon="17.901700000">
        <ele>0.000</ele>
      </trkpt>
      <trkpt lat="50.433450000" lon="17.901950000">
        <ele>0.000</ele>
      </trkpt>
      <trkpt lat="50.433620000" lon="17.902210000">
        <ele>0.000</ele>
      </trkpt>
      <trkpt lat="50.433810000" lon="17.902630000">
        <ele>0.000</ele>
      </trkpt>
      <trkpt lat="50.433980000" lon="17.903180000">
        <ele>0.000</ele>
      </trkpt>
      <trkpt lat="50.434240000" lon="17.904320000">
        <ele>0.000</ele>
      </trkpt>
      <trkpt lat="50.434460000" lon="17.905390000">
        <ele>0.000</ele>
      </trkpt>
      <trkpt lat="50.434850000" lon="17.908170000">
        <ele>0.000</ele>
      </trkpt>
      <trkpt lat="50.435060000" lon="17.910290000">
        <ele>0.000</ele>
      </trkpt>
      <trkpt lat="50.435240000" lon="17.912450000">
        <ele>0.000</ele>
      </trkpt>
      <trkpt lat="50.436400000" lon="17.912180000">
        <ele>0.000</ele>
      </trkpt>
      <trkpt lat="50.436490000" lon="17.912930000">
        <ele>0.000</ele>
      </trkpt>
      <trkpt lat="50.436550000" lon="17.913710000">
        <ele>0.000</ele>
      </trkpt>
      <trkpt lat="50.436640000" lon="17.914880000">
        <ele>0.000</ele>
      </trkpt>
      <trkpt lat="50.436730000" lon="17.915380000">
        <ele>0.000</ele>
      </trkpt>
      <trkpt lat="50.437230000" lon="17.917880000">
        <ele>0.000</ele>
      </trkpt>
      <trkpt lat="50.438980000" lon="17.926300000">
        <ele>0.000</ele>
      </trkpt>
      <trkpt lat="50.439200000" lon="17.927310000">
        <ele>0.000</ele>
      </trkpt>
      <trkpt lat="50.439280000" lon="17.927550000">
        <ele>0.000</ele>
      </trkpt>
      <trkpt lat="50.439350000" lon="17.927700000">
        <ele>0.000</ele>
      </trkpt>
      <trkpt lat="50.439610000" lon="17.928100000">
        <ele>0.000</ele>
      </trkpt>
      <trkpt lat="50.441200000" lon="17.930460000">
        <ele>0.000</ele>
      </trkpt>
      <trkpt lat="50.442580000" lon="17.932550000">
        <ele>0.000</ele>
      </trkpt>
      <trkpt lat="50.442870000" lon="17.933070000">
        <ele>0.000</ele>
      </trkpt>
      <trkpt lat="50.443120000" lon="17.933470000">
        <ele>0.000</ele>
      </trkpt>
      <trkpt lat="50.443260000" lon="17.933670000">
        <ele>0.000</ele>
      </trkpt>
      <trkpt lat="50.443460000" lon="17.933860000">
        <ele>0.000</ele>
      </trkpt>
      <trkpt lat="50.443980000" lon="17.934300000">
        <ele>0.000</ele>
      </trkpt>
      <trkpt lat="50.444120000" lon="17.934410000">
        <ele>0.000</ele>
      </trkpt>
      <trkpt lat="50.444240000" lon="17.934460000">
        <ele>0.000</ele>
      </trkpt>
      <trkpt lat="50.444410000" lon="17.934500000">
        <ele>0.000</ele>
      </trkpt>
      <trkpt lat="50.445370000" lon="17.934610000">
        <ele>0.000</ele>
      </trkpt>
      <trkpt lat="50.445460000" lon="17.934610000">
        <ele>0.000</ele>
      </trkpt>
      <trkpt lat="50.445570000" lon="17.934540000">
        <ele>0.000</ele>
      </trkpt>
      <trkpt lat="50.445930000" lon="17.934170000">
        <ele>0.000</ele>
      </trkpt>
      <trkpt lat="50.446080000" lon="17.934040000">
        <ele>0.000</ele>
      </trkpt>
      <trkpt lat="50.446200000" lon="17.933990000">
        <ele>0.000</ele>
      </trkpt>
      <trkpt lat="50.446350000" lon="17.934100000">
        <ele>0.000</ele>
      </trkpt>
      <trkpt lat="50.446640000" lon="17.934190000">
        <ele>0.000</ele>
      </trkpt>
      <trkpt lat="50.446720000" lon="17.934220000">
        <ele>0.000</ele>
      </trkpt>
      <trkpt lat="50.446780000" lon="17.934260000">
        <ele>0.000</ele>
      </trkpt>
      <trkpt lat="50.446850000" lon="17.934370000">
        <ele>0.000</ele>
      </trkpt>
      <trkpt lat="50.446970000" lon="17.934570000">
        <ele>0.000</ele>
      </trkpt>
      <trkpt lat="50.447010000" lon="17.934620000">
        <ele>0.000</ele>
      </trkpt>
      <trkpt lat="50.447080000" lon="17.934650000">
        <ele>0.000</ele>
      </trkpt>
      <trkpt lat="50.447150000" lon="17.934630000">
        <ele>0.000</ele>
      </trkpt>
      <trkpt lat="50.447280000" lon="17.934550000">
        <ele>0.000</ele>
      </trkpt>
      <trkpt lat="50.447340000" lon="17.934530000">
        <ele>0.000</ele>
      </trkpt>
      <trkpt lat="50.447400000" lon="17.934560000">
        <ele>0.000</ele>
      </trkpt>
      <trkpt lat="50.447450000" lon="17.934640000">
        <ele>0.000</ele>
      </trkpt>
      <trkpt lat="50.447590000" lon="17.935120000">
        <ele>0.000</ele>
      </trkpt>
      <trkpt lat="50.447660000" lon="17.935310000">
        <ele>0.000</ele>
      </trkpt>
      <trkpt lat="50.447750000" lon="17.935450000">
        <ele>0.000</ele>
      </trkpt>
      <trkpt lat="50.448430000" lon="17.936000000">
        <ele>0.000</ele>
      </trkpt>
      <trkpt lat="50.448490000" lon="17.936100000">
        <ele>0.000</ele>
      </trkpt>
      <trkpt lat="50.448770000" lon="17.936830000">
        <ele>0.000</ele>
      </trkpt>
      <trkpt lat="50.448890000" lon="17.937200000">
        <ele>0.000</ele>
      </trkpt>
      <trkpt lat="50.449200000" lon="17.937950000">
        <ele>0.000</ele>
      </trkpt>
      <trkpt lat="50.449260000" lon="17.938170000">
        <ele>0.000</ele>
      </trkpt>
      <trkpt lat="50.449390000" lon="17.938770000">
        <ele>0.000</ele>
      </trkpt>
      <trkpt lat="50.449430000" lon="17.938900000">
        <ele>0.000</ele>
      </trkpt>
      <trkpt lat="50.449490000" lon="17.938990000">
        <ele>0.000</ele>
      </trkpt>
      <trkpt lat="50.449570000" lon="17.939050000">
        <ele>0.000</ele>
      </trkpt>
      <trkpt lat="50.449700000" lon="17.939090000">
        <ele>0.000</ele>
      </trkpt>
      <trkpt lat="50.449890000" lon="17.939100000">
        <ele>0.000</ele>
      </trkpt>
      <trkpt lat="50.450000000" lon="17.939070000">
        <ele>0.000</ele>
      </trkpt>
      <trkpt lat="50.450220000" lon="17.938980000">
        <ele>0.000</ele>
      </trkpt>
      <trkpt lat="50.450290000" lon="17.938970000">
        <ele>0.000</ele>
      </trkpt>
      <trkpt lat="50.450320000" lon="17.938990000">
        <ele>0.000</ele>
      </trkpt>
      <trkpt lat="50.450360000" lon="17.939070000">
        <ele>0.000</ele>
      </trkpt>
      <trkpt lat="50.450400000" lon="17.939410000">
        <ele>0.000</ele>
      </trkpt>
      <trkpt lat="50.450380000" lon="17.939630000">
        <ele>0.000</ele>
      </trkpt>
      <trkpt lat="50.450360000" lon="17.940120000">
        <ele>0.000</ele>
      </trkpt>
      <trkpt lat="50.450380000" lon="17.940370000">
        <ele>0.000</ele>
      </trkpt>
      <trkpt lat="50.450600000" lon="17.941540000">
        <ele>0.000</ele>
      </trkpt>
      <trkpt lat="50.450640000" lon="17.941780000">
        <ele>0.000</ele>
      </trkpt>
      <trkpt lat="50.450650000" lon="17.942060000">
        <ele>0.000</ele>
      </trkpt>
      <trkpt lat="50.450630000" lon="17.942330000">
        <ele>0.000</ele>
      </trkpt>
      <trkpt lat="50.450510000" lon="17.943240000">
        <ele>0.000</ele>
      </trkpt>
      <trkpt lat="50.451210000" lon="17.943470000">
        <ele>0.000</ele>
      </trkpt>
      <trkpt lat="50.451340000" lon="17.943530000">
        <ele>0.000</ele>
      </trkpt>
      <trkpt lat="50.451440000" lon="17.943620000">
        <ele>0.000</ele>
      </trkpt>
      <trkpt lat="50.451620000" lon="17.943920000">
        <ele>0.000</ele>
      </trkpt>
      <trkpt lat="50.451700000" lon="17.943970000">
        <ele>0.000</ele>
      </trkpt>
      <trkpt lat="50.451770000" lon="17.943990000">
        <ele>0.000</ele>
      </trkpt>
      <trkpt lat="50.452890000" lon="17.944150000">
        <ele>0.000</ele>
      </trkpt>
      <trkpt lat="50.452960000" lon="17.944250000">
        <ele>0.000</ele>
      </trkpt>
      <trkpt lat="50.453000000" lon="17.944340000">
        <ele>0.000</ele>
      </trkpt>
      <trkpt lat="50.453070000" lon="17.944610000">
        <ele>0.000</ele>
      </trkpt>
      <trkpt lat="50.453130000" lon="17.944750000">
        <ele>0.000</ele>
      </trkpt>
      <trkpt lat="50.453210000" lon="17.944720000">
        <ele>0.000</ele>
      </trkpt>
      <trkpt lat="50.454290000" lon="17.944470000">
        <ele>0.000</ele>
      </trkpt>
      <trkpt lat="50.454390000" lon="17.944420000">
        <ele>0.000</ele>
      </trkpt>
      <trkpt lat="50.454420000" lon="17.944340000">
        <ele>0.000</ele>
      </trkpt>
      <trkpt lat="50.454430000" lon="17.944210000">
        <ele>0.000</ele>
      </trkpt>
      <trkpt lat="50.454420000" lon="17.943790000">
        <ele>0.000</ele>
      </trkpt>
      <trkpt lat="50.454430000" lon="17.943380000">
        <ele>0.000</ele>
      </trkpt>
      <trkpt lat="50.454480000" lon="17.942550000">
        <ele>0.000</ele>
      </trkpt>
      <trkpt lat="50.454500000" lon="17.942420000">
        <ele>0.000</ele>
      </trkpt>
      <trkpt lat="50.458370000" lon="17.942960000">
        <ele>0.000</ele>
      </trkpt>
      <trkpt lat="50.460660000" lon="17.943200000">
        <ele>0.000</ele>
      </trkpt>
      <trkpt lat="50.461630000" lon="17.943320000">
        <ele>0.000</ele>
      </trkpt>
      <trkpt lat="50.461750000" lon="17.943290000">
        <ele>0.000</ele>
      </trkpt>
      <trkpt lat="50.461910000" lon="17.943150000">
        <ele>0.000</ele>
      </trkpt>
      <trkpt lat="50.462260000" lon="17.942770000">
        <ele>0.000</ele>
      </trkpt>
      <trkpt lat="50.462370000" lon="17.942680000">
        <ele>0.000</ele>
      </trkpt>
      <trkpt lat="50.463700000" lon="17.945660000">
        <ele>0.000</ele>
      </trkpt>
      <trkpt lat="50.463910000" lon="17.946100000">
        <ele>0.000</ele>
      </trkpt>
      <trkpt lat="50.464130000" lon="17.946490000">
        <ele>0.000</ele>
      </trkpt>
      <trkpt lat="50.464260000" lon="17.946700000">
        <ele>0.000</ele>
      </trkpt>
      <trkpt lat="50.464260000" lon="17.946750000">
        <ele>0.000</ele>
      </trkpt>
      <trkpt lat="50.464240000" lon="17.946800000">
        <ele>0.000</ele>
      </trkpt>
      <trkpt lat="50.464310000" lon="17.946900000">
        <ele>0.000</ele>
      </trkpt>
      <trkpt lat="50.464360000" lon="17.946880000">
        <ele>0.000</ele>
      </trkpt>
      <trkpt lat="50.464390000" lon="17.946890000">
        <ele>0.000</ele>
      </trkpt>
      <trkpt lat="50.465320000" lon="17.948320000">
        <ele>0.000</ele>
      </trkpt>
      <trkpt lat="50.465860000" lon="17.949110000">
        <ele>0.000</ele>
      </trkpt>
      <trkpt lat="50.465910000" lon="17.949240000">
        <ele>0.000</ele>
      </trkpt>
      <trkpt lat="50.466280000" lon="17.949800000">
        <ele>0.000</ele>
      </trkpt>
      <trkpt lat="50.466370000" lon="17.949870000">
        <ele>0.000</ele>
      </trkpt>
      <trkpt lat="50.466810000" lon="17.950590000">
        <ele>0.000</ele>
      </trkpt>
      <trkpt lat="50.467550000" lon="17.951900000">
        <ele>0.000</ele>
      </trkpt>
      <trkpt lat="50.467590000" lon="17.951860000">
        <ele>0.000</ele>
      </trkpt>
      <trkpt lat="50.468270000" lon="17.953070000">
        <ele>0.000</ele>
      </trkpt>
      <trkpt lat="50.468400000" lon="17.953420000">
        <ele>0.000</ele>
      </trkpt>
      <trkpt lat="50.468390000" lon="17.953480000">
        <ele>0.000</ele>
      </trkpt>
      <trkpt lat="50.468390000" lon="17.953590000">
        <ele>0.000</ele>
      </trkpt>
      <trkpt lat="50.468420000" lon="17.953690000">
        <ele>0.000</ele>
      </trkpt>
      <trkpt lat="50.468390000" lon="17.953910000">
        <ele>0.000</ele>
      </trkpt>
      <trkpt lat="50.467770000" lon="17.956770000">
        <ele>0.000</ele>
      </trkpt>
      <trkpt lat="50.468040000" lon="17.957060000">
        <ele>0.000</ele>
      </trkpt>
      <trkpt lat="50.468130000" lon="17.957190000">
        <ele>0.000</ele>
      </trkpt>
      <trkpt lat="50.469080000" lon="17.958840000">
        <ele>0.000</ele>
      </trkpt>
      <trkpt lat="50.469470000" lon="17.959570000">
        <ele>0.000</ele>
      </trkpt>
      <trkpt lat="50.470720000" lon="17.957920000">
        <ele>0.000</ele>
      </trkpt>
      <trkpt lat="50.470860000" lon="17.958230000">
        <ele>0.000</ele>
      </trkpt>
      <trkpt lat="50.471110000" lon="17.957890000">
        <ele>0.000</ele>
      </trkpt>
      <trkpt lat="50.471480000" lon="17.958680000">
        <ele>0.000</ele>
      </trkpt>
      <trkpt lat="50.471460000" lon="17.958710000">
        <ele>0.000</ele>
      </trkpt>
      <trkpt lat="50.471720000" lon="17.959260000">
        <ele>0.000</ele>
      </trkpt>
      <trkpt lat="50.471760000" lon="17.959220000">
        <ele>0.000</ele>
      </trkpt>
      <trkpt lat="50.472410000" lon="17.960620000">
        <ele>0.000</ele>
      </trkpt>
      <trkpt lat="50.472410000" lon="17.960760000">
        <ele>0.000</ele>
      </trkpt>
      <trkpt lat="50.473230000" lon="17.960060000">
        <ele>0.000</ele>
      </trkpt>
      <trkpt lat="50.474420000" lon="17.962650000">
        <ele>0.000</ele>
      </trkpt>
      <trkpt lat="50.473540000" lon="17.963600000">
        <ele>0.000</ele>
      </trkpt>
      <trkpt lat="50.473510000" lon="17.963630000">
        <ele>0.000</ele>
      </trkpt>
      <trkpt lat="50.473400000" lon="17.963800000">
        <ele>0.000</ele>
      </trkpt>
      <trkpt lat="50.473490000" lon="17.963920000">
        <ele>0.000</ele>
      </trkpt>
      <trkpt lat="50.474090000" lon="17.964960000">
        <ele>0.000</ele>
      </trkpt>
      <trkpt lat="50.474070000" lon="17.965070000">
        <ele>0.000</ele>
      </trkpt>
      <trkpt lat="50.474110000" lon="17.965830000">
        <ele>0.000</ele>
      </trkpt>
      <trkpt lat="50.474610000" lon="17.965760000">
        <ele>0.000</ele>
      </trkpt>
      <trkpt lat="50.474860000" lon="17.965770000">
        <ele>0.000</ele>
      </trkpt>
      <trkpt lat="50.474880000" lon="17.965780000">
        <ele>0.000</ele>
      </trkpt>
      <trkpt lat="50.474890000" lon="17.965810000">
        <ele>0.000</ele>
      </trkpt>
      <trkpt lat="50.474910000" lon="17.965870000">
        <ele>0.000</ele>
      </trkpt>
      <trkpt lat="50.474960000" lon="17.966510000">
        <ele>0.000</ele>
      </trkpt>
      <trkpt lat="50.474840000" lon="17.966710000">
        <ele>0.000</ele>
      </trkpt>
      <trkpt lat="50.474790000" lon="17.966670000">
        <ele>0.000</ele>
      </trkpt>
      <trkpt lat="50.474730000" lon="17.966690000">
        <ele>0.000</ele>
      </trkpt>
      <trkpt lat="50.474780000" lon="17.967080000">
        <ele>0.000</ele>
      </trkpt>
      <trkpt lat="50.474780000" lon="17.967080000">
        <ele>0.000</ele>
      </trkpt>
      <trkpt lat="50.474840000" lon="17.967510000">
        <ele>0.000</ele>
      </trkpt>
      <trkpt lat="50.474880000" lon="17.967500000">
        <ele>0.000</ele>
      </trkpt>
      <trkpt lat="50.474930000" lon="17.967420000">
        <ele>0.000</ele>
      </trkpt>
      <trkpt lat="50.475010000" lon="17.967560000">
        <ele>0.000</ele>
      </trkpt>
      <trkpt lat="50.475040000" lon="17.967680000">
        <ele>0.000</ele>
      </trkpt>
      <trkpt lat="50.475610000" lon="17.967570000">
        <ele>0.000</ele>
      </trkpt>
      <trkpt lat="50.475690000" lon="17.968260000">
        <ele>0.000</ele>
      </trkpt>
      <trkpt lat="50.475760000" lon="17.968280000">
        <ele>0.000</ele>
      </trkpt>
      <trkpt lat="50.476010000" lon="17.968500000">
        <ele>0.000</ele>
      </trkpt>
      <trkpt lat="50.476120000" lon="17.968470000">
        <ele>0.000</ele>
      </trkpt>
      <trkpt lat="50.476150000" lon="17.968590000">
        <ele>0.000</ele>
      </trkpt>
      <trkpt lat="50.476200000" lon="17.968750000">
        <ele>0.000</ele>
      </trkpt>
      <trkpt lat="50.477220000" lon="17.970200000">
        <ele>0.000</ele>
      </trkpt>
      <trkpt lat="50.477410000" lon="17.970420000">
        <ele>0.000</ele>
      </trkpt>
      <trkpt lat="50.477860000" lon="17.970950000">
        <ele>0.000</ele>
      </trkpt>
      <trkpt lat="50.477810000" lon="17.971050000">
        <ele>0.000</ele>
      </trkpt>
      <trkpt lat="50.477850000" lon="17.971170000">
        <ele>0.000</ele>
      </trkpt>
      <trkpt lat="50.480320000" lon="17.974060000">
        <ele>0.000</ele>
      </trkpt>
      <trkpt lat="50.480890000" lon="17.974600000">
        <ele>0.000</ele>
      </trkpt>
      <trkpt lat="50.480950000" lon="17.974540000">
        <ele>0.000</ele>
      </trkpt>
      <trkpt lat="50.481000000" lon="17.974600000">
        <ele>0.000</ele>
      </trkpt>
      <trkpt lat="50.481190000" lon="17.974770000">
        <ele>0.000</ele>
      </trkpt>
      <trkpt lat="50.481470000" lon="17.974970000">
        <ele>0.000</ele>
      </trkpt>
      <trkpt lat="50.481630000" lon="17.975070000">
        <ele>0.000</ele>
      </trkpt>
      <trkpt lat="50.482470000" lon="17.975550000">
        <ele>0.000</ele>
      </trkpt>
      <trkpt lat="50.482550000" lon="17.975640000">
        <ele>0.000</ele>
      </trkpt>
      <trkpt lat="50.482730000" lon="17.975790000">
        <ele>0.000</ele>
      </trkpt>
      <trkpt lat="50.482730000" lon="17.975830000">
        <ele>0.000</ele>
      </trkpt>
      <trkpt lat="50.482730000" lon="17.975870000">
        <ele>0.000</ele>
      </trkpt>
      <trkpt lat="50.482760000" lon="17.975930000">
        <ele>0.000</ele>
      </trkpt>
      <trkpt lat="50.482810000" lon="17.975940000">
        <ele>0.000</ele>
      </trkpt>
      <trkpt lat="50.482830000" lon="17.975920000">
        <ele>0.000</ele>
      </trkpt>
      <trkpt lat="50.482850000" lon="17.975890000">
        <ele>0.000</ele>
      </trkpt>
      <trkpt lat="50.482860000" lon="17.975860000">
        <ele>0.000</ele>
      </trkpt>
      <trkpt lat="50.482860000" lon="17.975820000">
        <ele>0.000</ele>
      </trkpt>
      <trkpt lat="50.482960000" lon="17.975870000">
        <ele>0.000</ele>
      </trkpt>
      <trkpt lat="50.483320000" lon="17.976230000">
        <ele>0.000</ele>
      </trkpt>
      <trkpt lat="50.483780000" lon="17.976640000">
        <ele>0.000</ele>
      </trkpt>
      <trkpt lat="50.483840000" lon="17.976710000">
        <ele>0.000</ele>
      </trkpt>
      <trkpt lat="50.484560000" lon="17.977870000">
        <ele>0.000</ele>
      </trkpt>
      <trkpt lat="50.484940000" lon="17.978470000">
        <ele>0.000</ele>
      </trkpt>
      <trkpt lat="50.485290000" lon="17.978970000">
        <ele>0.000</ele>
      </trkpt>
      <trkpt lat="50.485650000" lon="17.979550000">
        <ele>0.000</ele>
      </trkpt>
      <trkpt lat="50.486430000" lon="17.980740000">
        <ele>0.000</ele>
      </trkpt>
      <trkpt lat="50.490430000" lon="17.986710000">
        <ele>0.000</ele>
      </trkpt>
      <trkpt lat="50.490540000" lon="17.986900000">
        <ele>0.000</ele>
      </trkpt>
      <trkpt lat="50.490640000" lon="17.987110000">
        <ele>0.000</ele>
      </trkpt>
      <trkpt lat="50.490730000" lon="17.987320000">
        <ele>0.000</ele>
      </trkpt>
      <trkpt lat="50.490800000" lon="17.987550000">
        <ele>0.000</ele>
      </trkpt>
      <trkpt lat="50.490870000" lon="17.987780000">
        <ele>0.000</ele>
      </trkpt>
      <trkpt lat="50.490800000" lon="17.987840000">
        <ele>0.000</ele>
      </trkpt>
      <trkpt lat="50.490820000" lon="17.987890000">
        <ele>0.000</ele>
      </trkpt>
      <trkpt lat="50.490890000" lon="17.988460000">
        <ele>0.000</ele>
      </trkpt>
      <trkpt lat="50.490890000" lon="17.988550000">
        <ele>0.000</ele>
      </trkpt>
      <trkpt lat="50.490700000" lon="17.988990000">
        <ele>0.000</ele>
      </trkpt>
      <trkpt lat="50.490660000" lon="17.989010000">
        <ele>0.000</ele>
      </trkpt>
      <trkpt lat="50.490710000" lon="17.989280000">
        <ele>0.000</ele>
      </trkpt>
      <trkpt lat="50.490770000" lon="17.989280000">
        <ele>0.000</ele>
      </trkpt>
      <trkpt lat="50.490960000" lon="17.989460000">
        <ele>0.000</ele>
      </trkpt>
      <trkpt lat="50.490980000" lon="17.989520000">
        <ele>0.000</ele>
      </trkpt>
      <trkpt lat="50.491010000" lon="17.989660000">
        <ele>0.000</ele>
      </trkpt>
      <trkpt lat="50.491060000" lon="17.990070000">
        <ele>0.000</ele>
      </trkpt>
      <trkpt lat="50.491080000" lon="17.990270000">
        <ele>0.000</ele>
      </trkpt>
      <trkpt lat="50.491070000" lon="17.990740000">
        <ele>0.000</ele>
      </trkpt>
      <trkpt lat="50.491030000" lon="17.991370000">
        <ele>0.000</ele>
      </trkpt>
      <trkpt lat="50.491020000" lon="17.991740000">
        <ele>0.000</ele>
      </trkpt>
      <trkpt lat="50.491020000" lon="17.993040000">
        <ele>0.000</ele>
      </trkpt>
      <trkpt lat="50.491020000" lon="17.993360000">
        <ele>0.000</ele>
      </trkpt>
      <trkpt lat="50.491000000" lon="17.993450000">
        <ele>0.000</ele>
      </trkpt>
      <trkpt lat="50.490970000" lon="17.993480000">
        <ele>0.000</ele>
      </trkpt>
      <trkpt lat="50.490990000" lon="17.993630000">
        <ele>0.000</ele>
      </trkpt>
      <trkpt lat="50.491040000" lon="17.993760000">
        <ele>0.000</ele>
      </trkpt>
      <trkpt lat="50.491090000" lon="17.994650000">
        <ele>0.000</ele>
      </trkpt>
      <trkpt lat="50.491080000" lon="17.994770000">
        <ele>0.000</ele>
      </trkpt>
      <trkpt lat="50.491130000" lon="17.995460000">
        <ele>0.000</ele>
      </trkpt>
      <trkpt lat="50.491110000" lon="17.995520000">
        <ele>0.000</ele>
      </trkpt>
      <trkpt lat="50.491130000" lon="17.995850000">
        <ele>0.000</ele>
      </trkpt>
      <trkpt lat="50.491160000" lon="17.995930000">
        <ele>0.000</ele>
      </trkpt>
      <trkpt lat="50.491760000" lon="18.004850000">
        <ele>0.000</ele>
      </trkpt>
      <trkpt lat="50.491720000" lon="18.004920000">
        <ele>0.000</ele>
      </trkpt>
      <trkpt lat="50.491720000" lon="18.005050000">
        <ele>0.000</ele>
      </trkpt>
      <trkpt lat="50.491760000" lon="18.005080000">
        <ele>0.000</ele>
      </trkpt>
      <trkpt lat="50.491780000" lon="18.005120000">
        <ele>0.000</ele>
      </trkpt>
      <trkpt lat="50.492020000" lon="18.008780000">
        <ele>0.000</ele>
      </trkpt>
      <trkpt lat="50.492010000" lon="18.008850000">
        <ele>0.000</ele>
      </trkpt>
      <trkpt lat="50.492030000" lon="18.009150000">
        <ele>0.000</ele>
      </trkpt>
      <trkpt lat="50.492000000" lon="18.009180000">
        <ele>0.000</ele>
      </trkpt>
      <trkpt lat="50.492030000" lon="18.009330000">
        <ele>0.000</ele>
      </trkpt>
      <trkpt lat="50.492060000" lon="18.009350000">
        <ele>0.000</ele>
      </trkpt>
      <trkpt lat="50.492220000" lon="18.011770000">
        <ele>0.000</ele>
      </trkpt>
      <trkpt lat="50.492250000" lon="18.012010000">
        <ele>0.000</ele>
      </trkpt>
      <trkpt lat="50.492290000" lon="18.012650000">
        <ele>0.000</ele>
      </trkpt>
      <trkpt lat="50.492310000" lon="18.013530000">
        <ele>0.000</ele>
      </trkpt>
      <trkpt lat="50.492350000" lon="18.016670000">
        <ele>0.000</ele>
      </trkpt>
      <trkpt lat="50.492330000" lon="18.016710000">
        <ele>0.000</ele>
      </trkpt>
      <trkpt lat="50.492280000" lon="18.016730000">
        <ele>0.000</ele>
      </trkpt>
      <trkpt lat="50.492270000" lon="18.016880000">
        <ele>0.000</ele>
      </trkpt>
      <trkpt lat="50.492350000" lon="18.016990000">
        <ele>0.000</ele>
      </trkpt>
      <trkpt lat="50.492350000" lon="18.017830000">
        <ele>0.000</ele>
      </trkpt>
      <trkpt lat="50.492330000" lon="18.018080000">
        <ele>0.000</ele>
      </trkpt>
      <trkpt lat="50.492290000" lon="18.018410000">
        <ele>0.000</ele>
      </trkpt>
      <trkpt lat="50.492210000" lon="18.018840000">
        <ele>0.000</ele>
      </trkpt>
      <trkpt lat="50.492180000" lon="18.018880000">
        <ele>0.000</ele>
      </trkpt>
      <trkpt lat="50.492170000" lon="18.018970000">
        <ele>0.000</ele>
      </trkpt>
      <trkpt lat="50.492210000" lon="18.018990000">
        <ele>0.000</ele>
      </trkpt>
      <trkpt lat="50.492100000" lon="18.019530000">
        <ele>0.000</ele>
      </trkpt>
      <trkpt lat="50.491410000" lon="18.022490000">
        <ele>0.000</ele>
      </trkpt>
      <trkpt lat="50.491350000" lon="18.022660000">
        <ele>0.000</ele>
      </trkpt>
      <trkpt lat="50.491290000" lon="18.022800000">
        <ele>0.000</ele>
      </trkpt>
      <trkpt lat="50.491180000" lon="18.022970000">
        <ele>0.000</ele>
      </trkpt>
      <trkpt lat="50.491710000" lon="18.023570000">
        <ele>0.000</ele>
      </trkpt>
      <trkpt lat="50.492060000" lon="18.024060000">
        <ele>0.000</ele>
      </trkpt>
      <trkpt lat="50.492670000" lon="18.024940000">
        <ele>0.000</ele>
      </trkpt>
      <trkpt lat="50.492730000" lon="18.025060000">
        <ele>0.000</ele>
      </trkpt>
      <trkpt lat="50.492880000" lon="18.025010000">
        <ele>0.000</ele>
      </trkpt>
      <trkpt lat="50.493000000" lon="18.025010000">
        <ele>0.000</ele>
      </trkpt>
      <trkpt lat="50.493420000" lon="18.025070000">
        <ele>0.000</ele>
      </trkpt>
      <trkpt lat="50.493830000" lon="18.025160000">
        <ele>0.000</ele>
      </trkpt>
      <trkpt lat="50.494380000" lon="18.025340000">
        <ele>0.000</ele>
      </trkpt>
      <trkpt lat="50.494490000" lon="18.025440000">
        <ele>0.000</ele>
      </trkpt>
      <trkpt lat="50.494760000" lon="18.025860000">
        <ele>0.000</ele>
      </trkpt>
      <trkpt lat="50.494790000" lon="18.025810000">
        <ele>0.000</ele>
      </trkpt>
      <trkpt lat="50.495110000" lon="18.026300000">
        <ele>0.000</ele>
      </trkpt>
      <trkpt lat="50.495760000" lon="18.027330000">
        <ele>0.000</ele>
      </trkpt>
      <trkpt lat="50.497300000" lon="18.029820000">
        <ele>0.000</ele>
      </trkpt>
      <trkpt lat="50.499230000" lon="18.033010000">
        <ele>0.000</ele>
      </trkpt>
      <trkpt lat="50.500000000" lon="18.034390000">
        <ele>0.000</ele>
      </trkpt>
      <trkpt lat="50.500720000" lon="18.035400000">
        <ele>0.000</ele>
      </trkpt>
      <trkpt lat="50.501680000" lon="18.036690000">
        <ele>0.000</ele>
      </trkpt>
      <trkpt lat="50.503330000" lon="18.038870000">
        <ele>0.000</ele>
      </trkpt>
      <trkpt lat="50.503680000" lon="18.039390000">
        <ele>0.000</ele>
      </trkpt>
      <trkpt lat="50.503860000" lon="18.039620000">
        <ele>0.000</ele>
      </trkpt>
      <trkpt lat="50.504060000" lon="18.039870000">
        <ele>0.000</ele>
      </trkpt>
      <trkpt lat="50.504170000" lon="18.039990000">
        <ele>0.000</ele>
      </trkpt>
      <trkpt lat="50.504330000" lon="18.040240000">
        <ele>0.000</ele>
      </trkpt>
      <trkpt lat="50.504420000" lon="18.040420000">
        <ele>0.000</ele>
      </trkpt>
      <trkpt lat="50.504480000" lon="18.040560000">
        <ele>0.000</ele>
      </trkpt>
      <trkpt lat="50.504500000" lon="18.040740000">
        <ele>0.000</ele>
      </trkpt>
      <trkpt lat="50.504500000" lon="18.041000000">
        <ele>0.000</ele>
      </trkpt>
      <trkpt lat="50.504460000" lon="18.041540000">
        <ele>0.000</ele>
      </trkpt>
      <trkpt lat="50.504460000" lon="18.041800000">
        <ele>0.000</ele>
      </trkpt>
      <trkpt lat="50.504510000" lon="18.041920000">
        <ele>0.000</ele>
      </trkpt>
      <trkpt lat="50.504580000" lon="18.041980000">
        <ele>0.000</ele>
      </trkpt>
      <trkpt lat="50.504710000" lon="18.042060000">
        <ele>0.000</ele>
      </trkpt>
      <trkpt lat="50.505110000" lon="18.042420000">
        <ele>0.000</ele>
      </trkpt>
      <trkpt lat="50.505500000" lon="18.042800000">
        <ele>0.000</ele>
      </trkpt>
      <trkpt lat="50.506470000" lon="18.043780000">
        <ele>0.000</ele>
      </trkpt>
      <trkpt lat="50.506860000" lon="18.044100000">
        <ele>0.000</ele>
      </trkpt>
      <trkpt lat="50.507250000" lon="18.044300000">
        <ele>0.000</ele>
      </trkpt>
      <trkpt lat="50.507500000" lon="18.044350000">
        <ele>0.000</ele>
      </trkpt>
      <trkpt lat="50.507740000" lon="18.044440000">
        <ele>0.000</ele>
      </trkpt>
      <trkpt lat="50.508080000" lon="18.044620000">
        <ele>0.000</ele>
      </trkpt>
      <trkpt lat="50.508800000" lon="18.045050000">
        <ele>0.000</ele>
      </trkpt>
      <trkpt lat="50.509270000" lon="18.045440000">
        <ele>0.000</ele>
      </trkpt>
      <trkpt lat="50.509460000" lon="18.045630000">
        <ele>0.000</ele>
      </trkpt>
      <trkpt lat="50.510470000" lon="18.046680000">
        <ele>0.000</ele>
      </trkpt>
      <trkpt lat="50.510980000" lon="18.047240000">
        <ele>0.000</ele>
      </trkpt>
      <trkpt lat="50.511760000" lon="18.048020000">
        <ele>0.000</ele>
      </trkpt>
      <trkpt lat="50.511990000" lon="18.048280000">
        <ele>0.000</ele>
      </trkpt>
      <trkpt lat="50.512310000" lon="18.048810000">
        <ele>0.000</ele>
      </trkpt>
      <trkpt lat="50.512550000" lon="18.049050000">
        <ele>0.000</ele>
      </trkpt>
      <trkpt lat="50.513090000" lon="18.049430000">
        <ele>0.000</ele>
      </trkpt>
      <trkpt lat="50.513550000" lon="18.049670000">
        <ele>0.000</ele>
      </trkpt>
      <trkpt lat="50.514000000" lon="18.049930000">
        <ele>0.000</ele>
      </trkpt>
      <trkpt lat="50.514180000" lon="18.050060000">
        <ele>0.000</ele>
      </trkpt>
      <trkpt lat="50.514540000" lon="18.050420000">
        <ele>0.000</ele>
      </trkpt>
      <trkpt lat="50.514760000" lon="18.050590000">
        <ele>0.000</ele>
      </trkpt>
      <trkpt lat="50.514780000" lon="18.050650000">
        <ele>0.000</ele>
      </trkpt>
      <trkpt lat="50.514880000" lon="18.050770000">
        <ele>0.000</ele>
      </trkpt>
      <trkpt lat="50.515660000" lon="18.051160000">
        <ele>0.000</ele>
      </trkpt>
      <trkpt lat="50.516070000" lon="18.051350000">
        <ele>0.000</ele>
      </trkpt>
      <trkpt lat="50.516400000" lon="18.051460000">
        <ele>0.000</ele>
      </trkpt>
      <trkpt lat="50.516750000" lon="18.051620000">
        <ele>0.000</ele>
      </trkpt>
      <trkpt lat="50.517290000" lon="18.051920000">
        <ele>0.000</ele>
      </trkpt>
      <trkpt lat="50.517600000" lon="18.052260000">
        <ele>0.000</ele>
      </trkpt>
      <trkpt lat="50.518670000" lon="18.053160000">
        <ele>0.000</ele>
      </trkpt>
      <trkpt lat="50.519400000" lon="18.053710000">
        <ele>0.000</ele>
      </trkpt>
      <trkpt lat="50.520080000" lon="18.054020000">
        <ele>0.000</ele>
      </trkpt>
      <trkpt lat="50.520680000" lon="18.054140000">
        <ele>0.000</ele>
      </trkpt>
      <trkpt lat="50.521240000" lon="18.054160000">
        <ele>0.000</ele>
      </trkpt>
      <trkpt lat="50.522180000" lon="18.054230000">
        <ele>0.000</ele>
      </trkpt>
      <trkpt lat="50.522480000" lon="18.054850000">
        <ele>0.000</ele>
      </trkpt>
      <trkpt lat="50.522680000" lon="18.055310000">
        <ele>0.000</ele>
      </trkpt>
      <trkpt lat="50.524990000" lon="18.060930000">
        <ele>0.000</ele>
      </trkpt>
      <trkpt lat="50.525100000" lon="18.061200000">
        <ele>0.000</ele>
      </trkpt>
      <trkpt lat="50.525290000" lon="18.061580000">
        <ele>0.000</ele>
      </trkpt>
      <trkpt lat="50.525860000" lon="18.062700000">
        <ele>0.000</ele>
      </trkpt>
      <trkpt lat="50.525950000" lon="18.062900000">
        <ele>0.000</ele>
      </trkpt>
      <trkpt lat="50.526010000" lon="18.063080000">
        <ele>0.000</ele>
      </trkpt>
      <trkpt lat="50.526060000" lon="18.063380000">
        <ele>0.000</ele>
      </trkpt>
      <trkpt lat="50.526130000" lon="18.064210000">
        <ele>0.000</ele>
      </trkpt>
      <trkpt lat="50.526160000" lon="18.064340000">
        <ele>0.000</ele>
      </trkpt>
      <trkpt lat="50.526190000" lon="18.064420000">
        <ele>0.000</ele>
      </trkpt>
      <trkpt lat="50.526230000" lon="18.064480000">
        <ele>0.000</ele>
      </trkpt>
      <trkpt lat="50.526330000" lon="18.064540000">
        <ele>0.000</ele>
      </trkpt>
      <trkpt lat="50.526850000" lon="18.064770000">
        <ele>0.000</ele>
      </trkpt>
      <trkpt lat="50.526960000" lon="18.064840000">
        <ele>0.000</ele>
      </trkpt>
      <trkpt lat="50.527070000" lon="18.064920000">
        <ele>0.000</ele>
      </trkpt>
      <trkpt lat="50.527190000" lon="18.065040000">
        <ele>0.000</ele>
      </trkpt>
      <trkpt lat="50.527340000" lon="18.065250000">
        <ele>0.000</ele>
      </trkpt>
      <trkpt lat="50.527430000" lon="18.065360000">
        <ele>0.000</ele>
      </trkpt>
      <trkpt lat="50.527550000" lon="18.065440000">
        <ele>0.000</ele>
      </trkpt>
      <trkpt lat="50.527910000" lon="18.065580000">
        <ele>0.000</ele>
      </trkpt>
      <trkpt lat="50.528210000" lon="18.065660000">
        <ele>0.000</ele>
      </trkpt>
      <trkpt lat="50.528340000" lon="18.065670000">
        <ele>0.000</ele>
      </trkpt>
      <trkpt lat="50.528480000" lon="18.065630000">
        <ele>0.000</ele>
      </trkpt>
      <trkpt lat="50.528580000" lon="18.065670000">
        <ele>0.000</ele>
      </trkpt>
      <trkpt lat="50.529040000" lon="18.065650000">
        <ele>0.000</ele>
      </trkpt>
      <trkpt lat="50.529560000" lon="18.065960000">
        <ele>0.000</ele>
      </trkpt>
      <trkpt lat="50.530860000" lon="18.066950000">
        <ele>0.000</ele>
      </trkpt>
      <trkpt lat="50.532520000" lon="18.068160000">
        <ele>0.000</ele>
      </trkpt>
      <trkpt lat="50.533390000" lon="18.068760000">
        <ele>0.000</ele>
      </trkpt>
      <trkpt lat="50.533800000" lon="18.069010000">
        <ele>0.000</ele>
      </trkpt>
      <trkpt lat="50.534520000" lon="18.069510000">
        <ele>0.000</ele>
      </trkpt>
      <trkpt lat="50.535360000" lon="18.070060000">
        <ele>0.000</ele>
      </trkpt>
      <trkpt lat="50.535470000" lon="18.070170000">
        <ele>0.000</ele>
      </trkpt>
      <trkpt lat="50.535390000" lon="18.070300000">
        <ele>0.000</ele>
      </trkpt>
      <trkpt lat="50.535320000" lon="18.070480000">
        <ele>0.000</ele>
      </trkpt>
      <trkpt lat="50.535280000" lon="18.070650000">
        <ele>0.000</ele>
      </trkpt>
      <trkpt lat="50.535280000" lon="18.070780000">
        <ele>0.000</ele>
      </trkpt>
      <trkpt lat="50.535300000" lon="18.070890000">
        <ele>0.000</ele>
      </trkpt>
      <trkpt lat="50.535330000" lon="18.071000000">
        <ele>0.000</ele>
      </trkpt>
      <trkpt lat="50.535360000" lon="18.071100000">
        <ele>0.000</ele>
      </trkpt>
      <trkpt lat="50.535420000" lon="18.071190000">
        <ele>0.000</ele>
      </trkpt>
      <trkpt lat="50.535480000" lon="18.071250000">
        <ele>0.000</ele>
      </trkpt>
      <trkpt lat="50.535590000" lon="18.071320000">
        <ele>0.000</ele>
      </trkpt>
      <trkpt lat="50.535630000" lon="18.071370000">
        <ele>0.000</ele>
      </trkpt>
      <trkpt lat="50.535670000" lon="18.071430000">
        <ele>0.000</ele>
      </trkpt>
      <trkpt lat="50.535700000" lon="18.071510000">
        <ele>0.000</ele>
      </trkpt>
      <trkpt lat="50.535720000" lon="18.071620000">
        <ele>0.000</ele>
      </trkpt>
      <trkpt lat="50.535720000" lon="18.071720000">
        <ele>0.000</ele>
      </trkpt>
      <trkpt lat="50.535720000" lon="18.071810000">
        <ele>0.000</ele>
      </trkpt>
      <trkpt lat="50.535660000" lon="18.072150000">
        <ele>0.000</ele>
      </trkpt>
      <trkpt lat="50.535580000" lon="18.072510000">
        <ele>0.000</ele>
      </trkpt>
      <trkpt lat="50.535380000" lon="18.073310000">
        <ele>0.000</ele>
      </trkpt>
      <trkpt lat="50.535350000" lon="18.073450000">
        <ele>0.000</ele>
      </trkpt>
      <trkpt lat="50.535290000" lon="18.073820000">
        <ele>0.000</ele>
      </trkpt>
      <trkpt lat="50.535260000" lon="18.074170000">
        <ele>0.000</ele>
      </trkpt>
      <trkpt lat="50.535240000" lon="18.074940000">
        <ele>0.000</ele>
      </trkpt>
      <trkpt lat="50.535260000" lon="18.077900000">
        <ele>0.000</ele>
      </trkpt>
      <trkpt lat="50.535270000" lon="18.078660000">
        <ele>0.000</ele>
      </trkpt>
      <trkpt lat="50.535260000" lon="18.078870000">
        <ele>0.000</ele>
      </trkpt>
      <trkpt lat="50.535240000" lon="18.079270000">
        <ele>0.000</ele>
      </trkpt>
      <trkpt lat="50.535180000" lon="18.079760000">
        <ele>0.000</ele>
      </trkpt>
      <trkpt lat="50.535090000" lon="18.080230000">
        <ele>0.000</ele>
      </trkpt>
      <trkpt lat="50.534850000" lon="18.081050000">
        <ele>0.000</ele>
      </trkpt>
      <trkpt lat="50.534300000" lon="18.083010000">
        <ele>0.000</ele>
      </trkpt>
      <trkpt lat="50.533590000" lon="18.085510000">
        <ele>0.000</ele>
      </trkpt>
      <trkpt lat="50.531830000" lon="18.091630000">
        <ele>0.000</ele>
      </trkpt>
      <trkpt lat="50.528910000" lon="18.102120000">
        <ele>0.000</ele>
      </trkpt>
      <trkpt lat="50.528630000" lon="18.103090000">
        <ele>0.000</ele>
      </trkpt>
      <trkpt lat="50.528440000" lon="18.103760000">
        <ele>0.000</ele>
      </trkpt>
      <trkpt lat="50.528350000" lon="18.104160000">
        <ele>0.000</ele>
      </trkpt>
      <trkpt lat="50.528200000" lon="18.104600000">
        <ele>0.000</ele>
      </trkpt>
      <trkpt lat="50.528090000" lon="18.104990000">
        <ele>0.000</ele>
      </trkpt>
      <trkpt lat="50.527960000" lon="18.105400000">
        <ele>0.000</ele>
      </trkpt>
      <trkpt lat="50.527850000" lon="18.105890000">
        <ele>0.000</ele>
      </trkpt>
      <trkpt lat="50.527610000" lon="18.106670000">
        <ele>0.000</ele>
      </trkpt>
      <trkpt lat="50.527500000" lon="18.107150000">
        <ele>0.000</ele>
      </trkpt>
      <trkpt lat="50.527410000" lon="18.107520000">
        <ele>0.000</ele>
      </trkpt>
      <trkpt lat="50.527040000" lon="18.108830000">
        <ele>0.000</ele>
      </trkpt>
      <trkpt lat="50.526950000" lon="18.109200000">
        <ele>0.000</ele>
      </trkpt>
      <trkpt lat="50.526860000" lon="18.109530000">
        <ele>0.000</ele>
      </trkpt>
      <trkpt lat="50.526480000" lon="18.110800000">
        <ele>0.000</ele>
      </trkpt>
      <trkpt lat="50.526370000" lon="18.111220000">
        <ele>0.000</ele>
      </trkpt>
      <trkpt lat="50.525880000" lon="18.112790000">
        <ele>0.000</ele>
      </trkpt>
      <trkpt lat="50.525680000" lon="18.113500000">
        <ele>0.000</ele>
      </trkpt>
      <trkpt lat="50.523550000" lon="18.120130000">
        <ele>0.000</ele>
      </trkpt>
      <trkpt lat="50.522900000" lon="18.122100000">
        <ele>0.000</ele>
      </trkpt>
      <trkpt lat="50.522670000" lon="18.122830000">
        <ele>0.000</ele>
      </trkpt>
      <trkpt lat="50.521970000" lon="18.124870000">
        <ele>0.000</ele>
      </trkpt>
      <trkpt lat="50.521820000" lon="18.125360000">
        <ele>0.000</ele>
      </trkpt>
      <trkpt lat="50.521720000" lon="18.125290000">
        <ele>0.000</ele>
      </trkpt>
      <trkpt lat="50.521390000" lon="18.126070000">
        <ele>0.000</ele>
      </trkpt>
      <trkpt lat="50.520430000" lon="18.128510000">
        <ele>0.000</ele>
      </trkpt>
      <trkpt lat="50.519690000" lon="18.130360000">
        <ele>0.000</ele>
      </trkpt>
      <trkpt lat="50.518940000" lon="18.132330000">
        <ele>0.000</ele>
      </trkpt>
      <trkpt lat="50.518110000" lon="18.134490000">
        <ele>0.000</ele>
      </trkpt>
      <trkpt lat="50.517810000" lon="18.135320000">
        <ele>0.000</ele>
      </trkpt>
      <trkpt lat="50.517710000" lon="18.135680000">
        <ele>0.000</ele>
      </trkpt>
      <trkpt lat="50.517320000" lon="18.137280000">
        <ele>0.000</ele>
      </trkpt>
      <trkpt lat="50.516800000" lon="18.139630000">
        <ele>0.000</ele>
      </trkpt>
      <trkpt lat="50.516770000" lon="18.139840000">
        <ele>0.000</ele>
      </trkpt>
      <trkpt lat="50.516760000" lon="18.140070000">
        <ele>0.000</ele>
      </trkpt>
      <trkpt lat="50.516790000" lon="18.140420000">
        <ele>0.000</ele>
      </trkpt>
      <trkpt lat="50.516940000" lon="18.141740000">
        <ele>0.000</ele>
      </trkpt>
      <trkpt lat="50.517600000" lon="18.145720000">
        <ele>0.000</ele>
      </trkpt>
      <trkpt lat="50.517770000" lon="18.146570000">
        <ele>0.000</ele>
      </trkpt>
      <trkpt lat="50.518770000" lon="18.149470000">
        <ele>0.000</ele>
      </trkpt>
      <trkpt lat="50.519080000" lon="18.149770000">
        <ele>0.000</ele>
      </trkpt>
      <trkpt lat="50.519110000" lon="18.149900000">
        <ele>0.000</ele>
      </trkpt>
      <trkpt lat="50.519110000" lon="18.150030000">
        <ele>0.000</ele>
      </trkpt>
      <trkpt lat="50.519090000" lon="18.150290000">
        <ele>0.000</ele>
      </trkpt>
      <trkpt lat="50.519070000" lon="18.150360000">
        <ele>0.000</ele>
      </trkpt>
      <trkpt lat="50.518890000" lon="18.152180000">
        <ele>0.000</ele>
      </trkpt>
      <trkpt lat="50.519000000" lon="18.152610000">
        <ele>0.000</ele>
      </trkpt>
      <trkpt lat="50.519080000" lon="18.152870000">
        <ele>0.000</ele>
      </trkpt>
      <trkpt lat="50.518670000" lon="18.153780000">
        <ele>0.000</ele>
      </trkpt>
      <trkpt lat="50.518620000" lon="18.153970000">
        <ele>0.000</ele>
      </trkpt>
      <trkpt lat="50.518620000" lon="18.154150000">
        <ele>0.000</ele>
      </trkpt>
      <trkpt lat="50.518630000" lon="18.154340000">
        <ele>0.000</ele>
      </trkpt>
      <trkpt lat="50.518660000" lon="18.154530000">
        <ele>0.000</ele>
      </trkpt>
      <trkpt lat="50.518710000" lon="18.154700000">
        <ele>0.000</ele>
      </trkpt>
      <trkpt lat="50.518830000" lon="18.154940000">
        <ele>0.000</ele>
      </trkpt>
      <trkpt lat="50.518980000" lon="18.155190000">
        <ele>0.000</ele>
      </trkpt>
      <trkpt lat="50.518990000" lon="18.155350000">
        <ele>0.000</ele>
      </trkpt>
      <trkpt lat="50.518900000" lon="18.155570000">
        <ele>0.000</ele>
      </trkpt>
      <trkpt lat="50.518590000" lon="18.156290000">
        <ele>0.000</ele>
      </trkpt>
      <trkpt lat="50.518500000" lon="18.156460000">
        <ele>0.000</ele>
      </trkpt>
      <trkpt lat="50.518430000" lon="18.156850000">
        <ele>0.000</ele>
      </trkpt>
      <trkpt lat="50.518410000" lon="18.157100000">
        <ele>0.000</ele>
      </trkpt>
      <trkpt lat="50.518200000" lon="18.157780000">
        <ele>0.000</ele>
      </trkpt>
      <trkpt lat="50.517680000" lon="18.160310000">
        <ele>0.000</ele>
      </trkpt>
      <trkpt lat="50.517620000" lon="18.160760000">
        <ele>0.000</ele>
      </trkpt>
      <trkpt lat="50.517630000" lon="18.160980000">
        <ele>0.000</ele>
      </trkpt>
      <trkpt lat="50.517810000" lon="18.163540000">
        <ele>0.000</ele>
      </trkpt>
      <trkpt lat="50.517970000" lon="18.165630000">
        <ele>0.000</ele>
      </trkpt>
      <trkpt lat="50.518110000" lon="18.167680000">
        <ele>0.000</ele>
      </trkpt>
      <trkpt lat="50.518080000" lon="18.169370000">
        <ele>0.000</ele>
      </trkpt>
      <trkpt lat="50.517880000" lon="18.171660000">
        <ele>0.000</ele>
      </trkpt>
      <trkpt lat="50.517620000" lon="18.173680000">
        <ele>0.000</ele>
      </trkpt>
      <trkpt lat="50.517260000" lon="18.176270000">
        <ele>0.000</ele>
      </trkpt>
      <trkpt lat="50.517300000" lon="18.177910000">
        <ele>0.000</ele>
      </trkpt>
      <trkpt lat="50.516810000" lon="18.181140000">
        <ele>0.000</ele>
      </trkpt>
      <trkpt lat="50.516540000" lon="18.182680000">
        <ele>0.000</ele>
      </trkpt>
      <trkpt lat="50.516470000" lon="18.183420000">
        <ele>0.000</ele>
      </trkpt>
      <trkpt lat="50.516440000" lon="18.184000000">
        <ele>0.000</ele>
      </trkpt>
      <trkpt lat="50.516450000" lon="18.184480000">
        <ele>0.000</ele>
      </trkpt>
      <trkpt lat="50.516530000" lon="18.185670000">
        <ele>0.000</ele>
      </trkpt>
      <trkpt lat="50.516600000" lon="18.186000000">
        <ele>0.000</ele>
      </trkpt>
      <trkpt lat="50.516930000" lon="18.186570000">
        <ele>0.000</ele>
      </trkpt>
      <trkpt lat="50.517190000" lon="18.187380000">
        <ele>0.000</ele>
      </trkpt>
      <trkpt lat="50.517260000" lon="18.187750000">
        <ele>0.000</ele>
      </trkpt>
      <trkpt lat="50.517250000" lon="18.188060000">
        <ele>0.000</ele>
      </trkpt>
      <trkpt lat="50.517100000" lon="18.188680000">
        <ele>0.000</ele>
      </trkpt>
      <trkpt lat="50.516770000" lon="18.190170000">
        <ele>0.000</ele>
      </trkpt>
      <trkpt lat="50.516610000" lon="18.190810000">
        <ele>0.000</ele>
      </trkpt>
      <trkpt lat="50.516500000" lon="18.191110000">
        <ele>0.000</ele>
      </trkpt>
      <trkpt lat="50.516420000" lon="18.191450000">
        <ele>0.000</ele>
      </trkpt>
      <trkpt lat="50.516360000" lon="18.191660000">
        <ele>0.000</ele>
      </trkpt>
      <trkpt lat="50.516310000" lon="18.191810000">
        <ele>0.000</ele>
      </trkpt>
      <trkpt lat="50.516270000" lon="18.191870000">
        <ele>0.000</ele>
      </trkpt>
      <trkpt lat="50.516230000" lon="18.191910000">
        <ele>0.000</ele>
      </trkpt>
      <trkpt lat="50.516180000" lon="18.191980000">
        <ele>0.000</ele>
      </trkpt>
      <trkpt lat="50.516050000" lon="18.192330000">
        <ele>0.000</ele>
      </trkpt>
      <trkpt lat="50.514250000" lon="18.197370000">
        <ele>0.000</ele>
      </trkpt>
      <trkpt lat="50.513820000" lon="18.198550000">
        <ele>0.000</ele>
      </trkpt>
      <trkpt lat="50.513460000" lon="18.199600000">
        <ele>0.000</ele>
      </trkpt>
      <trkpt lat="50.512470000" lon="18.202670000">
        <ele>0.000</ele>
      </trkpt>
      <trkpt lat="50.512370000" lon="18.202950000">
        <ele>0.000</ele>
      </trkpt>
      <trkpt lat="50.512280000" lon="18.203250000">
        <ele>0.000</ele>
      </trkpt>
      <trkpt lat="50.512220000" lon="18.203640000">
        <ele>0.000</ele>
      </trkpt>
      <trkpt lat="50.512170000" lon="18.204260000">
        <ele>0.000</ele>
      </trkpt>
      <trkpt lat="50.512160000" lon="18.204940000">
        <ele>0.000</ele>
      </trkpt>
      <trkpt lat="50.512160000" lon="18.205110000">
        <ele>0.000</ele>
      </trkpt>
      <trkpt lat="50.512120000" lon="18.206670000">
        <ele>0.000</ele>
      </trkpt>
      <trkpt lat="50.512040000" lon="18.208460000">
        <ele>0.000</ele>
      </trkpt>
      <trkpt lat="50.511960000" lon="18.209750000">
        <ele>0.000</ele>
      </trkpt>
      <trkpt lat="50.511960000" lon="18.209910000">
        <ele>0.000</ele>
      </trkpt>
      <trkpt lat="50.511980000" lon="18.210230000">
        <ele>0.000</ele>
      </trkpt>
      <trkpt lat="50.513520000" lon="18.211410000">
        <ele>0.000</ele>
      </trkpt>
      <trkpt lat="50.514850000" lon="18.212350000">
        <ele>0.000</ele>
      </trkpt>
      <trkpt lat="50.518190000" lon="18.214750000">
        <ele>0.000</ele>
      </trkpt>
      <trkpt lat="50.518480000" lon="18.215070000">
        <ele>0.000</ele>
      </trkpt>
      <trkpt lat="50.519600000" lon="18.216480000">
        <ele>0.000</ele>
      </trkpt>
      <trkpt lat="50.520530000" lon="18.217500000">
        <ele>0.000</ele>
      </trkpt>
      <trkpt lat="50.521570000" lon="18.218440000">
        <ele>0.000</ele>
      </trkpt>
      <trkpt lat="50.522620000" lon="18.219390000">
        <ele>0.000</ele>
      </trkpt>
      <trkpt lat="50.523300000" lon="18.219850000">
        <ele>0.000</ele>
      </trkpt>
      <trkpt lat="50.524590000" lon="18.220190000">
        <ele>0.000</ele>
      </trkpt>
      <trkpt lat="50.526690000" lon="18.221090000">
        <ele>0.000</ele>
      </trkpt>
      <trkpt lat="50.528640000" lon="18.221880000">
        <ele>0.000</ele>
      </trkpt>
      <trkpt lat="50.528450000" lon="18.222810000">
        <ele>0.000</ele>
      </trkpt>
      <trkpt lat="50.528400000" lon="18.222980000">
        <ele>0.000</ele>
      </trkpt>
      <trkpt lat="50.528260000" lon="18.223260000">
        <ele>0.000</ele>
      </trkpt>
      <trkpt lat="50.528220000" lon="18.223420000">
        <ele>0.000</ele>
      </trkpt>
      <trkpt lat="50.528100000" lon="18.224050000">
        <ele>0.000</ele>
      </trkpt>
      <trkpt lat="50.527630000" lon="18.225990000">
        <ele>0.000</ele>
      </trkpt>
      <trkpt lat="50.527540000" lon="18.226300000">
        <ele>0.000</ele>
      </trkpt>
      <trkpt lat="50.527400000" lon="18.226650000">
        <ele>0.000</ele>
      </trkpt>
      <trkpt lat="50.527120000" lon="18.227250000">
        <ele>0.000</ele>
      </trkpt>
      <trkpt lat="50.526800000" lon="18.227990000">
        <ele>0.000</ele>
      </trkpt>
      <trkpt lat="50.525530000" lon="18.231470000">
        <ele>0.000</ele>
      </trkpt>
      <trkpt lat="50.524270000" lon="18.234930000">
        <ele>0.000</ele>
      </trkpt>
      <trkpt lat="50.523690000" lon="18.236400000">
        <ele>0.000</ele>
      </trkpt>
      <trkpt lat="50.523310000" lon="18.237340000">
        <ele>0.000</ele>
      </trkpt>
      <trkpt lat="50.523100000" lon="18.237940000">
        <ele>0.000</ele>
      </trkpt>
      <trkpt lat="50.523010000" lon="18.238250000">
        <ele>0.000</ele>
      </trkpt>
      <trkpt lat="50.522920000" lon="18.238610000">
        <ele>0.000</ele>
      </trkpt>
      <trkpt lat="50.522240000" lon="18.241360000">
        <ele>0.000</ele>
      </trkpt>
      <trkpt lat="50.521910000" lon="18.242370000">
        <ele>0.000</ele>
      </trkpt>
      <trkpt lat="50.521100000" lon="18.244200000">
        <ele>0.000</ele>
      </trkpt>
      <trkpt lat="50.520710000" lon="18.244710000">
        <ele>0.000</ele>
      </trkpt>
      <trkpt lat="50.519800000" lon="18.245920000">
        <ele>0.000</ele>
      </trkpt>
      <trkpt lat="50.519320000" lon="18.246530000">
        <ele>0.000</ele>
      </trkpt>
      <trkpt lat="50.519080000" lon="18.246810000">
        <ele>0.000</ele>
      </trkpt>
      <trkpt lat="50.518900000" lon="18.247000000">
        <ele>0.000</ele>
      </trkpt>
      <trkpt lat="50.518110000" lon="18.247590000">
        <ele>0.000</ele>
      </trkpt>
      <trkpt lat="50.517780000" lon="18.247860000">
        <ele>0.000</ele>
      </trkpt>
      <trkpt lat="50.517510000" lon="18.248000000">
        <ele>0.000</ele>
      </trkpt>
      <trkpt lat="50.516960000" lon="18.248350000">
        <ele>0.000</ele>
      </trkpt>
      <trkpt lat="50.516780000" lon="18.248490000">
        <ele>0.000</ele>
      </trkpt>
      <trkpt lat="50.516700000" lon="18.248620000">
        <ele>0.000</ele>
      </trkpt>
      <trkpt lat="50.516660000" lon="18.248770000">
        <ele>0.000</ele>
      </trkpt>
      <trkpt lat="50.516720000" lon="18.252030000">
        <ele>0.000</ele>
      </trkpt>
      <trkpt lat="50.516710000" lon="18.252220000">
        <ele>0.000</ele>
      </trkpt>
      <trkpt lat="50.516640000" lon="18.252760000">
        <ele>0.000</ele>
      </trkpt>
      <trkpt lat="50.516570000" lon="18.253420000">
        <ele>0.000</ele>
      </trkpt>
      <trkpt lat="50.516510000" lon="18.254010000">
        <ele>0.000</ele>
      </trkpt>
      <trkpt lat="50.516310000" lon="18.255880000">
        <ele>0.000</ele>
      </trkpt>
      <trkpt lat="50.516220000" lon="18.256690000">
        <ele>0.000</ele>
      </trkpt>
      <trkpt lat="50.516110000" lon="18.257520000">
        <ele>0.000</ele>
      </trkpt>
      <trkpt lat="50.516080000" lon="18.257710000">
        <ele>0.000</ele>
      </trkpt>
      <trkpt lat="50.516030000" lon="18.257900000">
        <ele>0.000</ele>
      </trkpt>
      <trkpt lat="50.515290000" lon="18.260450000">
        <ele>0.000</ele>
      </trkpt>
      <trkpt lat="50.515140000" lon="18.261050000">
        <ele>0.000</ele>
      </trkpt>
      <trkpt lat="50.514850000" lon="18.262080000">
        <ele>0.000</ele>
      </trkpt>
      <trkpt lat="50.514830000" lon="18.262220000">
        <ele>0.000</ele>
      </trkpt>
      <trkpt lat="50.514790000" lon="18.262440000">
        <ele>0.000</ele>
      </trkpt>
      <trkpt lat="50.514710000" lon="18.263390000">
        <ele>0.000</ele>
      </trkpt>
      <trkpt lat="50.514550000" lon="18.265500000">
        <ele>0.000</ele>
      </trkpt>
      <trkpt lat="50.514510000" lon="18.266520000">
        <ele>0.000</ele>
      </trkpt>
      <trkpt lat="50.514410000" lon="18.267750000">
        <ele>0.000</ele>
      </trkpt>
      <trkpt lat="50.514290000" lon="18.269930000">
        <ele>0.000</ele>
      </trkpt>
      <trkpt lat="50.514270000" lon="18.270070000">
        <ele>0.000</ele>
      </trkpt>
      <trkpt lat="50.514010000" lon="18.274370000">
        <ele>0.000</ele>
      </trkpt>
      <trkpt lat="50.513930000" lon="18.275240000">
        <ele>0.000</ele>
      </trkpt>
      <trkpt lat="50.513740000" lon="18.278220000">
        <ele>0.000</ele>
      </trkpt>
      <trkpt lat="50.513490000" lon="18.281560000">
        <ele>0.000</ele>
      </trkpt>
      <trkpt lat="50.512140000" lon="18.281630000">
        <ele>0.000</ele>
      </trkpt>
      <trkpt lat="50.511920000" lon="18.281620000">
        <ele>0.000</ele>
      </trkpt>
      <trkpt lat="50.511840000" lon="18.281580000">
        <ele>0.000</ele>
      </trkpt>
      <trkpt lat="50.511670000" lon="18.281570000">
        <ele>0.000</ele>
      </trkpt>
      <trkpt lat="50.511670000" lon="18.281730000">
        <ele>0.000</ele>
      </trkpt>
      <trkpt lat="50.511630000" lon="18.281740000">
        <ele>0.000</ele>
      </trkpt>
      <trkpt lat="50.511600000" lon="18.281780000">
        <ele>0.000</ele>
      </trkpt>
      <trkpt lat="50.511570000" lon="18.281830000">
        <ele>0.000</ele>
      </trkpt>
      <trkpt lat="50.511550000" lon="18.281880000">
        <ele>0.000</ele>
      </trkpt>
      <trkpt lat="50.511550000" lon="18.281950000">
        <ele>0.000</ele>
      </trkpt>
      <trkpt lat="50.511570000" lon="18.282450000">
        <ele>0.000</ele>
      </trkpt>
      <trkpt lat="50.511640000" lon="18.283040000">
        <ele>0.000</ele>
      </trkpt>
      <trkpt lat="50.511840000" lon="18.284220000">
        <ele>0.000</ele>
      </trkpt>
      <trkpt lat="50.511960000" lon="18.284810000">
        <ele>0.000</ele>
      </trkpt>
      <trkpt lat="50.511900000" lon="18.284830000">
        <ele>0.000</ele>
      </trkpt>
      <trkpt lat="50.511950000" lon="18.285060000">
        <ele>0.000</ele>
      </trkpt>
      <trkpt lat="50.511840000" lon="18.285090000">
        <ele>0.000</ele>
      </trkpt>
      <trkpt lat="50.511800000" lon="18.285090000">
        <ele>0.000</ele>
      </trkpt>
      <trkpt lat="50.511430000" lon="18.284860000">
        <ele>0.000</ele>
      </trkpt>
      <trkpt lat="50.511280000" lon="18.284800000">
        <ele>0.000</ele>
      </trkpt>
      <trkpt lat="50.511120000" lon="18.284720000">
        <ele>0.000</ele>
      </trkpt>
      <trkpt lat="50.510820000" lon="18.285780000">
        <ele>0.000</ele>
      </trkpt>
      <trkpt lat="50.510430000" lon="18.287040000">
        <ele>0.000</ele>
      </trkpt>
      <trkpt lat="50.510370000" lon="18.287170000">
        <ele>0.000</ele>
      </trkpt>
      <trkpt lat="50.509450000" lon="18.290280000">
        <ele>0.000</ele>
      </trkpt>
      <trkpt lat="50.509340000" lon="18.290570000">
        <ele>0.000</ele>
      </trkpt>
      <trkpt lat="50.509190000" lon="18.291090000">
        <ele>0.000</ele>
      </trkpt>
      <trkpt lat="50.508770000" lon="18.292460000">
        <ele>0.000</ele>
      </trkpt>
      <trkpt lat="50.508750000" lon="18.292500000">
        <ele>0.000</ele>
      </trkpt>
      <trkpt lat="50.508770000" lon="18.292590000">
        <ele>0.000</ele>
      </trkpt>
      <trkpt lat="50.508390000" lon="18.293890000">
        <ele>0.000</ele>
      </trkpt>
      <trkpt lat="50.508830000" lon="18.294080000">
        <ele>0.000</ele>
      </trkpt>
      <trkpt lat="50.508560000" lon="18.295850000">
        <ele>0.000</ele>
      </trkpt>
      <trkpt lat="50.508720000" lon="18.296310000">
        <ele>0.000</ele>
      </trkpt>
      <trkpt lat="50.509240000" lon="18.298290000">
        <ele>0.000</ele>
      </trkpt>
      <trkpt lat="50.509250000" lon="18.298470000">
        <ele>0.000</ele>
      </trkpt>
      <trkpt lat="50.509460000" lon="18.298840000">
        <ele>0.000</ele>
      </trkpt>
      <trkpt lat="50.509780000" lon="18.298980000">
        <ele>0.000</ele>
      </trkpt>
      <trkpt lat="50.509900000" lon="18.298950000">
        <ele>0.000</ele>
      </trkpt>
      <trkpt lat="50.510040000" lon="18.298900000">
        <ele>0.000</ele>
      </trkpt>
      <trkpt lat="50.510170000" lon="18.298900000">
        <ele>0.000</ele>
      </trkpt>
      <trkpt lat="50.510170000" lon="18.298990000">
        <ele>0.000</ele>
      </trkpt>
      <trkpt lat="50.510200000" lon="18.299180000">
        <ele>0.000</ele>
      </trkpt>
      <trkpt lat="50.510200000" lon="18.299260000">
        <ele>0.000</ele>
      </trkpt>
      <trkpt lat="50.510180000" lon="18.299370000">
        <ele>0.000</ele>
      </trkpt>
      <trkpt lat="50.510140000" lon="18.299470000">
        <ele>0.000</ele>
      </trkpt>
      <trkpt lat="50.509940000" lon="18.299900000">
        <ele>0.000</ele>
      </trkpt>
      <trkpt lat="50.509910000" lon="18.300020000">
        <ele>0.000</ele>
      </trkpt>
      <trkpt lat="50.509930000" lon="18.300090000">
        <ele>0.000</ele>
      </trkpt>
      <trkpt lat="50.509980000" lon="18.300180000">
        <ele>0.000</ele>
      </trkpt>
      <trkpt lat="50.510060000" lon="18.300250000">
        <ele>0.000</ele>
      </trkpt>
      <trkpt lat="50.510080000" lon="18.300290000">
        <ele>0.000</ele>
      </trkpt>
      <trkpt lat="50.510520000" lon="18.300890000">
        <ele>0.000</ele>
      </trkpt>
      <trkpt lat="50.510580000" lon="18.300730000">
        <ele>0.000</ele>
      </trkpt>
      <trkpt lat="50.510640000" lon="18.300780000">
        <ele>0.000</ele>
      </trkpt>
      <trkpt lat="50.510670000" lon="18.300750000">
        <ele>0.000</ele>
      </trkpt>
      <trkpt lat="50.510820000" lon="18.300430000">
        <ele>0.000</ele>
      </trkpt>
      <trkpt lat="50.510840000" lon="18.300430000">
        <ele>0.000</ele>
      </trkpt>
      <trkpt lat="50.510860000" lon="18.300400000">
        <ele>0.000</ele>
      </trkpt>
      <trkpt lat="50.510860000" lon="18.300400000">
        <ele>0.000</ele>
      </trkpt>
      <trkpt lat="50.510840000" lon="18.300430000">
        <ele>0.000</ele>
      </trkpt>
      <trkpt lat="50.510820000" lon="18.300430000">
        <ele>0.000</ele>
      </trkpt>
      <trkpt lat="50.510670000" lon="18.300750000">
        <ele>0.000</ele>
      </trkpt>
      <trkpt lat="50.510640000" lon="18.300780000">
        <ele>0.000</ele>
      </trkpt>
      <trkpt lat="50.510580000" lon="18.300730000">
        <ele>0.000</ele>
      </trkpt>
      <trkpt lat="50.510520000" lon="18.300890000">
        <ele>0.000</ele>
      </trkpt>
      <trkpt lat="50.510370000" lon="18.300690000">
        <ele>0.000</ele>
      </trkpt>
      <trkpt lat="50.510040000" lon="18.301250000">
        <ele>0.000</ele>
      </trkpt>
      <trkpt lat="50.510210000" lon="18.301700000">
        <ele>0.000</ele>
      </trkpt>
      <trkpt lat="50.509580000" lon="18.303370000">
        <ele>0.000</ele>
      </trkpt>
      <trkpt lat="50.509480000" lon="18.303670000">
        <ele>0.000</ele>
      </trkpt>
      <trkpt lat="50.509370000" lon="18.304110000">
        <ele>0.000</ele>
      </trkpt>
      <trkpt lat="50.508580000" lon="18.303710000">
        <ele>0.000</ele>
      </trkpt>
      <trkpt lat="50.508190000" lon="18.305130000">
        <ele>0.000</ele>
      </trkpt>
      <trkpt lat="50.507620000" lon="18.307020000">
        <ele>0.000</ele>
      </trkpt>
      <trkpt lat="50.507600000" lon="18.307130000">
        <ele>0.000</ele>
      </trkpt>
      <trkpt lat="50.507600000" lon="18.307250000">
        <ele>0.000</ele>
      </trkpt>
      <trkpt lat="50.507540000" lon="18.307230000">
        <ele>0.000</ele>
      </trkpt>
      <trkpt lat="50.507490000" lon="18.307150000">
        <ele>0.000</ele>
      </trkpt>
      <trkpt lat="50.506990000" lon="18.306780000">
        <ele>0.000</ele>
      </trkpt>
      <trkpt lat="50.506960000" lon="18.306810000">
        <ele>0.000</ele>
      </trkpt>
      <trkpt lat="50.506870000" lon="18.306730000">
        <ele>0.000</ele>
      </trkpt>
      <trkpt lat="50.506760000" lon="18.306570000">
        <ele>0.000</ele>
      </trkpt>
      <trkpt lat="50.506650000" lon="18.306680000">
        <ele>0.000</ele>
      </trkpt>
      <trkpt lat="50.506250000" lon="18.306650000">
        <ele>0.000</ele>
      </trkpt>
      <trkpt lat="50.506050000" lon="18.306600000">
        <ele>0.000</ele>
      </trkpt>
      <trkpt lat="50.505980000" lon="18.306540000">
        <ele>0.000</ele>
      </trkpt>
      <trkpt lat="50.505960000" lon="18.306490000">
        <ele>0.000</ele>
      </trkpt>
      <trkpt lat="50.505940000" lon="18.306360000">
        <ele>0.000</ele>
      </trkpt>
      <trkpt lat="50.505930000" lon="18.306300000">
        <ele>0.000</ele>
      </trkpt>
      <trkpt lat="50.505860000" lon="18.306270000">
        <ele>0.000</ele>
      </trkpt>
      <trkpt lat="50.505650000" lon="18.306190000">
        <ele>0.000</ele>
      </trkpt>
      <trkpt lat="50.505490000" lon="18.306260000">
        <ele>0.000</ele>
      </trkpt>
      <trkpt lat="50.505130000" lon="18.306470000">
        <ele>0.000</ele>
      </trkpt>
      <trkpt lat="50.504880000" lon="18.306550000">
        <ele>0.000</ele>
      </trkpt>
      <trkpt lat="50.504790000" lon="18.306650000">
        <ele>0.000</ele>
      </trkpt>
      <trkpt lat="50.504700000" lon="18.306730000">
        <ele>0.000</ele>
      </trkpt>
      <trkpt lat="50.504560000" lon="18.306810000">
        <ele>0.000</ele>
      </trkpt>
      <trkpt lat="50.504410000" lon="18.306830000">
        <ele>0.000</ele>
      </trkpt>
      <trkpt lat="50.504350000" lon="18.306830000">
        <ele>0.000</ele>
      </trkpt>
      <trkpt lat="50.503880000" lon="18.306770000">
        <ele>0.000</ele>
      </trkpt>
      <trkpt lat="50.503650000" lon="18.306710000">
        <ele>0.000</ele>
      </trkpt>
      <trkpt lat="50.503440000" lon="18.306640000">
        <ele>0.000</ele>
      </trkpt>
      <trkpt lat="50.503050000" lon="18.306430000">
        <ele>0.000</ele>
      </trkpt>
      <trkpt lat="50.502520000" lon="18.306060000">
        <ele>0.000</ele>
      </trkpt>
      <trkpt lat="50.502260000" lon="18.305910000">
        <ele>0.000</ele>
      </trkpt>
      <trkpt lat="50.502020000" lon="18.305870000">
        <ele>0.000</ele>
      </trkpt>
      <trkpt lat="50.501890000" lon="18.305860000">
        <ele>0.000</ele>
      </trkpt>
      <trkpt lat="50.501090000" lon="18.305790000">
        <ele>0.000</ele>
      </trkpt>
      <trkpt lat="50.500290000" lon="18.305620000">
        <ele>0.000</ele>
      </trkpt>
      <trkpt lat="50.499700000" lon="18.305480000">
        <ele>0.000</ele>
      </trkpt>
      <trkpt lat="50.499010000" lon="18.305250000">
        <ele>0.000</ele>
      </trkpt>
      <trkpt lat="50.498810000" lon="18.305170000">
        <ele>0.000</ele>
      </trkpt>
      <trkpt lat="50.498340000" lon="18.304930000">
        <ele>0.000</ele>
      </trkpt>
      <trkpt lat="50.497940000" lon="18.304620000">
        <ele>0.000</ele>
      </trkpt>
      <trkpt lat="50.497410000" lon="18.304090000">
        <ele>0.000</ele>
      </trkpt>
      <trkpt lat="50.497060000" lon="18.303610000">
        <ele>0.000</ele>
      </trkpt>
      <trkpt lat="50.496530000" lon="18.302950000">
        <ele>0.000</ele>
      </trkpt>
      <trkpt lat="50.496270000" lon="18.302640000">
        <ele>0.000</ele>
      </trkpt>
      <trkpt lat="50.496230000" lon="18.302570000">
        <ele>0.000</ele>
      </trkpt>
      <trkpt lat="50.495810000" lon="18.302320000">
        <ele>0.000</ele>
      </trkpt>
      <trkpt lat="50.495420000" lon="18.302160000">
        <ele>0.000</ele>
      </trkpt>
      <trkpt lat="50.495130000" lon="18.302030000">
        <ele>0.000</ele>
      </trkpt>
      <trkpt lat="50.494200000" lon="18.301730000">
        <ele>0.000</ele>
      </trkpt>
      <trkpt lat="50.493600000" lon="18.301440000">
        <ele>0.000</ele>
      </trkpt>
      <trkpt lat="50.493180000" lon="18.301190000">
        <ele>0.000</ele>
      </trkpt>
      <trkpt lat="50.493010000" lon="18.301050000">
        <ele>0.000</ele>
      </trkpt>
      <trkpt lat="50.492830000" lon="18.300860000">
        <ele>0.000</ele>
      </trkpt>
      <trkpt lat="50.492710000" lon="18.300790000">
        <ele>0.000</ele>
      </trkpt>
      <trkpt lat="50.492220000" lon="18.300570000">
        <ele>0.000</ele>
      </trkpt>
      <trkpt lat="50.491990000" lon="18.300530000">
        <ele>0.000</ele>
      </trkpt>
      <trkpt lat="50.491790000" lon="18.300510000">
        <ele>0.000</ele>
      </trkpt>
      <trkpt lat="50.491530000" lon="18.300430000">
        <ele>0.000</ele>
      </trkpt>
      <trkpt lat="50.490710000" lon="18.300060000">
        <ele>0.000</ele>
      </trkpt>
      <trkpt lat="50.490300000" lon="18.299840000">
        <ele>0.000</ele>
      </trkpt>
      <trkpt lat="50.489910000" lon="18.299700000">
        <ele>0.000</ele>
      </trkpt>
      <trkpt lat="50.489270000" lon="18.299350000">
        <ele>0.000</ele>
      </trkpt>
      <trkpt lat="50.488350000" lon="18.298790000">
        <ele>0.000</ele>
      </trkpt>
      <trkpt lat="50.487780000" lon="18.298490000">
        <ele>0.000</ele>
      </trkpt>
      <trkpt lat="50.487650000" lon="18.298450000">
        <ele>0.000</ele>
      </trkpt>
      <trkpt lat="50.487530000" lon="18.298430000">
        <ele>0.000</ele>
      </trkpt>
      <trkpt lat="50.487020000" lon="18.298460000">
        <ele>0.000</ele>
      </trkpt>
      <trkpt lat="50.486810000" lon="18.298430000">
        <ele>0.000</ele>
      </trkpt>
      <trkpt lat="50.486680000" lon="18.298360000">
        <ele>0.000</ele>
      </trkpt>
      <trkpt lat="50.486530000" lon="18.298240000">
        <ele>0.000</ele>
      </trkpt>
      <trkpt lat="50.486300000" lon="18.297990000">
        <ele>0.000</ele>
      </trkpt>
      <trkpt lat="50.486030000" lon="18.297760000">
        <ele>0.000</ele>
      </trkpt>
      <trkpt lat="50.485950000" lon="18.297700000">
        <ele>0.000</ele>
      </trkpt>
      <trkpt lat="50.484790000" lon="18.297090000">
        <ele>0.000</ele>
      </trkpt>
      <trkpt lat="50.484390000" lon="18.296920000">
        <ele>0.000</ele>
      </trkpt>
      <trkpt lat="50.483490000" lon="18.296690000">
        <ele>0.000</ele>
      </trkpt>
      <trkpt lat="50.482540000" lon="18.296380000">
        <ele>0.000</ele>
      </trkpt>
      <trkpt lat="50.479870000" lon="18.295310000">
        <ele>0.000</ele>
      </trkpt>
      <trkpt lat="50.479460000" lon="18.295060000">
        <ele>0.000</ele>
      </trkpt>
      <trkpt lat="50.479210000" lon="18.294800000">
        <ele>0.000</ele>
      </trkpt>
      <trkpt lat="50.478990000" lon="18.294620000">
        <ele>0.000</ele>
      </trkpt>
      <trkpt lat="50.478850000" lon="18.294520000">
        <ele>0.000</ele>
      </trkpt>
      <trkpt lat="50.478220000" lon="18.294190000">
        <ele>0.000</ele>
      </trkpt>
      <trkpt lat="50.477670000" lon="18.293870000">
        <ele>0.000</ele>
      </trkpt>
      <trkpt lat="50.477280000" lon="18.293630000">
        <ele>0.000</ele>
      </trkpt>
      <trkpt lat="50.476890000" lon="18.293360000">
        <ele>0.000</ele>
      </trkpt>
      <trkpt lat="50.476240000" lon="18.292910000">
        <ele>0.000</ele>
      </trkpt>
      <trkpt lat="50.475710000" lon="18.292510000">
        <ele>0.000</ele>
      </trkpt>
      <trkpt lat="50.475580000" lon="18.292440000">
        <ele>0.000</ele>
      </trkpt>
      <trkpt lat="50.475500000" lon="18.292430000">
        <ele>0.000</ele>
      </trkpt>
      <trkpt lat="50.475440000" lon="18.291950000">
        <ele>0.000</ele>
      </trkpt>
      <trkpt lat="50.475440000" lon="18.291770000">
        <ele>0.000</ele>
      </trkpt>
      <trkpt lat="50.475450000" lon="18.291210000">
        <ele>0.000</ele>
      </trkpt>
      <trkpt lat="50.475450000" lon="18.290780000">
        <ele>0.000</ele>
      </trkpt>
      <trkpt lat="50.475410000" lon="18.290330000">
        <ele>0.000</ele>
      </trkpt>
      <trkpt lat="50.475360000" lon="18.289960000">
        <ele>0.000</ele>
      </trkpt>
      <trkpt lat="50.475310000" lon="18.289680000">
        <ele>0.000</ele>
      </trkpt>
      <trkpt lat="50.475240000" lon="18.289260000">
        <ele>0.000</ele>
      </trkpt>
      <trkpt lat="50.475130000" lon="18.288780000">
        <ele>0.000</ele>
      </trkpt>
      <trkpt lat="50.474980000" lon="18.288250000">
        <ele>0.000</ele>
      </trkpt>
      <trkpt lat="50.474880000" lon="18.287930000">
        <ele>0.000</ele>
      </trkpt>
      <trkpt lat="50.474860000" lon="18.287790000">
        <ele>0.000</ele>
      </trkpt>
      <trkpt lat="50.474810000" lon="18.287660000">
        <ele>0.000</ele>
      </trkpt>
      <trkpt lat="50.474450000" lon="18.287200000">
        <ele>0.000</ele>
      </trkpt>
      <trkpt lat="50.473900000" lon="18.286570000">
        <ele>0.000</ele>
      </trkpt>
      <trkpt lat="50.473440000" lon="18.286090000">
        <ele>0.000</ele>
      </trkpt>
      <trkpt lat="50.472270000" lon="18.285010000">
        <ele>0.000</ele>
      </trkpt>
      <trkpt lat="50.471300000" lon="18.284180000">
        <ele>0.000</ele>
      </trkpt>
      <trkpt lat="50.469520000" lon="18.282800000">
        <ele>0.000</ele>
      </trkpt>
      <trkpt lat="50.469420000" lon="18.282690000">
        <ele>0.000</ele>
      </trkpt>
      <trkpt lat="50.469330000" lon="18.282520000">
        <ele>0.000</ele>
      </trkpt>
      <trkpt lat="50.469280000" lon="18.282350000">
        <ele>0.000</ele>
      </trkpt>
      <trkpt lat="50.469210000" lon="18.281780000">
        <ele>0.000</ele>
      </trkpt>
      <trkpt lat="50.468960000" lon="18.281620000">
        <ele>0.000</ele>
      </trkpt>
      <trkpt lat="50.468040000" lon="18.281070000">
        <ele>0.000</ele>
      </trkpt>
      <trkpt lat="50.467230000" lon="18.280540000">
        <ele>0.000</ele>
      </trkpt>
      <trkpt lat="50.467430000" lon="18.279330000">
        <ele>0.000</ele>
      </trkpt>
      <trkpt lat="50.467120000" lon="18.279210000">
        <ele>0.000</ele>
      </trkpt>
      <trkpt lat="50.466550000" lon="18.278940000">
        <ele>0.000</ele>
      </trkpt>
      <trkpt lat="50.464790000" lon="18.278140000">
        <ele>0.000</ele>
      </trkpt>
      <trkpt lat="50.464400000" lon="18.278000000">
        <ele>0.000</ele>
      </trkpt>
      <trkpt lat="50.464270000" lon="18.278020000">
        <ele>0.000</ele>
      </trkpt>
      <trkpt lat="50.463700000" lon="18.278230000">
        <ele>0.000</ele>
      </trkpt>
      <trkpt lat="50.463260000" lon="18.278370000">
        <ele>0.000</ele>
      </trkpt>
      <trkpt lat="50.462530000" lon="18.278630000">
        <ele>0.000</ele>
      </trkpt>
      <trkpt lat="50.461950000" lon="18.278810000">
        <ele>0.000</ele>
      </trkpt>
      <trkpt lat="50.461550000" lon="18.278960000">
        <ele>0.000</ele>
      </trkpt>
      <trkpt lat="50.461270000" lon="18.279080000">
        <ele>0.000</ele>
      </trkpt>
      <trkpt lat="50.461100000" lon="18.279270000">
        <ele>0.000</ele>
      </trkpt>
      <trkpt lat="50.460970000" lon="18.279530000">
        <ele>0.000</ele>
      </trkpt>
      <trkpt lat="50.460910000" lon="18.279760000">
        <ele>0.000</ele>
      </trkpt>
      <trkpt lat="50.460580000" lon="18.281510000">
        <ele>0.000</ele>
      </trkpt>
      <trkpt lat="50.460310000" lon="18.283030000">
        <ele>0.000</ele>
      </trkpt>
      <trkpt lat="50.460240000" lon="18.283420000">
        <ele>0.000</ele>
      </trkpt>
      <trkpt lat="50.458020000" lon="18.282520000">
        <ele>0.000</ele>
      </trkpt>
      <trkpt lat="50.455050000" lon="18.281350000">
        <ele>0.000</ele>
      </trkpt>
      <trkpt lat="50.454980000" lon="18.281290000">
        <ele>0.000</ele>
      </trkpt>
      <trkpt lat="50.454910000" lon="18.281250000">
        <ele>0.000</ele>
      </trkpt>
      <trkpt lat="50.453810000" lon="18.281090000">
        <ele>0.000</ele>
      </trkpt>
      <trkpt lat="50.453630000" lon="18.281080000">
        <ele>0.000</ele>
      </trkpt>
      <trkpt lat="50.453680000" lon="18.281860000">
        <ele>0.000</ele>
      </trkpt>
      <trkpt lat="50.453680000" lon="18.281940000">
        <ele>0.000</ele>
      </trkpt>
      <trkpt lat="50.453670000" lon="18.282060000">
        <ele>0.000</ele>
      </trkpt>
      <trkpt lat="50.453630000" lon="18.282250000">
        <ele>0.000</ele>
      </trkpt>
      <trkpt lat="50.453580000" lon="18.282370000">
        <ele>0.000</ele>
      </trkpt>
      <trkpt lat="50.453500000" lon="18.282480000">
        <ele>0.000</ele>
      </trkpt>
      <trkpt lat="50.453400000" lon="18.282550000">
        <ele>0.000</ele>
      </trkpt>
      <trkpt lat="50.452410000" lon="18.282860000">
        <ele>0.000</ele>
      </trkpt>
      <trkpt lat="50.451240000" lon="18.283170000">
        <ele>0.000</ele>
      </trkpt>
      <trkpt lat="50.449460000" lon="18.283570000">
        <ele>0.000</ele>
      </trkpt>
      <trkpt lat="50.447630000" lon="18.284030000">
        <ele>0.000</ele>
      </trkpt>
      <trkpt lat="50.446530000" lon="18.284280000">
        <ele>0.000</ele>
      </trkpt>
      <trkpt lat="50.444160000" lon="18.284860000">
        <ele>0.000</ele>
      </trkpt>
      <trkpt lat="50.443600000" lon="18.285090000">
        <ele>0.000</ele>
      </trkpt>
      <trkpt lat="50.443210000" lon="18.285340000">
        <ele>0.000</ele>
      </trkpt>
      <trkpt lat="50.442920000" lon="18.285590000">
        <ele>0.000</ele>
      </trkpt>
      <trkpt lat="50.442760000" lon="18.285760000">
        <ele>0.000</ele>
      </trkpt>
      <trkpt lat="50.442670000" lon="18.285660000">
        <ele>0.000</ele>
      </trkpt>
      <trkpt lat="50.442580000" lon="18.285600000">
        <ele>0.000</ele>
      </trkpt>
      <trkpt lat="50.442510000" lon="18.285560000">
        <ele>0.000</ele>
      </trkpt>
      <trkpt lat="50.441460000" lon="18.285270000">
        <ele>0.000</ele>
      </trkpt>
      <trkpt lat="50.441270000" lon="18.285190000">
        <ele>0.000</ele>
      </trkpt>
      <trkpt lat="50.441130000" lon="18.285120000">
        <ele>0.000</ele>
      </trkpt>
      <trkpt lat="50.440840000" lon="18.284940000">
        <ele>0.000</ele>
      </trkpt>
      <trkpt lat="50.440620000" lon="18.284770000">
        <ele>0.000</ele>
      </trkpt>
      <trkpt lat="50.440440000" lon="18.284650000">
        <ele>0.000</ele>
      </trkpt>
      <trkpt lat="50.439890000" lon="18.284360000">
        <ele>0.000</ele>
      </trkpt>
      <trkpt lat="50.439660000" lon="18.284230000">
        <ele>0.000</ele>
      </trkpt>
      <trkpt lat="50.439230000" lon="18.283940000">
        <ele>0.000</ele>
      </trkpt>
      <trkpt lat="50.439110000" lon="18.283870000">
        <ele>0.000</ele>
      </trkpt>
      <trkpt lat="50.438790000" lon="18.283750000">
        <ele>0.000</ele>
      </trkpt>
      <trkpt lat="50.438290000" lon="18.283620000">
        <ele>0.000</ele>
      </trkpt>
      <trkpt lat="50.437660000" lon="18.283510000">
        <ele>0.000</ele>
      </trkpt>
      <trkpt lat="50.437440000" lon="18.283440000">
        <ele>0.000</ele>
      </trkpt>
      <trkpt lat="50.437240000" lon="18.283330000">
        <ele>0.000</ele>
      </trkpt>
      <trkpt lat="50.437090000" lon="18.283200000">
        <ele>0.000</ele>
      </trkpt>
      <trkpt lat="50.436770000" lon="18.282770000">
        <ele>0.000</ele>
      </trkpt>
      <trkpt lat="50.436630000" lon="18.282630000">
        <ele>0.000</ele>
      </trkpt>
      <trkpt lat="50.436320000" lon="18.282400000">
        <ele>0.000</ele>
      </trkpt>
      <trkpt lat="50.436040000" lon="18.282290000">
        <ele>0.000</ele>
      </trkpt>
      <trkpt lat="50.435880000" lon="18.282170000">
        <ele>0.000</ele>
      </trkpt>
      <trkpt lat="50.435840000" lon="18.282120000">
        <ele>0.000</ele>
      </trkpt>
      <trkpt lat="50.435790000" lon="18.282050000">
        <ele>0.000</ele>
      </trkpt>
      <trkpt lat="50.435770000" lon="18.281980000">
        <ele>0.000</ele>
      </trkpt>
      <trkpt lat="50.435770000" lon="18.281750000">
        <ele>0.000</ele>
      </trkpt>
      <trkpt lat="50.435800000" lon="18.281330000">
        <ele>0.000</ele>
      </trkpt>
      <trkpt lat="50.435850000" lon="18.280910000">
        <ele>0.000</ele>
      </trkpt>
      <trkpt lat="50.435900000" lon="18.280660000">
        <ele>0.000</ele>
      </trkpt>
      <trkpt lat="50.436000000" lon="18.280430000">
        <ele>0.000</ele>
      </trkpt>
      <trkpt lat="50.436020000" lon="18.280320000">
        <ele>0.000</ele>
      </trkpt>
      <trkpt lat="50.436030000" lon="18.280190000">
        <ele>0.000</ele>
      </trkpt>
      <trkpt lat="50.436010000" lon="18.280060000">
        <ele>0.000</ele>
      </trkpt>
      <trkpt lat="50.435950000" lon="18.279950000">
        <ele>0.000</ele>
      </trkpt>
      <trkpt lat="50.435740000" lon="18.279630000">
        <ele>0.000</ele>
      </trkpt>
      <trkpt lat="50.435580000" lon="18.279540000">
        <ele>0.000</ele>
      </trkpt>
      <trkpt lat="50.435490000" lon="18.279380000">
        <ele>0.000</ele>
      </trkpt>
      <trkpt lat="50.435620000" lon="18.278320000">
        <ele>0.000</ele>
      </trkpt>
      <trkpt lat="50.435770000" lon="18.277360000">
        <ele>0.000</ele>
      </trkpt>
      <trkpt lat="50.435880000" lon="18.276520000">
        <ele>0.000</ele>
      </trkpt>
      <trkpt lat="50.435920000" lon="18.276040000">
        <ele>0.000</ele>
      </trkpt>
      <trkpt lat="50.435950000" lon="18.275120000">
        <ele>0.000</ele>
      </trkpt>
      <trkpt lat="50.435990000" lon="18.274470000">
        <ele>0.000</ele>
      </trkpt>
      <trkpt lat="50.436120000" lon="18.273390000">
        <ele>0.000</ele>
      </trkpt>
      <trkpt lat="50.436270000" lon="18.272100000">
        <ele>0.000</ele>
      </trkpt>
      <trkpt lat="50.436370000" lon="18.271480000">
        <ele>0.000</ele>
      </trkpt>
      <trkpt lat="50.436560000" lon="18.270540000">
        <ele>0.000</ele>
      </trkpt>
      <trkpt lat="50.436590000" lon="18.270290000">
        <ele>0.000</ele>
      </trkpt>
      <trkpt lat="50.436460000" lon="18.270320000">
        <ele>0.000</ele>
      </trkpt>
      <trkpt lat="50.436260000" lon="18.270340000">
        <ele>0.000</ele>
      </trkpt>
      <trkpt lat="50.436120000" lon="18.270340000">
        <ele>0.000</ele>
      </trkpt>
      <trkpt lat="50.435790000" lon="18.270260000">
        <ele>0.000</ele>
      </trkpt>
      <trkpt lat="50.435630000" lon="18.270170000">
        <ele>0.000</ele>
      </trkpt>
      <trkpt lat="50.435320000" lon="18.269950000">
        <ele>0.000</ele>
      </trkpt>
      <trkpt lat="50.434260000" lon="18.269050000">
        <ele>0.000</ele>
      </trkpt>
      <trkpt lat="50.433520000" lon="18.268390000">
        <ele>0.000</ele>
      </trkpt>
      <trkpt lat="50.432820000" lon="18.267800000">
        <ele>0.000</ele>
      </trkpt>
      <trkpt lat="50.432580000" lon="18.267630000">
        <ele>0.000</ele>
      </trkpt>
      <trkpt lat="50.432240000" lon="18.267470000">
        <ele>0.000</ele>
      </trkpt>
      <trkpt lat="50.431860000" lon="18.267410000">
        <ele>0.000</ele>
      </trkpt>
      <trkpt lat="50.427590000" lon="18.267570000">
        <ele>0.000</ele>
      </trkpt>
      <trkpt lat="50.427590000" lon="18.267460000">
        <ele>0.000</ele>
      </trkpt>
      <trkpt lat="50.427480000" lon="18.267410000">
        <ele>0.000</ele>
      </trkpt>
      <trkpt lat="50.424080000" lon="18.267550000">
        <ele>0.000</ele>
      </trkpt>
      <trkpt lat="50.423550000" lon="18.267590000">
        <ele>0.000</ele>
      </trkpt>
      <trkpt lat="50.423060000" lon="18.267650000">
        <ele>0.000</ele>
      </trkpt>
      <trkpt lat="50.422780000" lon="18.267710000">
        <ele>0.000</ele>
      </trkpt>
      <trkpt lat="50.422520000" lon="18.267810000">
        <ele>0.000</ele>
      </trkpt>
      <trkpt lat="50.422150000" lon="18.268010000">
        <ele>0.000</ele>
      </trkpt>
      <trkpt lat="50.422040000" lon="18.268050000">
        <ele>0.000</ele>
      </trkpt>
      <trkpt lat="50.421960000" lon="18.268010000">
        <ele>0.000</ele>
      </trkpt>
      <trkpt lat="50.419710000" lon="18.265720000">
        <ele>0.000</ele>
      </trkpt>
      <trkpt lat="50.418590000" lon="18.264770000">
        <ele>0.000</ele>
      </trkpt>
      <trkpt lat="50.418430000" lon="18.264580000">
        <ele>0.000</ele>
      </trkpt>
      <trkpt lat="50.418250000" lon="18.264340000">
        <ele>0.000</ele>
      </trkpt>
      <trkpt lat="50.418030000" lon="18.263990000">
        <ele>0.000</ele>
      </trkpt>
      <trkpt lat="50.417990000" lon="18.263890000">
        <ele>0.000</ele>
      </trkpt>
      <trkpt lat="50.417960000" lon="18.263860000">
        <ele>0.000</ele>
      </trkpt>
      <trkpt lat="50.417130000" lon="18.263320000">
        <ele>0.000</ele>
      </trkpt>
      <trkpt lat="50.416860000" lon="18.263170000">
        <ele>0.000</ele>
      </trkpt>
      <trkpt lat="50.416560000" lon="18.263060000">
        <ele>0.000</ele>
      </trkpt>
      <trkpt lat="50.416230000" lon="18.262990000">
        <ele>0.000</ele>
      </trkpt>
      <trkpt lat="50.414670000" lon="18.262600000">
        <ele>0.000</ele>
      </trkpt>
      <trkpt lat="50.413570000" lon="18.262370000">
        <ele>0.000</ele>
      </trkpt>
      <trkpt lat="50.412570000" lon="18.262190000">
        <ele>0.000</ele>
      </trkpt>
      <trkpt lat="50.412510000" lon="18.262260000">
        <ele>0.000</ele>
      </trkpt>
      <trkpt lat="50.412410000" lon="18.262240000">
        <ele>0.000</ele>
      </trkpt>
      <trkpt lat="50.412120000" lon="18.262250000">
        <ele>0.000</ele>
      </trkpt>
      <trkpt lat="50.411010000" lon="18.262400000">
        <ele>0.000</ele>
      </trkpt>
      <trkpt lat="50.411020000" lon="18.262480000">
        <ele>0.000</ele>
      </trkpt>
      <trkpt lat="50.410920000" lon="18.262500000">
        <ele>0.000</ele>
      </trkpt>
      <trkpt lat="50.410530000" lon="18.262490000">
        <ele>0.000</ele>
      </trkpt>
      <trkpt lat="50.407150000" lon="18.262250000">
        <ele>0.000</ele>
      </trkpt>
      <trkpt lat="50.405200000" lon="18.262160000">
        <ele>0.000</ele>
      </trkpt>
      <trkpt lat="50.404100000" lon="18.262050000">
        <ele>0.000</ele>
      </trkpt>
      <trkpt lat="50.401700000" lon="18.261780000">
        <ele>0.000</ele>
      </trkpt>
      <trkpt lat="50.400590000" lon="18.261610000">
        <ele>0.000</ele>
      </trkpt>
      <trkpt lat="50.399320000" lon="18.261400000">
        <ele>0.000</ele>
      </trkpt>
      <trkpt lat="50.399220000" lon="18.261400000">
        <ele>0.000</ele>
      </trkpt>
      <trkpt lat="50.397930000" lon="18.261790000">
        <ele>0.000</ele>
      </trkpt>
      <trkpt lat="50.397580000" lon="18.261850000">
        <ele>0.000</ele>
      </trkpt>
      <trkpt lat="50.397170000" lon="18.261830000">
        <ele>0.000</ele>
      </trkpt>
      <trkpt lat="50.396780000" lon="18.261710000">
        <ele>0.000</ele>
      </trkpt>
      <trkpt lat="50.396390000" lon="18.261500000">
        <ele>0.000</ele>
      </trkpt>
      <trkpt lat="50.394150000" lon="18.259790000">
        <ele>0.000</ele>
      </trkpt>
      <trkpt lat="50.392290000" lon="18.258410000">
        <ele>0.000</ele>
      </trkpt>
      <trkpt lat="50.388900000" lon="18.255860000">
        <ele>0.000</ele>
      </trkpt>
      <trkpt lat="50.388560000" lon="18.255520000">
        <ele>0.000</ele>
      </trkpt>
      <trkpt lat="50.388410000" lon="18.255330000">
        <ele>0.000</ele>
      </trkpt>
      <trkpt lat="50.388260000" lon="18.255120000">
        <ele>0.000</ele>
      </trkpt>
      <trkpt lat="50.385450000" lon="18.250660000">
        <ele>0.000</ele>
      </trkpt>
      <trkpt lat="50.384070000" lon="18.248500000">
        <ele>0.000</ele>
      </trkpt>
      <trkpt lat="50.381400000" lon="18.244220000">
        <ele>0.000</ele>
      </trkpt>
      <trkpt lat="50.381420000" lon="18.244170000">
        <ele>0.000</ele>
      </trkpt>
      <trkpt lat="50.381300000" lon="18.244040000">
        <ele>0.000</ele>
      </trkpt>
      <trkpt lat="50.381180000" lon="18.243950000">
        <ele>0.000</ele>
      </trkpt>
      <trkpt lat="50.379840000" lon="18.243230000">
        <ele>0.000</ele>
      </trkpt>
      <trkpt lat="50.379370000" lon="18.243000000">
        <ele>0.000</ele>
      </trkpt>
      <trkpt lat="50.379010000" lon="18.242820000">
        <ele>0.000</ele>
      </trkpt>
      <trkpt lat="50.376180000" lon="18.241290000">
        <ele>0.000</ele>
      </trkpt>
      <trkpt lat="50.376020000" lon="18.241160000">
        <ele>0.000</ele>
      </trkpt>
      <trkpt lat="50.375940000" lon="18.241070000">
        <ele>0.000</ele>
      </trkpt>
      <trkpt lat="50.375880000" lon="18.241000000">
        <ele>0.000</ele>
      </trkpt>
      <trkpt lat="50.375820000" lon="18.240890000">
        <ele>0.000</ele>
      </trkpt>
      <trkpt lat="50.375100000" lon="18.239220000">
        <ele>0.000</ele>
      </trkpt>
      <trkpt lat="50.371660000" lon="18.237630000">
        <ele>0.000</ele>
      </trkpt>
      <trkpt lat="50.371040000" lon="18.237390000">
        <ele>0.000</ele>
      </trkpt>
      <trkpt lat="50.370170000" lon="18.236980000">
        <ele>0.000</ele>
      </trkpt>
      <trkpt lat="50.369990000" lon="18.236950000">
        <ele>0.000</ele>
      </trkpt>
      <trkpt lat="50.369370000" lon="18.237150000">
        <ele>0.000</ele>
      </trkpt>
      <trkpt lat="50.369130000" lon="18.237200000">
        <ele>0.000</ele>
      </trkpt>
      <trkpt lat="50.368740000" lon="18.237180000">
        <ele>0.000</ele>
      </trkpt>
      <trkpt lat="50.368590000" lon="18.237140000">
        <ele>0.000</ele>
      </trkpt>
      <trkpt lat="50.368270000" lon="18.237110000">
        <ele>0.000</ele>
      </trkpt>
      <trkpt lat="50.368170000" lon="18.237110000">
        <ele>0.000</ele>
      </trkpt>
      <trkpt lat="50.367970000" lon="18.237140000">
        <ele>0.000</ele>
      </trkpt>
      <trkpt lat="50.367780000" lon="18.237220000">
        <ele>0.000</ele>
      </trkpt>
      <trkpt lat="50.367680000" lon="18.237280000">
        <ele>0.000</ele>
      </trkpt>
      <trkpt lat="50.367530000" lon="18.237400000">
        <ele>0.000</ele>
      </trkpt>
      <trkpt lat="50.367020000" lon="18.237980000">
        <ele>0.000</ele>
      </trkpt>
      <trkpt lat="50.366810000" lon="18.238150000">
        <ele>0.000</ele>
      </trkpt>
      <trkpt lat="50.366650000" lon="18.238250000">
        <ele>0.000</ele>
      </trkpt>
      <trkpt lat="50.366440000" lon="18.238320000">
        <ele>0.000</ele>
      </trkpt>
      <trkpt lat="50.366290000" lon="18.238340000">
        <ele>0.000</ele>
      </trkpt>
      <trkpt lat="50.366160000" lon="18.238340000">
        <ele>0.000</ele>
      </trkpt>
      <trkpt lat="50.366020000" lon="18.238310000">
        <ele>0.000</ele>
      </trkpt>
      <trkpt lat="50.365920000" lon="18.238270000">
        <ele>0.000</ele>
      </trkpt>
      <trkpt lat="50.365550000" lon="18.238100000">
        <ele>0.000</ele>
      </trkpt>
      <trkpt lat="50.365430000" lon="18.238060000">
        <ele>0.000</ele>
      </trkpt>
      <trkpt lat="50.365170000" lon="18.238040000">
        <ele>0.000</ele>
      </trkpt>
      <trkpt lat="50.364960000" lon="18.238050000">
        <ele>0.000</ele>
      </trkpt>
      <trkpt lat="50.364170000" lon="18.238220000">
        <ele>0.000</ele>
      </trkpt>
      <trkpt lat="50.362610000" lon="18.238540000">
        <ele>0.000</ele>
      </trkpt>
      <trkpt lat="50.362250000" lon="18.238580000">
        <ele>0.000</ele>
      </trkpt>
      <trkpt lat="50.361960000" lon="18.238640000">
        <ele>0.000</ele>
      </trkpt>
      <trkpt lat="50.361850000" lon="18.238670000">
        <ele>0.000</ele>
      </trkpt>
      <trkpt lat="50.361750000" lon="18.238710000">
        <ele>0.000</ele>
      </trkpt>
      <trkpt lat="50.361500000" lon="18.238870000">
        <ele>0.000</ele>
      </trkpt>
      <trkpt lat="50.361200000" lon="18.239090000">
        <ele>0.000</ele>
      </trkpt>
      <trkpt lat="50.360780000" lon="18.239360000">
        <ele>0.000</ele>
      </trkpt>
      <trkpt lat="50.360630000" lon="18.239450000">
        <ele>0.000</ele>
      </trkpt>
      <trkpt lat="50.360370000" lon="18.239490000">
        <ele>0.000</ele>
      </trkpt>
      <trkpt lat="50.360220000" lon="18.239460000">
        <ele>0.000</ele>
      </trkpt>
      <trkpt lat="50.360140000" lon="18.239430000">
        <ele>0.000</ele>
      </trkpt>
      <trkpt lat="50.359400000" lon="18.239060000">
        <ele>0.000</ele>
      </trkpt>
      <trkpt lat="50.359060000" lon="18.238260000">
        <ele>0.000</ele>
      </trkpt>
      <trkpt lat="50.358820000" lon="18.237940000">
        <ele>0.000</ele>
      </trkpt>
      <trkpt lat="50.358730000" lon="18.237870000">
        <ele>0.000</ele>
      </trkpt>
      <trkpt lat="50.358670000" lon="18.237830000">
        <ele>0.000</ele>
      </trkpt>
      <trkpt lat="50.358600000" lon="18.237750000">
        <ele>0.000</ele>
      </trkpt>
      <trkpt lat="50.358570000" lon="18.237700000">
        <ele>0.000</ele>
      </trkpt>
      <trkpt lat="50.358430000" lon="18.238170000">
        <ele>0.000</ele>
      </trkpt>
      <trkpt lat="50.358320000" lon="18.238630000">
        <ele>0.000</ele>
      </trkpt>
      <trkpt lat="50.358190000" lon="18.239210000">
        <ele>0.000</ele>
      </trkpt>
      <trkpt lat="50.357960000" lon="18.240170000">
        <ele>0.000</ele>
      </trkpt>
      <trkpt lat="50.357780000" lon="18.240740000">
        <ele>0.000</ele>
      </trkpt>
      <trkpt lat="50.357700000" lon="18.240870000">
        <ele>0.000</ele>
      </trkpt>
      <trkpt lat="50.356370000" lon="18.241720000">
        <ele>0.000</ele>
      </trkpt>
      <trkpt lat="50.356170000" lon="18.241920000">
        <ele>0.000</ele>
      </trkpt>
      <trkpt lat="50.355530000" lon="18.242490000">
        <ele>0.000</ele>
      </trkpt>
      <trkpt lat="50.354730000" lon="18.243280000">
        <ele>0.000</ele>
      </trkpt>
      <trkpt lat="50.354240000" lon="18.243780000">
        <ele>0.000</ele>
      </trkpt>
      <trkpt lat="50.354200000" lon="18.243820000">
        <ele>0.000</ele>
      </trkpt>
      <trkpt lat="50.353940000" lon="18.243060000">
        <ele>0.000</ele>
      </trkpt>
      <trkpt lat="50.353980000" lon="18.243010000">
        <ele>0.000</ele>
      </trkpt>
      <trkpt lat="50.354000000" lon="18.242960000">
        <ele>0.000</ele>
      </trkpt>
      <trkpt lat="50.353990000" lon="18.242890000">
        <ele>0.000</ele>
      </trkpt>
      <trkpt lat="50.353850000" lon="18.242440000">
        <ele>0.000</ele>
      </trkpt>
      <trkpt lat="50.353650000" lon="18.241880000">
        <ele>0.000</ele>
      </trkpt>
      <trkpt lat="50.353610000" lon="18.241770000">
        <ele>0.000</ele>
      </trkpt>
      <trkpt lat="50.353540000" lon="18.241680000">
        <ele>0.000</ele>
      </trkpt>
      <trkpt lat="50.353480000" lon="18.241700000">
        <ele>0.000</ele>
      </trkpt>
      <trkpt lat="50.353100000" lon="18.240610000">
        <ele>0.000</ele>
      </trkpt>
      <trkpt lat="50.352950000" lon="18.240110000">
        <ele>0.000</ele>
      </trkpt>
      <trkpt lat="50.352860000" lon="18.239730000">
        <ele>0.000</ele>
      </trkpt>
      <trkpt lat="50.352700000" lon="18.238930000">
        <ele>0.000</ele>
      </trkpt>
      <trkpt lat="50.352500000" lon="18.237880000">
        <ele>0.000</ele>
      </trkpt>
      <trkpt lat="50.352260000" lon="18.237990000">
        <ele>0.000</ele>
      </trkpt>
      <trkpt lat="50.351910000" lon="18.238050000">
        <ele>0.000</ele>
      </trkpt>
      <trkpt lat="50.351890000" lon="18.237840000">
        <ele>0.000</ele>
      </trkpt>
      <trkpt lat="50.351870000" lon="18.237780000">
        <ele>0.000</ele>
      </trkpt>
      <trkpt lat="50.348670000" lon="18.238220000">
        <ele>0.000</ele>
      </trkpt>
      <trkpt lat="50.348580000" lon="18.238230000">
        <ele>0.000</ele>
      </trkpt>
      <trkpt lat="50.348540000" lon="18.238210000">
        <ele>0.000</ele>
      </trkpt>
      <trkpt lat="50.348490000" lon="18.238150000">
        <ele>0.000</ele>
      </trkpt>
      <trkpt lat="50.348470000" lon="18.238110000">
        <ele>0.000</ele>
      </trkpt>
      <trkpt lat="50.348330000" lon="18.238130000">
        <ele>0.000</ele>
      </trkpt>
      <trkpt lat="50.348340000" lon="18.238200000">
        <ele>0.000</ele>
      </trkpt>
      <trkpt lat="50.348380000" lon="18.238310000">
        <ele>0.000</ele>
      </trkpt>
      <trkpt lat="50.348240000" lon="18.238450000">
        <ele>0.000</ele>
      </trkpt>
      <trkpt lat="50.348300000" lon="18.238570000">
        <ele>0.000</ele>
      </trkpt>
      <trkpt lat="50.348310000" lon="18.238660000">
        <ele>0.000</ele>
      </trkpt>
      <trkpt lat="50.348350000" lon="18.239410000">
        <ele>0.000</ele>
      </trkpt>
      <trkpt lat="50.348450000" lon="18.240660000">
        <ele>0.000</ele>
      </trkpt>
      <trkpt lat="50.348210000" lon="18.240810000">
        <ele>0.000</ele>
      </trkpt>
      <trkpt lat="50.347170000" lon="18.241570000">
        <ele>0.000</ele>
      </trkpt>
      <trkpt lat="50.346430000" lon="18.242260000">
        <ele>0.000</ele>
      </trkpt>
      <trkpt lat="50.346290000" lon="18.242420000">
        <ele>0.000</ele>
      </trkpt>
      <trkpt lat="50.346190000" lon="18.242600000">
        <ele>0.000</ele>
      </trkpt>
      <trkpt lat="50.345920000" lon="18.243340000">
        <ele>0.000</ele>
      </trkpt>
      <trkpt lat="50.345690000" lon="18.244110000">
        <ele>0.000</ele>
      </trkpt>
      <trkpt lat="50.345690000" lon="18.244640000">
        <ele>0.000</ele>
      </trkpt>
      <trkpt lat="50.345700000" lon="18.244740000">
        <ele>0.000</ele>
      </trkpt>
    </trkseg>
  </trk>
</gpx>
