<?xml version="1.0" encoding="UTF-8"?>
<gpx version="1.0" creator="GPSBabel - https://www.gpsbabel.org" xmlns="http://www.topografix.com/GPX/1/0">
  <time>2026-08-22T12:27:14.709Z</time>
  <bounds minlat="51.395735745" minlon="14.331497000" maxlat="51.857211473" maxlon="16.565282288"/>
  <trk>
    <name>Leszno – Wschowa 21</name>
    <trkseg>
      <trkpt lat="51.842905292" lon="16.565282288">
        <ele>0.000</ele>
      </trkpt>
      <trkpt lat="51.843247389" lon="16.562770515">
        <ele>0.000</ele>
      </trkpt>
      <trkpt lat="51.843927702" lon="16.560408411">
        <ele>0.000</ele>
      </trkpt>
      <trkpt lat="51.845012837" lon="16.556502808">
        <ele>0.000</ele>
      </trkpt>
      <trkpt lat="51.845458465" lon="16.554858397">
        <ele>0.000</ele>
      </trkpt>
      <trkpt lat="51.846111059" lon="16.552738950">
        <ele>0.000</ele>
      </trkpt>
      <trkpt lat="51.846390136" lon="16.551080229">
        <ele>0.000</ele>
      </trkpt>
      <trkpt lat="51.846767634" lon="16.548596055">
        <ele>0.000</ele>
      </trkpt>
      <trkpt lat="51.847021436" lon="16.546381184">
        <ele>0.000</ele>
      </trkpt>
      <trkpt lat="51.847438366" lon="16.543713641">
        <ele>0.000</ele>
      </trkpt>
      <trkpt lat="51.847794592" lon="16.540830809">
        <ele>0.000</ele>
      </trkpt>
      <trkpt lat="51.848277269" lon="16.537496647">
        <ele>0.000</ele>
      </trkpt>
      <trkpt lat="51.848596006" lon="16.534472021">
        <ele>0.000</ele>
      </trkpt>
      <trkpt lat="51.848898574" lon="16.530855213">
        <ele>0.000</ele>
      </trkpt>
      <trkpt lat="51.849328601" lon="16.526438347">
        <ele>0.000</ele>
      </trkpt>
      <trkpt lat="51.850167198" lon="16.522285994">
        <ele>0.000</ele>
      </trkpt>
      <trkpt lat="51.850521450" lon="16.520242324">
        <ele>0.000</ele>
      </trkpt>
      <trkpt lat="51.851152458" lon="16.517242614">
        <ele>0.000</ele>
      </trkpt>
      <trkpt lat="51.851421245" lon="16.515596571">
        <ele>0.000</ele>
      </trkpt>
      <trkpt lat="51.852197262" lon="16.510674823">
        <ele>0.000</ele>
      </trkpt>
      <trkpt lat="51.852605318" lon="16.509192557">
        <ele>0.000</ele>
      </trkpt>
      <trkpt lat="51.852613162" lon="16.509140024">
        <ele>0.000</ele>
      </trkpt>
      <trkpt lat="51.853536135" lon="16.505924165">
        <ele>0.000</ele>
      </trkpt>
      <trkpt lat="51.854260710" lon="16.503626619">
        <ele>0.000</ele>
      </trkpt>
      <trkpt lat="51.855404541" lon="16.502174264">
        <ele>0.000</ele>
      </trkpt>
      <trkpt lat="51.855076400" lon="16.499471686">
        <ele>0.000</ele>
      </trkpt>
      <trkpt lat="51.854942282" lon="16.498222645">
        <ele>0.000</ele>
      </trkpt>
      <trkpt lat="51.854638478" lon="16.496920060">
        <ele>0.000</ele>
      </trkpt>
      <trkpt lat="51.854665938" lon="16.495469947">
        <ele>0.000</ele>
      </trkpt>
      <trkpt lat="51.854802577" lon="16.493476706">
        <ele>0.000</ele>
      </trkpt>
      <trkpt lat="51.854659757" lon="16.491830558">
        <ele>0.000</ele>
      </trkpt>
      <trkpt lat="51.854453045" lon="16.491377997">
        <ele>0.000</ele>
      </trkpt>
      <trkpt lat="51.853756082" lon="16.490602322">
        <ele>0.000</ele>
      </trkpt>
      <trkpt lat="51.853404976" lon="16.489984165">
        <ele>0.000</ele>
      </trkpt>
      <trkpt lat="51.852844741" lon="16.488183181">
        <ele>0.000</ele>
      </trkpt>
      <trkpt lat="51.852553943" lon="16.487001416">
        <ele>0.000</ele>
      </trkpt>
      <trkpt lat="51.852409104" lon="16.485627284">
        <ele>0.000</ele>
      </trkpt>
      <trkpt lat="51.852353648" lon="16.484077706">
        <ele>0.000</ele>
      </trkpt>
      <trkpt lat="51.852173909" lon="16.482762669">
        <ele>0.000</ele>
      </trkpt>
      <trkpt lat="51.851677192" lon="16.479620636">
        <ele>0.000</ele>
      </trkpt>
      <trkpt lat="51.851597444" lon="16.478294772">
        <ele>0.000</ele>
      </trkpt>
      <trkpt lat="51.851473016" lon="16.474923728">
        <ele>0.000</ele>
      </trkpt>
      <trkpt lat="51.851385599" lon="16.471042264">
        <ele>0.000</ele>
      </trkpt>
      <trkpt lat="51.851492625" lon="16.469841707">
        <ele>0.000</ele>
      </trkpt>
      <trkpt lat="51.851820857" lon="16.465651570">
        <ele>0.000</ele>
      </trkpt>
      <trkpt lat="51.852103576" lon="16.462453410">
        <ele>0.000</ele>
      </trkpt>
      <trkpt lat="51.852332067" lon="16.459225468">
        <ele>0.000</ele>
      </trkpt>
      <trkpt lat="51.852650612" lon="16.455183416">
        <ele>0.000</ele>
      </trkpt>
      <trkpt lat="51.852992089" lon="16.450872234">
        <ele>0.000</ele>
      </trkpt>
      <trkpt lat="51.853495538" lon="16.444875190">
        <ele>0.000</ele>
      </trkpt>
      <trkpt lat="51.853688222" lon="16.443548459">
        <ele>0.000</ele>
      </trkpt>
      <trkpt lat="51.854266719" lon="16.440836410">
        <ele>0.000</ele>
      </trkpt>
      <trkpt lat="51.854261188" lon="16.440368535">
        <ele>0.000</ele>
      </trkpt>
      <trkpt lat="51.854148723" lon="16.440091217">
        <ele>0.000</ele>
      </trkpt>
      <trkpt lat="51.853929319" lon="16.439792936">
        <ele>0.000</ele>
      </trkpt>
      <trkpt lat="51.854713209" lon="16.436533224">
        <ele>0.000</ele>
      </trkpt>
      <trkpt lat="51.855459688" lon="16.434160412">
        <ele>0.000</ele>
      </trkpt>
      <trkpt lat="51.855822783" lon="16.432574559">
        <ele>0.000</ele>
      </trkpt>
      <trkpt lat="51.856042083" lon="16.430083916">
        <ele>0.000</ele>
      </trkpt>
      <trkpt lat="51.856611404" lon="16.427916337">
        <ele>0.000</ele>
      </trkpt>
      <trkpt lat="51.857211473" lon="16.425612584">
        <ele>0.000</ele>
      </trkpt>
      <trkpt lat="51.857112332" lon="16.421279034">
        <ele>0.000</ele>
      </trkpt>
      <trkpt lat="51.856624406" lon="16.413697165">
        <ele>0.000</ele>
      </trkpt>
      <trkpt lat="51.855799888" lon="16.402621819">
        <ele>0.000</ele>
      </trkpt>
      <trkpt lat="51.855518321" lon="16.396343752">
        <ele>0.000</ele>
      </trkpt>
      <trkpt lat="51.855311285" lon="16.395702497">
        <ele>0.000</ele>
      </trkpt>
      <trkpt lat="51.855117521" lon="16.395111741">
        <ele>0.000</ele>
      </trkpt>
      <trkpt lat="51.853547116" lon="16.390553600">
        <ele>0.000</ele>
      </trkpt>
      <trkpt lat="51.851950576" lon="16.386332574">
        <ele>0.000</ele>
      </trkpt>
      <trkpt lat="51.850107735" lon="16.381542266">
        <ele>0.000</ele>
      </trkpt>
      <trkpt lat="51.849264381" lon="16.379244106">
        <ele>0.000</ele>
      </trkpt>
      <trkpt lat="51.847325085" lon="16.374232694">
        <ele>0.000</ele>
      </trkpt>
      <trkpt lat="51.845323087" lon="16.369070941">
        <ele>0.000</ele>
      </trkpt>
      <trkpt lat="51.842900854" lon="16.362578089">
        <ele>0.000</ele>
      </trkpt>
      <trkpt lat="51.841397252" lon="16.358762229">
        <ele>0.000</ele>
      </trkpt>
      <trkpt lat="51.840717972" lon="16.358053584">
        <ele>0.000</ele>
      </trkpt>
      <trkpt lat="51.839990638" lon="16.357530558">
        <ele>0.000</ele>
      </trkpt>
      <trkpt lat="51.836835565" lon="16.355550295">
        <ele>0.000</ele>
      </trkpt>
      <trkpt lat="51.836644672" lon="16.355236451">
        <ele>0.000</ele>
      </trkpt>
      <trkpt lat="51.836469540" lon="16.352686686">
        <ele>0.000</ele>
      </trkpt>
      <trkpt lat="51.836323533" lon="16.351023234">
        <ele>0.000</ele>
      </trkpt>
      <trkpt lat="51.836382826" lon="16.348493644">
        <ele>0.000</ele>
      </trkpt>
      <trkpt lat="51.836276991" lon="16.348019068">
        <ele>0.000</ele>
      </trkpt>
      <trkpt lat="51.837486337" lon="16.341778850">
        <ele>0.000</ele>
      </trkpt>
      <trkpt lat="51.838596176" lon="16.337870403">
        <ele>0.000</ele>
      </trkpt>
      <trkpt lat="51.835099141" lon="16.335307415">
        <ele>0.000</ele>
      </trkpt>
      <trkpt lat="51.831958057" lon="16.333677479">
        <ele>0.000</ele>
      </trkpt>
      <trkpt lat="51.828914519" lon="16.331769855">
        <ele>0.000</ele>
      </trkpt>
      <trkpt lat="51.825973905" lon="16.329467625">
        <ele>0.000</ele>
      </trkpt>
      <trkpt lat="51.824878691" lon="16.328894467">
        <ele>0.000</ele>
      </trkpt>
      <trkpt lat="51.824380863" lon="16.328687517">
        <ele>0.000</ele>
      </trkpt>
      <trkpt lat="51.822439613" lon="16.328647556">
        <ele>0.000</ele>
      </trkpt>
      <trkpt lat="51.819626863" lon="16.328714638">
        <ele>0.000</ele>
      </trkpt>
      <trkpt lat="51.816232099" lon="16.328722704">
        <ele>0.000</ele>
      </trkpt>
      <trkpt lat="51.812499055" lon="16.328770558">
        <ele>0.000</ele>
      </trkpt>
      <trkpt lat="51.812064645" lon="16.328776893">
        <ele>0.000</ele>
      </trkpt>
      <trkpt lat="51.811458372" lon="16.327969950">
        <ele>0.000</ele>
      </trkpt>
      <trkpt lat="51.810673997" lon="16.326154274">
        <ele>0.000</ele>
      </trkpt>
      <trkpt lat="51.809728379" lon="16.323524285">
        <ele>0.000</ele>
      </trkpt>
      <trkpt lat="51.808588673" lon="16.322088226">
        <ele>0.000</ele>
      </trkpt>
      <trkpt lat="51.807578980" lon="16.320653112">
        <ele>0.000</ele>
      </trkpt>
      <trkpt lat="51.806548662" lon="16.319152073">
        <ele>0.000</ele>
      </trkpt>
      <trkpt lat="51.805502141" lon="16.318330929">
        <ele>0.000</ele>
      </trkpt>
      <trkpt lat="51.804427370" lon="16.317217485">
        <ele>0.000</ele>
      </trkpt>
    </trkseg>
  </trk>
  <trk>
    <name>Wschowa – Góra 25</name>
    <trkseg>
      <trkpt lat="51.803833920" lon="16.317229011">
        <ele>0.000</ele>
      </trkpt>
      <trkpt lat="51.805387538" lon="16.318314653">
        <ele>0.000</ele>
      </trkpt>
      <trkpt lat="51.804963375" lon="16.319629790">
        <ele>0.000</ele>
      </trkpt>
      <trkpt lat="51.804491579" lon="16.320449409">
        <ele>0.000</ele>
      </trkpt>
      <trkpt lat="51.803245687" lon="16.321718074">
        <ele>0.000</ele>
      </trkpt>
      <trkpt lat="51.802172921" lon="16.322255622">
        <ele>0.000</ele>
      </trkpt>
      <trkpt lat="51.801759754" lon="16.322330465">
        <ele>0.000</ele>
      </trkpt>
      <trkpt lat="51.802544049" lon="16.327020233">
        <ele>0.000</ele>
      </trkpt>
      <trkpt lat="51.802213567" lon="16.327344091">
        <ele>0.000</ele>
      </trkpt>
      <trkpt lat="51.801287802" lon="16.327098422">
        <ele>0.000</ele>
      </trkpt>
      <trkpt lat="51.799559450" lon="16.330169304">
        <ele>0.000</ele>
      </trkpt>
      <trkpt lat="51.796702095" lon="16.336084825">
        <ele>0.000</ele>
      </trkpt>
      <trkpt lat="51.796305521" lon="16.336432449">
        <ele>0.000</ele>
      </trkpt>
      <trkpt lat="51.795705444" lon="16.337963950">
        <ele>0.000</ele>
      </trkpt>
      <trkpt lat="51.793025569" lon="16.342842603">
        <ele>0.000</ele>
      </trkpt>
      <trkpt lat="51.791005496" lon="16.346533242">
        <ele>0.000</ele>
      </trkpt>
      <trkpt lat="51.790799947" lon="16.347589758">
        <ele>0.000</ele>
      </trkpt>
      <trkpt lat="51.790912224" lon="16.349504541">
        <ele>0.000</ele>
      </trkpt>
      <trkpt lat="51.790979529" lon="16.351404754">
        <ele>0.000</ele>
      </trkpt>
      <trkpt lat="51.790625303" lon="16.354636005">
        <ele>0.000</ele>
      </trkpt>
      <trkpt lat="51.789999023" lon="16.358583518">
        <ele>0.000</ele>
      </trkpt>
      <trkpt lat="51.789769527" lon="16.359330493">
        <ele>0.000</ele>
      </trkpt>
      <trkpt lat="51.789511148" lon="16.360259538">
        <ele>0.000</ele>
      </trkpt>
      <trkpt lat="51.789170221" lon="16.360747147">
        <ele>0.000</ele>
      </trkpt>
      <trkpt lat="51.788584937" lon="16.361453722">
        <ele>0.000</ele>
      </trkpt>
      <trkpt lat="51.788226831" lon="16.362258742">
        <ele>0.000</ele>
      </trkpt>
      <trkpt lat="51.787679012" lon="16.363317949">
        <ele>0.000</ele>
      </trkpt>
      <trkpt lat="51.786864832" lon="16.365066294">
        <ele>0.000</ele>
      </trkpt>
      <trkpt lat="51.786361754" lon="16.366302666">
        <ele>0.000</ele>
      </trkpt>
      <trkpt lat="51.785903746" lon="16.367205647">
        <ele>0.000</ele>
      </trkpt>
      <trkpt lat="51.785119513" lon="16.368900502">
        <ele>0.000</ele>
      </trkpt>
      <trkpt lat="51.784611182" lon="16.370455360">
        <ele>0.000</ele>
      </trkpt>
      <trkpt lat="51.784260096" lon="16.372355938">
        <ele>0.000</ele>
      </trkpt>
      <trkpt lat="51.783977603" lon="16.374264455">
        <ele>0.000</ele>
      </trkpt>
      <trkpt lat="51.783696634" lon="16.375512148">
        <ele>0.000</ele>
      </trkpt>
      <trkpt lat="51.782620100" lon="16.378057444">
        <ele>0.000</ele>
      </trkpt>
      <trkpt lat="51.781767964" lon="16.379979875">
        <ele>0.000</ele>
      </trkpt>
      <trkpt lat="51.780393615" lon="16.382981011">
        <ele>0.000</ele>
      </trkpt>
      <trkpt lat="51.779699655" lon="16.384762858">
        <ele>0.000</ele>
      </trkpt>
      <trkpt lat="51.779557621" lon="16.386222853">
        <ele>0.000</ele>
      </trkpt>
      <trkpt lat="51.779532251" lon="16.387156283">
        <ele>0.000</ele>
      </trkpt>
      <trkpt lat="51.779347588" lon="16.388488510">
        <ele>0.000</ele>
      </trkpt>
      <trkpt lat="51.778757975" lon="16.390457353">
        <ele>0.000</ele>
      </trkpt>
      <trkpt lat="51.777615573" lon="16.390758094">
        <ele>0.000</ele>
      </trkpt>
      <trkpt lat="51.775699691" lon="16.390823658">
        <ele>0.000</ele>
      </trkpt>
      <trkpt lat="51.774293901" lon="16.390969243">
        <ele>0.000</ele>
      </trkpt>
      <trkpt lat="51.772114384" lon="16.393430408">
        <ele>0.000</ele>
      </trkpt>
      <trkpt lat="51.766406812" lon="16.398251592">
        <ele>0.000</ele>
      </trkpt>
      <trkpt lat="51.761742622" lon="16.402551386">
        <ele>0.000</ele>
      </trkpt>
      <trkpt lat="51.758526281" lon="16.405696306">
        <ele>0.000</ele>
      </trkpt>
      <trkpt lat="51.758182331" lon="16.412884294">
        <ele>0.000</ele>
      </trkpt>
      <trkpt lat="51.757045945" lon="16.418765084">
        <ele>0.000</ele>
      </trkpt>
      <trkpt lat="51.756241163" lon="16.421927484">
        <ele>0.000</ele>
      </trkpt>
      <trkpt lat="51.755351742" lon="16.426336106">
        <ele>0.000</ele>
      </trkpt>
      <trkpt lat="51.754851966" lon="16.428588696">
        <ele>0.000</ele>
      </trkpt>
      <trkpt lat="51.754877630" lon="16.429880796">
        <ele>0.000</ele>
      </trkpt>
      <trkpt lat="51.755169976" lon="16.433755467">
        <ele>0.000</ele>
      </trkpt>
      <trkpt lat="51.755218903" lon="16.434468197">
        <ele>0.000</ele>
      </trkpt>
      <trkpt lat="51.754552302" lon="16.435681970">
        <ele>0.000</ele>
      </trkpt>
      <trkpt lat="51.753330161" lon="16.436276686">
        <ele>0.000</ele>
      </trkpt>
      <trkpt lat="51.753661271" lon="16.440318888">
        <ele>0.000</ele>
      </trkpt>
      <trkpt lat="51.753350535" lon="16.443412595">
        <ele>0.000</ele>
      </trkpt>
      <trkpt lat="51.753222310" lon="16.444105047">
        <ele>0.000</ele>
      </trkpt>
      <trkpt lat="51.752128713" lon="16.449305046">
        <ele>0.000</ele>
      </trkpt>
      <trkpt lat="51.751508217" lon="16.452668171">
        <ele>0.000</ele>
      </trkpt>
      <trkpt lat="51.751236631" lon="16.453166439">
        <ele>0.000</ele>
      </trkpt>
      <trkpt lat="51.750745837" lon="16.453232191">
        <ele>0.000</ele>
      </trkpt>
      <trkpt lat="51.749970631" lon="16.452985659">
        <ele>0.000</ele>
      </trkpt>
      <trkpt lat="51.748272629" lon="16.452911293">
        <ele>0.000</ele>
      </trkpt>
      <trkpt lat="51.747287757" lon="16.453009441">
        <ele>0.000</ele>
      </trkpt>
      <trkpt lat="51.746413746" lon="16.454082823">
        <ele>0.000</ele>
      </trkpt>
      <trkpt lat="51.746369357" lon="16.454120217">
        <ele>0.000</ele>
      </trkpt>
      <trkpt lat="51.745730801" lon="16.454815070">
        <ele>0.000</ele>
      </trkpt>
      <trkpt lat="51.745058063" lon="16.455467113">
        <ele>0.000</ele>
      </trkpt>
      <trkpt lat="51.745017865" lon="16.457922152">
        <ele>0.000</ele>
      </trkpt>
      <trkpt lat="51.744851113" lon="16.462441509">
        <ele>0.000</ele>
      </trkpt>
      <trkpt lat="51.744599257" lon="16.466763248">
        <ele>0.000</ele>
      </trkpt>
      <trkpt lat="51.744815668" lon="16.469091946">
        <ele>0.000</ele>
      </trkpt>
      <trkpt lat="51.745334665" lon="16.470504534">
        <ele>0.000</ele>
      </trkpt>
      <trkpt lat="51.745357110" lon="16.471200928">
        <ele>0.000</ele>
      </trkpt>
      <trkpt lat="51.744607512" lon="16.474361812">
        <ele>0.000</ele>
      </trkpt>
      <trkpt lat="51.742882194" lon="16.479244368">
        <ele>0.000</ele>
      </trkpt>
      <trkpt lat="51.741034059" lon="16.481330448">
        <ele>0.000</ele>
      </trkpt>
      <trkpt lat="51.738794798" lon="16.482226963">
        <ele>0.000</ele>
      </trkpt>
      <trkpt lat="51.736670546" lon="16.482526030">
        <ele>0.000</ele>
      </trkpt>
      <trkpt lat="51.735971815" lon="16.483134359">
        <ele>0.000</ele>
      </trkpt>
      <trkpt lat="51.734489589" lon="16.484828573">
        <ele>0.000</ele>
      </trkpt>
      <trkpt lat="51.733426487" lon="16.487315169">
        <ele>0.000</ele>
      </trkpt>
      <trkpt lat="51.732813652" lon="16.489364002">
        <ele>0.000</ele>
      </trkpt>
      <trkpt lat="51.732390129" lon="16.491145080">
        <ele>0.000</ele>
      </trkpt>
      <trkpt lat="51.732089191" lon="16.491365119">
        <ele>0.000</ele>
      </trkpt>
      <trkpt lat="51.731315695" lon="16.491013042">
        <ele>0.000</ele>
      </trkpt>
      <trkpt lat="51.730797422" lon="16.490633624">
        <ele>0.000</ele>
      </trkpt>
      <trkpt lat="51.728937777" lon="16.491928820">
        <ele>0.000</ele>
      </trkpt>
      <trkpt lat="51.725596996" lon="16.494778599">
        <ele>0.000</ele>
      </trkpt>
      <trkpt lat="51.723555343" lon="16.496919722">
        <ele>0.000</ele>
      </trkpt>
      <trkpt lat="51.721298817" lon="16.501027573">
        <ele>0.000</ele>
      </trkpt>
      <trkpt lat="51.718631361" lon="16.505521671">
        <ele>0.000</ele>
      </trkpt>
      <trkpt lat="51.715763204" lon="16.510078874">
        <ele>0.000</ele>
      </trkpt>
      <trkpt lat="51.714571983" lon="16.511361292">
        <ele>0.000</ele>
      </trkpt>
      <trkpt lat="51.713118800" lon="16.512346699">
        <ele>0.000</ele>
      </trkpt>
      <trkpt lat="51.712323935" lon="16.513319356">
        <ele>0.000</ele>
      </trkpt>
      <trkpt lat="51.711498736" lon="16.514702416">
        <ele>0.000</ele>
      </trkpt>
      <trkpt lat="51.710335177" lon="16.515737957">
        <ele>0.000</ele>
      </trkpt>
      <trkpt lat="51.709000094" lon="16.515830435">
        <ele>0.000</ele>
      </trkpt>
      <trkpt lat="51.707763625" lon="16.515974228">
        <ele>0.000</ele>
      </trkpt>
      <trkpt lat="51.706841751" lon="16.517193269">
        <ele>0.000</ele>
      </trkpt>
      <trkpt lat="51.706768533" lon="16.517313207">
        <ele>0.000</ele>
      </trkpt>
      <trkpt lat="51.705715504" lon="16.519324991">
        <ele>0.000</ele>
      </trkpt>
      <trkpt lat="51.704318407" lon="16.521092718">
        <ele>0.000</ele>
      </trkpt>
      <trkpt lat="51.702892239" lon="16.521876280">
        <ele>0.000</ele>
      </trkpt>
      <trkpt lat="51.701345763" lon="16.522023442">
        <ele>0.000</ele>
      </trkpt>
      <trkpt lat="51.699958082" lon="16.521941264">
        <ele>0.000</ele>
      </trkpt>
      <trkpt lat="51.699344846" lon="16.523798783">
        <ele>0.000</ele>
      </trkpt>
      <trkpt lat="51.698739786" lon="16.524196685">
        <ele>0.000</ele>
      </trkpt>
      <trkpt lat="51.698186302" lon="16.523816174">
        <ele>0.000</ele>
      </trkpt>
      <trkpt lat="51.697768135" lon="16.526465867">
        <ele>0.000</ele>
      </trkpt>
      <trkpt lat="51.696498929" lon="16.529681821">
        <ele>0.000</ele>
      </trkpt>
      <trkpt lat="51.694924271" lon="16.530997984">
        <ele>0.000</ele>
      </trkpt>
      <trkpt lat="51.691807488" lon="16.532571773">
        <ele>0.000</ele>
      </trkpt>
      <trkpt lat="51.689354701" lon="16.534149838">
        <ele>0.000</ele>
      </trkpt>
      <trkpt lat="51.684864374" lon="16.536504187">
        <ele>0.000</ele>
      </trkpt>
      <trkpt lat="51.682804141" lon="16.537576123">
        <ele>0.000</ele>
      </trkpt>
      <trkpt lat="51.682197742" lon="16.537863307">
        <ele>0.000</ele>
      </trkpt>
      <trkpt lat="51.681764480" lon="16.537250421">
        <ele>0.000</ele>
      </trkpt>
      <trkpt lat="51.678595943" lon="16.535471948">
        <ele>0.000</ele>
      </trkpt>
      <trkpt lat="51.676615760" lon="16.533908292">
        <ele>0.000</ele>
      </trkpt>
      <trkpt lat="51.675038174" lon="16.532759326">
        <ele>0.000</ele>
      </trkpt>
      <trkpt lat="51.674009919" lon="16.533899004">
        <ele>0.000</ele>
      </trkpt>
      <trkpt lat="51.672651211" lon="16.536666071">
        <ele>0.000</ele>
      </trkpt>
      <trkpt lat="51.671988920" lon="16.538308182">
        <ele>0.000</ele>
      </trkpt>
      <trkpt lat="51.671762154" lon="16.538739583">
        <ele>0.000</ele>
      </trkpt>
      <trkpt lat="51.670768552" lon="16.538090224">
        <ele>0.000</ele>
      </trkpt>
      <trkpt lat="51.670208522" lon="16.537859388">
        <ele>0.000</ele>
      </trkpt>
      <trkpt lat="51.669787432" lon="16.539301283">
        <ele>0.000</ele>
      </trkpt>
      <trkpt lat="51.669342415" lon="16.539241155">
        <ele>0.000</ele>
      </trkpt>
      <trkpt lat="51.668867115" lon="16.539124308">
        <ele>0.000</ele>
      </trkpt>
      <trkpt lat="51.668374030" lon="16.539034339">
        <ele>0.000</ele>
      </trkpt>
      <trkpt lat="51.668143125" lon="16.538951827">
        <ele>0.000</ele>
      </trkpt>
    </trkseg>
  </trk>
  <trk>
    <name>Góra – Lubin 47</name>
    <trkseg>
      <trkpt lat="51.667920876" lon="16.538924685">
        <ele>0.000</ele>
      </trkpt>
      <trkpt lat="51.667633255" lon="16.538993409">
        <ele>0.000</ele>
      </trkpt>
      <trkpt lat="51.666699078" lon="16.538829771">
        <ele>0.000</ele>
      </trkpt>
      <trkpt lat="51.666196064" lon="16.538866038">
        <ele>0.000</ele>
      </trkpt>
      <trkpt lat="51.666364860" lon="16.537343049">
        <ele>0.000</ele>
      </trkpt>
      <trkpt lat="51.666368104" lon="16.534930489">
        <ele>0.000</ele>
      </trkpt>
      <trkpt lat="51.665405500" lon="16.534729965">
        <ele>0.000</ele>
      </trkpt>
      <trkpt lat="51.664729132" lon="16.534504216">
        <ele>0.000</ele>
      </trkpt>
      <trkpt lat="51.664224362" lon="16.534161542">
        <ele>0.000</ele>
      </trkpt>
      <trkpt lat="51.663684672" lon="16.533450122">
        <ele>0.000</ele>
      </trkpt>
      <trkpt lat="51.662732385" lon="16.531803585">
        <ele>0.000</ele>
      </trkpt>
      <trkpt lat="51.661462332" lon="16.529692274">
        <ele>0.000</ele>
      </trkpt>
      <trkpt lat="51.659740973" lon="16.526889904">
        <ele>0.000</ele>
      </trkpt>
      <trkpt lat="51.658149353" lon="16.521995637">
        <ele>0.000</ele>
      </trkpt>
      <trkpt lat="51.657944379" lon="16.521610841">
        <ele>0.000</ele>
      </trkpt>
      <trkpt lat="51.657512477" lon="16.521205723">
        <ele>0.000</ele>
      </trkpt>
      <trkpt lat="51.656869165" lon="16.520567485">
        <ele>0.000</ele>
      </trkpt>
      <trkpt lat="51.657011009" lon="16.519365796">
        <ele>0.000</ele>
      </trkpt>
      <trkpt lat="51.657105711" lon="16.517346897">
        <ele>0.000</ele>
      </trkpt>
      <trkpt lat="51.657015922" lon="16.515548147">
        <ele>0.000</ele>
      </trkpt>
      <trkpt lat="51.656278720" lon="16.515135067">
        <ele>0.000</ele>
      </trkpt>
      <trkpt lat="51.654484951" lon="16.514863183">
        <ele>0.000</ele>
      </trkpt>
      <trkpt lat="51.652623787" lon="16.514455311">
        <ele>0.000</ele>
      </trkpt>
      <trkpt lat="51.650407663" lon="16.513929747">
        <ele>0.000</ele>
      </trkpt>
      <trkpt lat="51.648670675" lon="16.513550630">
        <ele>0.000</ele>
      </trkpt>
      <trkpt lat="51.646143683" lon="16.513236053">
        <ele>0.000</ele>
      </trkpt>
      <trkpt lat="51.643693287" lon="16.513710777">
        <ele>0.000</ele>
      </trkpt>
      <trkpt lat="51.641156714" lon="16.514180083">
        <ele>0.000</ele>
      </trkpt>
      <trkpt lat="51.639096257" lon="16.514747296">
        <ele>0.000</ele>
      </trkpt>
      <trkpt lat="51.637877436" lon="16.515190078">
        <ele>0.000</ele>
      </trkpt>
      <trkpt lat="51.637026396" lon="16.515027264">
        <ele>0.000</ele>
      </trkpt>
      <trkpt lat="51.636096067" lon="16.514675601">
        <ele>0.000</ele>
      </trkpt>
      <trkpt lat="51.633822308" lon="16.513437732">
        <ele>0.000</ele>
      </trkpt>
      <trkpt lat="51.632134804" lon="16.512502865">
        <ele>0.000</ele>
      </trkpt>
      <trkpt lat="51.629469321" lon="16.510670483">
        <ele>0.000</ele>
      </trkpt>
      <trkpt lat="51.628411642" lon="16.509796499">
        <ele>0.000</ele>
      </trkpt>
      <trkpt lat="51.627285876" lon="16.509647543">
        <ele>0.000</ele>
      </trkpt>
      <trkpt lat="51.625203476" lon="16.509429130">
        <ele>0.000</ele>
      </trkpt>
      <trkpt lat="51.622737619" lon="16.509039558">
        <ele>0.000</ele>
      </trkpt>
      <trkpt lat="51.621085235" lon="16.508655271">
        <ele>0.000</ele>
      </trkpt>
      <trkpt lat="51.619851070" lon="16.509064898">
        <ele>0.000</ele>
      </trkpt>
      <trkpt lat="51.619492318" lon="16.509129831">
        <ele>0.000</ele>
      </trkpt>
      <trkpt lat="51.617242100" lon="16.508963102">
        <ele>0.000</ele>
      </trkpt>
      <trkpt lat="51.616383207" lon="16.510415891">
        <ele>0.000</ele>
      </trkpt>
      <trkpt lat="51.616084610" lon="16.510425850">
        <ele>0.000</ele>
      </trkpt>
      <trkpt lat="51.615073559" lon="16.509557441">
        <ele>0.000</ele>
      </trkpt>
      <trkpt lat="51.614099012" lon="16.507483300">
        <ele>0.000</ele>
      </trkpt>
      <trkpt lat="51.613593721" lon="16.505740506">
        <ele>0.000</ele>
      </trkpt>
      <trkpt lat="51.612778065" lon="16.504613146">
        <ele>0.000</ele>
      </trkpt>
      <trkpt lat="51.611493324" lon="16.503924653">
        <ele>0.000</ele>
      </trkpt>
      <trkpt lat="51.610909797" lon="16.501757740">
        <ele>0.000</ele>
      </trkpt>
      <trkpt lat="51.609683007" lon="16.497210918">
        <ele>0.000</ele>
      </trkpt>
      <trkpt lat="51.607939443" lon="16.490758629">
        <ele>0.000</ele>
      </trkpt>
      <trkpt lat="51.606451529" lon="16.484126793">
        <ele>0.000</ele>
      </trkpt>
      <trkpt lat="51.605748765" lon="16.481015915">
        <ele>0.000</ele>
      </trkpt>
      <trkpt lat="51.605040192" lon="16.479227198">
        <ele>0.000</ele>
      </trkpt>
      <trkpt lat="51.603107919" lon="16.475170625">
        <ele>0.000</ele>
      </trkpt>
      <trkpt lat="51.601462135" lon="16.466817758">
        <ele>0.000</ele>
      </trkpt>
      <trkpt lat="51.601279781" lon="16.462365732">
        <ele>0.000</ele>
      </trkpt>
      <trkpt lat="51.601346283" lon="16.460522971">
        <ele>0.000</ele>
      </trkpt>
      <trkpt lat="51.601756394" lon="16.456508837">
        <ele>0.000</ele>
      </trkpt>
      <trkpt lat="51.601759566" lon="16.452287044">
        <ele>0.000</ele>
      </trkpt>
      <trkpt lat="51.600379359" lon="16.451791791">
        <ele>0.000</ele>
      </trkpt>
      <trkpt lat="51.599035477" lon="16.451194915">
        <ele>0.000</ele>
      </trkpt>
      <trkpt lat="51.596175478" lon="16.449619036">
        <ele>0.000</ele>
      </trkpt>
      <trkpt lat="51.594807808" lon="16.448861131">
        <ele>0.000</ele>
      </trkpt>
      <trkpt lat="51.593824543" lon="16.448506673">
        <ele>0.000</ele>
      </trkpt>
      <trkpt lat="51.592914697" lon="16.448331239">
        <ele>0.000</ele>
      </trkpt>
      <trkpt lat="51.592455501" lon="16.447919603">
        <ele>0.000</ele>
      </trkpt>
      <trkpt lat="51.592283352" lon="16.446866887">
        <ele>0.000</ele>
      </trkpt>
      <trkpt lat="51.591719733" lon="16.445759810">
        <ele>0.000</ele>
      </trkpt>
      <trkpt lat="51.591468756" lon="16.445061820">
        <ele>0.000</ele>
      </trkpt>
      <trkpt lat="51.591604938" lon="16.444647989">
        <ele>0.000</ele>
      </trkpt>
      <trkpt lat="51.591942970" lon="16.444132286">
        <ele>0.000</ele>
      </trkpt>
      <trkpt lat="51.592393521" lon="16.443565629">
        <ele>0.000</ele>
      </trkpt>
      <trkpt lat="51.592643728" lon="16.443166118">
        <ele>0.000</ele>
      </trkpt>
      <trkpt lat="51.592531505" lon="16.442800449">
        <ele>0.000</ele>
      </trkpt>
      <trkpt lat="51.591846318" lon="16.441953220">
        <ele>0.000</ele>
      </trkpt>
      <trkpt lat="51.591338369" lon="16.440931489">
        <ele>0.000</ele>
      </trkpt>
      <trkpt lat="51.590694496" lon="16.439979736">
        <ele>0.000</ele>
      </trkpt>
      <trkpt lat="51.589848726" lon="16.439919622">
        <ele>0.000</ele>
      </trkpt>
      <trkpt lat="51.589082619" lon="16.439727032">
        <ele>0.000</ele>
      </trkpt>
      <trkpt lat="51.588147044" lon="16.437919811">
        <ele>0.000</ele>
      </trkpt>
      <trkpt lat="51.584602499" lon="16.432008697">
        <ele>0.000</ele>
      </trkpt>
      <trkpt lat="51.583926083" lon="16.430807789">
        <ele>0.000</ele>
      </trkpt>
      <trkpt lat="51.583667935" lon="16.430398502">
        <ele>0.000</ele>
      </trkpt>
      <trkpt lat="51.583028788" lon="16.430193575">
        <ele>0.000</ele>
      </trkpt>
      <trkpt lat="51.582303114" lon="16.429933205">
        <ele>0.000</ele>
      </trkpt>
      <trkpt lat="51.582037665" lon="16.429454236">
        <ele>0.000</ele>
      </trkpt>
      <trkpt lat="51.581910908" lon="16.428155929">
        <ele>0.000</ele>
      </trkpt>
      <trkpt lat="51.581768893" lon="16.427607861">
        <ele>0.000</ele>
      </trkpt>
      <trkpt lat="51.580223895" lon="16.427417222">
        <ele>0.000</ele>
      </trkpt>
      <trkpt lat="51.579233255" lon="16.426748357">
        <ele>0.000</ele>
      </trkpt>
      <trkpt lat="51.578380113" lon="16.426071415">
        <ele>0.000</ele>
      </trkpt>
      <trkpt lat="51.576524675" lon="16.424675262">
        <ele>0.000</ele>
      </trkpt>
      <trkpt lat="51.574434055" lon="16.423139284">
        <ele>0.000</ele>
      </trkpt>
      <trkpt lat="51.572395267" lon="16.422101339">
        <ele>0.000</ele>
      </trkpt>
      <trkpt lat="51.570901039" lon="16.422006464">
        <ele>0.000</ele>
      </trkpt>
      <trkpt lat="51.570387744" lon="16.421871229">
        <ele>0.000</ele>
      </trkpt>
      <trkpt lat="51.569482803" lon="16.405454737">
        <ele>0.000</ele>
      </trkpt>
      <trkpt lat="51.569650573" lon="16.395262922">
        <ele>0.000</ele>
      </trkpt>
      <trkpt lat="51.567707047" lon="16.395198088">
        <ele>0.000</ele>
      </trkpt>
      <trkpt lat="51.564795446" lon="16.395814733">
        <ele>0.000</ele>
      </trkpt>
      <trkpt lat="51.560158447" lon="16.395993846">
        <ele>0.000</ele>
      </trkpt>
      <trkpt lat="51.557378867" lon="16.396477947">
        <ele>0.000</ele>
      </trkpt>
      <trkpt lat="51.555079964" lon="16.397138281">
        <ele>0.000</ele>
      </trkpt>
      <trkpt lat="51.552904559" lon="16.397418052">
        <ele>0.000</ele>
      </trkpt>
      <trkpt lat="51.550977384" lon="16.397680898">
        <ele>0.000</ele>
      </trkpt>
      <trkpt lat="51.547238103" lon="16.398381981">
        <ele>0.000</ele>
      </trkpt>
      <trkpt lat="51.542506659" lon="16.400721152">
        <ele>0.000</ele>
      </trkpt>
      <trkpt lat="51.540144409" lon="16.400938578">
        <ele>0.000</ele>
      </trkpt>
      <trkpt lat="51.538903990" lon="16.400949124">
        <ele>0.000</ele>
      </trkpt>
      <trkpt lat="51.537448567" lon="16.399475916">
        <ele>0.000</ele>
      </trkpt>
      <trkpt lat="51.535903183" lon="16.399765640">
        <ele>0.000</ele>
      </trkpt>
      <trkpt lat="51.535083897" lon="16.399898371">
        <ele>0.000</ele>
      </trkpt>
      <trkpt lat="51.534630077" lon="16.398047119">
        <ele>0.000</ele>
      </trkpt>
      <trkpt lat="51.533778588" lon="16.394029084">
        <ele>0.000</ele>
      </trkpt>
      <trkpt lat="51.532567235" lon="16.387562924">
        <ele>0.000</ele>
      </trkpt>
      <trkpt lat="51.531595615" lon="16.382732091">
        <ele>0.000</ele>
      </trkpt>
      <trkpt lat="51.530834530" lon="16.381045014">
        <ele>0.000</ele>
      </trkpt>
      <trkpt lat="51.529865620" lon="16.379954961">
        <ele>0.000</ele>
      </trkpt>
      <trkpt lat="51.528744553" lon="16.377259602">
        <ele>0.000</ele>
      </trkpt>
      <trkpt lat="51.527096299" lon="16.369305248">
        <ele>0.000</ele>
      </trkpt>
      <trkpt lat="51.526754306" lon="16.364353842">
        <ele>0.000</ele>
      </trkpt>
      <trkpt lat="51.526578108" lon="16.353804991">
        <ele>0.000</ele>
      </trkpt>
      <trkpt lat="51.526673073" lon="16.351111141">
        <ele>0.000</ele>
      </trkpt>
      <trkpt lat="51.526476587" lon="16.346265831">
        <ele>0.000</ele>
      </trkpt>
      <trkpt lat="51.526398334" lon="16.339490895">
        <ele>0.000</ele>
      </trkpt>
      <trkpt lat="51.527001943" lon="16.338200669">
        <ele>0.000</ele>
      </trkpt>
      <trkpt lat="51.527805268" lon="16.333971585">
        <ele>0.000</ele>
      </trkpt>
      <trkpt lat="51.527263993" lon="16.330755542">
        <ele>0.000</ele>
      </trkpt>
      <trkpt lat="51.526970713" lon="16.329182055">
        <ele>0.000</ele>
      </trkpt>
      <trkpt lat="51.526216044" lon="16.323669498">
        <ele>0.000</ele>
      </trkpt>
      <trkpt lat="51.525543913" lon="16.319903285">
        <ele>0.000</ele>
      </trkpt>
      <trkpt lat="51.524684583" lon="16.320446755">
        <ele>0.000</ele>
      </trkpt>
      <trkpt lat="51.524286312" lon="16.320619060">
        <ele>0.000</ele>
      </trkpt>
      <trkpt lat="51.523998882" lon="16.320460690">
        <ele>0.000</ele>
      </trkpt>
      <trkpt lat="51.523517673" lon="16.319512061">
        <ele>0.000</ele>
      </trkpt>
      <trkpt lat="51.523525273" lon="16.317825983">
        <ele>0.000</ele>
      </trkpt>
      <trkpt lat="51.523524569" lon="16.317140667">
        <ele>0.000</ele>
      </trkpt>
      <trkpt lat="51.523496085" lon="16.316617775">
        <ele>0.000</ele>
      </trkpt>
      <trkpt lat="51.523190233" lon="16.315925098">
        <ele>0.000</ele>
      </trkpt>
      <trkpt lat="51.522806906" lon="16.315091383">
        <ele>0.000</ele>
      </trkpt>
      <trkpt lat="51.521630830" lon="16.313714694">
        <ele>0.000</ele>
      </trkpt>
      <trkpt lat="51.519621117" lon="16.311534406">
        <ele>0.000</ele>
      </trkpt>
      <trkpt lat="51.519177857" lon="16.311171629">
        <ele>0.000</ele>
      </trkpt>
      <trkpt lat="51.518555957" lon="16.311004722">
        <ele>0.000</ele>
      </trkpt>
      <trkpt lat="51.518150232" lon="16.310334340">
        <ele>0.000</ele>
      </trkpt>
      <trkpt lat="51.517454142" lon="16.309782427">
        <ele>0.000</ele>
      </trkpt>
      <trkpt lat="51.515796833" lon="16.307903707">
        <ele>0.000</ele>
      </trkpt>
      <trkpt lat="51.515300410" lon="16.307108161">
        <ele>0.000</ele>
      </trkpt>
      <trkpt lat="51.514906337" lon="16.306499134">
        <ele>0.000</ele>
      </trkpt>
      <trkpt lat="51.514243033" lon="16.303903861">
        <ele>0.000</ele>
      </trkpt>
      <trkpt lat="51.513527281" lon="16.301435696">
        <ele>0.000</ele>
      </trkpt>
      <trkpt lat="51.512966471" lon="16.299527931">
        <ele>0.000</ele>
      </trkpt>
      <trkpt lat="51.512671188" lon="16.298610052">
        <ele>0.000</ele>
      </trkpt>
      <trkpt lat="51.512231793" lon="16.293238898">
        <ele>0.000</ele>
      </trkpt>
      <trkpt lat="51.511855992" lon="16.288932295">
        <ele>0.000</ele>
      </trkpt>
      <trkpt lat="51.511883980" lon="16.287889186">
        <ele>0.000</ele>
      </trkpt>
      <trkpt lat="51.511414664" lon="16.286180206">
        <ele>0.000</ele>
      </trkpt>
      <trkpt lat="51.511308234" lon="16.285196925">
        <ele>0.000</ele>
      </trkpt>
      <trkpt lat="51.511631969" lon="16.283264112">
        <ele>0.000</ele>
      </trkpt>
      <trkpt lat="51.511349885" lon="16.281497755">
        <ele>0.000</ele>
      </trkpt>
      <trkpt lat="51.511899980" lon="16.278541020">
        <ele>0.000</ele>
      </trkpt>
      <trkpt lat="51.512119657" lon="16.277908816">
        <ele>0.000</ele>
      </trkpt>
      <trkpt lat="51.511934820" lon="16.277487609">
        <ele>0.000</ele>
      </trkpt>
      <trkpt lat="51.511475178" lon="16.276661237">
        <ele>0.000</ele>
      </trkpt>
      <trkpt lat="51.510589743" lon="16.275284598">
        <ele>0.000</ele>
      </trkpt>
      <trkpt lat="51.510402810" lon="16.274619535">
        <ele>0.000</ele>
      </trkpt>
      <trkpt lat="51.510145729" lon="16.273524846">
        <ele>0.000</ele>
      </trkpt>
      <trkpt lat="51.509559660" lon="16.272493575">
        <ele>0.000</ele>
      </trkpt>
      <trkpt lat="51.509617312" lon="16.268467595">
        <ele>0.000</ele>
      </trkpt>
      <trkpt lat="51.509446989" lon="16.265842037">
        <ele>0.000</ele>
      </trkpt>
      <trkpt lat="51.509766558" lon="16.265256382">
        <ele>0.000</ele>
      </trkpt>
      <trkpt lat="51.509960492" lon="16.264916090">
        <ele>0.000</ele>
      </trkpt>
      <trkpt lat="51.509946096" lon="16.264070788">
        <ele>0.000</ele>
      </trkpt>
      <trkpt lat="51.509115697" lon="16.264164316">
        <ele>0.000</ele>
      </trkpt>
      <trkpt lat="51.507777777" lon="16.264933772">
        <ele>0.000</ele>
      </trkpt>
      <trkpt lat="51.507219008" lon="16.265568289">
        <ele>0.000</ele>
      </trkpt>
      <trkpt lat="51.506628441" lon="16.265496103">
        <ele>0.000</ele>
      </trkpt>
      <trkpt lat="51.502542048" lon="16.263479222">
        <ele>0.000</ele>
      </trkpt>
      <trkpt lat="51.501217385" lon="16.262895184">
        <ele>0.000</ele>
      </trkpt>
      <trkpt lat="51.500216828" lon="16.263217206">
        <ele>0.000</ele>
      </trkpt>
      <trkpt lat="51.499036841" lon="16.263784453">
        <ele>0.000</ele>
      </trkpt>
      <trkpt lat="51.498082592" lon="16.263805501">
        <ele>0.000</ele>
      </trkpt>
      <trkpt lat="51.495391303" lon="16.263281363">
        <ele>0.000</ele>
      </trkpt>
      <trkpt lat="51.494003992" lon="16.263156889">
        <ele>0.000</ele>
      </trkpt>
      <trkpt lat="51.492829760" lon="16.262868478">
        <ele>0.000</ele>
      </trkpt>
      <trkpt lat="51.491397425" lon="16.263157116">
        <ele>0.000</ele>
      </trkpt>
      <trkpt lat="51.489053801" lon="16.263479450">
        <ele>0.000</ele>
      </trkpt>
      <trkpt lat="51.487699180" lon="16.263570186">
        <ele>0.000</ele>
      </trkpt>
      <trkpt lat="51.486893351" lon="16.263789596">
        <ele>0.000</ele>
      </trkpt>
      <trkpt lat="51.484528463" lon="16.264078558">
        <ele>0.000</ele>
      </trkpt>
      <trkpt lat="51.483433466" lon="16.264216480">
        <ele>0.000</ele>
      </trkpt>
      <trkpt lat="51.482809806" lon="16.264412259">
        <ele>0.000</ele>
      </trkpt>
      <trkpt lat="51.480954542" lon="16.265159919">
        <ele>0.000</ele>
      </trkpt>
      <trkpt lat="51.478987723" lon="16.266670088">
        <ele>0.000</ele>
      </trkpt>
      <trkpt lat="51.475647610" lon="16.267963391">
        <ele>0.000</ele>
      </trkpt>
      <trkpt lat="51.473944383" lon="16.268669864">
        <ele>0.000</ele>
      </trkpt>
      <trkpt lat="51.472609375" lon="16.268630657">
        <ele>0.000</ele>
      </trkpt>
      <trkpt lat="51.470670575" lon="16.268021751">
        <ele>0.000</ele>
      </trkpt>
      <trkpt lat="51.467807061" lon="16.266441180">
        <ele>0.000</ele>
      </trkpt>
      <trkpt lat="51.466120280" lon="16.264028462">
        <ele>0.000</ele>
      </trkpt>
      <trkpt lat="51.463295562" lon="16.260293848">
        <ele>0.000</ele>
      </trkpt>
      <trkpt lat="51.462479474" lon="16.258264476">
        <ele>0.000</ele>
      </trkpt>
      <trkpt lat="51.460939183" lon="16.255495908">
        <ele>0.000</ele>
      </trkpt>
      <trkpt lat="51.458329583" lon="16.252597665">
        <ele>0.000</ele>
      </trkpt>
      <trkpt lat="51.456927352" lon="16.250143120">
        <ele>0.000</ele>
      </trkpt>
      <trkpt lat="51.453627885" lon="16.245712499">
        <ele>0.000</ele>
      </trkpt>
      <trkpt lat="51.451777876" lon="16.244697634">
        <ele>0.000</ele>
      </trkpt>
      <trkpt lat="51.449228181" lon="16.244635833">
        <ele>0.000</ele>
      </trkpt>
      <trkpt lat="51.446831298" lon="16.245642082">
        <ele>0.000</ele>
      </trkpt>
      <trkpt lat="51.444573380" lon="16.245532451">
        <ele>0.000</ele>
      </trkpt>
      <trkpt lat="51.441305072" lon="16.243798052">
        <ele>0.000</ele>
      </trkpt>
      <trkpt lat="51.438868940" lon="16.242047853">
        <ele>0.000</ele>
      </trkpt>
      <trkpt lat="51.434801440" lon="16.239804334">
        <ele>0.000</ele>
      </trkpt>
      <trkpt lat="51.431450569" lon="16.237628659">
        <ele>0.000</ele>
      </trkpt>
      <trkpt lat="51.427330579" lon="16.234369090">
        <ele>0.000</ele>
      </trkpt>
      <trkpt lat="51.423684718" lon="16.231662800">
        <ele>0.000</ele>
      </trkpt>
      <trkpt lat="51.421897076" lon="16.229246446">
        <ele>0.000</ele>
      </trkpt>
      <trkpt lat="51.420006545" lon="16.226789965">
        <ele>0.000</ele>
      </trkpt>
      <trkpt lat="51.418445600" lon="16.224689789">
        <ele>0.000</ele>
      </trkpt>
      <trkpt lat="51.415300565" lon="16.223629913">
        <ele>0.000</ele>
      </trkpt>
      <trkpt lat="51.412781858" lon="16.223020991">
        <ele>0.000</ele>
      </trkpt>
      <trkpt lat="51.411519287" lon="16.222127055">
        <ele>0.000</ele>
      </trkpt>
      <trkpt lat="51.410366945" lon="16.220717663">
        <ele>0.000</ele>
      </trkpt>
      <trkpt lat="51.409738911" lon="16.219857354">
        <ele>0.000</ele>
      </trkpt>
      <trkpt lat="51.408855980" lon="16.219544129">
        <ele>0.000</ele>
      </trkpt>
      <trkpt lat="51.406377660" lon="16.218818363">
        <ele>0.000</ele>
      </trkpt>
      <trkpt lat="51.405643443" lon="16.218728667">
        <ele>0.000</ele>
      </trkpt>
      <trkpt lat="51.405238320" lon="16.218178873">
        <ele>0.000</ele>
      </trkpt>
      <trkpt lat="51.403950914" lon="16.217705406">
        <ele>0.000</ele>
      </trkpt>
      <trkpt lat="51.402825993" lon="16.217300282">
        <ele>0.000</ele>
      </trkpt>
      <trkpt lat="51.401984086" lon="16.216143420">
        <ele>0.000</ele>
      </trkpt>
      <trkpt lat="51.400555180" lon="16.214550581">
        <ele>0.000</ele>
      </trkpt>
      <trkpt lat="51.399796657" lon="16.213247915">
        <ele>0.000</ele>
      </trkpt>
      <trkpt lat="51.399124921" lon="16.211960871">
        <ele>0.000</ele>
      </trkpt>
      <trkpt lat="51.398002171" lon="16.210889174">
        <ele>0.000</ele>
      </trkpt>
      <trkpt lat="51.397102161" lon="16.210463518">
        <ele>0.000</ele>
      </trkpt>
      <trkpt lat="51.395735745" lon="16.210190105">
        <ele>0.000</ele>
      </trkpt>
    </trkseg>
  </trk>
  <trk>
    <name>Lubin – Polkowice 20</name>
    <trkseg>
      <trkpt lat="51.397410000" lon="16.205070000">
        <ele>0.000</ele>
      </trkpt>
      <trkpt lat="51.397930000" lon="16.204290000">
        <ele>0.000</ele>
      </trkpt>
      <trkpt lat="51.398050000" lon="16.204140000">
        <ele>0.000</ele>
      </trkpt>
      <trkpt lat="51.398360000" lon="16.203700000">
        <ele>0.000</ele>
      </trkpt>
      <trkpt lat="51.398480000" lon="16.203470000">
        <ele>0.000</ele>
      </trkpt>
      <trkpt lat="51.398520000" lon="16.203280000">
        <ele>0.000</ele>
      </trkpt>
      <trkpt lat="51.399170000" lon="16.203920000">
        <ele>0.000</ele>
      </trkpt>
      <trkpt lat="51.399380000" lon="16.204160000">
        <ele>0.000</ele>
      </trkpt>
      <trkpt lat="51.399540000" lon="16.204400000">
        <ele>0.000</ele>
      </trkpt>
      <trkpt lat="51.399580000" lon="16.204350000">
        <ele>0.000</ele>
      </trkpt>
      <trkpt lat="51.399620000" lon="16.204320000">
        <ele>0.000</ele>
      </trkpt>
      <trkpt lat="51.399680000" lon="16.204290000">
        <ele>0.000</ele>
      </trkpt>
      <trkpt lat="51.399760000" lon="16.204130000">
        <ele>0.000</ele>
      </trkpt>
      <trkpt lat="51.400660000" lon="16.202170000">
        <ele>0.000</ele>
      </trkpt>
      <trkpt lat="51.400810000" lon="16.201800000">
        <ele>0.000</ele>
      </trkpt>
      <trkpt lat="51.400840000" lon="16.201430000">
        <ele>0.000</ele>
      </trkpt>
      <trkpt lat="51.400850000" lon="16.201410000">
        <ele>0.000</ele>
      </trkpt>
      <trkpt lat="51.400970000" lon="16.201350000">
        <ele>0.000</ele>
      </trkpt>
      <trkpt lat="51.401010000" lon="16.201310000">
        <ele>0.000</ele>
      </trkpt>
      <trkpt lat="51.401040000" lon="16.201260000">
        <ele>0.000</ele>
      </trkpt>
      <trkpt lat="51.401230000" lon="16.200760000">
        <ele>0.000</ele>
      </trkpt>
      <trkpt lat="51.401410000" lon="16.200260000">
        <ele>0.000</ele>
      </trkpt>
      <trkpt lat="51.401420000" lon="16.200190000">
        <ele>0.000</ele>
      </trkpt>
      <trkpt lat="51.401400000" lon="16.200020000">
        <ele>0.000</ele>
      </trkpt>
      <trkpt lat="51.401450000" lon="16.199740000">
        <ele>0.000</ele>
      </trkpt>
      <trkpt lat="51.401500000" lon="16.199680000">
        <ele>0.000</ele>
      </trkpt>
      <trkpt lat="51.401540000" lon="16.199660000">
        <ele>0.000</ele>
      </trkpt>
      <trkpt lat="51.401580000" lon="16.199610000">
        <ele>0.000</ele>
      </trkpt>
      <trkpt lat="51.401790000" lon="16.199160000">
        <ele>0.000</ele>
      </trkpt>
      <trkpt lat="51.401940000" lon="16.198920000">
        <ele>0.000</ele>
      </trkpt>
      <trkpt lat="51.402060000" lon="16.198650000">
        <ele>0.000</ele>
      </trkpt>
      <trkpt lat="51.402140000" lon="16.198540000">
        <ele>0.000</ele>
      </trkpt>
      <trkpt lat="51.402790000" lon="16.196960000">
        <ele>0.000</ele>
      </trkpt>
      <trkpt lat="51.402820000" lon="16.196930000">
        <ele>0.000</ele>
      </trkpt>
      <trkpt lat="51.402910000" lon="16.196770000">
        <ele>0.000</ele>
      </trkpt>
      <trkpt lat="51.403150000" lon="16.196190000">
        <ele>0.000</ele>
      </trkpt>
      <trkpt lat="51.403200000" lon="16.196030000">
        <ele>0.000</ele>
      </trkpt>
      <trkpt lat="51.403200000" lon="16.196000000">
        <ele>0.000</ele>
      </trkpt>
      <trkpt lat="51.403220000" lon="16.195940000">
        <ele>0.000</ele>
      </trkpt>
      <trkpt lat="51.403920000" lon="16.194240000">
        <ele>0.000</ele>
      </trkpt>
      <trkpt lat="51.403930000" lon="16.194160000">
        <ele>0.000</ele>
      </trkpt>
      <trkpt lat="51.403910000" lon="16.194040000">
        <ele>0.000</ele>
      </trkpt>
      <trkpt lat="51.403910000" lon="16.193950000">
        <ele>0.000</ele>
      </trkpt>
      <trkpt lat="51.403980000" lon="16.193510000">
        <ele>0.000</ele>
      </trkpt>
      <trkpt lat="51.404000000" lon="16.193460000">
        <ele>0.000</ele>
      </trkpt>
      <trkpt lat="51.404030000" lon="16.193440000">
        <ele>0.000</ele>
      </trkpt>
      <trkpt lat="51.404250000" lon="16.193350000">
        <ele>0.000</ele>
      </trkpt>
      <trkpt lat="51.404290000" lon="16.193320000">
        <ele>0.000</ele>
      </trkpt>
      <trkpt lat="51.404500000" lon="16.192820000">
        <ele>0.000</ele>
      </trkpt>
      <trkpt lat="51.404780000" lon="16.192220000">
        <ele>0.000</ele>
      </trkpt>
      <trkpt lat="51.404890000" lon="16.192020000">
        <ele>0.000</ele>
      </trkpt>
      <trkpt lat="51.405050000" lon="16.191650000">
        <ele>0.000</ele>
      </trkpt>
      <trkpt lat="51.405200000" lon="16.191360000">
        <ele>0.000</ele>
      </trkpt>
      <trkpt lat="51.405250000" lon="16.191310000">
        <ele>0.000</ele>
      </trkpt>
      <trkpt lat="51.405410000" lon="16.191030000">
        <ele>0.000</ele>
      </trkpt>
      <trkpt lat="51.406250000" lon="16.189560000">
        <ele>0.000</ele>
      </trkpt>
      <trkpt lat="51.406380000" lon="16.189320000">
        <ele>0.000</ele>
      </trkpt>
      <trkpt lat="51.406960000" lon="16.188340000">
        <ele>0.000</ele>
      </trkpt>
      <trkpt lat="51.407250000" lon="16.187910000">
        <ele>0.000</ele>
      </trkpt>
      <trkpt lat="51.407270000" lon="16.187690000">
        <ele>0.000</ele>
      </trkpt>
      <trkpt lat="51.407400000" lon="16.187500000">
        <ele>0.000</ele>
      </trkpt>
      <trkpt lat="51.407550000" lon="16.187430000">
        <ele>0.000</ele>
      </trkpt>
      <trkpt lat="51.407590000" lon="16.187400000">
        <ele>0.000</ele>
      </trkpt>
      <trkpt lat="51.407980000" lon="16.186870000">
        <ele>0.000</ele>
      </trkpt>
      <trkpt lat="51.408070000" lon="16.186810000">
        <ele>0.000</ele>
      </trkpt>
      <trkpt lat="51.408120000" lon="16.186790000">
        <ele>0.000</ele>
      </trkpt>
      <trkpt lat="51.408600000" lon="16.186120000">
        <ele>0.000</ele>
      </trkpt>
      <trkpt lat="51.409590000" lon="16.184760000">
        <ele>0.000</ele>
      </trkpt>
      <trkpt lat="51.409610000" lon="16.184710000">
        <ele>0.000</ele>
      </trkpt>
      <trkpt lat="51.409640000" lon="16.184490000">
        <ele>0.000</ele>
      </trkpt>
      <trkpt lat="51.409640000" lon="16.184410000">
        <ele>0.000</ele>
      </trkpt>
      <trkpt lat="51.409620000" lon="16.184330000">
        <ele>0.000</ele>
      </trkpt>
      <trkpt lat="51.409920000" lon="16.183910000">
        <ele>0.000</ele>
      </trkpt>
      <trkpt lat="51.409800000" lon="16.183670000">
        <ele>0.000</ele>
      </trkpt>
      <trkpt lat="51.409370000" lon="16.182830000">
        <ele>0.000</ele>
      </trkpt>
      <trkpt lat="51.409020000" lon="16.182270000">
        <ele>0.000</ele>
      </trkpt>
      <trkpt lat="51.408850000" lon="16.182000000">
        <ele>0.000</ele>
      </trkpt>
      <trkpt lat="51.408320000" lon="16.181270000">
        <ele>0.000</ele>
      </trkpt>
      <trkpt lat="51.408110000" lon="16.180910000">
        <ele>0.000</ele>
      </trkpt>
      <trkpt lat="51.407950000" lon="16.180700000">
        <ele>0.000</ele>
      </trkpt>
      <trkpt lat="51.407610000" lon="16.180320000">
        <ele>0.000</ele>
      </trkpt>
      <trkpt lat="51.408770000" lon="16.177140000">
        <ele>0.000</ele>
      </trkpt>
      <trkpt lat="51.408830000" lon="16.176850000">
        <ele>0.000</ele>
      </trkpt>
      <trkpt lat="51.409020000" lon="16.175360000">
        <ele>0.000</ele>
      </trkpt>
      <trkpt lat="51.409090000" lon="16.175030000">
        <ele>0.000</ele>
      </trkpt>
      <trkpt lat="51.409230000" lon="16.174620000">
        <ele>0.000</ele>
      </trkpt>
      <trkpt lat="51.409600000" lon="16.173640000">
        <ele>0.000</ele>
      </trkpt>
      <trkpt lat="51.409630000" lon="16.173500000">
        <ele>0.000</ele>
      </trkpt>
      <trkpt lat="51.409650000" lon="16.173270000">
        <ele>0.000</ele>
      </trkpt>
      <trkpt lat="51.409590000" lon="16.172100000">
        <ele>0.000</ele>
      </trkpt>
      <trkpt lat="51.409660000" lon="16.171680000">
        <ele>0.000</ele>
      </trkpt>
      <trkpt lat="51.409690000" lon="16.171660000">
        <ele>0.000</ele>
      </trkpt>
      <trkpt lat="51.409770000" lon="16.171640000">
        <ele>0.000</ele>
      </trkpt>
      <trkpt lat="51.409820000" lon="16.171580000">
        <ele>0.000</ele>
      </trkpt>
      <trkpt lat="51.409850000" lon="16.171500000">
        <ele>0.000</ele>
      </trkpt>
      <trkpt lat="51.409850000" lon="16.171410000">
        <ele>0.000</ele>
      </trkpt>
      <trkpt lat="51.409790000" lon="16.170100000">
        <ele>0.000</ele>
      </trkpt>
      <trkpt lat="51.409730000" lon="16.168780000">
        <ele>0.000</ele>
      </trkpt>
      <trkpt lat="51.409630000" lon="16.167940000">
        <ele>0.000</ele>
      </trkpt>
      <trkpt lat="51.409620000" lon="16.167880000">
        <ele>0.000</ele>
      </trkpt>
      <trkpt lat="51.409410000" lon="16.167200000">
        <ele>0.000</ele>
      </trkpt>
      <trkpt lat="51.408940000" lon="16.166090000">
        <ele>0.000</ele>
      </trkpt>
      <trkpt lat="51.408290000" lon="16.164540000">
        <ele>0.000</ele>
      </trkpt>
      <trkpt lat="51.408240000" lon="16.164470000">
        <ele>0.000</ele>
      </trkpt>
      <trkpt lat="51.408000000" lon="16.164300000">
        <ele>0.000</ele>
      </trkpt>
      <trkpt lat="51.407970000" lon="16.164280000">
        <ele>0.000</ele>
      </trkpt>
      <trkpt lat="51.407940000" lon="16.164220000">
        <ele>0.000</ele>
      </trkpt>
      <trkpt lat="51.407960000" lon="16.164160000">
        <ele>0.000</ele>
      </trkpt>
      <trkpt lat="51.408220000" lon="16.163810000">
        <ele>0.000</ele>
      </trkpt>
      <trkpt lat="51.408300000" lon="16.163690000">
        <ele>0.000</ele>
      </trkpt>
      <trkpt lat="51.409130000" lon="16.162280000">
        <ele>0.000</ele>
      </trkpt>
      <trkpt lat="51.409150000" lon="16.162220000">
        <ele>0.000</ele>
      </trkpt>
      <trkpt lat="51.409180000" lon="16.162070000">
        <ele>0.000</ele>
      </trkpt>
      <trkpt lat="51.409390000" lon="16.161700000">
        <ele>0.000</ele>
      </trkpt>
      <trkpt lat="51.409550000" lon="16.161560000">
        <ele>0.000</ele>
      </trkpt>
      <trkpt lat="51.410390000" lon="16.160120000">
        <ele>0.000</ele>
      </trkpt>
      <trkpt lat="51.410530000" lon="16.159840000">
        <ele>0.000</ele>
      </trkpt>
      <trkpt lat="51.410620000" lon="16.159640000">
        <ele>0.000</ele>
      </trkpt>
      <trkpt lat="51.410740000" lon="16.159300000">
        <ele>0.000</ele>
      </trkpt>
      <trkpt lat="51.410800000" lon="16.159060000">
        <ele>0.000</ele>
      </trkpt>
      <trkpt lat="51.410880000" lon="16.158650000">
        <ele>0.000</ele>
      </trkpt>
      <trkpt lat="51.410890000" lon="16.158480000">
        <ele>0.000</ele>
      </trkpt>
      <trkpt lat="51.410840000" lon="16.158230000">
        <ele>0.000</ele>
      </trkpt>
      <trkpt lat="51.410870000" lon="16.158060000">
        <ele>0.000</ele>
      </trkpt>
      <trkpt lat="51.411110000" lon="16.156900000">
        <ele>0.000</ele>
      </trkpt>
      <trkpt lat="51.411140000" lon="16.156830000">
        <ele>0.000</ele>
      </trkpt>
      <trkpt lat="51.411260000" lon="16.156690000">
        <ele>0.000</ele>
      </trkpt>
      <trkpt lat="51.411280000" lon="16.156650000">
        <ele>0.000</ele>
      </trkpt>
      <trkpt lat="51.411300000" lon="16.156590000">
        <ele>0.000</ele>
      </trkpt>
      <trkpt lat="51.411320000" lon="16.156550000">
        <ele>0.000</ele>
      </trkpt>
      <trkpt lat="51.411750000" lon="16.154470000">
        <ele>0.000</ele>
      </trkpt>
      <trkpt lat="51.412230000" lon="16.152160000">
        <ele>0.000</ele>
      </trkpt>
      <trkpt lat="51.412280000" lon="16.151980000">
        <ele>0.000</ele>
      </trkpt>
      <trkpt lat="51.412350000" lon="16.151700000">
        <ele>0.000</ele>
      </trkpt>
      <trkpt lat="51.412560000" lon="16.151200000">
        <ele>0.000</ele>
      </trkpt>
      <trkpt lat="51.412670000" lon="16.150980000">
        <ele>0.000</ele>
      </trkpt>
      <trkpt lat="51.412770000" lon="16.150800000">
        <ele>0.000</ele>
      </trkpt>
      <trkpt lat="51.414850000" lon="16.147410000">
        <ele>0.000</ele>
      </trkpt>
      <trkpt lat="51.414910000" lon="16.147280000">
        <ele>0.000</ele>
      </trkpt>
      <trkpt lat="51.414930000" lon="16.147210000">
        <ele>0.000</ele>
      </trkpt>
      <trkpt lat="51.414720000" lon="16.147070000">
        <ele>0.000</ele>
      </trkpt>
      <trkpt lat="51.414740000" lon="16.146870000">
        <ele>0.000</ele>
      </trkpt>
      <trkpt lat="51.414730000" lon="16.146730000">
        <ele>0.000</ele>
      </trkpt>
      <trkpt lat="51.414700000" lon="16.146600000">
        <ele>0.000</ele>
      </trkpt>
      <trkpt lat="51.414650000" lon="16.146440000">
        <ele>0.000</ele>
      </trkpt>
      <trkpt lat="51.414430000" lon="16.145900000">
        <ele>0.000</ele>
      </trkpt>
      <trkpt lat="51.414400000" lon="16.145790000">
        <ele>0.000</ele>
      </trkpt>
      <trkpt lat="51.414390000" lon="16.145680000">
        <ele>0.000</ele>
      </trkpt>
      <trkpt lat="51.414390000" lon="16.145600000">
        <ele>0.000</ele>
      </trkpt>
      <trkpt lat="51.414400000" lon="16.145490000">
        <ele>0.000</ele>
      </trkpt>
      <trkpt lat="51.414430000" lon="16.145370000">
        <ele>0.000</ele>
      </trkpt>
      <trkpt lat="51.414880000" lon="16.143920000">
        <ele>0.000</ele>
      </trkpt>
      <trkpt lat="51.414940000" lon="16.143760000">
        <ele>0.000</ele>
      </trkpt>
      <trkpt lat="51.415130000" lon="16.143420000">
        <ele>0.000</ele>
      </trkpt>
      <trkpt lat="51.415660000" lon="16.142750000">
        <ele>0.000</ele>
      </trkpt>
      <trkpt lat="51.414490000" lon="16.141040000">
        <ele>0.000</ele>
      </trkpt>
      <trkpt lat="51.413750000" lon="16.140160000">
        <ele>0.000</ele>
      </trkpt>
      <trkpt lat="51.413830000" lon="16.139980000">
        <ele>0.000</ele>
      </trkpt>
      <trkpt lat="51.413950000" lon="16.139650000">
        <ele>0.000</ele>
      </trkpt>
      <trkpt lat="51.414150000" lon="16.139010000">
        <ele>0.000</ele>
      </trkpt>
      <trkpt lat="51.414250000" lon="16.138640000">
        <ele>0.000</ele>
      </trkpt>
      <trkpt lat="51.414340000" lon="16.138240000">
        <ele>0.000</ele>
      </trkpt>
      <trkpt lat="51.414540000" lon="16.137550000">
        <ele>0.000</ele>
      </trkpt>
      <trkpt lat="51.414600000" lon="16.137330000">
        <ele>0.000</ele>
      </trkpt>
      <trkpt lat="51.415070000" lon="16.135070000">
        <ele>0.000</ele>
      </trkpt>
      <trkpt lat="51.415130000" lon="16.134710000">
        <ele>0.000</ele>
      </trkpt>
      <trkpt lat="51.415200000" lon="16.134240000">
        <ele>0.000</ele>
      </trkpt>
      <trkpt lat="51.415230000" lon="16.133990000">
        <ele>0.000</ele>
      </trkpt>
      <trkpt lat="51.415250000" lon="16.133790000">
        <ele>0.000</ele>
      </trkpt>
      <trkpt lat="51.415840000" lon="16.130970000">
        <ele>0.000</ele>
      </trkpt>
      <trkpt lat="51.415980000" lon="16.130240000">
        <ele>0.000</ele>
      </trkpt>
      <trkpt lat="51.416050000" lon="16.129840000">
        <ele>0.000</ele>
      </trkpt>
      <trkpt lat="51.416090000" lon="16.129480000">
        <ele>0.000</ele>
      </trkpt>
      <trkpt lat="51.416130000" lon="16.129110000">
        <ele>0.000</ele>
      </trkpt>
      <trkpt lat="51.416160000" lon="16.128630000">
        <ele>0.000</ele>
      </trkpt>
      <trkpt lat="51.416490000" lon="16.120150000">
        <ele>0.000</ele>
      </trkpt>
      <trkpt lat="51.416550000" lon="16.119210000">
        <ele>0.000</ele>
      </trkpt>
      <trkpt lat="51.416590000" lon="16.118750000">
        <ele>0.000</ele>
      </trkpt>
      <trkpt lat="51.416660000" lon="16.118190000">
        <ele>0.000</ele>
      </trkpt>
      <trkpt lat="51.416780000" lon="16.117330000">
        <ele>0.000</ele>
      </trkpt>
      <trkpt lat="51.416910000" lon="16.116560000">
        <ele>0.000</ele>
      </trkpt>
      <trkpt lat="51.416990000" lon="16.116180000">
        <ele>0.000</ele>
      </trkpt>
      <trkpt lat="51.417150000" lon="16.115540000">
        <ele>0.000</ele>
      </trkpt>
      <trkpt lat="51.417370000" lon="16.114760000">
        <ele>0.000</ele>
      </trkpt>
      <trkpt lat="51.417550000" lon="16.114170000">
        <ele>0.000</ele>
      </trkpt>
      <trkpt lat="51.417820000" lon="16.113420000">
        <ele>0.000</ele>
      </trkpt>
      <trkpt lat="51.418070000" lon="16.112820000">
        <ele>0.000</ele>
      </trkpt>
      <trkpt lat="51.418280000" lon="16.112350000">
        <ele>0.000</ele>
      </trkpt>
      <trkpt lat="51.418530000" lon="16.111850000">
        <ele>0.000</ele>
      </trkpt>
      <trkpt lat="51.418760000" lon="16.111420000">
        <ele>0.000</ele>
      </trkpt>
      <trkpt lat="51.418950000" lon="16.111070000">
        <ele>0.000</ele>
      </trkpt>
      <trkpt lat="51.419240000" lon="16.110590000">
        <ele>0.000</ele>
      </trkpt>
      <trkpt lat="51.419530000" lon="16.110190000">
        <ele>0.000</ele>
      </trkpt>
      <trkpt lat="51.419980000" lon="16.109600000">
        <ele>0.000</ele>
      </trkpt>
      <trkpt lat="51.420360000" lon="16.109150000">
        <ele>0.000</ele>
      </trkpt>
      <trkpt lat="51.420880000" lon="16.108610000">
        <ele>0.000</ele>
      </trkpt>
      <trkpt lat="51.421050000" lon="16.108450000">
        <ele>0.000</ele>
      </trkpt>
      <trkpt lat="51.421340000" lon="16.108200000">
        <ele>0.000</ele>
      </trkpt>
      <trkpt lat="51.421550000" lon="16.108040000">
        <ele>0.000</ele>
      </trkpt>
      <trkpt lat="51.431280000" lon="16.101090000">
        <ele>0.000</ele>
      </trkpt>
      <trkpt lat="51.431870000" lon="16.100660000">
        <ele>0.000</ele>
      </trkpt>
      <trkpt lat="51.432130000" lon="16.100450000">
        <ele>0.000</ele>
      </trkpt>
      <trkpt lat="51.432280000" lon="16.100300000">
        <ele>0.000</ele>
      </trkpt>
      <trkpt lat="51.432410000" lon="16.100170000">
        <ele>0.000</ele>
      </trkpt>
      <trkpt lat="51.432640000" lon="16.099890000">
        <ele>0.000</ele>
      </trkpt>
      <trkpt lat="51.432780000" lon="16.099690000">
        <ele>0.000</ele>
      </trkpt>
      <trkpt lat="51.432960000" lon="16.099410000">
        <ele>0.000</ele>
      </trkpt>
      <trkpt lat="51.433070000" lon="16.099220000">
        <ele>0.000</ele>
      </trkpt>
      <trkpt lat="51.433280000" lon="16.098790000">
        <ele>0.000</ele>
      </trkpt>
      <trkpt lat="51.433420000" lon="16.098430000">
        <ele>0.000</ele>
      </trkpt>
      <trkpt lat="51.433580000" lon="16.097980000">
        <ele>0.000</ele>
      </trkpt>
      <trkpt lat="51.433630000" lon="16.097790000">
        <ele>0.000</ele>
      </trkpt>
      <trkpt lat="51.433770000" lon="16.097220000">
        <ele>0.000</ele>
      </trkpt>
      <trkpt lat="51.433870000" lon="16.096620000">
        <ele>0.000</ele>
      </trkpt>
      <trkpt lat="51.433900000" lon="16.096280000">
        <ele>0.000</ele>
      </trkpt>
      <trkpt lat="51.433930000" lon="16.095970000">
        <ele>0.000</ele>
      </trkpt>
      <trkpt lat="51.433940000" lon="16.095480000">
        <ele>0.000</ele>
      </trkpt>
      <trkpt lat="51.433930000" lon="16.095130000">
        <ele>0.000</ele>
      </trkpt>
      <trkpt lat="51.433910000" lon="16.094850000">
        <ele>0.000</ele>
      </trkpt>
      <trkpt lat="51.433880000" lon="16.094490000">
        <ele>0.000</ele>
      </trkpt>
      <trkpt lat="51.433730000" lon="16.093370000">
        <ele>0.000</ele>
      </trkpt>
      <trkpt lat="51.434410000" lon="16.093130000">
        <ele>0.000</ele>
      </trkpt>
      <trkpt lat="51.435840000" lon="16.092600000">
        <ele>0.000</ele>
      </trkpt>
      <trkpt lat="51.435970000" lon="16.092570000">
        <ele>0.000</ele>
      </trkpt>
      <trkpt lat="51.436260000" lon="16.092430000">
        <ele>0.000</ele>
      </trkpt>
      <trkpt lat="51.436400000" lon="16.092310000">
        <ele>0.000</ele>
      </trkpt>
      <trkpt lat="51.436490000" lon="16.092250000">
        <ele>0.000</ele>
      </trkpt>
      <trkpt lat="51.438950000" lon="16.090840000">
        <ele>0.000</ele>
      </trkpt>
      <trkpt lat="51.439080000" lon="16.090780000">
        <ele>0.000</ele>
      </trkpt>
      <trkpt lat="51.439200000" lon="16.090740000">
        <ele>0.000</ele>
      </trkpt>
      <trkpt lat="51.439630000" lon="16.090640000">
        <ele>0.000</ele>
      </trkpt>
      <trkpt lat="51.439810000" lon="16.090550000">
        <ele>0.000</ele>
      </trkpt>
      <trkpt lat="51.440500000" lon="16.090130000">
        <ele>0.000</ele>
      </trkpt>
      <trkpt lat="51.441140000" lon="16.089800000">
        <ele>0.000</ele>
      </trkpt>
      <trkpt lat="51.442180000" lon="16.089100000">
        <ele>0.000</ele>
      </trkpt>
      <trkpt lat="51.442250000" lon="16.089040000">
        <ele>0.000</ele>
      </trkpt>
      <trkpt lat="51.442300000" lon="16.088940000">
        <ele>0.000</ele>
      </trkpt>
      <trkpt lat="51.442380000" lon="16.088930000">
        <ele>0.000</ele>
      </trkpt>
      <trkpt lat="51.442540000" lon="16.088860000">
        <ele>0.000</ele>
      </trkpt>
      <trkpt lat="51.442990000" lon="16.088550000">
        <ele>0.000</ele>
      </trkpt>
      <trkpt lat="51.444090000" lon="16.087810000">
        <ele>0.000</ele>
      </trkpt>
      <trkpt lat="51.444510000" lon="16.087630000">
        <ele>0.000</ele>
      </trkpt>
      <trkpt lat="51.444990000" lon="16.087460000">
        <ele>0.000</ele>
      </trkpt>
      <trkpt lat="51.445560000" lon="16.087320000">
        <ele>0.000</ele>
      </trkpt>
      <trkpt lat="51.445720000" lon="16.087310000">
        <ele>0.000</ele>
      </trkpt>
      <trkpt lat="51.445790000" lon="16.087360000">
        <ele>0.000</ele>
      </trkpt>
      <trkpt lat="51.445830000" lon="16.087400000">
        <ele>0.000</ele>
      </trkpt>
      <trkpt lat="51.445850000" lon="16.087390000">
        <ele>0.000</ele>
      </trkpt>
      <trkpt lat="51.445880000" lon="16.087400000">
        <ele>0.000</ele>
      </trkpt>
      <trkpt lat="51.446330000" lon="16.087650000">
        <ele>0.000</ele>
      </trkpt>
      <trkpt lat="51.446420000" lon="16.087720000">
        <ele>0.000</ele>
      </trkpt>
      <trkpt lat="51.446790000" lon="16.088070000">
        <ele>0.000</ele>
      </trkpt>
      <trkpt lat="51.447360000" lon="16.088650000">
        <ele>0.000</ele>
      </trkpt>
      <trkpt lat="51.447510000" lon="16.088760000">
        <ele>0.000</ele>
      </trkpt>
      <trkpt lat="51.447700000" lon="16.088840000">
        <ele>0.000</ele>
      </trkpt>
      <trkpt lat="51.448250000" lon="16.088830000">
        <ele>0.000</ele>
      </trkpt>
      <trkpt lat="51.448430000" lon="16.088610000">
        <ele>0.000</ele>
      </trkpt>
      <trkpt lat="51.448610000" lon="16.088590000">
        <ele>0.000</ele>
      </trkpt>
      <trkpt lat="51.448810000" lon="16.088540000">
        <ele>0.000</ele>
      </trkpt>
      <trkpt lat="51.449130000" lon="16.088540000">
        <ele>0.000</ele>
      </trkpt>
      <trkpt lat="51.449320000" lon="16.088590000">
        <ele>0.000</ele>
      </trkpt>
      <trkpt lat="51.449560000" lon="16.088710000">
        <ele>0.000</ele>
      </trkpt>
      <trkpt lat="51.450520000" lon="16.089120000">
        <ele>0.000</ele>
      </trkpt>
      <trkpt lat="51.450720000" lon="16.089150000">
        <ele>0.000</ele>
      </trkpt>
      <trkpt lat="51.450930000" lon="16.089120000">
        <ele>0.000</ele>
      </trkpt>
      <trkpt lat="51.451110000" lon="16.088990000">
        <ele>0.000</ele>
      </trkpt>
      <trkpt lat="51.451610000" lon="16.088560000">
        <ele>0.000</ele>
      </trkpt>
      <trkpt lat="51.452860000" lon="16.087640000">
        <ele>0.000</ele>
      </trkpt>
      <trkpt lat="51.453100000" lon="16.087390000">
        <ele>0.000</ele>
      </trkpt>
      <trkpt lat="51.453410000" lon="16.087390000">
        <ele>0.000</ele>
      </trkpt>
      <trkpt lat="51.453670000" lon="16.087540000">
        <ele>0.000</ele>
      </trkpt>
      <trkpt lat="51.455210000" lon="16.088280000">
        <ele>0.000</ele>
      </trkpt>
      <trkpt lat="51.455470000" lon="16.088350000">
        <ele>0.000</ele>
      </trkpt>
      <trkpt lat="51.456130000" lon="16.088480000">
        <ele>0.000</ele>
      </trkpt>
      <trkpt lat="51.457590000" lon="16.088920000">
        <ele>0.000</ele>
      </trkpt>
      <trkpt lat="51.459040000" lon="16.089320000">
        <ele>0.000</ele>
      </trkpt>
      <trkpt lat="51.459870000" lon="16.089440000">
        <ele>0.000</ele>
      </trkpt>
      <trkpt lat="51.460450000" lon="16.089550000">
        <ele>0.000</ele>
      </trkpt>
      <trkpt lat="51.460820000" lon="16.089570000">
        <ele>0.000</ele>
      </trkpt>
      <trkpt lat="51.461520000" lon="16.089520000">
        <ele>0.000</ele>
      </trkpt>
      <trkpt lat="51.461820000" lon="16.089440000">
        <ele>0.000</ele>
      </trkpt>
      <trkpt lat="51.461910000" lon="16.089450000">
        <ele>0.000</ele>
      </trkpt>
      <trkpt lat="51.462000000" lon="16.089470000">
        <ele>0.000</ele>
      </trkpt>
      <trkpt lat="51.462050000" lon="16.089470000">
        <ele>0.000</ele>
      </trkpt>
      <trkpt lat="51.463580000" lon="16.089200000">
        <ele>0.000</ele>
      </trkpt>
      <trkpt lat="51.463680000" lon="16.089170000">
        <ele>0.000</ele>
      </trkpt>
      <trkpt lat="51.464410000" lon="16.088770000">
        <ele>0.000</ele>
      </trkpt>
      <trkpt lat="51.464580000" lon="16.088620000">
        <ele>0.000</ele>
      </trkpt>
      <trkpt lat="51.464920000" lon="16.088210000">
        <ele>0.000</ele>
      </trkpt>
      <trkpt lat="51.466150000" lon="16.086820000">
        <ele>0.000</ele>
      </trkpt>
      <trkpt lat="51.469220000" lon="16.083320000">
        <ele>0.000</ele>
      </trkpt>
      <trkpt lat="51.469440000" lon="16.083160000">
        <ele>0.000</ele>
      </trkpt>
      <trkpt lat="51.469860000" lon="16.082990000">
        <ele>0.000</ele>
      </trkpt>
      <trkpt lat="51.470090000" lon="16.082940000">
        <ele>0.000</ele>
      </trkpt>
      <trkpt lat="51.472410000" lon="16.083060000">
        <ele>0.000</ele>
      </trkpt>
      <trkpt lat="51.473920000" lon="16.082890000">
        <ele>0.000</ele>
      </trkpt>
      <trkpt lat="51.475650000" lon="16.082470000">
        <ele>0.000</ele>
      </trkpt>
      <trkpt lat="51.475870000" lon="16.082330000">
        <ele>0.000</ele>
      </trkpt>
      <trkpt lat="51.475840000" lon="16.081520000">
        <ele>0.000</ele>
      </trkpt>
      <trkpt lat="51.475690000" lon="16.079940000">
        <ele>0.000</ele>
      </trkpt>
      <trkpt lat="51.475670000" lon="16.079420000">
        <ele>0.000</ele>
      </trkpt>
      <trkpt lat="51.475680000" lon="16.078970000">
        <ele>0.000</ele>
      </trkpt>
      <trkpt lat="51.475950000" lon="16.076140000">
        <ele>0.000</ele>
      </trkpt>
      <trkpt lat="51.476070000" lon="16.073660000">
        <ele>0.000</ele>
      </trkpt>
      <trkpt lat="51.476260000" lon="16.072620000">
        <ele>0.000</ele>
      </trkpt>
      <trkpt lat="51.476420000" lon="16.070290000">
        <ele>0.000</ele>
      </trkpt>
      <trkpt lat="51.476690000" lon="16.068490000">
        <ele>0.000</ele>
      </trkpt>
      <trkpt lat="51.476830000" lon="16.067610000">
        <ele>0.000</ele>
      </trkpt>
      <trkpt lat="51.478190000" lon="16.068090000">
        <ele>0.000</ele>
      </trkpt>
      <trkpt lat="51.478300000" lon="16.068100000">
        <ele>0.000</ele>
      </trkpt>
      <trkpt lat="51.478520000" lon="16.067970000">
        <ele>0.000</ele>
      </trkpt>
      <trkpt lat="51.478580000" lon="16.067950000">
        <ele>0.000</ele>
      </trkpt>
      <trkpt lat="51.478770000" lon="16.067960000">
        <ele>0.000</ele>
      </trkpt>
      <trkpt lat="51.479630000" lon="16.068320000">
        <ele>0.000</ele>
      </trkpt>
      <trkpt lat="51.480270000" lon="16.068530000">
        <ele>0.000</ele>
      </trkpt>
      <trkpt lat="51.480680000" lon="16.068700000">
        <ele>0.000</ele>
      </trkpt>
      <trkpt lat="51.480970000" lon="16.068900000">
        <ele>0.000</ele>
      </trkpt>
      <trkpt lat="51.481310000" lon="16.069040000">
        <ele>0.000</ele>
      </trkpt>
      <trkpt lat="51.481530000" lon="16.069150000">
        <ele>0.000</ele>
      </trkpt>
      <trkpt lat="51.481680000" lon="16.069190000">
        <ele>0.000</ele>
      </trkpt>
      <trkpt lat="51.481790000" lon="16.069180000">
        <ele>0.000</ele>
      </trkpt>
      <trkpt lat="51.481960000" lon="16.069050000">
        <ele>0.000</ele>
      </trkpt>
      <trkpt lat="51.482020000" lon="16.069000000">
        <ele>0.000</ele>
      </trkpt>
      <trkpt lat="51.482070000" lon="16.068990000">
        <ele>0.000</ele>
      </trkpt>
      <trkpt lat="51.482300000" lon="16.069040000">
        <ele>0.000</ele>
      </trkpt>
      <trkpt lat="51.482840000" lon="16.069100000">
        <ele>0.000</ele>
      </trkpt>
      <trkpt lat="51.482880000" lon="16.069210000">
        <ele>0.000</ele>
      </trkpt>
      <trkpt lat="51.482960000" lon="16.069310000">
        <ele>0.000</ele>
      </trkpt>
      <trkpt lat="51.483820000" lon="16.069750000">
        <ele>0.000</ele>
      </trkpt>
      <trkpt lat="51.483940000" lon="16.069830000">
        <ele>0.000</ele>
      </trkpt>
      <trkpt lat="51.484040000" lon="16.069950000">
        <ele>0.000</ele>
      </trkpt>
      <trkpt lat="51.484100000" lon="16.070180000">
        <ele>0.000</ele>
      </trkpt>
      <trkpt lat="51.484350000" lon="16.070660000">
        <ele>0.000</ele>
      </trkpt>
      <trkpt lat="51.485550000" lon="16.072430000">
        <ele>0.000</ele>
      </trkpt>
      <trkpt lat="51.486130000" lon="16.071650000">
        <ele>0.000</ele>
      </trkpt>
      <trkpt lat="51.486440000" lon="16.071100000">
        <ele>0.000</ele>
      </trkpt>
      <trkpt lat="51.486820000" lon="16.070300000">
        <ele>0.000</ele>
      </trkpt>
      <trkpt lat="51.487420000" lon="16.069110000">
        <ele>0.000</ele>
      </trkpt>
      <trkpt lat="51.488080000" lon="16.066670000">
        <ele>0.000</ele>
      </trkpt>
      <trkpt lat="51.489570000" lon="16.063920000">
        <ele>0.000</ele>
      </trkpt>
      <trkpt lat="51.490150000" lon="16.062900000">
        <ele>0.000</ele>
      </trkpt>
      <trkpt lat="51.490280000" lon="16.062990000">
        <ele>0.000</ele>
      </trkpt>
      <trkpt lat="51.490760000" lon="16.063220000">
        <ele>0.000</ele>
      </trkpt>
      <trkpt lat="51.490870000" lon="16.063250000">
        <ele>0.000</ele>
      </trkpt>
      <trkpt lat="51.491090000" lon="16.063350000">
        <ele>0.000</ele>
      </trkpt>
      <trkpt lat="51.491150000" lon="16.063400000">
        <ele>0.000</ele>
      </trkpt>
      <trkpt lat="51.491180000" lon="16.063460000">
        <ele>0.000</ele>
      </trkpt>
      <trkpt lat="51.491210000" lon="16.063610000">
        <ele>0.000</ele>
      </trkpt>
      <trkpt lat="51.491440000" lon="16.063690000">
        <ele>0.000</ele>
      </trkpt>
      <trkpt lat="51.491480000" lon="16.063610000">
        <ele>0.000</ele>
      </trkpt>
      <trkpt lat="51.491510000" lon="16.063590000">
        <ele>0.000</ele>
      </trkpt>
      <trkpt lat="51.491600000" lon="16.063560000">
        <ele>0.000</ele>
      </trkpt>
      <trkpt lat="51.491610000" lon="16.063450000">
        <ele>0.000</ele>
      </trkpt>
      <trkpt lat="51.491780000" lon="16.063430000">
        <ele>0.000</ele>
      </trkpt>
      <trkpt lat="51.491910000" lon="16.063500000">
        <ele>0.000</ele>
      </trkpt>
      <trkpt lat="51.492640000" lon="16.063990000">
        <ele>0.000</ele>
      </trkpt>
      <trkpt lat="51.493740000" lon="16.064810000">
        <ele>0.000</ele>
      </trkpt>
      <trkpt lat="51.496030000" lon="16.066430000">
        <ele>0.000</ele>
      </trkpt>
      <trkpt lat="51.496950000" lon="16.067100000">
        <ele>0.000</ele>
      </trkpt>
      <trkpt lat="51.496980000" lon="16.067010000">
        <ele>0.000</ele>
      </trkpt>
      <trkpt lat="51.497020000" lon="16.066990000">
        <ele>0.000</ele>
      </trkpt>
      <trkpt lat="51.497080000" lon="16.066990000">
        <ele>0.000</ele>
      </trkpt>
      <trkpt lat="51.497440000" lon="16.067240000">
        <ele>0.000</ele>
      </trkpt>
      <trkpt lat="51.498190000" lon="16.067450000">
        <ele>0.000</ele>
      </trkpt>
      <trkpt lat="51.498170000" lon="16.067640000">
        <ele>0.000</ele>
      </trkpt>
      <trkpt lat="51.498560000" lon="16.067740000">
        <ele>0.000</ele>
      </trkpt>
      <trkpt lat="51.498950000" lon="16.067870000">
        <ele>0.000</ele>
      </trkpt>
      <trkpt lat="51.499100000" lon="16.067960000">
        <ele>0.000</ele>
      </trkpt>
      <trkpt lat="51.499410000" lon="16.068200000">
        <ele>0.000</ele>
      </trkpt>
      <trkpt lat="51.499510000" lon="16.068370000">
        <ele>0.000</ele>
      </trkpt>
      <trkpt lat="51.499540000" lon="16.068460000">
        <ele>0.000</ele>
      </trkpt>
      <trkpt lat="51.499580000" lon="16.068600000">
        <ele>0.000</ele>
      </trkpt>
      <trkpt lat="51.499890000" lon="16.068390000">
        <ele>0.000</ele>
      </trkpt>
      <trkpt lat="51.500000000" lon="16.068340000">
        <ele>0.000</ele>
      </trkpt>
      <trkpt lat="51.500860000" lon="16.067970000">
        <ele>0.000</ele>
      </trkpt>
      <trkpt lat="51.501020000" lon="16.067950000">
        <ele>0.000</ele>
      </trkpt>
      <trkpt lat="51.501030000" lon="16.068000000">
        <ele>0.000</ele>
      </trkpt>
      <trkpt lat="51.501060000" lon="16.068000000">
        <ele>0.000</ele>
      </trkpt>
      <trkpt lat="51.501140000" lon="16.068090000">
        <ele>0.000</ele>
      </trkpt>
      <trkpt lat="51.501450290" lon="16.067841475">
        <ele>0.000</ele>
      </trkpt>
      <trkpt lat="51.501751388" lon="16.067967045">
        <ele>0.000</ele>
      </trkpt>
      <trkpt lat="51.502119208" lon="16.068096322">
        <ele>0.000</ele>
      </trkpt>
      <trkpt lat="51.502555510" lon="16.068040108">
        <ele>0.000</ele>
      </trkpt>
      <trkpt lat="51.502952204" lon="16.067931440">
        <ele>0.000</ele>
      </trkpt>
      <trkpt lat="51.503082073" lon="16.067877234">
        <ele>0.000</ele>
      </trkpt>
      <trkpt lat="51.503515651" lon="16.067831108">
        <ele>0.000</ele>
      </trkpt>
    </trkseg>
  </trk>
  <trk>
    <name>Polkowice – Chocianów 18</name>
    <trkseg>
      <trkpt lat="51.503001973" lon="16.067783658">
        <ele>0.000</ele>
      </trkpt>
      <trkpt lat="51.503109600" lon="16.064955510">
        <ele>0.000</ele>
      </trkpt>
      <trkpt lat="51.502432944" lon="16.064434629">
        <ele>0.000</ele>
      </trkpt>
      <trkpt lat="51.502083858" lon="16.063995717">
        <ele>0.000</ele>
      </trkpt>
      <trkpt lat="51.502389814" lon="16.062477918">
        <ele>0.000</ele>
      </trkpt>
      <trkpt lat="51.502493277" lon="16.061578745">
        <ele>0.000</ele>
      </trkpt>
      <trkpt lat="51.502513272" lon="16.060795712">
        <ele>0.000</ele>
      </trkpt>
      <trkpt lat="51.502186864" lon="16.059635362">
        <ele>0.000</ele>
      </trkpt>
      <trkpt lat="51.501712443" lon="16.058143532">
        <ele>0.000</ele>
      </trkpt>
      <trkpt lat="51.501171021" lon="16.056593437">
        <ele>0.000</ele>
      </trkpt>
      <trkpt lat="51.500935069" lon="16.055417945">
        <ele>0.000</ele>
      </trkpt>
      <trkpt lat="51.500753954" lon="16.053567971">
        <ele>0.000</ele>
      </trkpt>
      <trkpt lat="51.500553844" lon="16.051301600">
        <ele>0.000</ele>
      </trkpt>
      <trkpt lat="51.500358658" lon="16.048696882">
        <ele>0.000</ele>
      </trkpt>
      <trkpt lat="51.499884090" lon="16.045875986">
        <ele>0.000</ele>
      </trkpt>
      <trkpt lat="51.499604805" lon="16.044195621">
        <ele>0.000</ele>
      </trkpt>
      <trkpt lat="51.499753381" lon="16.043312560">
        <ele>0.000</ele>
      </trkpt>
      <trkpt lat="51.499986245" lon="16.042671435">
        <ele>0.000</ele>
      </trkpt>
      <trkpt lat="51.500413010" lon="16.041662436">
        <ele>0.000</ele>
      </trkpt>
      <trkpt lat="51.500754573" lon="16.040882784">
        <ele>0.000</ele>
      </trkpt>
      <trkpt lat="51.501308995" lon="16.039241013">
        <ele>0.000</ele>
      </trkpt>
      <trkpt lat="51.501717468" lon="16.037448056">
        <ele>0.000</ele>
      </trkpt>
      <trkpt lat="51.502020325" lon="16.035740639">
        <ele>0.000</ele>
      </trkpt>
      <trkpt lat="51.502228890" lon="16.034525403">
        <ele>0.000</ele>
      </trkpt>
      <trkpt lat="51.502477579" lon="16.032935106">
        <ele>0.000</ele>
      </trkpt>
      <trkpt lat="51.502523809" lon="16.032065250">
        <ele>0.000</ele>
      </trkpt>
      <trkpt lat="51.502300567" lon="16.031021830">
        <ele>0.000</ele>
      </trkpt>
      <trkpt lat="51.501552207" lon="16.028777237">
        <ele>0.000</ele>
      </trkpt>
      <trkpt lat="51.501306538" lon="16.026799186">
        <ele>0.000</ele>
      </trkpt>
      <trkpt lat="51.500369946" lon="16.026846193">
        <ele>0.000</ele>
      </trkpt>
      <trkpt lat="51.499271193" lon="16.024880443">
        <ele>0.000</ele>
      </trkpt>
      <trkpt lat="51.497842630" lon="16.022379128">
        <ele>0.000</ele>
      </trkpt>
      <trkpt lat="51.495718020" lon="16.017953956">
        <ele>0.000</ele>
      </trkpt>
      <trkpt lat="51.495014689" lon="16.016367247">
        <ele>0.000</ele>
      </trkpt>
      <trkpt lat="51.494669579" lon="16.015266939">
        <ele>0.000</ele>
      </trkpt>
      <trkpt lat="51.493241307" lon="16.008785650">
        <ele>0.000</ele>
      </trkpt>
      <trkpt lat="51.492643580" lon="16.006789118">
        <ele>0.000</ele>
      </trkpt>
      <trkpt lat="51.491087422" lon="16.003163350">
        <ele>0.000</ele>
      </trkpt>
      <trkpt lat="51.489916309" lon="16.000949000">
        <ele>0.000</ele>
      </trkpt>
      <trkpt lat="51.488127522" lon="15.998663305">
        <ele>0.000</ele>
      </trkpt>
      <trkpt lat="51.487421901" lon="15.997063299">
        <ele>0.000</ele>
      </trkpt>
      <trkpt lat="51.486763451" lon="15.995109149">
        <ele>0.000</ele>
      </trkpt>
      <trkpt lat="51.485723966" lon="15.992431221">
        <ele>0.000</ele>
      </trkpt>
      <trkpt lat="51.485178621" lon="15.990054624">
        <ele>0.000</ele>
      </trkpt>
      <trkpt lat="51.484909741" lon="15.984201063">
        <ele>0.000</ele>
      </trkpt>
      <trkpt lat="51.485318726" lon="15.978844425">
        <ele>0.000</ele>
      </trkpt>
      <trkpt lat="51.485259140" lon="15.978596781">
        <ele>0.000</ele>
      </trkpt>
      <trkpt lat="51.480375613" lon="15.979572279">
        <ele>0.000</ele>
      </trkpt>
      <trkpt lat="51.476655212" lon="15.981029937">
        <ele>0.000</ele>
      </trkpt>
      <trkpt lat="51.473429798" lon="15.982892731">
        <ele>0.000</ele>
      </trkpt>
      <trkpt lat="51.470832908" lon="15.982864060">
        <ele>0.000</ele>
      </trkpt>
      <trkpt lat="51.469904346" lon="15.982767093">
        <ele>0.000</ele>
      </trkpt>
      <trkpt lat="51.469521764" lon="15.982591498">
        <ele>0.000</ele>
      </trkpt>
      <trkpt lat="51.468885412" lon="15.981777961">
        <ele>0.000</ele>
      </trkpt>
      <trkpt lat="51.468759657" lon="15.981149282">
        <ele>0.000</ele>
      </trkpt>
      <trkpt lat="51.467691063" lon="15.980673504">
        <ele>0.000</ele>
      </trkpt>
      <trkpt lat="51.465854636" lon="15.980301530">
        <ele>0.000</ele>
      </trkpt>
      <trkpt lat="51.457396231" lon="15.976765141">
        <ele>0.000</ele>
      </trkpt>
      <trkpt lat="51.456128197" lon="15.974899201">
        <ele>0.000</ele>
      </trkpt>
      <trkpt lat="51.454005702" lon="15.971888462">
        <ele>0.000</ele>
      </trkpt>
      <trkpt lat="51.452253136" lon="15.970172102">
        <ele>0.000</ele>
      </trkpt>
      <trkpt lat="51.451122490" lon="15.968734051">
        <ele>0.000</ele>
      </trkpt>
      <trkpt lat="51.450358962" lon="15.967863176">
        <ele>0.000</ele>
      </trkpt>
      <trkpt lat="51.449327553" lon="15.966365217">
        <ele>0.000</ele>
      </trkpt>
      <trkpt lat="51.448846156" lon="15.965472982">
        <ele>0.000</ele>
      </trkpt>
      <trkpt lat="51.448494906" lon="15.964771400">
        <ele>0.000</ele>
      </trkpt>
      <trkpt lat="51.447777651" lon="15.964266865">
        <ele>0.000</ele>
      </trkpt>
      <trkpt lat="51.447290398" lon="15.964126851">
        <ele>0.000</ele>
      </trkpt>
      <trkpt lat="51.446618236" lon="15.964272406">
        <ele>0.000</ele>
      </trkpt>
      <trkpt lat="51.446050450" lon="15.964032139">
        <ele>0.000</ele>
      </trkpt>
      <trkpt lat="51.445676096" lon="15.963662985">
        <ele>0.000</ele>
      </trkpt>
      <trkpt lat="51.445282126" lon="15.963262936">
        <ele>0.000</ele>
      </trkpt>
      <trkpt lat="51.442527721" lon="15.962081348">
        <ele>0.000</ele>
      </trkpt>
      <trkpt lat="51.440420187" lon="15.962057550">
        <ele>0.000</ele>
      </trkpt>
      <trkpt lat="51.438222955" lon="15.962561943">
        <ele>0.000</ele>
      </trkpt>
      <trkpt lat="51.435805799" lon="15.963772026">
        <ele>0.000</ele>
      </trkpt>
      <trkpt lat="51.435014159" lon="15.963917472">
        <ele>0.000</ele>
      </trkpt>
      <trkpt lat="51.433167977" lon="15.956589559">
        <ele>0.000</ele>
      </trkpt>
      <trkpt lat="51.430745472" lon="15.946661668">
        <ele>0.000</ele>
      </trkpt>
      <trkpt lat="51.427865426" lon="15.935359962">
        <ele>0.000</ele>
      </trkpt>
      <trkpt lat="51.425367124" lon="15.925401491">
        <ele>0.000</ele>
      </trkpt>
      <trkpt lat="51.424323107" lon="15.922721730">
        <ele>0.000</ele>
      </trkpt>
      <trkpt lat="51.423515900" lon="15.920942371">
        <ele>0.000</ele>
      </trkpt>
      <trkpt lat="51.423290636" lon="15.919575017">
        <ele>0.000</ele>
      </trkpt>
      <trkpt lat="51.423430625" lon="15.918387625">
        <ele>0.000</ele>
      </trkpt>
      <trkpt lat="51.423713991" lon="15.916934333">
        <ele>0.000</ele>
      </trkpt>
      <trkpt lat="51.423959079" lon="15.915747289">
        <ele>0.000</ele>
      </trkpt>
      <trkpt lat="51.424040239" lon="15.914730923">
        <ele>0.000</ele>
      </trkpt>
      <trkpt lat="51.423996643" lon="15.913339378">
        <ele>0.000</ele>
      </trkpt>
      <trkpt lat="51.423666149" lon="15.912555012">
        <ele>0.000</ele>
      </trkpt>
      <trkpt lat="51.422390452" lon="15.911155286">
        <ele>0.000</ele>
      </trkpt>
      <trkpt lat="51.420456767" lon="15.908821027">
        <ele>0.000</ele>
      </trkpt>
      <trkpt lat="51.418972424" lon="15.907008397">
        <ele>0.000</ele>
      </trkpt>
      <trkpt lat="51.417707805" lon="15.905826558">
        <ele>0.000</ele>
      </trkpt>
      <trkpt lat="51.418264036" lon="15.903272588">
        <ele>0.000</ele>
      </trkpt>
      <trkpt lat="51.418627408" lon="15.901639703">
        <ele>0.000</ele>
      </trkpt>
    </trkseg>
  </trk>
  <trk>
    <name>Chocianów – Pustynia 22</name>
    <trkseg>
      <trkpt lat="51.418813959" lon="15.900934564">
        <ele>0.000</ele>
      </trkpt>
      <trkpt lat="51.418450125" lon="15.900620228">
        <ele>0.000</ele>
      </trkpt>
      <trkpt lat="51.418300336" lon="15.900528114">
        <ele>0.000</ele>
      </trkpt>
      <trkpt lat="51.418815908" lon="15.898318212">
        <ele>0.000</ele>
      </trkpt>
      <trkpt lat="51.418539088" lon="15.897698788">
        <ele>0.000</ele>
      </trkpt>
      <trkpt lat="51.418603377" lon="15.897179076">
        <ele>0.000</ele>
      </trkpt>
      <trkpt lat="51.418523659" lon="15.896503618">
        <ele>0.000</ele>
      </trkpt>
      <trkpt lat="51.418327868" lon="15.896003265">
        <ele>0.000</ele>
      </trkpt>
      <trkpt lat="51.418095335" lon="15.895558367">
        <ele>0.000</ele>
      </trkpt>
      <trkpt lat="51.417903309" lon="15.895197179">
        <ele>0.000</ele>
      </trkpt>
      <trkpt lat="51.417562148" lon="15.894840093">
        <ele>0.000</ele>
      </trkpt>
      <trkpt lat="51.417275370" lon="15.894511997">
        <ele>0.000</ele>
      </trkpt>
      <trkpt lat="51.417151490" lon="15.894222718">
        <ele>0.000</ele>
      </trkpt>
      <trkpt lat="51.417027542" lon="15.893568249">
        <ele>0.000</ele>
      </trkpt>
      <trkpt lat="51.417010478" lon="15.891147460">
        <ele>0.000</ele>
      </trkpt>
      <trkpt lat="51.416799362" lon="15.889041478">
        <ele>0.000</ele>
      </trkpt>
      <trkpt lat="51.416466391" lon="15.885008169">
        <ele>0.000</ele>
      </trkpt>
      <trkpt lat="51.416713932" lon="15.882744697">
        <ele>0.000</ele>
      </trkpt>
      <trkpt lat="51.417169980" lon="15.879129901">
        <ele>0.000</ele>
      </trkpt>
      <trkpt lat="51.417623891" lon="15.875987872">
        <ele>0.000</ele>
      </trkpt>
      <trkpt lat="51.417568369" lon="15.873532851">
        <ele>0.000</ele>
      </trkpt>
      <trkpt lat="51.417440298" lon="15.872159237">
        <ele>0.000</ele>
      </trkpt>
      <trkpt lat="51.417272305" lon="15.869215244">
        <ele>0.000</ele>
      </trkpt>
      <trkpt lat="51.416884502" lon="15.866073050">
        <ele>0.000</ele>
      </trkpt>
      <trkpt lat="51.416530369" lon="15.864524227">
        <ele>0.000</ele>
      </trkpt>
      <trkpt lat="51.416171167" lon="15.863611622">
        <ele>0.000</ele>
      </trkpt>
      <trkpt lat="51.415927925" lon="15.862916146">
        <ele>0.000</ele>
      </trkpt>
      <trkpt lat="51.414919507" lon="15.861125287">
        <ele>0.000</ele>
      </trkpt>
      <trkpt lat="51.414339617" lon="15.860057655">
        <ele>0.000</ele>
      </trkpt>
      <trkpt lat="51.413580003" lon="15.856692310">
        <ele>0.000</ele>
      </trkpt>
      <trkpt lat="51.412959659" lon="15.853773695">
        <ele>0.000</ele>
      </trkpt>
      <trkpt lat="51.412027156" lon="15.849912561">
        <ele>0.000</ele>
      </trkpt>
      <trkpt lat="51.411093321" lon="15.845365131">
        <ele>0.000</ele>
      </trkpt>
      <trkpt lat="51.409917373" lon="15.840106697">
        <ele>0.000</ele>
      </trkpt>
      <trkpt lat="51.409207613" lon="15.836903094">
        <ele>0.000</ele>
      </trkpt>
      <trkpt lat="51.408593263" lon="15.834286863">
        <ele>0.000</ele>
      </trkpt>
      <trkpt lat="51.408319336" lon="15.833243517">
        <ele>0.000</ele>
      </trkpt>
      <trkpt lat="51.407634510" lon="15.831847186">
        <ele>0.000</ele>
      </trkpt>
      <trkpt lat="51.405517794" lon="15.827880392">
        <ele>0.000</ele>
      </trkpt>
      <trkpt lat="51.404665357" lon="15.826314059">
        <ele>0.000</ele>
      </trkpt>
      <trkpt lat="51.404275287" lon="15.825366915">
        <ele>0.000</ele>
      </trkpt>
      <trkpt lat="51.403897122" lon="15.824006882">
        <ele>0.000</ele>
      </trkpt>
      <trkpt lat="51.403477748" lon="15.821265723">
        <ele>0.000</ele>
      </trkpt>
      <trkpt lat="51.403055551" lon="15.818495547">
        <ele>0.000</ele>
      </trkpt>
      <trkpt lat="51.402923767" lon="15.817551966">
        <ele>0.000</ele>
      </trkpt>
      <trkpt lat="51.402622372" lon="15.816449403">
        <ele>0.000</ele>
      </trkpt>
      <trkpt lat="51.402201039" lon="15.815429018">
        <ele>0.000</ele>
      </trkpt>
      <trkpt lat="51.401527175" lon="15.813992566">
        <ele>0.000</ele>
      </trkpt>
      <trkpt lat="51.401265846" lon="15.812655064">
        <ele>0.000</ele>
      </trkpt>
      <trkpt lat="51.401178224" lon="15.811755584">
        <ele>0.000</ele>
      </trkpt>
      <trkpt lat="51.401357423" lon="15.810952037">
        <ele>0.000</ele>
      </trkpt>
      <trkpt lat="51.401743406" lon="15.810142447">
        <ele>0.000</ele>
      </trkpt>
      <trkpt lat="51.402828077" lon="15.808047651">
        <ele>0.000</ele>
      </trkpt>
      <trkpt lat="51.403588204" lon="15.806594683">
        <ele>0.000</ele>
      </trkpt>
      <trkpt lat="51.403941662" lon="15.806192464">
        <ele>0.000</ele>
      </trkpt>
      <trkpt lat="51.404268744" lon="15.805932022">
        <ele>0.000</ele>
      </trkpt>
      <trkpt lat="51.404797104" lon="15.805118170">
        <ele>0.000</ele>
      </trkpt>
      <trkpt lat="51.405120680" lon="15.804425178">
        <ele>0.000</ele>
      </trkpt>
      <trkpt lat="51.405514622" lon="15.803877342">
        <ele>0.000</ele>
      </trkpt>
      <trkpt lat="51.405855835" lon="15.803341233">
        <ele>0.000</ele>
      </trkpt>
      <trkpt lat="51.406165513" lon="15.802537215">
        <ele>0.000</ele>
      </trkpt>
      <trkpt lat="51.406401412" lon="15.801740272">
        <ele>0.000</ele>
      </trkpt>
      <trkpt lat="51.406884550" lon="15.800643609">
        <ele>0.000</ele>
      </trkpt>
      <trkpt lat="51.407147425" lon="15.800204219">
        <ele>0.000</ele>
      </trkpt>
      <trkpt lat="51.407640620" lon="15.799403132">
        <ele>0.000</ele>
      </trkpt>
      <trkpt lat="51.408140472" lon="15.798350689">
        <ele>0.000</ele>
      </trkpt>
      <trkpt lat="51.408443523" lon="15.797480888">
        <ele>0.000</ele>
      </trkpt>
      <trkpt lat="51.408864259" lon="15.796379400">
        <ele>0.000</ele>
      </trkpt>
      <trkpt lat="51.409063668" lon="15.795464599">
        <ele>0.000</ele>
      </trkpt>
      <trkpt lat="51.409167998" lon="15.794570090">
        <ele>0.000</ele>
      </trkpt>
      <trkpt lat="51.409510321" lon="15.793487086">
        <ele>0.000</ele>
      </trkpt>
      <trkpt lat="51.409790484" lon="15.792789657">
        <ele>0.000</ele>
      </trkpt>
      <trkpt lat="51.410168973" lon="15.791408541">
        <ele>0.000</ele>
      </trkpt>
      <trkpt lat="51.410303456" lon="15.790114957">
        <ele>0.000</ele>
      </trkpt>
      <trkpt lat="51.410368328" lon="15.788517258">
        <ele>0.000</ele>
      </trkpt>
      <trkpt lat="51.410354005" lon="15.787063591">
        <ele>0.000</ele>
      </trkpt>
      <trkpt lat="51.410329797" lon="15.785594352">
        <ele>0.000</ele>
      </trkpt>
      <trkpt lat="51.410298190" lon="15.785005449">
        <ele>0.000</ele>
      </trkpt>
      <trkpt lat="51.410058733" lon="15.784031946">
        <ele>0.000</ele>
      </trkpt>
      <trkpt lat="51.409746526" lon="15.783145319">
        <ele>0.000</ele>
      </trkpt>
      <trkpt lat="51.409128707" lon="15.781632176">
        <ele>0.000</ele>
      </trkpt>
      <trkpt lat="51.408835909" lon="15.780555729">
        <ele>0.000</ele>
      </trkpt>
      <trkpt lat="51.408822523" lon="15.779411374">
        <ele>0.000</ele>
      </trkpt>
      <trkpt lat="51.408838001" lon="15.778009482">
        <ele>0.000</ele>
      </trkpt>
      <trkpt lat="51.408893056" lon="15.776523848">
        <ele>0.000</ele>
      </trkpt>
      <trkpt lat="51.408819486" lon="15.775166899">
        <ele>0.000</ele>
      </trkpt>
      <trkpt lat="51.408658221" lon="15.773870325">
        <ele>0.000</ele>
      </trkpt>
      <trkpt lat="51.408450289" lon="15.772964818">
        <ele>0.000</ele>
      </trkpt>
      <trkpt lat="51.408278192" lon="15.772489861">
        <ele>0.000</ele>
      </trkpt>
      <trkpt lat="51.407725890" lon="15.771328727">
        <ele>0.000</ele>
      </trkpt>
      <trkpt lat="51.407210073" lon="15.770238251">
        <ele>0.000</ele>
      </trkpt>
      <trkpt lat="51.405923764" lon="15.768159176">
        <ele>0.000</ele>
      </trkpt>
      <trkpt lat="51.405303395" lon="15.766984757">
        <ele>0.000</ele>
      </trkpt>
      <trkpt lat="51.404772708" lon="15.765928046">
        <ele>0.000</ele>
      </trkpt>
      <trkpt lat="51.404146713" lon="15.765289026">
        <ele>0.000</ele>
      </trkpt>
      <trkpt lat="51.403197315" lon="15.764617119">
        <ele>0.000</ele>
      </trkpt>
      <trkpt lat="51.402184741" lon="15.764136038">
        <ele>0.000</ele>
      </trkpt>
      <trkpt lat="51.401070564" lon="15.763391329">
        <ele>0.000</ele>
      </trkpt>
      <trkpt lat="51.400500704" lon="15.763088942">
        <ele>0.000</ele>
      </trkpt>
      <trkpt lat="51.399999646" lon="15.762433091">
        <ele>0.000</ele>
      </trkpt>
      <trkpt lat="51.399578850" lon="15.761648677">
        <ele>0.000</ele>
      </trkpt>
      <trkpt lat="51.399179643" lon="15.761157232">
        <ele>0.000</ele>
      </trkpt>
      <trkpt lat="51.398066363" lon="15.759721165">
        <ele>0.000</ele>
      </trkpt>
      <trkpt lat="51.398271485" lon="15.759495656">
        <ele>0.000</ele>
      </trkpt>
      <trkpt lat="51.398359456" lon="15.758971162">
        <ele>0.000</ele>
      </trkpt>
      <trkpt lat="51.398652824" lon="15.758172800">
        <ele>0.000</ele>
      </trkpt>
      <trkpt lat="51.398758846" lon="15.757572575">
        <ele>0.000</ele>
      </trkpt>
      <trkpt lat="51.398848804" lon="15.756548593">
        <ele>0.000</ele>
      </trkpt>
      <trkpt lat="51.399027047" lon="15.755782878">
        <ele>0.000</ele>
      </trkpt>
      <trkpt lat="51.399176474" lon="15.755220206">
        <ele>0.000</ele>
      </trkpt>
      <trkpt lat="51.399359778" lon="15.754565917">
        <ele>0.000</ele>
      </trkpt>
      <trkpt lat="51.399515983" lon="15.752339791">
        <ele>0.000</ele>
      </trkpt>
      <trkpt lat="51.399692165" lon="15.750517232">
        <ele>0.000</ele>
      </trkpt>
      <trkpt lat="51.399565042" lon="15.749750560">
        <ele>0.000</ele>
      </trkpt>
      <trkpt lat="51.399553526" lon="15.748773407">
        <ele>0.000</ele>
      </trkpt>
      <trkpt lat="51.399518672" lon="15.748216445">
        <ele>0.000</ele>
      </trkpt>
      <trkpt lat="51.399795225" lon="15.746260386">
        <ele>0.000</ele>
      </trkpt>
      <trkpt lat="51.400692492" lon="15.738878175">
        <ele>0.000</ele>
      </trkpt>
      <trkpt lat="51.401053441" lon="15.736591140">
        <ele>0.000</ele>
      </trkpt>
      <trkpt lat="51.402826265" lon="15.729155044">
        <ele>0.000</ele>
      </trkpt>
      <trkpt lat="51.403645814" lon="15.726277633">
        <ele>0.000</ele>
      </trkpt>
      <trkpt lat="51.403500121" lon="15.724804375">
        <ele>0.000</ele>
      </trkpt>
      <trkpt lat="51.403224151" lon="15.721640275">
        <ele>0.000</ele>
      </trkpt>
      <trkpt lat="51.402845362" lon="15.718900565">
        <ele>0.000</ele>
      </trkpt>
      <trkpt lat="51.403085670" lon="15.716190744">
        <ele>0.000</ele>
      </trkpt>
      <trkpt lat="51.403504960" lon="15.712395108">
        <ele>0.000</ele>
      </trkpt>
      <trkpt lat="51.403686678" lon="15.710074957">
        <ele>0.000</ele>
      </trkpt>
      <trkpt lat="51.403920105" lon="15.707813893">
        <ele>0.000</ele>
      </trkpt>
      <trkpt lat="51.403772498" lon="15.706442091">
        <ele>0.000</ele>
      </trkpt>
      <trkpt lat="51.403737060" lon="15.704543096">
        <ele>0.000</ele>
      </trkpt>
      <trkpt lat="51.403560850" lon="15.703868288">
        <ele>0.000</ele>
      </trkpt>
      <trkpt lat="51.403116422" lon="15.702577884">
        <ele>0.000</ele>
      </trkpt>
      <trkpt lat="51.403095476" lon="15.700862436">
        <ele>0.000</ele>
      </trkpt>
      <trkpt lat="51.402858213" lon="15.699154824">
        <ele>0.000</ele>
      </trkpt>
      <trkpt lat="51.402697313" lon="15.698207887">
        <ele>0.000</ele>
      </trkpt>
      <trkpt lat="51.402596176" lon="15.697785942">
        <ele>0.000</ele>
      </trkpt>
      <trkpt lat="51.401493475" lon="15.694172848">
        <ele>0.000</ele>
      </trkpt>
      <trkpt lat="51.401280548" lon="15.692586021">
        <ele>0.000</ele>
      </trkpt>
      <trkpt lat="51.400716953" lon="15.691199516">
        <ele>0.000</ele>
      </trkpt>
      <trkpt lat="51.400082757" lon="15.688977120">
        <ele>0.000</ele>
      </trkpt>
      <trkpt lat="51.399668480" lon="15.685846182">
        <ele>0.000</ele>
      </trkpt>
      <trkpt lat="51.399420860" lon="15.683319583">
        <ele>0.000</ele>
      </trkpt>
      <trkpt lat="51.399276736" lon="15.682581457">
        <ele>0.000</ele>
      </trkpt>
      <trkpt lat="51.398306401" lon="15.680415408">
        <ele>0.000</ele>
      </trkpt>
      <trkpt lat="51.397916806" lon="15.678363947">
        <ele>0.000</ele>
      </trkpt>
      <trkpt lat="51.397746468" lon="15.676741395">
        <ele>0.000</ele>
      </trkpt>
      <trkpt lat="51.397380985" lon="15.674359148">
        <ele>0.000</ele>
      </trkpt>
      <trkpt lat="51.396944519" lon="15.672421352">
        <ele>0.000</ele>
      </trkpt>
      <trkpt lat="51.396611371" lon="15.671009257">
        <ele>0.000</ele>
      </trkpt>
      <trkpt lat="51.396500030" lon="15.670198150">
        <ele>0.000</ele>
      </trkpt>
      <trkpt lat="51.396147180" lon="15.666284683">
        <ele>0.000</ele>
      </trkpt>
      <trkpt lat="51.395930631" lon="15.664924710">
        <ele>0.000</ele>
      </trkpt>
      <trkpt lat="51.395863526" lon="15.663203054">
        <ele>0.000</ele>
      </trkpt>
      <trkpt lat="51.395741501" lon="15.659212272">
        <ele>0.000</ele>
      </trkpt>
      <trkpt lat="51.395914866" lon="15.657863121">
        <ele>0.000</ele>
      </trkpt>
      <trkpt lat="51.395959095" lon="15.656594350">
        <ele>0.000</ele>
      </trkpt>
      <trkpt lat="51.396608849" lon="15.656803527">
        <ele>0.000</ele>
      </trkpt>
      <trkpt lat="51.397093059" lon="15.656995425">
        <ele>0.000</ele>
      </trkpt>
      <trkpt lat="51.397651377" lon="15.656891775">
        <ele>0.000</ele>
      </trkpt>
      <trkpt lat="51.398181921" lon="15.656782217">
        <ele>0.000</ele>
      </trkpt>
      <trkpt lat="51.398495325" lon="15.656820009">
        <ele>0.000</ele>
      </trkpt>
      <trkpt lat="51.398737951" lon="15.656751008">
        <ele>0.000</ele>
      </trkpt>
      <trkpt lat="51.399167225" lon="15.656667518">
        <ele>0.000</ele>
      </trkpt>
      <trkpt lat="51.399445283" lon="15.656747885">
        <ele>0.000</ele>
      </trkpt>
      <trkpt lat="51.400161868" lon="15.656618927">
        <ele>0.000</ele>
      </trkpt>
      <trkpt lat="51.400678226" lon="15.656490258">
        <ele>0.000</ele>
      </trkpt>
      <trkpt lat="51.401240141" lon="15.656412464">
        <ele>0.000</ele>
      </trkpt>
      <trkpt lat="51.401876829" lon="15.656288869">
        <ele>0.000</ele>
      </trkpt>
      <trkpt lat="51.402181782" lon="15.656381650">
        <ele>0.000</ele>
      </trkpt>
      <trkpt lat="51.402705470" lon="15.656530179">
        <ele>0.000</ele>
      </trkpt>
      <trkpt lat="51.403165470" lon="15.656420194">
        <ele>0.000</ele>
      </trkpt>
      <trkpt lat="51.403486186" lon="15.656538427">
        <ele>0.000</ele>
      </trkpt>
      <trkpt lat="51.403945332" lon="15.656871678">
        <ele>0.000</ele>
      </trkpt>
      <trkpt lat="51.404771700" lon="15.657067052">
        <ele>0.000</ele>
      </trkpt>
      <trkpt lat="51.405462661" lon="15.657496062">
        <ele>0.000</ele>
      </trkpt>
      <trkpt lat="51.406088175" lon="15.657677014">
        <ele>0.000</ele>
      </trkpt>
      <trkpt lat="51.407450678" lon="15.658312272">
        <ele>0.000</ele>
      </trkpt>
      <trkpt lat="51.408645846" lon="15.658638463">
        <ele>0.000</ele>
      </trkpt>
      <trkpt lat="51.409460569" lon="15.659038325">
        <ele>0.000</ele>
      </trkpt>
      <trkpt lat="51.409901186" lon="15.659087434">
        <ele>0.000</ele>
      </trkpt>
      <trkpt lat="51.410299841" lon="15.659077568">
        <ele>0.000</ele>
      </trkpt>
      <trkpt lat="51.410638622" lon="15.659125367">
        <ele>0.000</ele>
      </trkpt>
      <trkpt lat="51.411491397" lon="15.658568738">
        <ele>0.000</ele>
      </trkpt>
      <trkpt lat="51.411840856" lon="15.658348645">
        <ele>0.000</ele>
      </trkpt>
      <trkpt lat="51.412148223" lon="15.658274299">
        <ele>0.000</ele>
      </trkpt>
      <trkpt lat="51.412729633" lon="15.658030038">
        <ele>0.000</ele>
      </trkpt>
      <trkpt lat="51.412743148" lon="15.658028084">
        <ele>0.000</ele>
      </trkpt>
      <trkpt lat="51.413056956" lon="15.657833788">
        <ele>0.000</ele>
      </trkpt>
      <trkpt lat="51.413292965" lon="15.657581538">
        <ele>0.000</ele>
      </trkpt>
      <trkpt lat="51.413676767" lon="15.657352056">
        <ele>0.000</ele>
      </trkpt>
      <trkpt lat="51.413734538" lon="15.657325686">
        <ele>0.000</ele>
      </trkpt>
      <trkpt lat="51.414086189" lon="15.657199505">
        <ele>0.000</ele>
      </trkpt>
      <trkpt lat="51.414235122" lon="15.657123068">
        <ele>0.000</ele>
      </trkpt>
      <trkpt lat="51.415354868" lon="15.656374662">
        <ele>0.000</ele>
      </trkpt>
      <trkpt lat="51.415837713" lon="15.656253690">
        <ele>0.000</ele>
      </trkpt>
      <trkpt lat="51.416753657" lon="15.656033113">
        <ele>0.000</ele>
      </trkpt>
      <trkpt lat="51.417104535" lon="15.655898052">
        <ele>0.000</ele>
      </trkpt>
      <trkpt lat="51.417408010" lon="15.655699243">
        <ele>0.000</ele>
      </trkpt>
      <trkpt lat="51.417777325" lon="15.655726728">
        <ele>0.000</ele>
      </trkpt>
      <trkpt lat="51.418079015" lon="15.655628890">
        <ele>0.000</ele>
      </trkpt>
      <trkpt lat="51.418315427" lon="15.655445580">
        <ele>0.000</ele>
      </trkpt>
      <trkpt lat="51.418493671" lon="15.654880042">
        <ele>0.000</ele>
      </trkpt>
      <trkpt lat="51.418833810" lon="15.653996979">
        <ele>0.000</ele>
      </trkpt>
      <trkpt lat="51.418993293" lon="15.653257447">
        <ele>0.000</ele>
      </trkpt>
      <trkpt lat="51.419217177" lon="15.652191786">
        <ele>0.000</ele>
      </trkpt>
    </trkseg>
  </trk>
  <trk>
    <name>Pustynia – Przemków 19</name>
    <trkseg>
      <trkpt lat="51.433953745" lon="15.657515108">
        <ele>0.000</ele>
      </trkpt>
      <trkpt lat="51.434164509" lon="15.660921450">
        <ele>0.000</ele>
      </trkpt>
      <trkpt lat="51.434367448" lon="15.665302951">
        <ele>0.000</ele>
      </trkpt>
      <trkpt lat="51.434581189" lon="15.672043261">
        <ele>0.000</ele>
      </trkpt>
      <trkpt lat="51.434773954" lon="15.676638224">
        <ele>0.000</ele>
      </trkpt>
      <trkpt lat="51.435045228" lon="15.680261366">
        <ele>0.000</ele>
      </trkpt>
      <trkpt lat="51.434765723" lon="15.681283275">
        <ele>0.000</ele>
      </trkpt>
      <trkpt lat="51.434752444" lon="15.681321034">
        <ele>0.000</ele>
      </trkpt>
      <trkpt lat="51.434459928" lon="15.681622154">
        <ele>0.000</ele>
      </trkpt>
      <trkpt lat="51.434690688" lon="15.682644698">
        <ele>0.000</ele>
      </trkpt>
      <trkpt lat="51.435059441" lon="15.683812888">
        <ele>0.000</ele>
      </trkpt>
      <trkpt lat="51.436467854" lon="15.687688388">
        <ele>0.000</ele>
      </trkpt>
      <trkpt lat="51.436626396" lon="15.691659538">
        <ele>0.000</ele>
      </trkpt>
      <trkpt lat="51.436667183" lon="15.692929046">
        <ele>0.000</ele>
      </trkpt>
      <trkpt lat="51.437111666" lon="15.700736098">
        <ele>0.000</ele>
      </trkpt>
      <trkpt lat="51.437232060" lon="15.703731240">
        <ele>0.000</ele>
      </trkpt>
      <trkpt lat="51.437535449" lon="15.706635788">
        <ele>0.000</ele>
      </trkpt>
      <trkpt lat="51.437821326" lon="15.709170297">
        <ele>0.000</ele>
      </trkpt>
      <trkpt lat="51.438065077" lon="15.709843232">
        <ele>0.000</ele>
      </trkpt>
      <trkpt lat="51.438475877" lon="15.708094368">
        <ele>0.000</ele>
      </trkpt>
      <trkpt lat="51.439038006" lon="15.706903513">
        <ele>0.000</ele>
      </trkpt>
      <trkpt lat="51.440055772" lon="15.703982403">
        <ele>0.000</ele>
      </trkpt>
      <trkpt lat="51.440529920" lon="15.702179981">
        <ele>0.000</ele>
      </trkpt>
      <trkpt lat="51.440551659" lon="15.702110141">
        <ele>0.000</ele>
      </trkpt>
      <trkpt lat="51.440966562" lon="15.700635904">
        <ele>0.000</ele>
      </trkpt>
      <trkpt lat="51.441323454" lon="15.700447000">
        <ele>0.000</ele>
      </trkpt>
      <trkpt lat="51.448217222" lon="15.700475890">
        <ele>0.000</ele>
      </trkpt>
      <trkpt lat="51.449215218" lon="15.700903196">
        <ele>0.000</ele>
      </trkpt>
      <trkpt lat="51.449900570" lon="15.700570229">
        <ele>0.000</ele>
      </trkpt>
      <trkpt lat="51.451651083" lon="15.700350450">
        <ele>0.000</ele>
      </trkpt>
      <trkpt lat="51.454447428" lon="15.700617409">
        <ele>0.000</ele>
      </trkpt>
      <trkpt lat="51.457579781" lon="15.700823703">
        <ele>0.000</ele>
      </trkpt>
      <trkpt lat="51.459999030" lon="15.700546834">
        <ele>0.000</ele>
      </trkpt>
      <trkpt lat="51.462431279" lon="15.700674951">
        <ele>0.000</ele>
      </trkpt>
      <trkpt lat="51.472224236" lon="15.700540333">
        <ele>0.000</ele>
      </trkpt>
      <trkpt lat="51.477122594" lon="15.700657435">
        <ele>0.000</ele>
      </trkpt>
      <trkpt lat="51.482747831" lon="15.700643676">
        <ele>0.000</ele>
      </trkpt>
      <trkpt lat="51.490434560" lon="15.700679859">
        <ele>0.000</ele>
      </trkpt>
      <trkpt lat="51.492512903" lon="15.700865000">
        <ele>0.000</ele>
      </trkpt>
      <trkpt lat="51.493331358" lon="15.701348101">
        <ele>0.000</ele>
      </trkpt>
      <trkpt lat="51.494478462" lon="15.702180342">
        <ele>0.000</ele>
      </trkpt>
      <trkpt lat="51.495783020" lon="15.702735682">
        <ele>0.000</ele>
      </trkpt>
      <trkpt lat="51.496580361" lon="15.704418020">
        <ele>0.000</ele>
      </trkpt>
      <trkpt lat="51.497518098" lon="15.708378198">
        <ele>0.000</ele>
      </trkpt>
      <trkpt lat="51.498570052" lon="15.714158991">
        <ele>0.000</ele>
      </trkpt>
      <trkpt lat="51.499944413" lon="15.719245393">
        <ele>0.000</ele>
      </trkpt>
      <trkpt lat="51.500564500" lon="15.724075214">
        <ele>0.000</ele>
      </trkpt>
      <trkpt lat="51.501162233" lon="15.728885593">
        <ele>0.000</ele>
      </trkpt>
      <trkpt lat="51.502427457" lon="15.733201339">
        <ele>0.000</ele>
      </trkpt>
      <trkpt lat="51.503562032" lon="15.736181118">
        <ele>0.000</ele>
      </trkpt>
      <trkpt lat="51.503800065" lon="15.739098593">
        <ele>0.000</ele>
      </trkpt>
      <trkpt lat="51.505206736" lon="15.742429408">
        <ele>0.000</ele>
      </trkpt>
      <trkpt lat="51.506654959" lon="15.744841457">
        <ele>0.000</ele>
      </trkpt>
      <trkpt lat="51.508545921" lon="15.746806131">
        <ele>0.000</ele>
      </trkpt>
      <trkpt lat="51.509990172" lon="15.749015288">
        <ele>0.000</ele>
      </trkpt>
      <trkpt lat="51.515953322" lon="15.759269888">
        <ele>0.000</ele>
      </trkpt>
      <trkpt lat="51.516902968" lon="15.760857195">
        <ele>0.000</ele>
      </trkpt>
      <trkpt lat="51.517787729" lon="15.763010198">
        <ele>0.000</ele>
      </trkpt>
      <trkpt lat="51.518632895" lon="15.765363938">
        <ele>0.000</ele>
      </trkpt>
      <trkpt lat="51.517045592" lon="15.773077250">
        <ele>0.000</ele>
      </trkpt>
      <trkpt lat="51.515946072" lon="15.777605600">
        <ele>0.000</ele>
      </trkpt>
      <trkpt lat="51.515392589" lon="15.781710897">
        <ele>0.000</ele>
      </trkpt>
      <trkpt lat="51.515392878" lon="15.781809819">
        <ele>0.000</ele>
      </trkpt>
      <trkpt lat="51.515252651" lon="15.785431507">
        <ele>0.000</ele>
      </trkpt>
      <trkpt lat="51.515022994" lon="15.787503173">
        <ele>0.000</ele>
      </trkpt>
      <trkpt lat="51.514939128" lon="15.788002967">
        <ele>0.000</ele>
      </trkpt>
      <trkpt lat="51.520615236" lon="15.786416182">
        <ele>0.000</ele>
      </trkpt>
      <trkpt lat="51.520885941" lon="15.785739540">
        <ele>0.000</ele>
      </trkpt>
      <trkpt lat="51.521416688" lon="15.784921483">
        <ele>0.000</ele>
      </trkpt>
      <trkpt lat="51.522002703" lon="15.783990800">
        <ele>0.000</ele>
      </trkpt>
      <trkpt lat="51.522659439" lon="15.783139223">
        <ele>0.000</ele>
      </trkpt>
      <trkpt lat="51.523252938" lon="15.782594760">
        <ele>0.000</ele>
      </trkpt>
      <trkpt lat="51.523263035" lon="15.782594317">
        <ele>0.000</ele>
      </trkpt>
      <trkpt lat="51.523995052" lon="15.782427427">
        <ele>0.000</ele>
      </trkpt>
      <trkpt lat="51.524541256" lon="15.782538240">
        <ele>0.000</ele>
      </trkpt>
      <trkpt lat="51.524573894" lon="15.782536808">
        <ele>0.000</ele>
      </trkpt>
      <trkpt lat="51.525161616" lon="15.782851494">
        <ele>0.000</ele>
      </trkpt>
      <trkpt lat="51.525184229" lon="15.782881686">
        <ele>0.000</ele>
      </trkpt>
      <trkpt lat="51.525792984" lon="15.783365138">
        <ele>0.000</ele>
      </trkpt>
      <trkpt lat="51.526327441" lon="15.784201208">
        <ele>0.000</ele>
      </trkpt>
      <trkpt lat="51.527017799" lon="15.786318163">
        <ele>0.000</ele>
      </trkpt>
      <trkpt lat="51.527117859" lon="15.787120602">
        <ele>0.000</ele>
      </trkpt>
    </trkseg>
  </trk>
  <trk>
    <name>Przemków – Wieża Widokowa 8</name>
    <trkseg>
      <trkpt lat="51.527465008" lon="15.787299423">
        <ele>0.000</ele>
      </trkpt>
      <trkpt lat="51.527724573" lon="15.787712473">
        <ele>0.000</ele>
      </trkpt>
      <trkpt lat="51.528329525" lon="15.788352212">
        <ele>0.000</ele>
      </trkpt>
      <trkpt lat="51.528825301" lon="15.788956765">
        <ele>0.000</ele>
      </trkpt>
      <trkpt lat="51.529560221" lon="15.789786288">
        <ele>0.000</ele>
      </trkpt>
      <trkpt lat="51.529872604" lon="15.790062093">
        <ele>0.000</ele>
      </trkpt>
      <trkpt lat="51.529901555" lon="15.788876714">
        <ele>0.000</ele>
      </trkpt>
      <trkpt lat="51.530049324" lon="15.788863168">
        <ele>0.000</ele>
      </trkpt>
      <trkpt lat="51.530770854" lon="15.788978755">
        <ele>0.000</ele>
      </trkpt>
      <trkpt lat="51.531703980" lon="15.789236283">
        <ele>0.000</ele>
      </trkpt>
      <trkpt lat="51.532372666" lon="15.789469880">
        <ele>0.000</ele>
      </trkpt>
      <trkpt lat="51.532379105" lon="15.789274072">
        <ele>0.000</ele>
      </trkpt>
      <trkpt lat="51.532442062" lon="15.789037859">
        <ele>0.000</ele>
      </trkpt>
      <trkpt lat="51.532527584" lon="15.788785851">
        <ele>0.000</ele>
      </trkpt>
      <trkpt lat="51.532712240" lon="15.788655771">
        <ele>0.000</ele>
      </trkpt>
      <trkpt lat="51.532807454" lon="15.788619234">
        <ele>0.000</ele>
      </trkpt>
      <trkpt lat="51.533017975" lon="15.787924960">
        <ele>0.000</ele>
      </trkpt>
      <trkpt lat="51.533036402" lon="15.787348501">
        <ele>0.000</ele>
      </trkpt>
      <trkpt lat="51.533036385" lon="15.787342827">
        <ele>0.000</ele>
      </trkpt>
      <trkpt lat="51.533025628" lon="15.786454548">
        <ele>0.000</ele>
      </trkpt>
      <trkpt lat="51.533033355" lon="15.785015652">
        <ele>0.000</ele>
      </trkpt>
      <trkpt lat="51.533026317" lon="15.784029475">
        <ele>0.000</ele>
      </trkpt>
      <trkpt lat="51.533029285" lon="15.783676131">
        <ele>0.000</ele>
      </trkpt>
      <trkpt lat="51.533118755" lon="15.783571748">
        <ele>0.000</ele>
      </trkpt>
      <trkpt lat="51.533197594" lon="15.783557196">
        <ele>0.000</ele>
      </trkpt>
      <trkpt lat="51.533450571" lon="15.783484935">
        <ele>0.000</ele>
      </trkpt>
      <trkpt lat="51.533525881" lon="15.783466762">
        <ele>0.000</ele>
      </trkpt>
      <trkpt lat="51.533927912" lon="15.784441757">
        <ele>0.000</ele>
      </trkpt>
      <trkpt lat="51.534299292" lon="15.785193118">
        <ele>0.000</ele>
      </trkpt>
      <trkpt lat="51.534597663" lon="15.785722156">
        <ele>0.000</ele>
      </trkpt>
      <trkpt lat="51.535373425" lon="15.786009004">
        <ele>0.000</ele>
      </trkpt>
      <trkpt lat="51.536155397" lon="15.786561894">
        <ele>0.000</ele>
      </trkpt>
      <trkpt lat="51.536857504" lon="15.786853348">
        <ele>0.000</ele>
      </trkpt>
      <trkpt lat="51.537098137" lon="15.786560319">
        <ele>0.000</ele>
      </trkpt>
      <trkpt lat="51.537377140" lon="15.785222052">
        <ele>0.000</ele>
      </trkpt>
      <trkpt lat="51.537516868" lon="15.784731354">
        <ele>0.000</ele>
      </trkpt>
      <trkpt lat="51.538143098" lon="15.784170442">
        <ele>0.000</ele>
      </trkpt>
      <trkpt lat="51.538900543" lon="15.783420634">
        <ele>0.000</ele>
      </trkpt>
      <trkpt lat="51.539297425" lon="15.782730252">
        <ele>0.000</ele>
      </trkpt>
      <trkpt lat="51.539315487" lon="15.782712988">
        <ele>0.000</ele>
      </trkpt>
      <trkpt lat="51.539664824" lon="15.782308541">
        <ele>0.000</ele>
      </trkpt>
      <trkpt lat="51.539910935" lon="15.781989126">
        <ele>0.000</ele>
      </trkpt>
      <trkpt lat="51.540099047" lon="15.783147000">
        <ele>0.000</ele>
      </trkpt>
      <trkpt lat="51.540250613" lon="15.784274748">
        <ele>0.000</ele>
      </trkpt>
      <trkpt lat="51.540452452" lon="15.784642993">
        <ele>0.000</ele>
      </trkpt>
      <trkpt lat="51.541452344" lon="15.785353597">
        <ele>0.000</ele>
      </trkpt>
      <trkpt lat="51.542160809" lon="15.786039105">
        <ele>0.000</ele>
      </trkpt>
      <trkpt lat="51.542613940" lon="15.786406570">
        <ele>0.000</ele>
      </trkpt>
      <trkpt lat="51.543553157" lon="15.786827985">
        <ele>0.000</ele>
      </trkpt>
      <trkpt lat="51.544687218" lon="15.787528746">
        <ele>0.000</ele>
      </trkpt>
      <trkpt lat="51.545259028" lon="15.788502417">
        <ele>0.000</ele>
      </trkpt>
      <trkpt lat="51.545888988" lon="15.790412018">
        <ele>0.000</ele>
      </trkpt>
      <trkpt lat="51.546272399" lon="15.792975767">
        <ele>0.000</ele>
      </trkpt>
      <trkpt lat="51.546701981" lon="15.795137792">
        <ele>0.000</ele>
      </trkpt>
      <trkpt lat="51.547001098" lon="15.798519599">
        <ele>0.000</ele>
      </trkpt>
      <trkpt lat="51.548840365" lon="15.801454114">
        <ele>0.000</ele>
      </trkpt>
      <trkpt lat="51.548205974" lon="15.804271561">
        <ele>0.000</ele>
      </trkpt>
      <trkpt lat="51.546635177" lon="15.808951179">
        <ele>0.000</ele>
      </trkpt>
      <trkpt lat="51.545807846" lon="15.811039893">
        <ele>0.000</ele>
      </trkpt>
      <trkpt lat="51.545482875" lon="15.812799666">
        <ele>0.000</ele>
      </trkpt>
      <trkpt lat="51.545314050" lon="15.813667545">
        <ele>0.000</ele>
      </trkpt>
      <trkpt lat="51.545115453" lon="15.814078974">
        <ele>0.000</ele>
      </trkpt>
      <trkpt lat="51.545919897" lon="15.815373027">
        <ele>0.000</ele>
      </trkpt>
      <trkpt lat="51.546790677" lon="15.816922207">
        <ele>0.000</ele>
      </trkpt>
      <trkpt lat="51.547676273" lon="15.818698411">
        <ele>0.000</ele>
      </trkpt>
      <trkpt lat="51.549223258" lon="15.821452350">
        <ele>0.000</ele>
      </trkpt>
      <trkpt lat="51.550028722" lon="15.822901644">
        <ele>0.000</ele>
      </trkpt>
      <trkpt lat="51.551042561" lon="15.823517237">
        <ele>0.000</ele>
      </trkpt>
      <trkpt lat="51.551852768" lon="15.823636293">
        <ele>0.000</ele>
      </trkpt>
      <trkpt lat="51.553236040" lon="15.823230446">
        <ele>0.000</ele>
      </trkpt>
      <trkpt lat="51.555937105" lon="15.822417858">
        <ele>0.000</ele>
      </trkpt>
      <trkpt lat="51.557408187" lon="15.822118801">
        <ele>0.000</ele>
      </trkpt>
      <trkpt lat="51.557442265" lon="15.822044789">
        <ele>0.000</ele>
      </trkpt>
      <trkpt lat="51.558695739" lon="15.822075150">
        <ele>0.000</ele>
      </trkpt>
      <trkpt lat="51.561954957" lon="15.822567973">
        <ele>0.000</ele>
      </trkpt>
      <trkpt lat="51.564312772" lon="15.822734855">
        <ele>0.000</ele>
      </trkpt>
      <trkpt lat="51.567018395" lon="15.823079862">
        <ele>0.000</ele>
      </trkpt>
      <trkpt lat="51.572422838" lon="15.823664098">
        <ele>0.000</ele>
      </trkpt>
    </trkseg>
  </trk>
  <trk>
    <name>Przemków – Szprotawa 19</name>
    <trkseg>
      <trkpt lat="51.540016674" lon="15.781829314">
        <ele>0.000</ele>
      </trkpt>
      <trkpt lat="51.540361117" lon="15.780878834">
        <ele>0.000</ele>
      </trkpt>
      <trkpt lat="51.540547128" lon="15.779791005">
        <ele>0.000</ele>
      </trkpt>
      <trkpt lat="51.540743109" lon="15.778296302">
        <ele>0.000</ele>
      </trkpt>
      <trkpt lat="51.540807049" lon="15.776997488">
        <ele>0.000</ele>
      </trkpt>
      <trkpt lat="51.540884422" lon="15.775415353">
        <ele>0.000</ele>
      </trkpt>
      <trkpt lat="51.540944659" lon="15.774769784">
        <ele>0.000</ele>
      </trkpt>
      <trkpt lat="51.541301948" lon="15.773638176">
        <ele>0.000</ele>
      </trkpt>
      <trkpt lat="51.541545559" lon="15.772540779">
        <ele>0.000</ele>
      </trkpt>
      <trkpt lat="51.541910001" lon="15.771286545">
        <ele>0.000</ele>
      </trkpt>
      <trkpt lat="51.542209697" lon="15.770716982">
        <ele>0.000</ele>
      </trkpt>
      <trkpt lat="51.542592916" lon="15.770031122">
        <ele>0.000</ele>
      </trkpt>
      <trkpt lat="51.543062894" lon="15.769223981">
        <ele>0.000</ele>
      </trkpt>
      <trkpt lat="51.543100177" lon="15.768806967">
        <ele>0.000</ele>
      </trkpt>
      <trkpt lat="51.542922441" lon="15.768344506">
        <ele>0.000</ele>
      </trkpt>
      <trkpt lat="51.542734225" lon="15.768165229">
        <ele>0.000</ele>
      </trkpt>
      <trkpt lat="51.542652605" lon="15.768063372">
        <ele>0.000</ele>
      </trkpt>
      <trkpt lat="51.542575307" lon="15.766792481">
        <ele>0.000</ele>
      </trkpt>
      <trkpt lat="51.542697782" lon="15.766037076">
        <ele>0.000</ele>
      </trkpt>
      <trkpt lat="51.543116641" lon="15.764268641">
        <ele>0.000</ele>
      </trkpt>
      <trkpt lat="51.543430662" lon="15.763128962">
        <ele>0.000</ele>
      </trkpt>
      <trkpt lat="51.543664865" lon="15.762726604">
        <ele>0.000</ele>
      </trkpt>
      <trkpt lat="51.543913449" lon="15.762330892">
        <ele>0.000</ele>
      </trkpt>
      <trkpt lat="51.544695828" lon="15.761036739">
        <ele>0.000</ele>
      </trkpt>
      <trkpt lat="51.545177542" lon="15.760586959">
        <ele>0.000</ele>
      </trkpt>
      <trkpt lat="51.545458117" lon="15.760228937">
        <ele>0.000</ele>
      </trkpt>
      <trkpt lat="51.545647447" lon="15.759223210">
        <ele>0.000</ele>
      </trkpt>
      <trkpt lat="51.546002741" lon="15.757190235">
        <ele>0.000</ele>
      </trkpt>
      <trkpt lat="51.546101401" lon="15.756094579">
        <ele>0.000</ele>
      </trkpt>
      <trkpt lat="51.546505490" lon="15.754105434">
        <ele>0.000</ele>
      </trkpt>
      <trkpt lat="51.547004265" lon="15.752609608">
        <ele>0.000</ele>
      </trkpt>
      <trkpt lat="51.547673785" lon="15.750554947">
        <ele>0.000</ele>
      </trkpt>
      <trkpt lat="51.548486753" lon="15.748354909">
        <ele>0.000</ele>
      </trkpt>
      <trkpt lat="51.551347131" lon="15.740432370">
        <ele>0.000</ele>
      </trkpt>
      <trkpt lat="51.552604377" lon="15.736305259">
        <ele>0.000</ele>
      </trkpt>
      <trkpt lat="51.553581422" lon="15.733454761">
        <ele>0.000</ele>
      </trkpt>
      <trkpt lat="51.554217035" lon="15.732497634">
        <ele>0.000</ele>
      </trkpt>
      <trkpt lat="51.555958781" lon="15.731069164">
        <ele>0.000</ele>
      </trkpt>
      <trkpt lat="51.556688910" lon="15.730872961">
        <ele>0.000</ele>
      </trkpt>
      <trkpt lat="51.559320974" lon="15.730868274">
        <ele>0.000</ele>
      </trkpt>
      <trkpt lat="51.561018061" lon="15.730832949">
        <ele>0.000</ele>
      </trkpt>
      <trkpt lat="51.564785326" lon="15.727417604">
        <ele>0.000</ele>
      </trkpt>
      <trkpt lat="51.566846914" lon="15.726055149">
        <ele>0.000</ele>
      </trkpt>
      <trkpt lat="51.567678977" lon="15.726053600">
        <ele>0.000</ele>
      </trkpt>
      <trkpt lat="51.568437884" lon="15.724369544">
        <ele>0.000</ele>
      </trkpt>
      <trkpt lat="51.569331441" lon="15.720970151">
        <ele>0.000</ele>
      </trkpt>
      <trkpt lat="51.569354384" lon="15.718865518">
        <ele>0.000</ele>
      </trkpt>
      <trkpt lat="51.569354247" lon="15.718828072">
        <ele>0.000</ele>
      </trkpt>
      <trkpt lat="51.569605865" lon="15.717830678">
        <ele>0.000</ele>
      </trkpt>
      <trkpt lat="51.569764224" lon="15.717423189">
        <ele>0.000</ele>
      </trkpt>
      <trkpt lat="51.570282062" lon="15.715307441">
        <ele>0.000</ele>
      </trkpt>
      <trkpt lat="51.570514129" lon="15.713303818">
        <ele>0.000</ele>
      </trkpt>
      <trkpt lat="51.570672705" lon="15.710316477">
        <ele>0.000</ele>
      </trkpt>
      <trkpt lat="51.570808785" lon="15.707420993">
        <ele>0.000</ele>
      </trkpt>
      <trkpt lat="51.570874609" lon="15.705273923">
        <ele>0.000</ele>
      </trkpt>
      <trkpt lat="51.570834909" lon="15.704614807">
        <ele>0.000</ele>
      </trkpt>
      <trkpt lat="51.570844482" lon="15.703898539">
        <ele>0.000</ele>
      </trkpt>
      <trkpt lat="51.570877150" lon="15.702748895">
        <ele>0.000</ele>
      </trkpt>
      <trkpt lat="51.570820263" lon="15.700906165">
        <ele>0.000</ele>
      </trkpt>
      <trkpt lat="51.570497798" lon="15.699788477">
        <ele>0.000</ele>
      </trkpt>
      <trkpt lat="51.569990233" lon="15.697945043">
        <ele>0.000</ele>
      </trkpt>
      <trkpt lat="51.569535773" lon="15.696795065">
        <ele>0.000</ele>
      </trkpt>
      <trkpt lat="51.569318625" lon="15.696078908">
        <ele>0.000</ele>
      </trkpt>
      <trkpt lat="51.568957172" lon="15.694289003">
        <ele>0.000</ele>
      </trkpt>
      <trkpt lat="51.568655408" lon="15.691946756">
        <ele>0.000</ele>
      </trkpt>
      <trkpt lat="51.568427177" lon="15.690669582">
        <ele>0.000</ele>
      </trkpt>
      <trkpt lat="51.568277381" lon="15.689927715">
        <ele>0.000</ele>
      </trkpt>
      <trkpt lat="51.568263255" lon="15.688993273">
        <ele>0.000</ele>
      </trkpt>
      <trkpt lat="51.568203411" lon="15.687121615">
        <ele>0.000</ele>
      </trkpt>
      <trkpt lat="51.568219176" lon="15.685856837">
        <ele>0.000</ele>
      </trkpt>
      <trkpt lat="51.568268647" lon="15.685192005">
        <ele>0.000</ele>
      </trkpt>
      <trkpt lat="51.568247668" lon="15.682706042">
        <ele>0.000</ele>
      </trkpt>
      <trkpt lat="51.568086917" lon="15.681444195">
        <ele>0.000</ele>
      </trkpt>
      <trkpt lat="51.567989861" lon="15.680332430">
        <ele>0.000</ele>
      </trkpt>
      <trkpt lat="51.567717506" lon="15.678470046">
        <ele>0.000</ele>
      </trkpt>
      <trkpt lat="51.567811612" lon="15.676769420">
        <ele>0.000</ele>
      </trkpt>
      <trkpt lat="51.567811481" lon="15.676737051">
        <ele>0.000</ele>
      </trkpt>
      <trkpt lat="51.567885126" lon="15.674848285">
        <ele>0.000</ele>
      </trkpt>
      <trkpt lat="51.568148539" lon="15.673827360">
        <ele>0.000</ele>
      </trkpt>
      <trkpt lat="51.568385310" lon="15.672793449">
        <ele>0.000</ele>
      </trkpt>
      <trkpt lat="51.569145424" lon="15.671529593">
        <ele>0.000</ele>
      </trkpt>
      <trkpt lat="51.569681515" lon="15.670862969">
        <ele>0.000</ele>
      </trkpt>
      <trkpt lat="51.570380780" lon="15.670130492">
        <ele>0.000</ele>
      </trkpt>
      <trkpt lat="51.571433102" lon="15.669741380">
        <ele>0.000</ele>
      </trkpt>
      <trkpt lat="51.571445929" lon="15.669739213">
        <ele>0.000</ele>
      </trkpt>
      <trkpt lat="51.572125581" lon="15.669121489">
        <ele>0.000</ele>
      </trkpt>
      <trkpt lat="51.572152315" lon="15.669097909">
        <ele>0.000</ele>
      </trkpt>
      <trkpt lat="51.572474972" lon="15.668416715">
        <ele>0.000</ele>
      </trkpt>
      <trkpt lat="51.572886488" lon="15.667283522">
        <ele>0.000</ele>
      </trkpt>
      <trkpt lat="51.572574206" lon="15.665883419">
        <ele>0.000</ele>
      </trkpt>
      <trkpt lat="51.572677948" lon="15.664242269">
        <ele>0.000</ele>
      </trkpt>
      <trkpt lat="51.572675714" lon="15.660495600">
        <ele>0.000</ele>
      </trkpt>
      <trkpt lat="51.572877644" lon="15.658659188">
        <ele>0.000</ele>
      </trkpt>
      <trkpt lat="51.573302156" lon="15.657104217">
        <ele>0.000</ele>
      </trkpt>
      <trkpt lat="51.573673305" lon="15.655187629">
        <ele>0.000</ele>
      </trkpt>
      <trkpt lat="51.574120232" lon="15.653387216">
        <ele>0.000</ele>
      </trkpt>
      <trkpt lat="51.574559106" lon="15.651486038">
        <ele>0.000</ele>
      </trkpt>
      <trkpt lat="51.574568968" lon="15.650931864">
        <ele>0.000</ele>
      </trkpt>
      <trkpt lat="51.574456390" lon="15.650349426">
        <ele>0.000</ele>
      </trkpt>
      <trkpt lat="51.573898141" lon="15.646645398">
        <ele>0.000</ele>
      </trkpt>
      <trkpt lat="51.573557065" lon="15.645698247">
        <ele>0.000</ele>
      </trkpt>
      <trkpt lat="51.571879403" lon="15.641935800">
        <ele>0.000</ele>
      </trkpt>
      <trkpt lat="51.571031763" lon="15.639562792">
        <ele>0.000</ele>
      </trkpt>
      <trkpt lat="51.570357329" lon="15.637376698">
        <ele>0.000</ele>
      </trkpt>
      <trkpt lat="51.570325794" lon="15.635046766">
        <ele>0.000</ele>
      </trkpt>
      <trkpt lat="51.570325652" lon="15.635014831">
        <ele>0.000</ele>
      </trkpt>
      <trkpt lat="51.570294539" lon="15.632782624">
        <ele>0.000</ele>
      </trkpt>
      <trkpt lat="51.570139716" lon="15.631181450">
        <ele>0.000</ele>
      </trkpt>
      <trkpt lat="51.569902928" lon="15.629765058">
        <ele>0.000</ele>
      </trkpt>
      <trkpt lat="51.569459898" lon="15.628075365">
        <ele>0.000</ele>
      </trkpt>
      <trkpt lat="51.569956513" lon="15.623296226">
        <ele>0.000</ele>
      </trkpt>
      <trkpt lat="51.570439119" lon="15.618375957">
        <ele>0.000</ele>
      </trkpt>
      <trkpt lat="51.570933543" lon="15.615754517">
        <ele>0.000</ele>
      </trkpt>
      <trkpt lat="51.570126952" lon="15.608764178">
        <ele>0.000</ele>
      </trkpt>
      <trkpt lat="51.569336990" lon="15.603930516">
        <ele>0.000</ele>
      </trkpt>
      <trkpt lat="51.569408180" lon="15.602387743">
        <ele>0.000</ele>
      </trkpt>
      <trkpt lat="51.569551862" lon="15.599439254">
        <ele>0.000</ele>
      </trkpt>
      <trkpt lat="51.569276218" lon="15.596978846">
        <ele>0.000</ele>
      </trkpt>
      <trkpt lat="51.568926202" lon="15.595244186">
        <ele>0.000</ele>
      </trkpt>
      <trkpt lat="51.568471831" lon="15.593274683">
        <ele>0.000</ele>
      </trkpt>
      <trkpt lat="51.568152158" lon="15.591843519">
        <ele>0.000</ele>
      </trkpt>
      <trkpt lat="51.568390363" lon="15.587547933">
        <ele>0.000</ele>
      </trkpt>
      <trkpt lat="51.568405933" lon="15.585457593">
        <ele>0.000</ele>
      </trkpt>
      <trkpt lat="51.567874487" lon="15.583237241">
        <ele>0.000</ele>
      </trkpt>
      <trkpt lat="51.567400091" lon="15.581523884">
        <ele>0.000</ele>
      </trkpt>
      <trkpt lat="51.565556771" lon="15.575849309">
        <ele>0.000</ele>
      </trkpt>
      <trkpt lat="51.565803800" lon="15.572775316">
        <ele>0.000</ele>
      </trkpt>
      <trkpt lat="51.565897829" lon="15.570586007">
        <ele>0.000</ele>
      </trkpt>
      <trkpt lat="51.565897177" lon="15.570460042">
        <ele>0.000</ele>
      </trkpt>
      <trkpt lat="51.565935713" lon="15.567726531">
        <ele>0.000</ele>
      </trkpt>
      <trkpt lat="51.565935495" lon="15.567684532">
        <ele>0.000</ele>
      </trkpt>
      <trkpt lat="51.565634732" lon="15.565527999">
        <ele>0.000</ele>
      </trkpt>
      <trkpt lat="51.565389229" lon="15.563749557">
        <ele>0.000</ele>
      </trkpt>
      <trkpt lat="51.564892444" lon="15.558907122">
        <ele>0.000</ele>
      </trkpt>
      <trkpt lat="51.564302685" lon="15.555562565">
        <ele>0.000</ele>
      </trkpt>
      <trkpt lat="51.564186747" lon="15.553238794">
        <ele>0.000</ele>
      </trkpt>
      <trkpt lat="51.564302987" lon="15.550729198">
        <ele>0.000</ele>
      </trkpt>
      <trkpt lat="51.564356533" lon="15.546346461">
        <ele>0.000</ele>
      </trkpt>
      <trkpt lat="51.564526032" lon="15.544045904">
        <ele>0.000</ele>
      </trkpt>
      <trkpt lat="51.564933931" lon="15.542354446">
        <ele>0.000</ele>
      </trkpt>
      <trkpt lat="51.565374396" lon="15.541491916">
        <ele>0.000</ele>
      </trkpt>
      <trkpt lat="51.565869915" lon="15.540663925">
        <ele>0.000</ele>
      </trkpt>
      <trkpt lat="51.565896297" lon="15.540662249">
        <ele>0.000</ele>
      </trkpt>
      <trkpt lat="51.566131315" lon="15.540142207">
        <ele>0.000</ele>
      </trkpt>
      <trkpt lat="51.566130857" lon="15.540058052">
        <ele>0.000</ele>
      </trkpt>
      <trkpt lat="51.566205202" lon="15.539126671">
        <ele>0.000</ele>
      </trkpt>
      <trkpt lat="51.566204973" lon="15.539084578">
        <ele>0.000</ele>
      </trkpt>
      <trkpt lat="51.566066057" lon="15.537874223">
        <ele>0.000</ele>
      </trkpt>
      <trkpt lat="51.565900937" lon="15.536667851">
        <ele>0.000</ele>
      </trkpt>
    </trkseg>
  </trk>
  <trk>
    <name>Szprotawa – Żagań 24</name>
    <trkseg>
      <trkpt lat="51.565656135" lon="15.536929205">
        <ele>0.000</ele>
      </trkpt>
      <trkpt lat="51.565458717" lon="15.535086043">
        <ele>0.000</ele>
      </trkpt>
      <trkpt lat="51.565096735" lon="15.533852596">
        <ele>0.000</ele>
      </trkpt>
      <trkpt lat="51.564381976" lon="15.530448106">
        <ele>0.000</ele>
      </trkpt>
      <trkpt lat="51.563515111" lon="15.526794517">
        <ele>0.000</ele>
      </trkpt>
      <trkpt lat="51.563152127" lon="15.526308588">
        <ele>0.000</ele>
      </trkpt>
      <trkpt lat="51.562994583" lon="15.525783073">
        <ele>0.000</ele>
      </trkpt>
      <trkpt lat="51.562982644" lon="15.525756941">
        <ele>0.000</ele>
      </trkpt>
      <trkpt lat="51.562623486" lon="15.524120111">
        <ele>0.000</ele>
      </trkpt>
      <trkpt lat="51.562873903" lon="15.523219005">
        <ele>0.000</ele>
      </trkpt>
      <trkpt lat="51.563028952" lon="15.522438602">
        <ele>0.000</ele>
      </trkpt>
      <trkpt lat="51.563202632" lon="15.520650011">
        <ele>0.000</ele>
      </trkpt>
      <trkpt lat="51.563422844" lon="15.518077523">
        <ele>0.000</ele>
      </trkpt>
      <trkpt lat="51.563477881" lon="15.517026699">
        <ele>0.000</ele>
      </trkpt>
      <trkpt lat="51.563373668" lon="15.515300202">
        <ele>0.000</ele>
      </trkpt>
      <trkpt lat="51.563196655" lon="15.513996885">
        <ele>0.000</ele>
      </trkpt>
      <trkpt lat="51.562753381" lon="15.512424424">
        <ele>0.000</ele>
      </trkpt>
      <trkpt lat="51.562108162" lon="15.510124942">
        <ele>0.000</ele>
      </trkpt>
      <trkpt lat="51.561989353" lon="15.509132801">
        <ele>0.000</ele>
      </trkpt>
      <trkpt lat="51.562075337" lon="15.507716279">
        <ele>0.000</ele>
      </trkpt>
      <trkpt lat="51.562286947" lon="15.507183674">
        <ele>0.000</ele>
      </trkpt>
      <trkpt lat="51.562496696" lon="15.506844278">
        <ele>0.000</ele>
      </trkpt>
      <trkpt lat="51.562755994" lon="15.505210920">
        <ele>0.000</ele>
      </trkpt>
      <trkpt lat="51.562993628" lon="15.503668490">
        <ele>0.000</ele>
      </trkpt>
      <trkpt lat="51.563257985" lon="15.502427501">
        <ele>0.000</ele>
      </trkpt>
      <trkpt lat="51.563498243" lon="15.501451980">
        <ele>0.000</ele>
      </trkpt>
      <trkpt lat="51.563736071" lon="15.500589367">
        <ele>0.000</ele>
      </trkpt>
      <trkpt lat="51.563999989" lon="15.500044248">
        <ele>0.000</ele>
      </trkpt>
      <trkpt lat="51.564136481" lon="15.499734173">
        <ele>0.000</ele>
      </trkpt>
      <trkpt lat="51.564163001" lon="15.498979454">
        <ele>0.000</ele>
      </trkpt>
      <trkpt lat="51.564074154" lon="15.497981766">
        <ele>0.000</ele>
      </trkpt>
      <trkpt lat="51.563906336" lon="15.497689598">
        <ele>0.000</ele>
      </trkpt>
      <trkpt lat="51.563764975" lon="15.496395719">
        <ele>0.000</ele>
      </trkpt>
      <trkpt lat="51.563751338" lon="15.494877242">
        <ele>0.000</ele>
      </trkpt>
      <trkpt lat="51.563668989" lon="15.494411244">
        <ele>0.000</ele>
      </trkpt>
      <trkpt lat="51.563464493" lon="15.493942045">
        <ele>0.000</ele>
      </trkpt>
      <trkpt lat="51.563347750" lon="15.493773532">
        <ele>0.000</ele>
      </trkpt>
      <trkpt lat="51.562946409" lon="15.492559704">
        <ele>0.000</ele>
      </trkpt>
      <trkpt lat="51.562739670" lon="15.491624144">
        <ele>0.000</ele>
      </trkpt>
      <trkpt lat="51.562488491" lon="15.490901594">
        <ele>0.000</ele>
      </trkpt>
      <trkpt lat="51.561788397" lon="15.489322729">
        <ele>0.000</ele>
      </trkpt>
      <trkpt lat="51.561374628" lon="15.488166748">
        <ele>0.000</ele>
      </trkpt>
      <trkpt lat="51.560536475" lon="15.486078175">
        <ele>0.000</ele>
      </trkpt>
      <trkpt lat="51.560227764" lon="15.485253117">
        <ele>0.000</ele>
      </trkpt>
      <trkpt lat="51.558710470" lon="15.481935452">
        <ele>0.000</ele>
      </trkpt>
      <trkpt lat="51.557136987" lon="15.478256405">
        <ele>0.000</ele>
      </trkpt>
      <trkpt lat="51.556373535" lon="15.476627387">
        <ele>0.000</ele>
      </trkpt>
      <trkpt lat="51.555871206" lon="15.474844328">
        <ele>0.000</ele>
      </trkpt>
      <trkpt lat="51.556154969" lon="15.473317524">
        <ele>0.000</ele>
      </trkpt>
      <trkpt lat="51.556566228" lon="15.471632765">
        <ele>0.000</ele>
      </trkpt>
      <trkpt lat="51.557019386" lon="15.470546947">
        <ele>0.000</ele>
      </trkpt>
      <trkpt lat="51.557364183" lon="15.469451775">
        <ele>0.000</ele>
      </trkpt>
      <trkpt lat="51.557379700" lon="15.469376981">
        <ele>0.000</ele>
      </trkpt>
      <trkpt lat="51.557465953" lon="15.468158239">
        <ele>0.000</ele>
      </trkpt>
      <trkpt lat="51.557661642" lon="15.466407977">
        <ele>0.000</ele>
      </trkpt>
      <trkpt lat="51.557760071" lon="15.464657330">
        <ele>0.000</ele>
      </trkpt>
      <trkpt lat="51.558043967" lon="15.463382985">
        <ele>0.000</ele>
      </trkpt>
      <trkpt lat="51.558043738" lon="15.463357996">
        <ele>0.000</ele>
      </trkpt>
      <trkpt lat="51.558433339" lon="15.462515099">
        <ele>0.000</ele>
      </trkpt>
      <trkpt lat="51.558627676" lon="15.461889321">
        <ele>0.000</ele>
      </trkpt>
      <trkpt lat="51.558519309" lon="15.460996179">
        <ele>0.000</ele>
      </trkpt>
      <trkpt lat="51.558501736" lon="15.460897793">
        <ele>0.000</ele>
      </trkpt>
      <trkpt lat="51.558359309" lon="15.460056401">
        <ele>0.000</ele>
      </trkpt>
      <trkpt lat="51.558502513" lon="15.458124171">
        <ele>0.000</ele>
      </trkpt>
      <trkpt lat="51.558502287" lon="15.458099447">
        <ele>0.000</ele>
      </trkpt>
      <trkpt lat="51.558578830" lon="15.457650307">
        <ele>0.000</ele>
      </trkpt>
      <trkpt lat="51.558151287" lon="15.456563839">
        <ele>0.000</ele>
      </trkpt>
      <trkpt lat="51.558013640" lon="15.455466169">
        <ele>0.000</ele>
      </trkpt>
      <trkpt lat="51.558305241" lon="15.454135166">
        <ele>0.000</ele>
      </trkpt>
      <trkpt lat="51.558778582" lon="15.452948373">
        <ele>0.000</ele>
      </trkpt>
      <trkpt lat="51.558809894" lon="15.452820786">
        <ele>0.000</ele>
      </trkpt>
      <trkpt lat="51.559109824" lon="15.451740724">
        <ele>0.000</ele>
      </trkpt>
      <trkpt lat="51.558005071" lon="15.451015464">
        <ele>0.000</ele>
      </trkpt>
      <trkpt lat="51.556931350" lon="15.450611826">
        <ele>0.000</ele>
      </trkpt>
      <trkpt lat="51.556668090" lon="15.450597247">
        <ele>0.000</ele>
      </trkpt>
      <trkpt lat="51.555943522" lon="15.448308135">
        <ele>0.000</ele>
      </trkpt>
      <trkpt lat="51.554991386" lon="15.445114744">
        <ele>0.000</ele>
      </trkpt>
      <trkpt lat="51.553822254" lon="15.441973729">
        <ele>0.000</ele>
      </trkpt>
      <trkpt lat="51.552987220" lon="15.440256048">
        <ele>0.000</ele>
      </trkpt>
      <trkpt lat="51.552294986" lon="15.438906579">
        <ele>0.000</ele>
      </trkpt>
      <trkpt lat="51.552281332" lon="15.438826183">
        <ele>0.000</ele>
      </trkpt>
      <trkpt lat="51.552255165" lon="15.438786637">
        <ele>0.000</ele>
      </trkpt>
      <trkpt lat="51.551172785" lon="15.436604277">
        <ele>0.000</ele>
      </trkpt>
      <trkpt lat="51.551147645" lon="15.436566536">
        <ele>0.000</ele>
      </trkpt>
      <trkpt lat="51.550217177" lon="15.434047991">
        <ele>0.000</ele>
      </trkpt>
      <trkpt lat="51.549654566" lon="15.430828527">
        <ele>0.000</ele>
      </trkpt>
      <trkpt lat="51.549059571" lon="15.427398565">
        <ele>0.000</ele>
      </trkpt>
      <trkpt lat="51.548009440" lon="15.425335889">
        <ele>0.000</ele>
      </trkpt>
      <trkpt lat="51.546149184" lon="15.421244275">
        <ele>0.000</ele>
      </trkpt>
      <trkpt lat="51.545211289" lon="15.418959112">
        <ele>0.000</ele>
      </trkpt>
      <trkpt lat="51.544585795" lon="15.416709739">
        <ele>0.000</ele>
      </trkpt>
      <trkpt lat="51.541862926" lon="15.407616009">
        <ele>0.000</ele>
      </trkpt>
      <trkpt lat="51.541693450" lon="15.405826747">
        <ele>0.000</ele>
      </trkpt>
      <trkpt lat="51.540754716" lon="15.402713836">
        <ele>0.000</ele>
      </trkpt>
      <trkpt lat="51.539938057" lon="15.400050624">
        <ele>0.000</ele>
      </trkpt>
      <trkpt lat="51.539662005" lon="15.399137640">
        <ele>0.000</ele>
      </trkpt>
      <trkpt lat="51.537871712" lon="15.395425101">
        <ele>0.000</ele>
      </trkpt>
      <trkpt lat="51.536609913" lon="15.395682953">
        <ele>0.000</ele>
      </trkpt>
      <trkpt lat="51.536283932" lon="15.395308462">
        <ele>0.000</ele>
      </trkpt>
      <trkpt lat="51.536428490" lon="15.392199333">
        <ele>0.000</ele>
      </trkpt>
      <trkpt lat="51.537469443" lon="15.391858730">
        <ele>0.000</ele>
      </trkpt>
      <trkpt lat="51.538310694" lon="15.391634800">
        <ele>0.000</ele>
      </trkpt>
      <trkpt lat="51.539030765" lon="15.391285782">
        <ele>0.000</ele>
      </trkpt>
      <trkpt lat="51.539789865" lon="15.391114521">
        <ele>0.000</ele>
      </trkpt>
      <trkpt lat="51.540685823" lon="15.391065251">
        <ele>0.000</ele>
      </trkpt>
      <trkpt lat="51.541665703" lon="15.391154768">
        <ele>0.000</ele>
      </trkpt>
      <trkpt lat="51.542843371" lon="15.391578551">
        <ele>0.000</ele>
      </trkpt>
      <trkpt lat="51.544128121" lon="15.391807199">
        <ele>0.000</ele>
      </trkpt>
      <trkpt lat="51.545553730" lon="15.392090434">
        <ele>0.000</ele>
      </trkpt>
      <trkpt lat="51.546326637" lon="15.391477191">
        <ele>0.000</ele>
      </trkpt>
      <trkpt lat="51.548087634" lon="15.390397602">
        <ele>0.000</ele>
      </trkpt>
      <trkpt lat="51.549353823" lon="15.389895152">
        <ele>0.000</ele>
      </trkpt>
      <trkpt lat="51.550391785" lon="15.388583012">
        <ele>0.000</ele>
      </trkpt>
      <trkpt lat="51.551941082" lon="15.386218489">
        <ele>0.000</ele>
      </trkpt>
      <trkpt lat="51.554226945" lon="15.384750801">
        <ele>0.000</ele>
      </trkpt>
      <trkpt lat="51.555579678" lon="15.383333290">
        <ele>0.000</ele>
      </trkpt>
      <trkpt lat="51.557839314" lon="15.380236749">
        <ele>0.000</ele>
      </trkpt>
      <trkpt lat="51.561160152" lon="15.375416089">
        <ele>0.000</ele>
      </trkpt>
      <trkpt lat="51.568153368" lon="15.369980683">
        <ele>0.000</ele>
      </trkpt>
      <trkpt lat="51.571141354" lon="15.366252263">
        <ele>0.000</ele>
      </trkpt>
      <trkpt lat="51.574499056" lon="15.360866745">
        <ele>0.000</ele>
      </trkpt>
      <trkpt lat="51.578032173" lon="15.353659469">
        <ele>0.000</ele>
      </trkpt>
      <trkpt lat="51.585972843" lon="15.337779793">
        <ele>0.000</ele>
      </trkpt>
      <trkpt lat="51.586462112" lon="15.337017098">
        <ele>0.000</ele>
      </trkpt>
      <trkpt lat="51.589143523" lon="15.334675817">
        <ele>0.000</ele>
      </trkpt>
      <trkpt lat="51.592545459" lon="15.331622044">
        <ele>0.000</ele>
      </trkpt>
      <trkpt lat="51.595082747" lon="15.329266137">
        <ele>0.000</ele>
      </trkpt>
      <trkpt lat="51.596329981" lon="15.328239237">
        <ele>0.000</ele>
      </trkpt>
      <trkpt lat="51.598220737" lon="15.327592220">
        <ele>0.000</ele>
      </trkpt>
      <trkpt lat="51.599402893" lon="15.327271793">
        <ele>0.000</ele>
      </trkpt>
      <trkpt lat="51.600663882" lon="15.326929974">
        <ele>0.000</ele>
      </trkpt>
      <trkpt lat="51.601864925" lon="15.326793984">
        <ele>0.000</ele>
      </trkpt>
      <trkpt lat="51.603068486" lon="15.327533986">
        <ele>0.000</ele>
      </trkpt>
      <trkpt lat="51.604346458" lon="15.328512479">
        <ele>0.000</ele>
      </trkpt>
      <trkpt lat="51.605749812" lon="15.329577097">
        <ele>0.000</ele>
      </trkpt>
      <trkpt lat="51.606478491" lon="15.330936538">
        <ele>0.000</ele>
      </trkpt>
      <trkpt lat="51.607339999" lon="15.331848030">
        <ele>0.000</ele>
      </trkpt>
      <trkpt lat="51.608936856" lon="15.332316557">
        <ele>0.000</ele>
      </trkpt>
      <trkpt lat="51.609792611" lon="15.332322899">
        <ele>0.000</ele>
      </trkpt>
      <trkpt lat="51.610391023" lon="15.331609514">
        <ele>0.000</ele>
      </trkpt>
      <trkpt lat="51.610906707" lon="15.330646836">
        <ele>0.000</ele>
      </trkpt>
      <trkpt lat="51.611522459" lon="15.330697623">
        <ele>0.000</ele>
      </trkpt>
      <trkpt lat="51.611975030" lon="15.330785562">
        <ele>0.000</ele>
      </trkpt>
      <trkpt lat="51.613025271" lon="15.326892269">
        <ele>0.000</ele>
      </trkpt>
      <trkpt lat="51.613237355" lon="15.325973316">
        <ele>0.000</ele>
      </trkpt>
      <trkpt lat="51.613451353" lon="15.324640078">
        <ele>0.000</ele>
      </trkpt>
      <trkpt lat="51.613942018" lon="15.324431670">
        <ele>0.000</ele>
      </trkpt>
      <trkpt lat="51.614544163" lon="15.324260666">
        <ele>0.000</ele>
      </trkpt>
      <trkpt lat="51.614748591" lon="15.324153145">
        <ele>0.000</ele>
      </trkpt>
      <trkpt lat="51.614852916" lon="15.323778382">
        <ele>0.000</ele>
      </trkpt>
      <trkpt lat="51.614997130" lon="15.323087214">
        <ele>0.000</ele>
      </trkpt>
      <trkpt lat="51.614996483" lon="15.323026327">
        <ele>0.000</ele>
      </trkpt>
      <trkpt lat="51.615082292" lon="15.322299400">
        <ele>0.000</ele>
      </trkpt>
      <trkpt lat="51.615245613" lon="15.321493886">
        <ele>0.000</ele>
      </trkpt>
      <trkpt lat="51.615211803" lon="15.320756341">
        <ele>0.000</ele>
      </trkpt>
      <trkpt lat="51.615127421" lon="15.320109043">
        <ele>0.000</ele>
      </trkpt>
      <trkpt lat="51.615230221" lon="15.319242237">
        <ele>0.000</ele>
      </trkpt>
      <trkpt lat="51.615596895" lon="15.318185901">
        <ele>0.000</ele>
      </trkpt>
      <trkpt lat="51.615700883" lon="15.317593323">
        <ele>0.000</ele>
      </trkpt>
      <trkpt lat="51.616216671" lon="15.317376499">
        <ele>0.000</ele>
      </trkpt>
      <trkpt lat="51.616679076" lon="15.317247738">
        <ele>0.000</ele>
      </trkpt>
      <trkpt lat="51.617155863" lon="15.316763875">
        <ele>0.000</ele>
      </trkpt>
      <trkpt lat="51.617517700" lon="15.314995743">
        <ele>0.000</ele>
      </trkpt>
      <trkpt lat="51.615618229" lon="15.308248588">
        <ele>0.000</ele>
      </trkpt>
      <trkpt lat="51.615096038" lon="15.305733488">
        <ele>0.000</ele>
      </trkpt>
    </trkseg>
  </trk>
  <trk>
    <name>Żagań – Żary 15</name>
    <trkseg>
      <trkpt lat="51.615036000" lon="15.301103000">
        <ele>0.000</ele>
      </trkpt>
      <trkpt lat="51.615070000" lon="15.301178000">
        <ele>0.000</ele>
      </trkpt>
      <trkpt lat="51.615091000" lon="15.301223000">
        <ele>0.000</ele>
      </trkpt>
      <trkpt lat="51.615111000" lon="15.301258000">
        <ele>0.000</ele>
      </trkpt>
      <trkpt lat="51.615130000" lon="15.301290000">
        <ele>0.000</ele>
      </trkpt>
      <trkpt lat="51.615207000" lon="15.301399000">
        <ele>0.000</ele>
      </trkpt>
      <trkpt lat="51.615254000" lon="15.301482000">
        <ele>0.000</ele>
      </trkpt>
      <trkpt lat="51.615290000" lon="15.301572000">
        <ele>0.000</ele>
      </trkpt>
      <trkpt lat="51.615311000" lon="15.301637000">
        <ele>0.000</ele>
      </trkpt>
      <trkpt lat="51.615330000" lon="15.301704000">
        <ele>0.000</ele>
      </trkpt>
      <trkpt lat="51.615349000" lon="15.301779000">
        <ele>0.000</ele>
      </trkpt>
      <trkpt lat="51.615360000" lon="15.301842000">
        <ele>0.000</ele>
      </trkpt>
      <trkpt lat="51.615371000" lon="15.301913000">
        <ele>0.000</ele>
      </trkpt>
      <trkpt lat="51.615381000" lon="15.301993000">
        <ele>0.000</ele>
      </trkpt>
      <trkpt lat="51.615420000" lon="15.302424000">
        <ele>0.000</ele>
      </trkpt>
      <trkpt lat="51.615430000" lon="15.302531000">
        <ele>0.000</ele>
      </trkpt>
      <trkpt lat="51.615434000" lon="15.302626000">
        <ele>0.000</ele>
      </trkpt>
      <trkpt lat="51.615447000" lon="15.302852000">
        <ele>0.000</ele>
      </trkpt>
      <trkpt lat="51.615450000" lon="15.302920000">
        <ele>0.000</ele>
      </trkpt>
      <trkpt lat="51.615458000" lon="15.303059000">
        <ele>0.000</ele>
      </trkpt>
      <trkpt lat="51.615464000" lon="15.303167000">
        <ele>0.000</ele>
      </trkpt>
      <trkpt lat="51.615331000" lon="15.303187000">
        <ele>0.000</ele>
      </trkpt>
      <trkpt lat="51.614990000" lon="15.303262000">
        <ele>0.000</ele>
      </trkpt>
      <trkpt lat="51.614933000" lon="15.303279000">
        <ele>0.000</ele>
      </trkpt>
      <trkpt lat="51.614894000" lon="15.303295000">
        <ele>0.000</ele>
      </trkpt>
      <trkpt lat="51.614860000" lon="15.303313000">
        <ele>0.000</ele>
      </trkpt>
      <trkpt lat="51.614843000" lon="15.303120000">
        <ele>0.000</ele>
      </trkpt>
      <trkpt lat="51.614773000" lon="15.302491000">
        <ele>0.000</ele>
      </trkpt>
      <trkpt lat="51.614759000" lon="15.302364000">
        <ele>0.000</ele>
      </trkpt>
      <trkpt lat="51.614686000" lon="15.301683000">
        <ele>0.000</ele>
      </trkpt>
      <trkpt lat="51.614498000" lon="15.300547000">
        <ele>0.000</ele>
      </trkpt>
      <trkpt lat="51.614432000" lon="15.300162000">
        <ele>0.000</ele>
      </trkpt>
      <trkpt lat="51.614388000" lon="15.299900000">
        <ele>0.000</ele>
      </trkpt>
      <trkpt lat="51.614357000" lon="15.299700000">
        <ele>0.000</ele>
      </trkpt>
      <trkpt lat="51.613929000" lon="15.297149000">
        <ele>0.000</ele>
      </trkpt>
      <trkpt lat="51.613833000" lon="15.296558000">
        <ele>0.000</ele>
      </trkpt>
      <trkpt lat="51.613800000" lon="15.296320000">
        <ele>0.000</ele>
      </trkpt>
      <trkpt lat="51.613663000" lon="15.296124000">
        <ele>0.000</ele>
      </trkpt>
      <trkpt lat="51.613714000" lon="15.296012000">
        <ele>0.000</ele>
      </trkpt>
      <trkpt lat="51.613708000" lon="15.295893000">
        <ele>0.000</ele>
      </trkpt>
      <trkpt lat="51.613636000" lon="15.295494000">
        <ele>0.000</ele>
      </trkpt>
      <trkpt lat="51.613591000" lon="15.295257000">
        <ele>0.000</ele>
      </trkpt>
      <trkpt lat="51.613505000" lon="15.294775000">
        <ele>0.000</ele>
      </trkpt>
      <trkpt lat="51.613438000" lon="15.294312000">
        <ele>0.000</ele>
      </trkpt>
      <trkpt lat="51.613358000" lon="15.293678000">
        <ele>0.000</ele>
      </trkpt>
      <trkpt lat="51.613333000" lon="15.292704000">
        <ele>0.000</ele>
      </trkpt>
      <trkpt lat="51.613328000" lon="15.291047000">
        <ele>0.000</ele>
      </trkpt>
      <trkpt lat="51.613568000" lon="15.290590000">
        <ele>0.000</ele>
      </trkpt>
      <trkpt lat="51.613918000" lon="15.289801000">
        <ele>0.000</ele>
      </trkpt>
      <trkpt lat="51.614072000" lon="15.289490000">
        <ele>0.000</ele>
      </trkpt>
      <trkpt lat="51.613941000" lon="15.289294000">
        <ele>0.000</ele>
      </trkpt>
      <trkpt lat="51.613908000" lon="15.289230000">
        <ele>0.000</ele>
      </trkpt>
      <trkpt lat="51.613894000" lon="15.289117000">
        <ele>0.000</ele>
      </trkpt>
      <trkpt lat="51.613898000" lon="15.288959000">
        <ele>0.000</ele>
      </trkpt>
      <trkpt lat="51.613876000" lon="15.288774000">
        <ele>0.000</ele>
      </trkpt>
      <trkpt lat="51.613836000" lon="15.288624000">
        <ele>0.000</ele>
      </trkpt>
      <trkpt lat="51.613801000" lon="15.288436000">
        <ele>0.000</ele>
      </trkpt>
      <trkpt lat="51.613781000" lon="15.288286000">
        <ele>0.000</ele>
      </trkpt>
      <trkpt lat="51.613776000" lon="15.287984000">
        <ele>0.000</ele>
      </trkpt>
      <trkpt lat="51.613784000" lon="15.287836000">
        <ele>0.000</ele>
      </trkpt>
      <trkpt lat="51.613745000" lon="15.287642000">
        <ele>0.000</ele>
      </trkpt>
      <trkpt lat="51.613708000" lon="15.287484000">
        <ele>0.000</ele>
      </trkpt>
      <trkpt lat="51.613633000" lon="15.287274000">
        <ele>0.000</ele>
      </trkpt>
      <trkpt lat="51.613546000" lon="15.287081000">
        <ele>0.000</ele>
      </trkpt>
      <trkpt lat="51.613476000" lon="15.286985000">
        <ele>0.000</ele>
      </trkpt>
      <trkpt lat="51.613376000" lon="15.286888000">
        <ele>0.000</ele>
      </trkpt>
      <trkpt lat="51.613318000" lon="15.286824000">
        <ele>0.000</ele>
      </trkpt>
      <trkpt lat="51.613248000" lon="15.286709000">
        <ele>0.000</ele>
      </trkpt>
      <trkpt lat="51.613217000" lon="15.286604000">
        <ele>0.000</ele>
      </trkpt>
      <trkpt lat="51.613170000" lon="15.286336000">
        <ele>0.000</ele>
      </trkpt>
      <trkpt lat="51.613118000" lon="15.286038000">
        <ele>0.000</ele>
      </trkpt>
      <trkpt lat="51.613063000" lon="15.285689000">
        <ele>0.000</ele>
      </trkpt>
      <trkpt lat="51.613052000" lon="15.285429000">
        <ele>0.000</ele>
      </trkpt>
      <trkpt lat="51.613033000" lon="15.285279000">
        <ele>0.000</ele>
      </trkpt>
      <trkpt lat="51.612977000" lon="15.285153000">
        <ele>0.000</ele>
      </trkpt>
      <trkpt lat="51.612809000" lon="15.284758000">
        <ele>0.000</ele>
      </trkpt>
      <trkpt lat="51.612702000" lon="15.284539000">
        <ele>0.000</ele>
      </trkpt>
      <trkpt lat="51.612624000" lon="15.284399000">
        <ele>0.000</ele>
      </trkpt>
      <trkpt lat="51.612514000" lon="15.284257000">
        <ele>0.000</ele>
      </trkpt>
      <trkpt lat="51.612447000" lon="15.284219000">
        <ele>0.000</ele>
      </trkpt>
      <trkpt lat="51.612399000" lon="15.284177000">
        <ele>0.000</ele>
      </trkpt>
      <trkpt lat="51.612362000" lon="15.284104000">
        <ele>0.000</ele>
      </trkpt>
      <trkpt lat="51.612334000" lon="15.283975000">
        <ele>0.000</ele>
      </trkpt>
      <trkpt lat="51.612289000" lon="15.283782000">
        <ele>0.000</ele>
      </trkpt>
      <trkpt lat="51.612242000" lon="15.283594000">
        <ele>0.000</ele>
      </trkpt>
      <trkpt lat="51.612216000" lon="15.283415000">
        <ele>0.000</ele>
      </trkpt>
      <trkpt lat="51.612196000" lon="15.283270000">
        <ele>0.000</ele>
      </trkpt>
      <trkpt lat="51.612196000" lon="15.283128000">
        <ele>0.000</ele>
      </trkpt>
      <trkpt lat="51.612232000" lon="15.282897000">
        <ele>0.000</ele>
      </trkpt>
      <trkpt lat="51.612267000" lon="15.282658000">
        <ele>0.000</ele>
      </trkpt>
      <trkpt lat="51.612284000" lon="15.282559000">
        <ele>0.000</ele>
      </trkpt>
      <trkpt lat="51.612271000" lon="15.282457000">
        <ele>0.000</ele>
      </trkpt>
      <trkpt lat="51.612192000" lon="15.282259000">
        <ele>0.000</ele>
      </trkpt>
      <trkpt lat="51.612146000" lon="15.282142000">
        <ele>0.000</ele>
      </trkpt>
      <trkpt lat="51.611689000" lon="15.281915000">
        <ele>0.000</ele>
      </trkpt>
      <trkpt lat="51.611494000" lon="15.281852000">
        <ele>0.000</ele>
      </trkpt>
      <trkpt lat="51.611284000" lon="15.281747000">
        <ele>0.000</ele>
      </trkpt>
      <trkpt lat="51.611220000" lon="15.281639000">
        <ele>0.000</ele>
      </trkpt>
      <trkpt lat="51.611185000" lon="15.281524000">
        <ele>0.000</ele>
      </trkpt>
      <trkpt lat="51.611186000" lon="15.281374000">
        <ele>0.000</ele>
      </trkpt>
      <trkpt lat="51.611228000" lon="15.281175000">
        <ele>0.000</ele>
      </trkpt>
      <trkpt lat="51.611281000" lon="15.281041000">
        <ele>0.000</ele>
      </trkpt>
      <trkpt lat="51.611504000" lon="15.280644000">
        <ele>0.000</ele>
      </trkpt>
      <trkpt lat="51.611575000" lon="15.280480000">
        <ele>0.000</ele>
      </trkpt>
      <trkpt lat="51.611636000" lon="15.280220000">
        <ele>0.000</ele>
      </trkpt>
      <trkpt lat="51.611686000" lon="15.279976000">
        <ele>0.000</ele>
      </trkpt>
      <trkpt lat="51.611827000" lon="15.279044000">
        <ele>0.000</ele>
      </trkpt>
      <trkpt lat="51.611856000" lon="15.278825000">
        <ele>0.000</ele>
      </trkpt>
      <trkpt lat="51.612131000" lon="15.276944000">
        <ele>0.000</ele>
      </trkpt>
      <trkpt lat="51.612267000" lon="15.275915000">
        <ele>0.000</ele>
      </trkpt>
      <trkpt lat="51.612271000" lon="15.275768000">
        <ele>0.000</ele>
      </trkpt>
      <trkpt lat="51.612262000" lon="15.275623000">
        <ele>0.000</ele>
      </trkpt>
      <trkpt lat="51.612234000" lon="15.275320000">
        <ele>0.000</ele>
      </trkpt>
      <trkpt lat="51.612179000" lon="15.275011000">
        <ele>0.000</ele>
      </trkpt>
      <trkpt lat="51.612117000" lon="15.274655000">
        <ele>0.000</ele>
      </trkpt>
      <trkpt lat="51.611884000" lon="15.273421000">
        <ele>0.000</ele>
      </trkpt>
      <trkpt lat="51.611322000" lon="15.270791000">
        <ele>0.000</ele>
      </trkpt>
      <trkpt lat="51.611225000" lon="15.270371000">
        <ele>0.000</ele>
      </trkpt>
      <trkpt lat="51.611113000" lon="15.269955000">
        <ele>0.000</ele>
      </trkpt>
      <trkpt lat="51.610810000" lon="15.269054000">
        <ele>0.000</ele>
      </trkpt>
      <trkpt lat="51.610292000" lon="15.267418000">
        <ele>0.000</ele>
      </trkpt>
      <trkpt lat="51.610209000" lon="15.267214000">
        <ele>0.000</ele>
      </trkpt>
      <trkpt lat="51.610115000" lon="15.267002000">
        <ele>0.000</ele>
      </trkpt>
      <trkpt lat="51.609927000" lon="15.266629000">
        <ele>0.000</ele>
      </trkpt>
      <trkpt lat="51.609772000" lon="15.266375000">
        <ele>0.000</ele>
      </trkpt>
      <trkpt lat="51.609632000" lon="15.266198000">
        <ele>0.000</ele>
      </trkpt>
      <trkpt lat="51.609477000" lon="15.266096000">
        <ele>0.000</ele>
      </trkpt>
      <trkpt lat="51.609083000" lon="15.265870000">
        <ele>0.000</ele>
      </trkpt>
      <trkpt lat="51.608976000" lon="15.265770000">
        <ele>0.000</ele>
      </trkpt>
      <trkpt lat="51.608856000" lon="15.265656000">
        <ele>0.000</ele>
      </trkpt>
      <trkpt lat="51.608721000" lon="15.265463000">
        <ele>0.000</ele>
      </trkpt>
      <trkpt lat="51.608563000" lon="15.265173000">
        <ele>0.000</ele>
      </trkpt>
      <trkpt lat="51.608466000" lon="15.264988000">
        <ele>0.000</ele>
      </trkpt>
      <trkpt lat="51.608308000" lon="15.264671000">
        <ele>0.000</ele>
      </trkpt>
      <trkpt lat="51.608213000" lon="15.264441000">
        <ele>0.000</ele>
      </trkpt>
      <trkpt lat="51.608101000" lon="15.264119000">
        <ele>0.000</ele>
      </trkpt>
      <trkpt lat="51.607852000" lon="15.263379000">
        <ele>0.000</ele>
      </trkpt>
      <trkpt lat="51.607282000" lon="15.261785000">
        <ele>0.000</ele>
      </trkpt>
      <trkpt lat="51.607234000" lon="15.261657000">
        <ele>0.000</ele>
      </trkpt>
      <trkpt lat="51.606837000" lon="15.260611000">
        <ele>0.000</ele>
      </trkpt>
      <trkpt lat="51.606102000" lon="15.258636000">
        <ele>0.000</ele>
      </trkpt>
      <trkpt lat="51.605576000" lon="15.257239000">
        <ele>0.000</ele>
      </trkpt>
      <trkpt lat="51.604981000" lon="15.255689000">
        <ele>0.000</ele>
      </trkpt>
      <trkpt lat="51.604775000" lon="15.255134000">
        <ele>0.000</ele>
      </trkpt>
      <trkpt lat="51.604671000" lon="15.254927000">
        <ele>0.000</ele>
      </trkpt>
      <trkpt lat="51.604603000" lon="15.254820000">
        <ele>0.000</ele>
      </trkpt>
      <trkpt lat="51.604190000" lon="15.254278000">
        <ele>0.000</ele>
      </trkpt>
      <trkpt lat="51.603759000" lon="15.253669000">
        <ele>0.000</ele>
      </trkpt>
      <trkpt lat="51.603096000" lon="15.252660000">
        <ele>0.000</ele>
      </trkpt>
      <trkpt lat="51.602869000" lon="15.252344000">
        <ele>0.000</ele>
      </trkpt>
      <trkpt lat="51.602599000" lon="15.251912000">
        <ele>0.000</ele>
      </trkpt>
      <trkpt lat="51.602281000" lon="15.251343000">
        <ele>0.000</ele>
      </trkpt>
      <trkpt lat="51.602119000" lon="15.251078000">
        <ele>0.000</ele>
      </trkpt>
      <trkpt lat="51.601963000" lon="15.250786000">
        <ele>0.000</ele>
      </trkpt>
      <trkpt lat="51.601402000" lon="15.249610000">
        <ele>0.000</ele>
      </trkpt>
      <trkpt lat="51.601160000" lon="15.249099000">
        <ele>0.000</ele>
      </trkpt>
      <trkpt lat="51.600990000" lon="15.248758000">
        <ele>0.000</ele>
      </trkpt>
      <trkpt lat="51.600783000" lon="15.248270000">
        <ele>0.000</ele>
      </trkpt>
      <trkpt lat="51.600690000" lon="15.248020000">
        <ele>0.000</ele>
      </trkpt>
      <trkpt lat="51.600577000" lon="15.247682000">
        <ele>0.000</ele>
      </trkpt>
      <trkpt lat="51.600452000" lon="15.247183000">
        <ele>0.000</ele>
      </trkpt>
      <trkpt lat="51.600277000" lon="15.246363000">
        <ele>0.000</ele>
      </trkpt>
      <trkpt lat="51.600172000" lon="15.245899000">
        <ele>0.000</ele>
      </trkpt>
      <trkpt lat="51.600010000" lon="15.245220000">
        <ele>0.000</ele>
      </trkpt>
      <trkpt lat="51.599730000" lon="15.244083000">
        <ele>0.000</ele>
      </trkpt>
      <trkpt lat="51.599604000" lon="15.243595000">
        <ele>0.000</ele>
      </trkpt>
      <trkpt lat="51.599457000" lon="15.243166000">
        <ele>0.000</ele>
      </trkpt>
      <trkpt lat="51.599330000" lon="15.242734000">
        <ele>0.000</ele>
      </trkpt>
      <trkpt lat="51.599212000" lon="15.242388000">
        <ele>0.000</ele>
      </trkpt>
      <trkpt lat="51.599087000" lon="15.241996000">
        <ele>0.000</ele>
      </trkpt>
      <trkpt lat="51.598867000" lon="15.241368000">
        <ele>0.000</ele>
      </trkpt>
      <trkpt lat="51.598722000" lon="15.241028000">
        <ele>0.000</ele>
      </trkpt>
      <trkpt lat="51.598586000" lon="15.240717000">
        <ele>0.000</ele>
      </trkpt>
      <trkpt lat="51.598492000" lon="15.240481000">
        <ele>0.000</ele>
      </trkpt>
      <trkpt lat="51.598437000" lon="15.240258000">
        <ele>0.000</ele>
      </trkpt>
      <trkpt lat="51.598361000" lon="15.239791000">
        <ele>0.000</ele>
      </trkpt>
      <trkpt lat="51.598284000" lon="15.239169000">
        <ele>0.000</ele>
      </trkpt>
      <trkpt lat="51.598269000" lon="15.238909000">
        <ele>0.000</ele>
      </trkpt>
      <trkpt lat="51.598262000" lon="15.238332000">
        <ele>0.000</ele>
      </trkpt>
      <trkpt lat="51.598236000" lon="15.237895000">
        <ele>0.000</ele>
      </trkpt>
      <trkpt lat="51.598241000" lon="15.237643000">
        <ele>0.000</ele>
      </trkpt>
      <trkpt lat="51.598262000" lon="15.237439000">
        <ele>0.000</ele>
      </trkpt>
      <trkpt lat="51.598417000" lon="15.236696000">
        <ele>0.000</ele>
      </trkpt>
      <trkpt lat="51.598467000" lon="15.236414000">
        <ele>0.000</ele>
      </trkpt>
      <trkpt lat="51.598497000" lon="15.236151000">
        <ele>0.000</ele>
      </trkpt>
      <trkpt lat="51.598511000" lon="15.235891000">
        <ele>0.000</ele>
      </trkpt>
      <trkpt lat="51.598521000" lon="15.235202000">
        <ele>0.000</ele>
      </trkpt>
      <trkpt lat="51.598531000" lon="15.234840000">
        <ele>0.000</ele>
      </trkpt>
      <trkpt lat="51.598552000" lon="15.234628000">
        <ele>0.000</ele>
      </trkpt>
      <trkpt lat="51.598597000" lon="15.234357000">
        <ele>0.000</ele>
      </trkpt>
      <trkpt lat="51.598646000" lon="15.234067000">
        <ele>0.000</ele>
      </trkpt>
      <trkpt lat="51.598674000" lon="15.233764000">
        <ele>0.000</ele>
      </trkpt>
      <trkpt lat="51.598701000" lon="15.233426000">
        <ele>0.000</ele>
      </trkpt>
      <trkpt lat="51.598842000" lon="15.232324000">
        <ele>0.000</ele>
      </trkpt>
      <trkpt lat="51.598954000" lon="15.231163000">
        <ele>0.000</ele>
      </trkpt>
      <trkpt lat="51.599131000" lon="15.229489000">
        <ele>0.000</ele>
      </trkpt>
      <trkpt lat="51.599177000" lon="15.229062000">
        <ele>0.000</ele>
      </trkpt>
      <trkpt lat="51.599204000" lon="15.228732000">
        <ele>0.000</ele>
      </trkpt>
      <trkpt lat="51.599230000" lon="15.228325000">
        <ele>0.000</ele>
      </trkpt>
      <trkpt lat="51.599254000" lon="15.227710000">
        <ele>0.000</ele>
      </trkpt>
      <trkpt lat="51.599249000" lon="15.223470000">
        <ele>0.000</ele>
      </trkpt>
      <trkpt lat="51.599230000" lon="15.221177000">
        <ele>0.000</ele>
      </trkpt>
      <trkpt lat="51.599240000" lon="15.220367000">
        <ele>0.000</ele>
      </trkpt>
      <trkpt lat="51.599234000" lon="15.217737000">
        <ele>0.000</ele>
      </trkpt>
      <trkpt lat="51.599204000" lon="15.216443000">
        <ele>0.000</ele>
      </trkpt>
      <trkpt lat="51.599151000" lon="15.215850000">
        <ele>0.000</ele>
      </trkpt>
      <trkpt lat="51.599152000" lon="15.215724000">
        <ele>0.000</ele>
      </trkpt>
      <trkpt lat="51.599210000" lon="15.215355000">
        <ele>0.000</ele>
      </trkpt>
      <trkpt lat="51.599432000" lon="15.215096000">
        <ele>0.000</ele>
      </trkpt>
      <trkpt lat="51.599556000" lon="15.214948000">
        <ele>0.000</ele>
      </trkpt>
      <trkpt lat="51.599866000" lon="15.214058000">
        <ele>0.000</ele>
      </trkpt>
      <trkpt lat="51.600229000" lon="15.213378000">
        <ele>0.000</ele>
      </trkpt>
      <trkpt lat="51.600452000" lon="15.211984000">
        <ele>0.000</ele>
      </trkpt>
      <trkpt lat="51.600548000" lon="15.211825000">
        <ele>0.000</ele>
      </trkpt>
      <trkpt lat="51.601532000" lon="15.210021000">
        <ele>0.000</ele>
      </trkpt>
      <trkpt lat="51.602828000" lon="15.207701000">
        <ele>0.000</ele>
      </trkpt>
      <trkpt lat="51.602991000" lon="15.207460000">
        <ele>0.000</ele>
      </trkpt>
      <trkpt lat="51.603339000" lon="15.207007000">
        <ele>0.000</ele>
      </trkpt>
      <trkpt lat="51.604228000" lon="15.205947000">
        <ele>0.000</ele>
      </trkpt>
      <trkpt lat="51.604340000" lon="15.205762000">
        <ele>0.000</ele>
      </trkpt>
      <trkpt lat="51.604412000" lon="15.205620000">
        <ele>0.000</ele>
      </trkpt>
      <trkpt lat="51.604506000" lon="15.205402000">
        <ele>0.000</ele>
      </trkpt>
      <trkpt lat="51.604600000" lon="15.205108000">
        <ele>0.000</ele>
      </trkpt>
      <trkpt lat="51.604663000" lon="15.204837000">
        <ele>0.000</ele>
      </trkpt>
      <trkpt lat="51.604705000" lon="15.204598000">
        <ele>0.000</ele>
      </trkpt>
      <trkpt lat="51.604766000" lon="15.204040000">
        <ele>0.000</ele>
      </trkpt>
      <trkpt lat="51.604790000" lon="15.203775000">
        <ele>0.000</ele>
      </trkpt>
      <trkpt lat="51.604801000" lon="15.203560000">
        <ele>0.000</ele>
      </trkpt>
      <trkpt lat="51.604798000" lon="15.203321000">
        <ele>0.000</ele>
      </trkpt>
      <trkpt lat="51.604760000" lon="15.202158000">
        <ele>0.000</ele>
      </trkpt>
      <trkpt lat="51.604756000" lon="15.202050000">
        <ele>0.000</ele>
      </trkpt>
      <trkpt lat="51.604735000" lon="15.201427000">
        <ele>0.000</ele>
      </trkpt>
      <trkpt lat="51.604737000" lon="15.200929000">
        <ele>0.000</ele>
      </trkpt>
      <trkpt lat="51.604755000" lon="15.200607000">
        <ele>0.000</ele>
      </trkpt>
      <trkpt lat="51.604786000" lon="15.200269000">
        <ele>0.000</ele>
      </trkpt>
      <trkpt lat="51.604848000" lon="15.199735000">
        <ele>0.000</ele>
      </trkpt>
      <trkpt lat="51.604916000" lon="15.199172000">
        <ele>0.000</ele>
      </trkpt>
      <trkpt lat="51.604942000" lon="15.198934000">
        <ele>0.000</ele>
      </trkpt>
      <trkpt lat="51.605015000" lon="15.197946000">
        <ele>0.000</ele>
      </trkpt>
      <trkpt lat="51.605021000" lon="15.197665000">
        <ele>0.000</ele>
      </trkpt>
      <trkpt lat="51.605020000" lon="15.197217000">
        <ele>0.000</ele>
      </trkpt>
      <trkpt lat="51.605014000" lon="15.195814000">
        <ele>0.000</ele>
      </trkpt>
      <trkpt lat="51.605016000" lon="15.194592000">
        <ele>0.000</ele>
      </trkpt>
      <trkpt lat="51.605016000" lon="15.194484000">
        <ele>0.000</ele>
      </trkpt>
      <trkpt lat="51.605016000" lon="15.193291000">
        <ele>0.000</ele>
      </trkpt>
      <trkpt lat="51.605036000" lon="15.192801000">
        <ele>0.000</ele>
      </trkpt>
      <trkpt lat="51.605070000" lon="15.192388000">
        <ele>0.000</ele>
      </trkpt>
      <trkpt lat="51.605076000" lon="15.192317000">
        <ele>0.000</ele>
      </trkpt>
      <trkpt lat="51.605112000" lon="15.191871000">
        <ele>0.000</ele>
      </trkpt>
      <trkpt lat="51.605130000" lon="15.191629000">
        <ele>0.000</ele>
      </trkpt>
      <trkpt lat="51.605131000" lon="15.191354000">
        <ele>0.000</ele>
      </trkpt>
      <trkpt lat="51.605123000" lon="15.191096000">
        <ele>0.000</ele>
      </trkpt>
      <trkpt lat="51.605108000" lon="15.190772000">
        <ele>0.000</ele>
      </trkpt>
      <trkpt lat="51.605066000" lon="15.189535000">
        <ele>0.000</ele>
      </trkpt>
      <trkpt lat="51.605060000" lon="15.188832000">
        <ele>0.000</ele>
      </trkpt>
      <trkpt lat="51.605120000" lon="15.188853000">
        <ele>0.000</ele>
      </trkpt>
      <trkpt lat="51.605391000" lon="15.188139000">
        <ele>0.000</ele>
      </trkpt>
      <trkpt lat="51.605415000" lon="15.188063000">
        <ele>0.000</ele>
      </trkpt>
      <trkpt lat="51.605425000" lon="15.188023000">
        <ele>0.000</ele>
      </trkpt>
      <trkpt lat="51.605431000" lon="15.187978000">
        <ele>0.000</ele>
      </trkpt>
      <trkpt lat="51.605431000" lon="15.187925000">
        <ele>0.000</ele>
      </trkpt>
      <trkpt lat="51.605425000" lon="15.187873000">
        <ele>0.000</ele>
      </trkpt>
      <trkpt lat="51.605412000" lon="15.187759000">
        <ele>0.000</ele>
      </trkpt>
      <trkpt lat="51.605393000" lon="15.187646000">
        <ele>0.000</ele>
      </trkpt>
      <trkpt lat="51.605324000" lon="15.187228000">
        <ele>0.000</ele>
      </trkpt>
      <trkpt lat="51.605286000" lon="15.186938000">
        <ele>0.000</ele>
      </trkpt>
      <trkpt lat="51.605262000" lon="15.186645000">
        <ele>0.000</ele>
      </trkpt>
      <trkpt lat="51.605244000" lon="15.186141000">
        <ele>0.000</ele>
      </trkpt>
      <trkpt lat="51.605239000" lon="15.185719000">
        <ele>0.000</ele>
      </trkpt>
      <trkpt lat="51.605258000" lon="15.185313000">
        <ele>0.000</ele>
      </trkpt>
      <trkpt lat="51.605300000" lon="15.184957000">
        <ele>0.000</ele>
      </trkpt>
      <trkpt lat="51.605268000" lon="15.184833000">
        <ele>0.000</ele>
      </trkpt>
      <trkpt lat="51.605370000" lon="15.184736000">
        <ele>0.000</ele>
      </trkpt>
      <trkpt lat="51.605465000" lon="15.184644000">
        <ele>0.000</ele>
      </trkpt>
      <trkpt lat="51.605904000" lon="15.184143000">
        <ele>0.000</ele>
      </trkpt>
      <trkpt lat="51.606395000" lon="15.183502000">
        <ele>0.000</ele>
      </trkpt>
      <trkpt lat="51.606868000" lon="15.182739000">
        <ele>0.000</ele>
      </trkpt>
      <trkpt lat="51.607391000" lon="15.181922000">
        <ele>0.000</ele>
      </trkpt>
      <trkpt lat="51.607491000" lon="15.181803000">
        <ele>0.000</ele>
      </trkpt>
      <trkpt lat="51.607787000" lon="15.181473000">
        <ele>0.000</ele>
      </trkpt>
      <trkpt lat="51.608510000" lon="15.180662000">
        <ele>0.000</ele>
      </trkpt>
      <trkpt lat="51.608696000" lon="15.180456000">
        <ele>0.000</ele>
      </trkpt>
      <trkpt lat="51.609205000" lon="15.179891000">
        <ele>0.000</ele>
      </trkpt>
      <trkpt lat="51.609560000" lon="15.179479000">
        <ele>0.000</ele>
      </trkpt>
      <trkpt lat="51.609617000" lon="15.179403000">
        <ele>0.000</ele>
      </trkpt>
      <trkpt lat="51.609631000" lon="15.179378000">
        <ele>0.000</ele>
      </trkpt>
      <trkpt lat="51.609673000" lon="15.179304000">
        <ele>0.000</ele>
      </trkpt>
      <trkpt lat="51.610351000" lon="15.177898000">
        <ele>0.000</ele>
      </trkpt>
      <trkpt lat="51.611061000" lon="15.176424000">
        <ele>0.000</ele>
      </trkpt>
      <trkpt lat="51.611432000" lon="15.175704000">
        <ele>0.000</ele>
      </trkpt>
      <trkpt lat="51.611527000" lon="15.175513000">
        <ele>0.000</ele>
      </trkpt>
      <trkpt lat="51.612196000" lon="15.174219000">
        <ele>0.000</ele>
      </trkpt>
      <trkpt lat="51.612288000" lon="15.173986000">
        <ele>0.000</ele>
      </trkpt>
      <trkpt lat="51.612310000" lon="15.173930000">
        <ele>0.000</ele>
      </trkpt>
      <trkpt lat="51.612452000" lon="15.173442000">
        <ele>0.000</ele>
      </trkpt>
      <trkpt lat="51.612684000" lon="15.172657000">
        <ele>0.000</ele>
      </trkpt>
      <trkpt lat="51.612875000" lon="15.172008000">
        <ele>0.000</ele>
      </trkpt>
      <trkpt lat="51.613000000" lon="15.171584000">
        <ele>0.000</ele>
      </trkpt>
      <trkpt lat="51.613087000" lon="15.171469000">
        <ele>0.000</ele>
      </trkpt>
      <trkpt lat="51.613231000" lon="15.171406000">
        <ele>0.000</ele>
      </trkpt>
      <trkpt lat="51.613455000" lon="15.171394000">
        <ele>0.000</ele>
      </trkpt>
      <trkpt lat="51.613787000" lon="15.171348000">
        <ele>0.000</ele>
      </trkpt>
      <trkpt lat="51.614063000" lon="15.171306000">
        <ele>0.000</ele>
      </trkpt>
      <trkpt lat="51.614488000" lon="15.171142000">
        <ele>0.000</ele>
      </trkpt>
      <trkpt lat="51.614728000" lon="15.171007000">
        <ele>0.000</ele>
      </trkpt>
      <trkpt lat="51.614772000" lon="15.171035000">
        <ele>0.000</ele>
      </trkpt>
      <trkpt lat="51.614957000" lon="15.170910000">
        <ele>0.000</ele>
      </trkpt>
      <trkpt lat="51.615416000" lon="15.170554000">
        <ele>0.000</ele>
      </trkpt>
      <trkpt lat="51.615962000" lon="15.170131000">
        <ele>0.000</ele>
      </trkpt>
      <trkpt lat="51.616221000" lon="15.169916000">
        <ele>0.000</ele>
      </trkpt>
      <trkpt lat="51.616504000" lon="15.169580000">
        <ele>0.000</ele>
      </trkpt>
      <trkpt lat="51.616734000" lon="15.169184000">
        <ele>0.000</ele>
      </trkpt>
      <trkpt lat="51.616875000" lon="15.168941000">
        <ele>0.000</ele>
      </trkpt>
      <trkpt lat="51.617200000" lon="15.168382000">
        <ele>0.000</ele>
      </trkpt>
      <trkpt lat="51.617660000" lon="15.167576000">
        <ele>0.000</ele>
      </trkpt>
      <trkpt lat="51.617850000" lon="15.167233000">
        <ele>0.000</ele>
      </trkpt>
      <trkpt lat="51.617898000" lon="15.167143000">
        <ele>0.000</ele>
      </trkpt>
      <trkpt lat="51.618048000" lon="15.166826000">
        <ele>0.000</ele>
      </trkpt>
      <trkpt lat="51.618115000" lon="15.166604000">
        <ele>0.000</ele>
      </trkpt>
      <trkpt lat="51.618270000" lon="15.165705000">
        <ele>0.000</ele>
      </trkpt>
      <trkpt lat="51.618414000" lon="15.164737000">
        <ele>0.000</ele>
      </trkpt>
      <trkpt lat="51.618485000" lon="15.164344000">
        <ele>0.000</ele>
      </trkpt>
      <trkpt lat="51.618606000" lon="15.163987000">
        <ele>0.000</ele>
      </trkpt>
      <trkpt lat="51.618940000" lon="15.163301000">
        <ele>0.000</ele>
      </trkpt>
      <trkpt lat="51.619469000" lon="15.162222000">
        <ele>0.000</ele>
      </trkpt>
      <trkpt lat="51.619758000" lon="15.161631000">
        <ele>0.000</ele>
      </trkpt>
      <trkpt lat="51.619946000" lon="15.161245000">
        <ele>0.000</ele>
      </trkpt>
      <trkpt lat="51.620221000" lon="15.160691000">
        <ele>0.000</ele>
      </trkpt>
      <trkpt lat="51.620967000" lon="15.159189000">
        <ele>0.000</ele>
      </trkpt>
      <trkpt lat="51.621186000" lon="15.158767000">
        <ele>0.000</ele>
      </trkpt>
      <trkpt lat="51.621263000" lon="15.158554000">
        <ele>0.000</ele>
      </trkpt>
      <trkpt lat="51.621315000" lon="15.158383000">
        <ele>0.000</ele>
      </trkpt>
      <trkpt lat="51.621333000" lon="15.158160000">
        <ele>0.000</ele>
      </trkpt>
      <trkpt lat="51.621309000" lon="15.158160000">
        <ele>0.000</ele>
      </trkpt>
      <trkpt lat="51.621311000" lon="15.158070000">
        <ele>0.000</ele>
      </trkpt>
      <trkpt lat="51.621296000" lon="15.157601000">
        <ele>0.000</ele>
      </trkpt>
      <trkpt lat="51.621296000" lon="15.157485000">
        <ele>0.000</ele>
      </trkpt>
      <trkpt lat="51.621321000" lon="15.157290000">
        <ele>0.000</ele>
      </trkpt>
      <trkpt lat="51.621359000" lon="15.157086000">
        <ele>0.000</ele>
      </trkpt>
      <trkpt lat="51.621370000" lon="15.157059000">
        <ele>0.000</ele>
      </trkpt>
      <trkpt lat="51.621380000" lon="15.157035000">
        <ele>0.000</ele>
      </trkpt>
      <trkpt lat="51.621515000" lon="15.156703000">
        <ele>0.000</ele>
      </trkpt>
      <trkpt lat="51.621709000" lon="15.156295000">
        <ele>0.000</ele>
      </trkpt>
      <trkpt lat="51.621828000" lon="15.156080000">
        <ele>0.000</ele>
      </trkpt>
      <trkpt lat="51.621784000" lon="15.156013000">
        <ele>0.000</ele>
      </trkpt>
      <trkpt lat="51.622440000" lon="15.154815000">
        <ele>0.000</ele>
      </trkpt>
      <trkpt lat="51.622502000" lon="15.154681000">
        <ele>0.000</ele>
      </trkpt>
      <trkpt lat="51.622542000" lon="15.154576000">
        <ele>0.000</ele>
      </trkpt>
      <trkpt lat="51.622558000" lon="15.154474000">
        <ele>0.000</ele>
      </trkpt>
      <trkpt lat="51.622589000" lon="15.154440000">
        <ele>0.000</ele>
      </trkpt>
      <trkpt lat="51.623399000" lon="15.154109000">
        <ele>0.000</ele>
      </trkpt>
      <trkpt lat="51.623459000" lon="15.154083000">
        <ele>0.000</ele>
      </trkpt>
      <trkpt lat="51.623721000" lon="15.153985000">
        <ele>0.000</ele>
      </trkpt>
      <trkpt lat="51.623751000" lon="15.153928000">
        <ele>0.000</ele>
      </trkpt>
      <trkpt lat="51.623819000" lon="15.153908000">
        <ele>0.000</ele>
      </trkpt>
      <trkpt lat="51.623872000" lon="15.153888000">
        <ele>0.000</ele>
      </trkpt>
      <trkpt lat="51.623924000" lon="15.153929000">
        <ele>0.000</ele>
      </trkpt>
      <trkpt lat="51.624333000" lon="15.153789000">
        <ele>0.000</ele>
      </trkpt>
      <trkpt lat="51.624596000" lon="15.153699000">
        <ele>0.000</ele>
      </trkpt>
      <trkpt lat="51.624629000" lon="15.153653000">
        <ele>0.000</ele>
      </trkpt>
      <trkpt lat="51.624827000" lon="15.153578000">
        <ele>0.000</ele>
      </trkpt>
      <trkpt lat="51.626230000" lon="15.153047000">
        <ele>0.000</ele>
      </trkpt>
      <trkpt lat="51.626487000" lon="15.152942000">
        <ele>0.000</ele>
      </trkpt>
      <trkpt lat="51.627116000" lon="15.152719000">
        <ele>0.000</ele>
      </trkpt>
      <trkpt lat="51.627425000" lon="15.152616000">
        <ele>0.000</ele>
      </trkpt>
      <trkpt lat="51.628536000" lon="15.152224000">
        <ele>0.000</ele>
      </trkpt>
      <trkpt lat="51.628574000" lon="15.152212000">
        <ele>0.000</ele>
      </trkpt>
      <trkpt lat="51.628622000" lon="15.152193000">
        <ele>0.000</ele>
      </trkpt>
      <trkpt lat="51.628661000" lon="15.152177000">
        <ele>0.000</ele>
      </trkpt>
      <trkpt lat="51.629874000" lon="15.151710000">
        <ele>0.000</ele>
      </trkpt>
      <trkpt lat="51.630251000" lon="15.151579000">
        <ele>0.000</ele>
      </trkpt>
      <trkpt lat="51.630264000" lon="15.151624000">
        <ele>0.000</ele>
      </trkpt>
      <trkpt lat="51.630277000" lon="15.151705000">
        <ele>0.000</ele>
      </trkpt>
      <trkpt lat="51.630451000" lon="15.151630000">
        <ele>0.000</ele>
      </trkpt>
      <trkpt lat="51.630689000" lon="15.151541000">
        <ele>0.000</ele>
      </trkpt>
      <trkpt lat="51.630744000" lon="15.151519000">
        <ele>0.000</ele>
      </trkpt>
      <trkpt lat="51.631364000" lon="15.151285000">
        <ele>0.000</ele>
      </trkpt>
      <trkpt lat="51.631444000" lon="15.151258000">
        <ele>0.000</ele>
      </trkpt>
      <trkpt lat="51.631695000" lon="15.151171000">
        <ele>0.000</ele>
      </trkpt>
      <trkpt lat="51.631873000" lon="15.151109000">
        <ele>0.000</ele>
      </trkpt>
      <trkpt lat="51.631984000" lon="15.151070000">
        <ele>0.000</ele>
      </trkpt>
      <trkpt lat="51.632077000" lon="15.151034000">
        <ele>0.000</ele>
      </trkpt>
      <trkpt lat="51.632326000" lon="15.150936000">
        <ele>0.000</ele>
      </trkpt>
      <trkpt lat="51.632338000" lon="15.150932000">
        <ele>0.000</ele>
      </trkpt>
      <trkpt lat="51.632480000" lon="15.150876000">
        <ele>0.000</ele>
      </trkpt>
      <trkpt lat="51.632508000" lon="15.150865000">
        <ele>0.000</ele>
      </trkpt>
      <trkpt lat="51.632518000" lon="15.150861000">
        <ele>0.000</ele>
      </trkpt>
      <trkpt lat="51.632574000" lon="15.150840000">
        <ele>0.000</ele>
      </trkpt>
      <trkpt lat="51.632632000" lon="15.150818000">
        <ele>0.000</ele>
      </trkpt>
      <trkpt lat="51.632795000" lon="15.150755000">
        <ele>0.000</ele>
      </trkpt>
      <trkpt lat="51.632852000" lon="15.150732000">
        <ele>0.000</ele>
      </trkpt>
      <trkpt lat="51.632927000" lon="15.150702000">
        <ele>0.000</ele>
      </trkpt>
      <trkpt lat="51.632980000" lon="15.150682000">
        <ele>0.000</ele>
      </trkpt>
      <trkpt lat="51.633208000" lon="15.150595000">
        <ele>0.000</ele>
      </trkpt>
      <trkpt lat="51.633297000" lon="15.150563000">
        <ele>0.000</ele>
      </trkpt>
      <trkpt lat="51.633474000" lon="15.150496000">
        <ele>0.000</ele>
      </trkpt>
      <trkpt lat="51.633554000" lon="15.150466000">
        <ele>0.000</ele>
      </trkpt>
      <trkpt lat="51.633565000" lon="15.150462000">
        <ele>0.000</ele>
      </trkpt>
      <trkpt lat="51.633735000" lon="15.150402000">
        <ele>0.000</ele>
      </trkpt>
      <trkpt lat="51.633766000" lon="15.150390000">
        <ele>0.000</ele>
      </trkpt>
      <trkpt lat="51.633833000" lon="15.150367000">
        <ele>0.000</ele>
      </trkpt>
      <trkpt lat="51.633911000" lon="15.150339000">
        <ele>0.000</ele>
      </trkpt>
      <trkpt lat="51.634056000" lon="15.150287000">
        <ele>0.000</ele>
      </trkpt>
      <trkpt lat="51.634148000" lon="15.150255000">
        <ele>0.000</ele>
      </trkpt>
      <trkpt lat="51.634264000" lon="15.150214000">
        <ele>0.000</ele>
      </trkpt>
      <trkpt lat="51.634351000" lon="15.150184000">
        <ele>0.000</ele>
      </trkpt>
      <trkpt lat="51.634462000" lon="15.150145000">
        <ele>0.000</ele>
      </trkpt>
      <trkpt lat="51.634498000" lon="15.150132000">
        <ele>0.000</ele>
      </trkpt>
      <trkpt lat="51.634586000" lon="15.150098000">
        <ele>0.000</ele>
      </trkpt>
      <trkpt lat="51.634623000" lon="15.150084000">
        <ele>0.000</ele>
      </trkpt>
      <trkpt lat="51.634657000" lon="15.150071000">
        <ele>0.000</ele>
      </trkpt>
      <trkpt lat="51.634661000" lon="15.150069000">
        <ele>0.000</ele>
      </trkpt>
      <trkpt lat="51.634692000" lon="15.150057000">
        <ele>0.000</ele>
      </trkpt>
      <trkpt lat="51.634924000" lon="15.149969000">
        <ele>0.000</ele>
      </trkpt>
      <trkpt lat="51.634975000" lon="15.149949000">
        <ele>0.000</ele>
      </trkpt>
      <trkpt lat="51.635029000" lon="15.149928000">
        <ele>0.000</ele>
      </trkpt>
      <trkpt lat="51.635145000" lon="15.149884000">
        <ele>0.000</ele>
      </trkpt>
      <trkpt lat="51.635177000" lon="15.149872000">
        <ele>0.000</ele>
      </trkpt>
      <trkpt lat="51.635195000" lon="15.149865000">
        <ele>0.000</ele>
      </trkpt>
      <trkpt lat="51.635210000" lon="15.149859000">
        <ele>0.000</ele>
      </trkpt>
      <trkpt lat="51.635260000" lon="15.149840000">
        <ele>0.000</ele>
      </trkpt>
      <trkpt lat="51.635318000" lon="15.149818000">
        <ele>0.000</ele>
      </trkpt>
      <trkpt lat="51.635333000" lon="15.149812000">
        <ele>0.000</ele>
      </trkpt>
      <trkpt lat="51.635356000" lon="15.149804000">
        <ele>0.000</ele>
      </trkpt>
      <trkpt lat="51.635501000" lon="15.149748000">
        <ele>0.000</ele>
      </trkpt>
      <trkpt lat="51.635813000" lon="15.149628000">
        <ele>0.000</ele>
      </trkpt>
      <trkpt lat="51.635908000" lon="15.149594000">
        <ele>0.000</ele>
      </trkpt>
      <trkpt lat="51.636136000" lon="15.149511000">
        <ele>0.000</ele>
      </trkpt>
      <trkpt lat="51.636334000" lon="15.149431000">
        <ele>0.000</ele>
      </trkpt>
      <trkpt lat="51.636370000" lon="15.149417000">
        <ele>0.000</ele>
      </trkpt>
      <trkpt lat="51.636528000" lon="15.149349000">
        <ele>0.000</ele>
      </trkpt>
      <trkpt lat="51.636570000" lon="15.149332000">
        <ele>0.000</ele>
      </trkpt>
      <trkpt lat="51.636673000" lon="15.149324000">
        <ele>0.000</ele>
      </trkpt>
      <trkpt lat="51.636696000" lon="15.149319000">
        <ele>0.000</ele>
      </trkpt>
      <trkpt lat="51.636750000" lon="15.149308000">
        <ele>0.000</ele>
      </trkpt>
      <trkpt lat="51.636773000" lon="15.149303000">
        <ele>0.000</ele>
      </trkpt>
      <trkpt lat="51.636839000" lon="15.149298000">
        <ele>0.000</ele>
      </trkpt>
      <trkpt lat="51.636900000" lon="15.149302000">
        <ele>0.000</ele>
      </trkpt>
      <trkpt lat="51.636917000" lon="15.149329000">
        <ele>0.000</ele>
      </trkpt>
      <trkpt lat="51.636938000" lon="15.149349000">
        <ele>0.000</ele>
      </trkpt>
      <trkpt lat="51.636962000" lon="15.149360000">
        <ele>0.000</ele>
      </trkpt>
      <trkpt lat="51.636991000" lon="15.149361000">
        <ele>0.000</ele>
      </trkpt>
      <trkpt lat="51.637019000" lon="15.149348000">
        <ele>0.000</ele>
      </trkpt>
      <trkpt lat="51.637043000" lon="15.149322000">
        <ele>0.000</ele>
      </trkpt>
      <trkpt lat="51.637059000" lon="15.149294000">
        <ele>0.000</ele>
      </trkpt>
      <trkpt lat="51.637070000" lon="15.149261000">
        <ele>0.000</ele>
      </trkpt>
      <trkpt lat="51.637076000" lon="15.149225000">
        <ele>0.000</ele>
      </trkpt>
      <trkpt lat="51.637169000" lon="15.149080000">
        <ele>0.000</ele>
      </trkpt>
      <trkpt lat="51.637400000" lon="15.148816000">
        <ele>0.000</ele>
      </trkpt>
      <trkpt lat="51.637700000" lon="15.148554000">
        <ele>0.000</ele>
      </trkpt>
      <trkpt lat="51.637859000" lon="15.148404000">
        <ele>0.000</ele>
      </trkpt>
      <trkpt lat="51.637873000" lon="15.148389000">
        <ele>0.000</ele>
      </trkpt>
      <trkpt lat="51.638039000" lon="15.148233000">
        <ele>0.000</ele>
      </trkpt>
      <trkpt lat="51.638158000" lon="15.148121000">
        <ele>0.000</ele>
      </trkpt>
      <trkpt lat="51.638232000" lon="15.148083000">
        <ele>0.000</ele>
      </trkpt>
      <trkpt lat="51.638314000" lon="15.148003000">
        <ele>0.000</ele>
      </trkpt>
      <trkpt lat="51.638415000" lon="15.147890000">
        <ele>0.000</ele>
      </trkpt>
      <trkpt lat="51.638450000" lon="15.147897000">
        <ele>0.000</ele>
      </trkpt>
      <trkpt lat="51.638484000" lon="15.147887000">
        <ele>0.000</ele>
      </trkpt>
      <trkpt lat="51.638515000" lon="15.147861000">
        <ele>0.000</ele>
      </trkpt>
      <trkpt lat="51.638549000" lon="15.147854000">
        <ele>0.000</ele>
      </trkpt>
      <trkpt lat="51.638577000" lon="15.147855000">
        <ele>0.000</ele>
      </trkpt>
      <trkpt lat="51.638633000" lon="15.147880000">
        <ele>0.000</ele>
      </trkpt>
      <trkpt lat="51.638707000" lon="15.147904000">
        <ele>0.000</ele>
      </trkpt>
      <trkpt lat="51.638880000" lon="15.147954000">
        <ele>0.000</ele>
      </trkpt>
      <trkpt lat="51.638957000" lon="15.147933000">
        <ele>0.000</ele>
      </trkpt>
      <trkpt lat="51.638994000" lon="15.147918000">
        <ele>0.000</ele>
      </trkpt>
      <trkpt lat="51.639030000" lon="15.147903000">
        <ele>0.000</ele>
      </trkpt>
      <trkpt lat="51.639078000" lon="15.147874000">
        <ele>0.000</ele>
      </trkpt>
      <trkpt lat="51.639102000" lon="15.147859000">
        <ele>0.000</ele>
      </trkpt>
      <trkpt lat="51.639122000" lon="15.147841000">
        <ele>0.000</ele>
      </trkpt>
      <trkpt lat="51.639182000" lon="15.147772000">
        <ele>0.000</ele>
      </trkpt>
      <trkpt lat="51.639259000" lon="15.147675000">
        <ele>0.000</ele>
      </trkpt>
      <trkpt lat="51.639327000" lon="15.147578000">
        <ele>0.000</ele>
      </trkpt>
      <trkpt lat="51.639513000" lon="15.147338000">
        <ele>0.000</ele>
      </trkpt>
      <trkpt lat="51.639541000" lon="15.147308000">
        <ele>0.000</ele>
      </trkpt>
      <trkpt lat="51.639569000" lon="15.147284000">
        <ele>0.000</ele>
      </trkpt>
      <trkpt lat="51.639592000" lon="15.147269000">
        <ele>0.000</ele>
      </trkpt>
      <trkpt lat="51.639616000" lon="15.147258000">
        <ele>0.000</ele>
      </trkpt>
      <trkpt lat="51.639641000" lon="15.147249000">
        <ele>0.000</ele>
      </trkpt>
      <trkpt lat="51.639667000" lon="15.147242000">
        <ele>0.000</ele>
      </trkpt>
      <trkpt lat="51.639709000" lon="15.147233000">
        <ele>0.000</ele>
      </trkpt>
      <trkpt lat="51.639733000" lon="15.147259000">
        <ele>0.000</ele>
      </trkpt>
      <trkpt lat="51.639787000" lon="15.147280000">
        <ele>0.000</ele>
      </trkpt>
      <trkpt lat="51.639814000" lon="15.147279000">
        <ele>0.000</ele>
      </trkpt>
      <trkpt lat="51.639849000" lon="15.147264000">
        <ele>0.000</ele>
      </trkpt>
      <trkpt lat="51.639888000" lon="15.147225000">
        <ele>0.000</ele>
      </trkpt>
      <trkpt lat="51.639918000" lon="15.147169000">
        <ele>0.000</ele>
      </trkpt>
      <trkpt lat="51.639935000" lon="15.147100000">
        <ele>0.000</ele>
      </trkpt>
      <trkpt lat="51.639939000" lon="15.147027000">
        <ele>0.000</ele>
      </trkpt>
      <trkpt lat="51.639927000" lon="15.146955000">
        <ele>0.000</ele>
      </trkpt>
      <trkpt lat="51.639909000" lon="15.146905000">
        <ele>0.000</ele>
      </trkpt>
      <trkpt lat="51.639884000" lon="15.146864000">
        <ele>0.000</ele>
      </trkpt>
      <trkpt lat="51.639853000" lon="15.146834000">
        <ele>0.000</ele>
      </trkpt>
      <trkpt lat="51.639812000" lon="15.146816000">
        <ele>0.000</ele>
      </trkpt>
      <trkpt lat="51.639769000" lon="15.146818000">
        <ele>0.000</ele>
      </trkpt>
      <trkpt lat="51.639715000" lon="15.146778000">
        <ele>0.000</ele>
      </trkpt>
      <trkpt lat="51.639693000" lon="15.146749000">
        <ele>0.000</ele>
      </trkpt>
      <trkpt lat="51.639669000" lon="15.146712000">
        <ele>0.000</ele>
      </trkpt>
      <trkpt lat="51.639616000" lon="15.146632000">
        <ele>0.000</ele>
      </trkpt>
      <trkpt lat="51.639577000" lon="15.146584000">
        <ele>0.000</ele>
      </trkpt>
      <trkpt lat="51.639506000" lon="15.146538000">
        <ele>0.000</ele>
      </trkpt>
      <trkpt lat="51.639435000" lon="15.146505000">
        <ele>0.000</ele>
      </trkpt>
      <trkpt lat="51.639439000" lon="15.146443000">
        <ele>0.000</ele>
      </trkpt>
      <trkpt lat="51.639443000" lon="15.146385000">
        <ele>0.000</ele>
      </trkpt>
      <trkpt lat="51.639451000" lon="15.145695000">
        <ele>0.000</ele>
      </trkpt>
      <trkpt lat="51.639451000" lon="15.145487000">
        <ele>0.000</ele>
      </trkpt>
      <trkpt lat="51.639450000" lon="15.145388000">
        <ele>0.000</ele>
      </trkpt>
      <trkpt lat="51.639452000" lon="15.145117000">
        <ele>0.000</ele>
      </trkpt>
      <trkpt lat="51.639453000" lon="15.144939000">
        <ele>0.000</ele>
      </trkpt>
      <trkpt lat="51.639455000" lon="15.144688000">
        <ele>0.000</ele>
      </trkpt>
      <trkpt lat="51.639456000" lon="15.144490000">
        <ele>0.000</ele>
      </trkpt>
      <trkpt lat="51.639460000" lon="15.143790000">
        <ele>0.000</ele>
      </trkpt>
      <trkpt lat="51.639460000" lon="15.143463000">
        <ele>0.000</ele>
      </trkpt>
      <trkpt lat="51.639465000" lon="15.143098000">
        <ele>0.000</ele>
      </trkpt>
      <trkpt lat="51.639466000" lon="15.143031000">
        <ele>0.000</ele>
      </trkpt>
      <trkpt lat="51.639470000" lon="15.142978000">
        <ele>0.000</ele>
      </trkpt>
      <trkpt lat="51.639477000" lon="15.142937000">
        <ele>0.000</ele>
      </trkpt>
      <trkpt lat="51.639487000" lon="15.142893000">
        <ele>0.000</ele>
      </trkpt>
      <trkpt lat="51.639583000" lon="15.142577000">
        <ele>0.000</ele>
      </trkpt>
      <trkpt lat="51.639594000" lon="15.142521000">
        <ele>0.000</ele>
      </trkpt>
      <trkpt lat="51.639601000" lon="15.142461000">
        <ele>0.000</ele>
      </trkpt>
      <trkpt lat="51.639600000" lon="15.142412000">
        <ele>0.000</ele>
      </trkpt>
      <trkpt lat="51.639597000" lon="15.142363000">
        <ele>0.000</ele>
      </trkpt>
      <trkpt lat="51.639414000" lon="15.142450000">
        <ele>0.000</ele>
      </trkpt>
      <trkpt lat="51.639179000" lon="15.142563000">
        <ele>0.000</ele>
      </trkpt>
      <trkpt lat="51.639115000" lon="15.142588000">
        <ele>0.000</ele>
      </trkpt>
      <trkpt lat="51.638800000" lon="15.142691000">
        <ele>0.000</ele>
      </trkpt>
      <trkpt lat="51.638789000" lon="15.142691000">
        <ele>0.000</ele>
      </trkpt>
      <trkpt lat="51.638778000" lon="15.142687000">
        <ele>0.000</ele>
      </trkpt>
      <trkpt lat="51.638757000" lon="15.142673000">
        <ele>0.000</ele>
      </trkpt>
      <trkpt lat="51.638742000" lon="15.142654000">
        <ele>0.000</ele>
      </trkpt>
      <trkpt lat="51.638737000" lon="15.142644000">
        <ele>0.000</ele>
      </trkpt>
      <trkpt lat="51.638732000" lon="15.142631000">
        <ele>0.000</ele>
      </trkpt>
      <trkpt lat="51.638673000" lon="15.142165000">
        <ele>0.000</ele>
      </trkpt>
      <trkpt lat="51.638531000" lon="15.142223000">
        <ele>0.000</ele>
      </trkpt>
      <trkpt lat="51.638513000" lon="15.142232000">
        <ele>0.000</ele>
      </trkpt>
    </trkseg>
  </trk>
  <trk>
    <name>Żary – Mużaków 37</name>
    <trkseg>
      <trkpt lat="51.638583491" lon="15.142003000">
        <ele>0.000</ele>
      </trkpt>
      <trkpt lat="51.638137729" lon="15.140450146">
        <ele>0.000</ele>
      </trkpt>
      <trkpt lat="51.638237536" lon="15.138297495">
        <ele>0.000</ele>
      </trkpt>
      <trkpt lat="51.638137355" lon="15.137538222">
        <ele>0.000</ele>
      </trkpt>
      <trkpt lat="51.636726976" lon="15.136310425">
        <ele>0.000</ele>
      </trkpt>
      <trkpt lat="51.635679411" lon="15.135978411">
        <ele>0.000</ele>
      </trkpt>
      <trkpt lat="51.635442617" lon="15.136058612">
        <ele>0.000</ele>
      </trkpt>
      <trkpt lat="51.634935582" lon="15.135356979">
        <ele>0.000</ele>
      </trkpt>
      <trkpt lat="51.634500183" lon="15.134114111">
        <ele>0.000</ele>
      </trkpt>
      <trkpt lat="51.634335137" lon="15.133020101">
        <ele>0.000</ele>
      </trkpt>
      <trkpt lat="51.634020690" lon="15.132536911">
        <ele>0.000</ele>
      </trkpt>
      <trkpt lat="51.633524479" lon="15.132656036">
        <ele>0.000</ele>
      </trkpt>
      <trkpt lat="51.632771163" lon="15.132244352">
        <ele>0.000</ele>
      </trkpt>
      <trkpt lat="51.631745399" lon="15.130978124">
        <ele>0.000</ele>
      </trkpt>
      <trkpt lat="51.628464266" lon="15.127328188">
        <ele>0.000</ele>
      </trkpt>
      <trkpt lat="51.625455021" lon="15.124307790">
        <ele>0.000</ele>
      </trkpt>
      <trkpt lat="51.624832329" lon="15.123697378">
        <ele>0.000</ele>
      </trkpt>
      <trkpt lat="51.624198297" lon="15.122520858">
        <ele>0.000</ele>
      </trkpt>
      <trkpt lat="51.623071885" lon="15.121468563">
        <ele>0.000</ele>
      </trkpt>
      <trkpt lat="51.622179852" lon="15.121078243">
        <ele>0.000</ele>
      </trkpt>
      <trkpt lat="51.622142290" lon="15.121050504">
        <ele>0.000</ele>
      </trkpt>
      <trkpt lat="51.621048632" lon="15.120505154">
        <ele>0.000</ele>
      </trkpt>
      <trkpt lat="51.619104623" lon="15.116073347">
        <ele>0.000</ele>
      </trkpt>
      <trkpt lat="51.618871529" lon="15.115275984">
        <ele>0.000</ele>
      </trkpt>
      <trkpt lat="51.617808366" lon="15.110132147">
        <ele>0.000</ele>
      </trkpt>
      <trkpt lat="51.616926747" lon="15.109226070">
        <ele>0.000</ele>
      </trkpt>
      <trkpt lat="51.615785945" lon="15.107713568">
        <ele>0.000</ele>
      </trkpt>
      <trkpt lat="51.614606246" lon="15.106685981">
        <ele>0.000</ele>
      </trkpt>
      <trkpt lat="51.614016760" lon="15.106169055">
        <ele>0.000</ele>
      </trkpt>
      <trkpt lat="51.613323735" lon="15.104877725">
        <ele>0.000</ele>
      </trkpt>
      <trkpt lat="51.611768485" lon="15.102300449">
        <ele>0.000</ele>
      </trkpt>
      <trkpt lat="51.610624137" lon="15.100581395">
        <ele>0.000</ele>
      </trkpt>
      <trkpt lat="51.610139704" lon="15.099838670">
        <ele>0.000</ele>
      </trkpt>
      <trkpt lat="51.609445854" lon="15.099026650">
        <ele>0.000</ele>
      </trkpt>
      <trkpt lat="51.608362309" lon="15.096922787">
        <ele>0.000</ele>
      </trkpt>
      <trkpt lat="51.608065673" lon="15.095971304">
        <ele>0.000</ele>
      </trkpt>
      <trkpt lat="51.607954225" lon="15.093510785">
        <ele>0.000</ele>
      </trkpt>
      <trkpt lat="51.608173993" lon="15.092187116">
        <ele>0.000</ele>
      </trkpt>
      <trkpt lat="51.608135823" lon="15.090118161">
        <ele>0.000</ele>
      </trkpt>
      <trkpt lat="51.607975806" lon="15.088869769">
        <ele>0.000</ele>
      </trkpt>
      <trkpt lat="51.606448888" lon="15.087530903">
        <ele>0.000</ele>
      </trkpt>
      <trkpt lat="51.606153042" lon="15.087449296">
        <ele>0.000</ele>
      </trkpt>
      <trkpt lat="51.606557103" lon="15.086185603">
        <ele>0.000</ele>
      </trkpt>
      <trkpt lat="51.607259902" lon="15.085456406">
        <ele>0.000</ele>
      </trkpt>
      <trkpt lat="51.607682022" lon="15.084654931">
        <ele>0.000</ele>
      </trkpt>
      <trkpt lat="51.607838091" lon="15.083814624">
        <ele>0.000</ele>
      </trkpt>
      <trkpt lat="51.608576350" lon="15.083034076">
        <ele>0.000</ele>
      </trkpt>
      <trkpt lat="51.608915751" lon="15.082279958">
        <ele>0.000</ele>
      </trkpt>
      <trkpt lat="51.609169360" lon="15.081691914">
        <ele>0.000</ele>
      </trkpt>
      <trkpt lat="51.609807207" lon="15.081458207">
        <ele>0.000</ele>
      </trkpt>
      <trkpt lat="51.610271170" lon="15.080163610">
        <ele>0.000</ele>
      </trkpt>
      <trkpt lat="51.610901230" lon="15.077292541">
        <ele>0.000</ele>
      </trkpt>
      <trkpt lat="51.611383170" lon="15.074988745">
        <ele>0.000</ele>
      </trkpt>
      <trkpt lat="51.611202857" lon="15.072779094">
        <ele>0.000</ele>
      </trkpt>
      <trkpt lat="51.610640272" lon="15.069815721">
        <ele>0.000</ele>
      </trkpt>
      <trkpt lat="51.610732327" lon="15.066350931">
        <ele>0.000</ele>
      </trkpt>
      <trkpt lat="51.610923176" lon="15.065710969">
        <ele>0.000</ele>
      </trkpt>
      <trkpt lat="51.611098879" lon="15.064686596">
        <ele>0.000</ele>
      </trkpt>
      <trkpt lat="51.610428973" lon="15.063112398">
        <ele>0.000</ele>
      </trkpt>
      <trkpt lat="51.610021629" lon="15.061681758">
        <ele>0.000</ele>
      </trkpt>
      <trkpt lat="51.610067522" lon="15.060995274">
        <ele>0.000</ele>
      </trkpt>
      <trkpt lat="51.610004669" lon="15.060120385">
        <ele>0.000</ele>
      </trkpt>
      <trkpt lat="51.609680379" lon="15.059169218">
        <ele>0.000</ele>
      </trkpt>
      <trkpt lat="51.609906668" lon="15.057639221">
        <ele>0.000</ele>
      </trkpt>
      <trkpt lat="51.610097177" lon="15.054735026">
        <ele>0.000</ele>
      </trkpt>
      <trkpt lat="51.610211538" lon="15.052303827">
        <ele>0.000</ele>
      </trkpt>
      <trkpt lat="51.610484622" lon="15.050652742">
        <ele>0.000</ele>
      </trkpt>
      <trkpt lat="51.610536190" lon="15.049538905">
        <ele>0.000</ele>
      </trkpt>
      <trkpt lat="51.610706520" lon="15.047833720">
        <ele>0.000</ele>
      </trkpt>
      <trkpt lat="51.610506680" lon="15.046458878">
        <ele>0.000</ele>
      </trkpt>
      <trkpt lat="51.610374163" lon="15.045439794">
        <ele>0.000</ele>
      </trkpt>
      <trkpt lat="51.609650483" lon="15.042383503">
        <ele>0.000</ele>
      </trkpt>
      <trkpt lat="51.609009850" lon="15.037766106">
        <ele>0.000</ele>
      </trkpt>
      <trkpt lat="51.608330994" lon="15.035869953">
        <ele>0.000</ele>
      </trkpt>
      <trkpt lat="51.607367296" lon="15.033037977">
        <ele>0.000</ele>
      </trkpt>
      <trkpt lat="51.605925455" lon="15.030118593">
        <ele>0.000</ele>
      </trkpt>
      <trkpt lat="51.603937040" lon="15.026359766">
        <ele>0.000</ele>
      </trkpt>
      <trkpt lat="51.602864461" lon="15.023684511">
        <ele>0.000</ele>
      </trkpt>
      <trkpt lat="51.602293090" lon="15.021240281">
        <ele>0.000</ele>
      </trkpt>
      <trkpt lat="51.600688769" lon="15.017859689">
        <ele>0.000</ele>
      </trkpt>
      <trkpt lat="51.599509289" lon="15.013455683">
        <ele>0.000</ele>
      </trkpt>
      <trkpt lat="51.599246647" lon="15.012489941">
        <ele>0.000</ele>
      </trkpt>
      <trkpt lat="51.598356047" lon="15.011910744">
        <ele>0.000</ele>
      </trkpt>
      <trkpt lat="51.597489567" lon="15.011983201">
        <ele>0.000</ele>
      </trkpt>
      <trkpt lat="51.596480942" lon="15.011789220">
        <ele>0.000</ele>
      </trkpt>
      <trkpt lat="51.595791158" lon="15.010890457">
        <ele>0.000</ele>
      </trkpt>
      <trkpt lat="51.593335237" lon="15.007453876">
        <ele>0.000</ele>
      </trkpt>
      <trkpt lat="51.593467326" lon="15.005738380">
        <ele>0.000</ele>
      </trkpt>
      <trkpt lat="51.593616128" lon="15.004596330">
        <ele>0.000</ele>
      </trkpt>
      <trkpt lat="51.593300315" lon="15.003950781">
        <ele>0.000</ele>
      </trkpt>
      <trkpt lat="51.592944029" lon="15.002806509">
        <ele>0.000</ele>
      </trkpt>
      <trkpt lat="51.592942323" lon="15.001655860">
        <ele>0.000</ele>
      </trkpt>
      <trkpt lat="51.593366476" lon="14.998297919">
        <ele>0.000</ele>
      </trkpt>
      <trkpt lat="51.593754352" lon="14.995793375">
        <ele>0.000</ele>
      </trkpt>
      <trkpt lat="51.594887018" lon="14.993144546">
        <ele>0.000</ele>
      </trkpt>
      <trkpt lat="51.595662482" lon="14.991165747">
        <ele>0.000</ele>
      </trkpt>
      <trkpt lat="51.596697065" lon="14.986870804">
        <ele>0.000</ele>
      </trkpt>
      <trkpt lat="51.596987577" lon="14.984422041">
        <ele>0.000</ele>
      </trkpt>
      <trkpt lat="51.597260309" lon="14.979078799">
        <ele>0.000</ele>
      </trkpt>
      <trkpt lat="51.597491877" lon="14.977407287">
        <ele>0.000</ele>
      </trkpt>
      <trkpt lat="51.597722942" lon="14.974226083">
        <ele>0.000</ele>
      </trkpt>
      <trkpt lat="51.598036610" lon="14.972947097">
        <ele>0.000</ele>
      </trkpt>
      <trkpt lat="51.598350943" lon="14.971547183">
        <ele>0.000</ele>
      </trkpt>
      <trkpt lat="51.598649209" lon="14.967700287">
        <ele>0.000</ele>
      </trkpt>
      <trkpt lat="51.599207143" lon="14.965558851">
        <ele>0.000</ele>
      </trkpt>
      <trkpt lat="51.599484954" lon="14.962288117">
        <ele>0.000</ele>
      </trkpt>
      <trkpt lat="51.600048848" lon="14.956929846">
        <ele>0.000</ele>
      </trkpt>
      <trkpt lat="51.600096589" lon="14.954416359">
        <ele>0.000</ele>
      </trkpt>
      <trkpt lat="51.599747495" lon="14.950132632">
        <ele>0.000</ele>
      </trkpt>
      <trkpt lat="51.599821433" lon="14.947884247">
        <ele>0.000</ele>
      </trkpt>
      <trkpt lat="51.599811682" lon="14.943221591">
        <ele>0.000</ele>
      </trkpt>
      <trkpt lat="51.598845081" lon="14.938025554">
        <ele>0.000</ele>
      </trkpt>
      <trkpt lat="51.598177078" lon="14.933458905">
        <ele>0.000</ele>
      </trkpt>
      <trkpt lat="51.597647656" lon="14.930732729">
        <ele>0.000</ele>
      </trkpt>
      <trkpt lat="51.597717805" lon="14.928767368">
        <ele>0.000</ele>
      </trkpt>
      <trkpt lat="51.597219827" lon="14.926524046">
        <ele>0.000</ele>
      </trkpt>
      <trkpt lat="51.596381940" lon="14.920399378">
        <ele>0.000</ele>
      </trkpt>
      <trkpt lat="51.595660483" lon="14.916490007">
        <ele>0.000</ele>
      </trkpt>
      <trkpt lat="51.595557828" lon="14.912819306">
        <ele>0.000</ele>
      </trkpt>
      <trkpt lat="51.596447098" lon="14.907013482">
        <ele>0.000</ele>
      </trkpt>
      <trkpt lat="51.596969941" lon="14.902992788">
        <ele>0.000</ele>
      </trkpt>
      <trkpt lat="51.597953244" lon="14.901219747">
        <ele>0.000</ele>
      </trkpt>
      <trkpt lat="51.599296236" lon="14.899061170">
        <ele>0.000</ele>
      </trkpt>
      <trkpt lat="51.600391667" lon="14.896371268">
        <ele>0.000</ele>
      </trkpt>
      <trkpt lat="51.600388421" lon="14.895033135">
        <ele>0.000</ele>
      </trkpt>
      <trkpt lat="51.597853710" lon="14.891222460">
        <ele>0.000</ele>
      </trkpt>
      <trkpt lat="51.596937226" lon="14.889661716">
        <ele>0.000</ele>
      </trkpt>
      <trkpt lat="51.596397725" lon="14.886888611">
        <ele>0.000</ele>
      </trkpt>
      <trkpt lat="51.596275936" lon="14.886181235">
        <ele>0.000</ele>
      </trkpt>
      <trkpt lat="51.595822941" lon="14.886038290">
        <ele>0.000</ele>
      </trkpt>
      <trkpt lat="51.595304626" lon="14.885693870">
        <ele>0.000</ele>
      </trkpt>
      <trkpt lat="51.594954288" lon="14.885075957">
        <ele>0.000</ele>
      </trkpt>
      <trkpt lat="51.594722223" lon="14.884548686">
        <ele>0.000</ele>
      </trkpt>
      <trkpt lat="51.594392321" lon="14.881025379">
        <ele>0.000</ele>
      </trkpt>
      <trkpt lat="51.594452190" lon="14.877688256">
        <ele>0.000</ele>
      </trkpt>
      <trkpt lat="51.594490153" lon="14.874703787">
        <ele>0.000</ele>
      </trkpt>
      <trkpt lat="51.594321743" lon="14.871523808">
        <ele>0.000</ele>
      </trkpt>
      <trkpt lat="51.594932210" lon="14.867897578">
        <ele>0.000</ele>
      </trkpt>
      <trkpt lat="51.594969051" lon="14.864357475">
        <ele>0.000</ele>
      </trkpt>
      <trkpt lat="51.595028326" lon="14.860657874">
        <ele>0.000</ele>
      </trkpt>
      <trkpt lat="51.595232904" lon="14.858810155">
        <ele>0.000</ele>
      </trkpt>
      <trkpt lat="51.592985704" lon="14.857591670">
        <ele>0.000</ele>
      </trkpt>
      <trkpt lat="51.588534441" lon="14.855819555">
        <ele>0.000</ele>
      </trkpt>
      <trkpt lat="51.586817217" lon="14.853294149">
        <ele>0.000</ele>
      </trkpt>
      <trkpt lat="51.585342978" lon="14.849917765">
        <ele>0.000</ele>
      </trkpt>
      <trkpt lat="51.583086828" lon="14.845127031">
        <ele>0.000</ele>
      </trkpt>
      <trkpt lat="51.582046711" lon="14.841656497">
        <ele>0.000</ele>
      </trkpt>
      <trkpt lat="51.580071199" lon="14.838553297">
        <ele>0.000</ele>
      </trkpt>
      <trkpt lat="51.578969913" lon="14.837080244">
        <ele>0.000</ele>
      </trkpt>
      <trkpt lat="51.578517527" lon="14.836622459">
        <ele>0.000</ele>
      </trkpt>
      <trkpt lat="51.577383194" lon="14.836669520">
        <ele>0.000</ele>
      </trkpt>
      <trkpt lat="51.573774806" lon="14.835589031">
        <ele>0.000</ele>
      </trkpt>
      <trkpt lat="51.571278459" lon="14.833613998">
        <ele>0.000</ele>
      </trkpt>
      <trkpt lat="51.568158013" lon="14.830220499">
        <ele>0.000</ele>
      </trkpt>
      <trkpt lat="51.566546115" lon="14.830137436">
        <ele>0.000</ele>
      </trkpt>
      <trkpt lat="51.564116913" lon="14.830223954">
        <ele>0.000</ele>
      </trkpt>
      <trkpt lat="51.563383761" lon="14.829835739">
        <ele>0.000</ele>
      </trkpt>
      <trkpt lat="51.563065285" lon="14.828605683">
        <ele>0.000</ele>
      </trkpt>
      <trkpt lat="51.562615852" lon="14.826816617">
        <ele>0.000</ele>
      </trkpt>
      <trkpt lat="51.562628695" lon="14.823793406">
        <ele>0.000</ele>
      </trkpt>
      <trkpt lat="51.562641174" lon="14.820664898">
        <ele>0.000</ele>
      </trkpt>
      <trkpt lat="51.562210350" lon="14.816085207">
        <ele>0.000</ele>
      </trkpt>
      <trkpt lat="51.561982443" lon="14.812548487">
        <ele>0.000</ele>
      </trkpt>
      <trkpt lat="51.562012784" lon="14.808555054">
        <ele>0.000</ele>
      </trkpt>
      <trkpt lat="51.561594333" lon="14.805361247">
        <ele>0.000</ele>
      </trkpt>
      <trkpt lat="51.560977062" lon="14.803829622">
        <ele>0.000</ele>
      </trkpt>
      <trkpt lat="51.560577862" lon="14.802315754">
        <ele>0.000</ele>
      </trkpt>
      <trkpt lat="51.558681162" lon="14.799005051">
        <ele>0.000</ele>
      </trkpt>
      <trkpt lat="51.557065012" lon="14.796591683">
        <ele>0.000</ele>
      </trkpt>
      <trkpt lat="51.555717254" lon="14.793965916">
        <ele>0.000</ele>
      </trkpt>
      <trkpt lat="51.553038562" lon="14.790949450">
        <ele>0.000</ele>
      </trkpt>
      <trkpt lat="51.552107036" lon="14.789382302">
        <ele>0.000</ele>
      </trkpt>
      <trkpt lat="51.552048667" lon="14.784929908">
        <ele>0.000</ele>
      </trkpt>
      <trkpt lat="51.552003258" lon="14.774014425">
        <ele>0.000</ele>
      </trkpt>
      <trkpt lat="51.550118475" lon="14.771972095">
        <ele>0.000</ele>
      </trkpt>
      <trkpt lat="51.546949724" lon="14.768029563">
        <ele>0.000</ele>
      </trkpt>
      <trkpt lat="51.545959909" lon="14.766133636">
        <ele>0.000</ele>
      </trkpt>
      <trkpt lat="51.544087422" lon="14.761916971">
        <ele>0.000</ele>
      </trkpt>
      <trkpt lat="51.542174020" lon="14.757592940">
        <ele>0.000</ele>
      </trkpt>
      <trkpt lat="51.541828696" lon="14.757379034">
        <ele>0.000</ele>
      </trkpt>
      <trkpt lat="51.541342679" lon="14.757542206">
        <ele>0.000</ele>
      </trkpt>
      <trkpt lat="51.540730748" lon="14.757770437">
        <ele>0.000</ele>
      </trkpt>
      <trkpt lat="51.540475286" lon="14.757735555">
        <ele>0.000</ele>
      </trkpt>
      <trkpt lat="51.540404511" lon="14.757486649">
        <ele>0.000</ele>
      </trkpt>
      <trkpt lat="51.540410245" lon="14.757468608">
        <ele>0.000</ele>
      </trkpt>
      <trkpt lat="51.540467510" lon="14.757208344">
        <ele>0.000</ele>
      </trkpt>
      <trkpt lat="51.540923523" lon="14.757096887">
        <ele>0.000</ele>
      </trkpt>
      <trkpt lat="51.541385576" lon="14.756832642">
        <ele>0.000</ele>
      </trkpt>
      <trkpt lat="51.541683364" lon="14.756682959">
        <ele>0.000</ele>
      </trkpt>
      <trkpt lat="51.541521131" lon="14.756179237">
        <ele>0.000</ele>
      </trkpt>
      <trkpt lat="51.541174408" lon="14.755444436">
        <ele>0.000</ele>
      </trkpt>
      <trkpt lat="51.540084594" lon="14.753129456">
        <ele>0.000</ele>
      </trkpt>
      <trkpt lat="51.538948531" lon="14.751158833">
        <ele>0.000</ele>
      </trkpt>
      <trkpt lat="51.538678252" lon="14.750799668">
        <ele>0.000</ele>
      </trkpt>
      <trkpt lat="51.538323830" lon="14.750197410">
        <ele>0.000</ele>
      </trkpt>
      <trkpt lat="51.538311916" lon="14.749653393">
        <ele>0.000</ele>
      </trkpt>
      <trkpt lat="51.537914020" lon="14.748842590">
        <ele>0.000</ele>
      </trkpt>
      <trkpt lat="51.537436406" lon="14.747818236">
        <ele>0.000</ele>
      </trkpt>
      <trkpt lat="51.536848259" lon="14.746217638">
        <ele>0.000</ele>
      </trkpt>
      <trkpt lat="51.536848285" lon="14.746224416">
        <ele>0.000</ele>
      </trkpt>
      <trkpt lat="51.536669443" lon="14.745213594">
        <ele>0.000</ele>
      </trkpt>
      <trkpt lat="51.536563045" lon="14.744206749">
        <ele>0.000</ele>
      </trkpt>
      <trkpt lat="51.536660722" lon="14.742950927">
        <ele>0.000</ele>
      </trkpt>
      <trkpt lat="51.536882012" lon="14.740747644">
        <ele>0.000</ele>
      </trkpt>
      <trkpt lat="51.536992927" lon="14.739697119">
        <ele>0.000</ele>
      </trkpt>
      <trkpt lat="51.537667777" lon="14.738235028">
        <ele>0.000</ele>
      </trkpt>
      <trkpt lat="51.537871942" lon="14.737950464">
        <ele>0.000</ele>
      </trkpt>
      <trkpt lat="51.538158979" lon="14.737895275">
        <ele>0.000</ele>
      </trkpt>
      <trkpt lat="51.538325091" lon="14.737754026">
        <ele>0.000</ele>
      </trkpt>
      <trkpt lat="51.538304714" lon="14.737595481">
        <ele>0.000</ele>
      </trkpt>
      <trkpt lat="51.538799127" lon="14.736656790">
        <ele>0.000</ele>
      </trkpt>
      <trkpt lat="51.539344873" lon="14.735939994">
        <ele>0.000</ele>
      </trkpt>
      <trkpt lat="51.540022630" lon="14.734958136">
        <ele>0.000</ele>
      </trkpt>
      <trkpt lat="51.540052476" lon="14.733913416">
        <ele>0.000</ele>
      </trkpt>
      <trkpt lat="51.540075410" lon="14.732326507">
        <ele>0.000</ele>
      </trkpt>
      <trkpt lat="51.540662826" lon="14.730953788">
        <ele>0.000</ele>
      </trkpt>
      <trkpt lat="51.541872344" lon="14.729780855">
        <ele>0.000</ele>
      </trkpt>
      <trkpt lat="51.542162583" lon="14.729817076">
        <ele>0.000</ele>
      </trkpt>
      <trkpt lat="51.542734331" lon="14.731264159">
        <ele>0.000</ele>
      </trkpt>
      <trkpt lat="51.543103680" lon="14.732501293">
        <ele>0.000</ele>
      </trkpt>
      <trkpt lat="51.543144750" lon="14.732605919">
        <ele>0.000</ele>
      </trkpt>
      <trkpt lat="51.543553588" lon="14.732413376">
        <ele>0.000</ele>
      </trkpt>
      <trkpt lat="51.543857525" lon="14.732668706">
        <ele>0.000</ele>
      </trkpt>
      <trkpt lat="51.544323893" lon="14.732885083">
        <ele>0.000</ele>
      </trkpt>
      <trkpt lat="51.544526046" lon="14.732909365">
        <ele>0.000</ele>
      </trkpt>
      <trkpt lat="51.545738354" lon="14.731695237">
        <ele>0.000</ele>
      </trkpt>
      <trkpt lat="51.546053813" lon="14.731317204">
        <ele>0.000</ele>
      </trkpt>
      <trkpt lat="51.546861660" lon="14.730639997">
        <ele>0.000</ele>
      </trkpt>
      <trkpt lat="51.547144505" lon="14.730183848">
        <ele>0.000</ele>
      </trkpt>
      <trkpt lat="51.547732852" lon="14.729907497">
        <ele>0.000</ele>
      </trkpt>
      <trkpt lat="51.547656385" lon="14.728929717">
        <ele>0.000</ele>
      </trkpt>
      <trkpt lat="51.547705951" lon="14.728144204">
        <ele>0.000</ele>
      </trkpt>
      <trkpt lat="51.547857645" lon="14.727749676">
        <ele>0.000</ele>
      </trkpt>
      <trkpt lat="51.548501008" lon="14.726942961">
        <ele>0.000</ele>
      </trkpt>
      <trkpt lat="51.548710450" lon="14.726820354">
        <ele>0.000</ele>
      </trkpt>
      <trkpt lat="51.548768100" lon="14.726253542">
        <ele>0.000</ele>
      </trkpt>
      <trkpt lat="51.548474504" lon="14.725187497">
        <ele>0.000</ele>
      </trkpt>
      <trkpt lat="51.548172326" lon="14.724404463">
        <ele>0.000</ele>
      </trkpt>
    </trkseg>
  </trk>
  <trk>
    <name>Mużaków – Cottbus 43</name>
    <trkseg>
      <trkpt lat="51.549086000" lon="14.719230000">
        <ele>0.000</ele>
      </trkpt>
      <trkpt lat="51.548903000" lon="14.719371000">
        <ele>0.000</ele>
      </trkpt>
      <trkpt lat="51.548704000" lon="14.719609000">
        <ele>0.000</ele>
      </trkpt>
      <trkpt lat="51.548439000" lon="14.720121000">
        <ele>0.000</ele>
      </trkpt>
      <trkpt lat="51.548079000" lon="14.720646000">
        <ele>0.000</ele>
      </trkpt>
      <trkpt lat="51.547743000" lon="14.721309000">
        <ele>0.000</ele>
      </trkpt>
      <trkpt lat="51.547667000" lon="14.721455000">
        <ele>0.000</ele>
      </trkpt>
      <trkpt lat="51.547599000" lon="14.721932000">
        <ele>0.000</ele>
      </trkpt>
      <trkpt lat="51.547525000" lon="14.722059000">
        <ele>0.000</ele>
      </trkpt>
      <trkpt lat="51.547435000" lon="14.721769000">
        <ele>0.000</ele>
      </trkpt>
      <trkpt lat="51.547127000" lon="14.721048000">
        <ele>0.000</ele>
      </trkpt>
      <trkpt lat="51.547067000" lon="14.720902000">
        <ele>0.000</ele>
      </trkpt>
      <trkpt lat="51.547035000" lon="14.720871000">
        <ele>0.000</ele>
      </trkpt>
      <trkpt lat="51.546853000" lon="14.720301000">
        <ele>0.000</ele>
      </trkpt>
      <trkpt lat="51.546742000" lon="14.719984000">
        <ele>0.000</ele>
      </trkpt>
      <trkpt lat="51.546860000" lon="14.719871000">
        <ele>0.000</ele>
      </trkpt>
      <trkpt lat="51.546912000" lon="14.719821000">
        <ele>0.000</ele>
      </trkpt>
      <trkpt lat="51.547603000" lon="14.719133000">
        <ele>0.000</ele>
      </trkpt>
      <trkpt lat="51.547677000" lon="14.719059000">
        <ele>0.000</ele>
      </trkpt>
      <trkpt lat="51.548259000" lon="14.718560000">
        <ele>0.000</ele>
      </trkpt>
      <trkpt lat="51.548419000" lon="14.718423000">
        <ele>0.000</ele>
      </trkpt>
      <trkpt lat="51.548575000" lon="14.718241000">
        <ele>0.000</ele>
      </trkpt>
      <trkpt lat="51.548627000" lon="14.718175000">
        <ele>0.000</ele>
      </trkpt>
      <trkpt lat="51.549192000" lon="14.717466000">
        <ele>0.000</ele>
      </trkpt>
      <trkpt lat="51.549408000" lon="14.717177000">
        <ele>0.000</ele>
      </trkpt>
      <trkpt lat="51.549616000" lon="14.716873000">
        <ele>0.000</ele>
      </trkpt>
      <trkpt lat="51.549747000" lon="14.716682000">
        <ele>0.000</ele>
      </trkpt>
      <trkpt lat="51.550080000" lon="14.716157000">
        <ele>0.000</ele>
      </trkpt>
      <trkpt lat="51.550280000" lon="14.715794000">
        <ele>0.000</ele>
      </trkpt>
      <trkpt lat="51.550348000" lon="14.715675000">
        <ele>0.000</ele>
      </trkpt>
      <trkpt lat="51.550609000" lon="14.715163000">
        <ele>0.000</ele>
      </trkpt>
      <trkpt lat="51.550697000" lon="14.714934000">
        <ele>0.000</ele>
      </trkpt>
      <trkpt lat="51.550771000" lon="14.714696000">
        <ele>0.000</ele>
      </trkpt>
      <trkpt lat="51.551065000" lon="14.713738000">
        <ele>0.000</ele>
      </trkpt>
      <trkpt lat="51.551171000" lon="14.713421000">
        <ele>0.000</ele>
      </trkpt>
      <trkpt lat="51.551259000" lon="14.713128000">
        <ele>0.000</ele>
      </trkpt>
      <trkpt lat="51.551562000" lon="14.712131000">
        <ele>0.000</ele>
      </trkpt>
      <trkpt lat="51.551667000" lon="14.711793000">
        <ele>0.000</ele>
      </trkpt>
      <trkpt lat="51.551999000" lon="14.710718000">
        <ele>0.000</ele>
      </trkpt>
      <trkpt lat="51.552010000" lon="14.710684000">
        <ele>0.000</ele>
      </trkpt>
      <trkpt lat="51.552072000" lon="14.710481000">
        <ele>0.000</ele>
      </trkpt>
      <trkpt lat="51.552103000" lon="14.710381000">
        <ele>0.000</ele>
      </trkpt>
      <trkpt lat="51.552372000" lon="14.709514000">
        <ele>0.000</ele>
      </trkpt>
      <trkpt lat="51.552570000" lon="14.708886000">
        <ele>0.000</ele>
      </trkpt>
      <trkpt lat="51.552802000" lon="14.708131000">
        <ele>0.000</ele>
      </trkpt>
      <trkpt lat="51.553279000" lon="14.706593000">
        <ele>0.000</ele>
      </trkpt>
      <trkpt lat="51.553645000" lon="14.705403000">
        <ele>0.000</ele>
      </trkpt>
      <trkpt lat="51.553845000" lon="14.704794000">
        <ele>0.000</ele>
      </trkpt>
      <trkpt lat="51.553959000" lon="14.704476000">
        <ele>0.000</ele>
      </trkpt>
      <trkpt lat="51.554042000" lon="14.704303000">
        <ele>0.000</ele>
      </trkpt>
      <trkpt lat="51.554135000" lon="14.704110000">
        <ele>0.000</ele>
      </trkpt>
      <trkpt lat="51.554526000" lon="14.703439000">
        <ele>0.000</ele>
      </trkpt>
      <trkpt lat="51.554886000" lon="14.702835000">
        <ele>0.000</ele>
      </trkpt>
      <trkpt lat="51.555261000" lon="14.702185000">
        <ele>0.000</ele>
      </trkpt>
      <trkpt lat="51.555933000" lon="14.701049000">
        <ele>0.000</ele>
      </trkpt>
      <trkpt lat="51.556602000" lon="14.699918000">
        <ele>0.000</ele>
      </trkpt>
      <trkpt lat="51.556688000" lon="14.699769000">
        <ele>0.000</ele>
      </trkpt>
      <trkpt lat="51.556719000" lon="14.699716000">
        <ele>0.000</ele>
      </trkpt>
      <trkpt lat="51.557380000" lon="14.698567000">
        <ele>0.000</ele>
      </trkpt>
      <trkpt lat="51.557772000" lon="14.697896000">
        <ele>0.000</ele>
      </trkpt>
      <trkpt lat="51.558125000" lon="14.697299000">
        <ele>0.000</ele>
      </trkpt>
      <trkpt lat="51.558189000" lon="14.697184000">
        <ele>0.000</ele>
      </trkpt>
      <trkpt lat="51.558691000" lon="14.696338000">
        <ele>0.000</ele>
      </trkpt>
      <trkpt lat="51.558971000" lon="14.695878000">
        <ele>0.000</ele>
      </trkpt>
      <trkpt lat="51.559146000" lon="14.695573000">
        <ele>0.000</ele>
      </trkpt>
      <trkpt lat="51.559519000" lon="14.694923000">
        <ele>0.000</ele>
      </trkpt>
      <trkpt lat="51.559646000" lon="14.694688000">
        <ele>0.000</ele>
      </trkpt>
      <trkpt lat="51.559838000" lon="14.694282000">
        <ele>0.000</ele>
      </trkpt>
      <trkpt lat="51.559919000" lon="14.694089000">
        <ele>0.000</ele>
      </trkpt>
      <trkpt lat="51.560074000" lon="14.693654000">
        <ele>0.000</ele>
      </trkpt>
      <trkpt lat="51.560179000" lon="14.693333000">
        <ele>0.000</ele>
      </trkpt>
      <trkpt lat="51.560327000" lon="14.692742000">
        <ele>0.000</ele>
      </trkpt>
      <trkpt lat="51.560472000" lon="14.692127000">
        <ele>0.000</ele>
      </trkpt>
      <trkpt lat="51.561003000" lon="14.689744000">
        <ele>0.000</ele>
      </trkpt>
      <trkpt lat="51.566494000" lon="14.665158000">
        <ele>0.000</ele>
      </trkpt>
      <trkpt lat="51.566499000" lon="14.665007000">
        <ele>0.000</ele>
      </trkpt>
      <trkpt lat="51.566467000" lon="14.664869000">
        <ele>0.000</ele>
      </trkpt>
      <trkpt lat="51.566563000" lon="14.664707000">
        <ele>0.000</ele>
      </trkpt>
      <trkpt lat="51.566606000" lon="14.664592000">
        <ele>0.000</ele>
      </trkpt>
      <trkpt lat="51.567102000" lon="14.661984000">
        <ele>0.000</ele>
      </trkpt>
      <trkpt lat="51.567181000" lon="14.661586000">
        <ele>0.000</ele>
      </trkpt>
      <trkpt lat="51.567204000" lon="14.661456000">
        <ele>0.000</ele>
      </trkpt>
      <trkpt lat="51.567515000" lon="14.659732000">
        <ele>0.000</ele>
      </trkpt>
      <trkpt lat="51.567541000" lon="14.659590000">
        <ele>0.000</ele>
      </trkpt>
      <trkpt lat="51.567828000" lon="14.658180000">
        <ele>0.000</ele>
      </trkpt>
      <trkpt lat="51.568865000" lon="14.655957000">
        <ele>0.000</ele>
      </trkpt>
      <trkpt lat="51.569264000" lon="14.655161000">
        <ele>0.000</ele>
      </trkpt>
      <trkpt lat="51.569274000" lon="14.655141000">
        <ele>0.000</ele>
      </trkpt>
      <trkpt lat="51.569460000" lon="14.654755000">
        <ele>0.000</ele>
      </trkpt>
      <trkpt lat="51.569534000" lon="14.654632000">
        <ele>0.000</ele>
      </trkpt>
      <trkpt lat="51.569644000" lon="14.654562000">
        <ele>0.000</ele>
      </trkpt>
      <trkpt lat="51.569682000" lon="14.654477000">
        <ele>0.000</ele>
      </trkpt>
      <trkpt lat="51.570149000" lon="14.653551000">
        <ele>0.000</ele>
      </trkpt>
      <trkpt lat="51.570578000" lon="14.652677000">
        <ele>0.000</ele>
      </trkpt>
      <trkpt lat="51.570720000" lon="14.652428000">
        <ele>0.000</ele>
      </trkpt>
      <trkpt lat="51.570779000" lon="14.652305000">
        <ele>0.000</ele>
      </trkpt>
      <trkpt lat="51.570814000" lon="14.652132000">
        <ele>0.000</ele>
      </trkpt>
      <trkpt lat="51.570866000" lon="14.651829000">
        <ele>0.000</ele>
      </trkpt>
      <trkpt lat="51.570913000" lon="14.651650000">
        <ele>0.000</ele>
      </trkpt>
      <trkpt lat="51.570928000" lon="14.651625000">
        <ele>0.000</ele>
      </trkpt>
      <trkpt lat="51.570961000" lon="14.651493000">
        <ele>0.000</ele>
      </trkpt>
      <trkpt lat="51.571114000" lon="14.650567000">
        <ele>0.000</ele>
      </trkpt>
      <trkpt lat="51.571175000" lon="14.650202000">
        <ele>0.000</ele>
      </trkpt>
      <trkpt lat="51.571226000" lon="14.650001000">
        <ele>0.000</ele>
      </trkpt>
      <trkpt lat="51.571251000" lon="14.649754000">
        <ele>0.000</ele>
      </trkpt>
      <trkpt lat="51.571277000" lon="14.649534000">
        <ele>0.000</ele>
      </trkpt>
      <trkpt lat="51.571375000" lon="14.648901000">
        <ele>0.000</ele>
      </trkpt>
      <trkpt lat="51.571655000" lon="14.647139000">
        <ele>0.000</ele>
      </trkpt>
      <trkpt lat="51.571793000" lon="14.646308000">
        <ele>0.000</ele>
      </trkpt>
      <trkpt lat="51.571912000" lon="14.645580000">
        <ele>0.000</ele>
      </trkpt>
      <trkpt lat="51.571988000" lon="14.645119000">
        <ele>0.000</ele>
      </trkpt>
      <trkpt lat="51.572040000" lon="14.644778000">
        <ele>0.000</ele>
      </trkpt>
      <trkpt lat="51.572191000" lon="14.643839000">
        <ele>0.000</ele>
      </trkpt>
      <trkpt lat="51.572200000" lon="14.643782000">
        <ele>0.000</ele>
      </trkpt>
      <trkpt lat="51.572579000" lon="14.641461000">
        <ele>0.000</ele>
      </trkpt>
      <trkpt lat="51.572584000" lon="14.641436000">
        <ele>0.000</ele>
      </trkpt>
      <trkpt lat="51.572662000" lon="14.640962000">
        <ele>0.000</ele>
      </trkpt>
      <trkpt lat="51.572752000" lon="14.640418000">
        <ele>0.000</ele>
      </trkpt>
      <trkpt lat="51.572746000" lon="14.640303000">
        <ele>0.000</ele>
      </trkpt>
      <trkpt lat="51.572749000" lon="14.640178000">
        <ele>0.000</ele>
      </trkpt>
      <trkpt lat="51.572787000" lon="14.639897000">
        <ele>0.000</ele>
      </trkpt>
      <trkpt lat="51.572853000" lon="14.639693000">
        <ele>0.000</ele>
      </trkpt>
      <trkpt lat="51.572911000" lon="14.639364000">
        <ele>0.000</ele>
      </trkpt>
      <trkpt lat="51.572993000" lon="14.638991000">
        <ele>0.000</ele>
      </trkpt>
      <trkpt lat="51.573073000" lon="14.638726000">
        <ele>0.000</ele>
      </trkpt>
      <trkpt lat="51.573142000" lon="14.638464000">
        <ele>0.000</ele>
      </trkpt>
      <trkpt lat="51.573187000" lon="14.638309000">
        <ele>0.000</ele>
      </trkpt>
      <trkpt lat="51.573344000" lon="14.637858000">
        <ele>0.000</ele>
      </trkpt>
      <trkpt lat="51.573502000" lon="14.637463000">
        <ele>0.000</ele>
      </trkpt>
      <trkpt lat="51.573620000" lon="14.637226000">
        <ele>0.000</ele>
      </trkpt>
      <trkpt lat="51.573741000" lon="14.636947000">
        <ele>0.000</ele>
      </trkpt>
      <trkpt lat="51.573803000" lon="14.636798000">
        <ele>0.000</ele>
      </trkpt>
      <trkpt lat="51.573752000" lon="14.636655000">
        <ele>0.000</ele>
      </trkpt>
      <trkpt lat="51.574799000" lon="14.634772000">
        <ele>0.000</ele>
      </trkpt>
      <trkpt lat="51.575405000" lon="14.633707000">
        <ele>0.000</ele>
      </trkpt>
      <trkpt lat="51.576535000" lon="14.631720000">
        <ele>0.000</ele>
      </trkpt>
      <trkpt lat="51.579336000" lon="14.626830000">
        <ele>0.000</ele>
      </trkpt>
      <trkpt lat="51.579285000" lon="14.626290000">
        <ele>0.000</ele>
      </trkpt>
      <trkpt lat="51.579544000" lon="14.621386000">
        <ele>0.000</ele>
      </trkpt>
      <trkpt lat="51.579603000" lon="14.620245000">
        <ele>0.000</ele>
      </trkpt>
      <trkpt lat="51.579705000" lon="14.618027000">
        <ele>0.000</ele>
      </trkpt>
      <trkpt lat="51.580154000" lon="14.617953000">
        <ele>0.000</ele>
      </trkpt>
      <trkpt lat="51.580704000" lon="14.617862000">
        <ele>0.000</ele>
      </trkpt>
      <trkpt lat="51.580791000" lon="14.617793000">
        <ele>0.000</ele>
      </trkpt>
      <trkpt lat="51.580884000" lon="14.617653000">
        <ele>0.000</ele>
      </trkpt>
      <trkpt lat="51.580907000" lon="14.617568000">
        <ele>0.000</ele>
      </trkpt>
      <trkpt lat="51.581023000" lon="14.616913000">
        <ele>0.000</ele>
      </trkpt>
      <trkpt lat="51.581031000" lon="14.616844000">
        <ele>0.000</ele>
      </trkpt>
      <trkpt lat="51.581332000" lon="14.614660000">
        <ele>0.000</ele>
      </trkpt>
      <trkpt lat="51.581763000" lon="14.613065000">
        <ele>0.000</ele>
      </trkpt>
      <trkpt lat="51.582250000" lon="14.611779000">
        <ele>0.000</ele>
      </trkpt>
      <trkpt lat="51.582545000" lon="14.610948000">
        <ele>0.000</ele>
      </trkpt>
      <trkpt lat="51.582607000" lon="14.610600000">
        <ele>0.000</ele>
      </trkpt>
      <trkpt lat="51.582713000" lon="14.609818000">
        <ele>0.000</ele>
      </trkpt>
      <trkpt lat="51.582744000" lon="14.608492000">
        <ele>0.000</ele>
      </trkpt>
      <trkpt lat="51.582863000" lon="14.608050000">
        <ele>0.000</ele>
      </trkpt>
      <trkpt lat="51.583328000" lon="14.606903000">
        <ele>0.000</ele>
      </trkpt>
      <trkpt lat="51.583451000" lon="14.606714000">
        <ele>0.000</ele>
      </trkpt>
      <trkpt lat="51.585064000" lon="14.604290000">
        <ele>0.000</ele>
      </trkpt>
      <trkpt lat="51.585082000" lon="14.604268000">
        <ele>0.000</ele>
      </trkpt>
      <trkpt lat="51.585312000" lon="14.603917000">
        <ele>0.000</ele>
      </trkpt>
      <trkpt lat="51.585958000" lon="14.603223000">
        <ele>0.000</ele>
      </trkpt>
      <trkpt lat="51.588182000" lon="14.601779000">
        <ele>0.000</ele>
      </trkpt>
      <trkpt lat="51.589025000" lon="14.601266000">
        <ele>0.000</ele>
      </trkpt>
      <trkpt lat="51.589836000" lon="14.601013000">
        <ele>0.000</ele>
      </trkpt>
      <trkpt lat="51.590662000" lon="14.600560000">
        <ele>0.000</ele>
      </trkpt>
      <trkpt lat="51.591701000" lon="14.599673000">
        <ele>0.000</ele>
      </trkpt>
      <trkpt lat="51.592920000" lon="14.598305000">
        <ele>0.000</ele>
      </trkpt>
      <trkpt lat="51.596518000" lon="14.594249000">
        <ele>0.000</ele>
      </trkpt>
      <trkpt lat="51.598736000" lon="14.591663000">
        <ele>0.000</ele>
      </trkpt>
      <trkpt lat="51.599138000" lon="14.590981000">
        <ele>0.000</ele>
      </trkpt>
      <trkpt lat="51.599549000" lon="14.590318000">
        <ele>0.000</ele>
      </trkpt>
      <trkpt lat="51.601186000" lon="14.588189000">
        <ele>0.000</ele>
      </trkpt>
      <trkpt lat="51.601326000" lon="14.588007000">
        <ele>0.000</ele>
      </trkpt>
      <trkpt lat="51.601389000" lon="14.587955000">
        <ele>0.000</ele>
      </trkpt>
      <trkpt lat="51.601441000" lon="14.587863000">
        <ele>0.000</ele>
      </trkpt>
      <trkpt lat="51.601750000" lon="14.587078000">
        <ele>0.000</ele>
      </trkpt>
      <trkpt lat="51.601800000" lon="14.586869000">
        <ele>0.000</ele>
      </trkpt>
      <trkpt lat="51.601950000" lon="14.585754000">
        <ele>0.000</ele>
      </trkpt>
      <trkpt lat="51.602120000" lon="14.584489000">
        <ele>0.000</ele>
      </trkpt>
      <trkpt lat="51.602412000" lon="14.582255000">
        <ele>0.000</ele>
      </trkpt>
      <trkpt lat="51.602437000" lon="14.582080000">
        <ele>0.000</ele>
      </trkpt>
      <trkpt lat="51.602545000" lon="14.581900000">
        <ele>0.000</ele>
      </trkpt>
      <trkpt lat="51.602666000" lon="14.581848000">
        <ele>0.000</ele>
      </trkpt>
      <trkpt lat="51.602759000" lon="14.581838000">
        <ele>0.000</ele>
      </trkpt>
      <trkpt lat="51.602863000" lon="14.581826000">
        <ele>0.000</ele>
      </trkpt>
      <trkpt lat="51.603039000" lon="14.581692000">
        <ele>0.000</ele>
      </trkpt>
      <trkpt lat="51.603029000" lon="14.581372000">
        <ele>0.000</ele>
      </trkpt>
      <trkpt lat="51.603085000" lon="14.580752000">
        <ele>0.000</ele>
      </trkpt>
      <trkpt lat="51.603137000" lon="14.580066000">
        <ele>0.000</ele>
      </trkpt>
      <trkpt lat="51.603186000" lon="14.579411000">
        <ele>0.000</ele>
      </trkpt>
      <trkpt lat="51.603236000" lon="14.578370000">
        <ele>0.000</ele>
      </trkpt>
      <trkpt lat="51.603174000" lon="14.577966000">
        <ele>0.000</ele>
      </trkpt>
      <trkpt lat="51.602989000" lon="14.577469000">
        <ele>0.000</ele>
      </trkpt>
      <trkpt lat="51.602659000" lon="14.576684000">
        <ele>0.000</ele>
      </trkpt>
      <trkpt lat="51.602484000" lon="14.576246000">
        <ele>0.000</ele>
      </trkpt>
      <trkpt lat="51.602223000" lon="14.575594000">
        <ele>0.000</ele>
      </trkpt>
      <trkpt lat="51.602141000" lon="14.575167000">
        <ele>0.000</ele>
      </trkpt>
      <trkpt lat="51.602049000" lon="14.574471000">
        <ele>0.000</ele>
      </trkpt>
      <trkpt lat="51.601894000" lon="14.573838000">
        <ele>0.000</ele>
      </trkpt>
      <trkpt lat="51.603221000" lon="14.572577000">
        <ele>0.000</ele>
      </trkpt>
      <trkpt lat="51.603268000" lon="14.572446000">
        <ele>0.000</ele>
      </trkpt>
      <trkpt lat="51.603230000" lon="14.571818000">
        <ele>0.000</ele>
      </trkpt>
      <trkpt lat="51.603179000" lon="14.571283000">
        <ele>0.000</ele>
      </trkpt>
      <trkpt lat="51.603048000" lon="14.570856000">
        <ele>0.000</ele>
      </trkpt>
      <trkpt lat="51.603004000" lon="14.570748000">
        <ele>0.000</ele>
      </trkpt>
      <trkpt lat="51.602541000" lon="14.569390000">
        <ele>0.000</ele>
      </trkpt>
      <trkpt lat="51.602499000" lon="14.569145000">
        <ele>0.000</ele>
      </trkpt>
      <trkpt lat="51.602375000" lon="14.567282000">
        <ele>0.000</ele>
      </trkpt>
      <trkpt lat="51.602394000" lon="14.567149000">
        <ele>0.000</ele>
      </trkpt>
      <trkpt lat="51.602390000" lon="14.566822000">
        <ele>0.000</ele>
      </trkpt>
      <trkpt lat="51.602390000" lon="14.566781000">
        <ele>0.000</ele>
      </trkpt>
      <trkpt lat="51.602402000" lon="14.566484000">
        <ele>0.000</ele>
      </trkpt>
      <trkpt lat="51.602535000" lon="14.565594000">
        <ele>0.000</ele>
      </trkpt>
      <trkpt lat="51.602597000" lon="14.565354000">
        <ele>0.000</ele>
      </trkpt>
      <trkpt lat="51.602733000" lon="14.564918000">
        <ele>0.000</ele>
      </trkpt>
      <trkpt lat="51.602830000" lon="14.564624000">
        <ele>0.000</ele>
      </trkpt>
      <trkpt lat="51.602903000" lon="14.564333000">
        <ele>0.000</ele>
      </trkpt>
      <trkpt lat="51.603100000" lon="14.563766000">
        <ele>0.000</ele>
      </trkpt>
      <trkpt lat="51.603301000" lon="14.563192000">
        <ele>0.000</ele>
      </trkpt>
      <trkpt lat="51.603521000" lon="14.562569000">
        <ele>0.000</ele>
      </trkpt>
      <trkpt lat="51.603655000" lon="14.562134000">
        <ele>0.000</ele>
      </trkpt>
      <trkpt lat="51.603943000" lon="14.560791000">
        <ele>0.000</ele>
      </trkpt>
      <trkpt lat="51.605025000" lon="14.558823000">
        <ele>0.000</ele>
      </trkpt>
      <trkpt lat="51.605628000" lon="14.557984000">
        <ele>0.000</ele>
      </trkpt>
      <trkpt lat="51.606042000" lon="14.556797000">
        <ele>0.000</ele>
      </trkpt>
      <trkpt lat="51.606788000" lon="14.556282000">
        <ele>0.000</ele>
      </trkpt>
      <trkpt lat="51.608307000" lon="14.554157000">
        <ele>0.000</ele>
      </trkpt>
      <trkpt lat="51.608747000" lon="14.553771000">
        <ele>0.000</ele>
      </trkpt>
      <trkpt lat="51.609266000" lon="14.553470000">
        <ele>0.000</ele>
      </trkpt>
      <trkpt lat="51.609406000" lon="14.553011000">
        <ele>0.000</ele>
      </trkpt>
      <trkpt lat="51.609909000" lon="14.550861000">
        <ele>0.000</ele>
      </trkpt>
      <trkpt lat="51.610120000" lon="14.550029000">
        <ele>0.000</ele>
      </trkpt>
      <trkpt lat="51.610177000" lon="14.549556000">
        <ele>0.000</ele>
      </trkpt>
      <trkpt lat="51.610007000" lon="14.548584000">
        <ele>0.000</ele>
      </trkpt>
      <trkpt lat="51.609598000" lon="14.548053000">
        <ele>0.000</ele>
      </trkpt>
      <trkpt lat="51.609170000" lon="14.547290000">
        <ele>0.000</ele>
      </trkpt>
      <trkpt lat="51.609028000" lon="14.546906000">
        <ele>0.000</ele>
      </trkpt>
      <trkpt lat="51.608926000" lon="14.546474000">
        <ele>0.000</ele>
      </trkpt>
      <trkpt lat="51.608804000" lon="14.545596000">
        <ele>0.000</ele>
      </trkpt>
      <trkpt lat="51.608658000" lon="14.544948000">
        <ele>0.000</ele>
      </trkpt>
      <trkpt lat="51.608603000" lon="14.544489000">
        <ele>0.000</ele>
      </trkpt>
      <trkpt lat="51.608681000" lon="14.543865000">
        <ele>0.000</ele>
      </trkpt>
      <trkpt lat="51.608976000" lon="14.542868000">
        <ele>0.000</ele>
      </trkpt>
      <trkpt lat="51.609009000" lon="14.542631000">
        <ele>0.000</ele>
      </trkpt>
      <trkpt lat="51.608996000" lon="14.542408000">
        <ele>0.000</ele>
      </trkpt>
      <trkpt lat="51.608661000" lon="14.540310000">
        <ele>0.000</ele>
      </trkpt>
      <trkpt lat="51.608651000" lon="14.538834000">
        <ele>0.000</ele>
      </trkpt>
      <trkpt lat="51.608419000" lon="14.536800000">
        <ele>0.000</ele>
      </trkpt>
      <trkpt lat="51.608116000" lon="14.534840000">
        <ele>0.000</ele>
      </trkpt>
      <trkpt lat="51.607291000" lon="14.529507000">
        <ele>0.000</ele>
      </trkpt>
      <trkpt lat="51.606957000" lon="14.526990000">
        <ele>0.000</ele>
      </trkpt>
      <trkpt lat="51.606811000" lon="14.525727000">
        <ele>0.000</ele>
      </trkpt>
      <trkpt lat="51.606706000" lon="14.524868000">
        <ele>0.000</ele>
      </trkpt>
      <trkpt lat="51.606710000" lon="14.524768000">
        <ele>0.000</ele>
      </trkpt>
      <trkpt lat="51.606753000" lon="14.523654000">
        <ele>0.000</ele>
      </trkpt>
      <trkpt lat="51.606747000" lon="14.523304000">
        <ele>0.000</ele>
      </trkpt>
      <trkpt lat="51.606626000" lon="14.521371000">
        <ele>0.000</ele>
      </trkpt>
      <trkpt lat="51.606479000" lon="14.519074000">
        <ele>0.000</ele>
      </trkpt>
      <trkpt lat="51.606406000" lon="14.517967000">
        <ele>0.000</ele>
      </trkpt>
      <trkpt lat="51.606321000" lon="14.516490000">
        <ele>0.000</ele>
      </trkpt>
      <trkpt lat="51.606171000" lon="14.513870000">
        <ele>0.000</ele>
      </trkpt>
      <trkpt lat="51.606072000" lon="14.512376000">
        <ele>0.000</ele>
      </trkpt>
      <trkpt lat="51.606068000" lon="14.512255000">
        <ele>0.000</ele>
      </trkpt>
      <trkpt lat="51.605958000" lon="14.510583000">
        <ele>0.000</ele>
      </trkpt>
      <trkpt lat="51.605958000" lon="14.510107000">
        <ele>0.000</ele>
      </trkpt>
      <trkpt lat="51.605976000" lon="14.509850000">
        <ele>0.000</ele>
      </trkpt>
      <trkpt lat="51.606058000" lon="14.509602000">
        <ele>0.000</ele>
      </trkpt>
      <trkpt lat="51.606148000" lon="14.509362000">
        <ele>0.000</ele>
      </trkpt>
      <trkpt lat="51.606182000" lon="14.509268000">
        <ele>0.000</ele>
      </trkpt>
      <trkpt lat="51.606320000" lon="14.509140000">
        <ele>0.000</ele>
      </trkpt>
      <trkpt lat="51.606436000" lon="14.509082000">
        <ele>0.000</ele>
      </trkpt>
      <trkpt lat="51.607007000" lon="14.508836000">
        <ele>0.000</ele>
      </trkpt>
      <trkpt lat="51.607472000" lon="14.508699000">
        <ele>0.000</ele>
      </trkpt>
      <trkpt lat="51.607793000" lon="14.508576000">
        <ele>0.000</ele>
      </trkpt>
      <trkpt lat="51.607899000" lon="14.508575000">
        <ele>0.000</ele>
      </trkpt>
      <trkpt lat="51.608020000" lon="14.508635000">
        <ele>0.000</ele>
      </trkpt>
      <trkpt lat="51.608151000" lon="14.508710000">
        <ele>0.000</ele>
      </trkpt>
      <trkpt lat="51.608225000" lon="14.508708000">
        <ele>0.000</ele>
      </trkpt>
      <trkpt lat="51.608297000" lon="14.508711000">
        <ele>0.000</ele>
      </trkpt>
      <trkpt lat="51.608576000" lon="14.508694000">
        <ele>0.000</ele>
      </trkpt>
      <trkpt lat="51.608531000" lon="14.508036000">
        <ele>0.000</ele>
      </trkpt>
      <trkpt lat="51.608482000" lon="14.507452000">
        <ele>0.000</ele>
      </trkpt>
      <trkpt lat="51.608469000" lon="14.507307000">
        <ele>0.000</ele>
      </trkpt>
      <trkpt lat="51.608442000" lon="14.507006000">
        <ele>0.000</ele>
      </trkpt>
      <trkpt lat="51.608420000" lon="14.506811000">
        <ele>0.000</ele>
      </trkpt>
      <trkpt lat="51.608350000" lon="14.506571000">
        <ele>0.000</ele>
      </trkpt>
      <trkpt lat="51.608312000" lon="14.506480000">
        <ele>0.000</ele>
      </trkpt>
      <trkpt lat="51.608288000" lon="14.506453000">
        <ele>0.000</ele>
      </trkpt>
      <trkpt lat="51.608252000" lon="14.506423000">
        <ele>0.000</ele>
      </trkpt>
      <trkpt lat="51.608265000" lon="14.506338000">
        <ele>0.000</ele>
      </trkpt>
      <trkpt lat="51.608254000" lon="14.506278000">
        <ele>0.000</ele>
      </trkpt>
      <trkpt lat="51.608186000" lon="14.506037000">
        <ele>0.000</ele>
      </trkpt>
      <trkpt lat="51.608169000" lon="14.505942000">
        <ele>0.000</ele>
      </trkpt>
      <trkpt lat="51.608107000" lon="14.504487000">
        <ele>0.000</ele>
      </trkpt>
      <trkpt lat="51.608114000" lon="14.504316000">
        <ele>0.000</ele>
      </trkpt>
      <trkpt lat="51.608182000" lon="14.503816000">
        <ele>0.000</ele>
      </trkpt>
      <trkpt lat="51.608213000" lon="14.503579000">
        <ele>0.000</ele>
      </trkpt>
      <trkpt lat="51.608256000" lon="14.503349000">
        <ele>0.000</ele>
      </trkpt>
      <trkpt lat="51.608319000" lon="14.503118000">
        <ele>0.000</ele>
      </trkpt>
      <trkpt lat="51.608529000" lon="14.502476000">
        <ele>0.000</ele>
      </trkpt>
      <trkpt lat="51.608900000" lon="14.501332000">
        <ele>0.000</ele>
      </trkpt>
      <trkpt lat="51.609485000" lon="14.499373000">
        <ele>0.000</ele>
      </trkpt>
      <trkpt lat="51.609580000" lon="14.499144000">
        <ele>0.000</ele>
      </trkpt>
      <trkpt lat="51.609695000" lon="14.498936000">
        <ele>0.000</ele>
      </trkpt>
      <trkpt lat="51.610369000" lon="14.497793000">
        <ele>0.000</ele>
      </trkpt>
      <trkpt lat="51.611113000" lon="14.496480000">
        <ele>0.000</ele>
      </trkpt>
      <trkpt lat="51.611298000" lon="14.496151000">
        <ele>0.000</ele>
      </trkpt>
      <trkpt lat="51.612357000" lon="14.494325000">
        <ele>0.000</ele>
      </trkpt>
      <trkpt lat="51.612689000" lon="14.493797000">
        <ele>0.000</ele>
      </trkpt>
      <trkpt lat="51.613099000" lon="14.493033000">
        <ele>0.000</ele>
      </trkpt>
      <trkpt lat="51.613764000" lon="14.491559000">
        <ele>0.000</ele>
      </trkpt>
      <trkpt lat="51.613943000" lon="14.491140000">
        <ele>0.000</ele>
      </trkpt>
      <trkpt lat="51.613989000" lon="14.491031000">
        <ele>0.000</ele>
      </trkpt>
      <trkpt lat="51.614321000" lon="14.490251000">
        <ele>0.000</ele>
      </trkpt>
      <trkpt lat="51.614644000" lon="14.489485000">
        <ele>0.000</ele>
      </trkpt>
      <trkpt lat="51.615318000" lon="14.488011000">
        <ele>0.000</ele>
      </trkpt>
      <trkpt lat="51.617168000" lon="14.483831000">
        <ele>0.000</ele>
      </trkpt>
      <trkpt lat="51.618206000" lon="14.480814000">
        <ele>0.000</ele>
      </trkpt>
      <trkpt lat="51.618419000" lon="14.480156000">
        <ele>0.000</ele>
      </trkpt>
      <trkpt lat="51.619677000" lon="14.476260000">
        <ele>0.000</ele>
      </trkpt>
      <trkpt lat="51.620435000" lon="14.474094000">
        <ele>0.000</ele>
      </trkpt>
      <trkpt lat="51.621194000" lon="14.471839000">
        <ele>0.000</ele>
      </trkpt>
      <trkpt lat="51.623089000" lon="14.465858000">
        <ele>0.000</ele>
      </trkpt>
      <trkpt lat="51.624063000" lon="14.462890000">
        <ele>0.000</ele>
      </trkpt>
      <trkpt lat="51.625433000" lon="14.458679000">
        <ele>0.000</ele>
      </trkpt>
      <trkpt lat="51.625503000" lon="14.458394000">
        <ele>0.000</ele>
      </trkpt>
      <trkpt lat="51.625552000" lon="14.458252000">
        <ele>0.000</ele>
      </trkpt>
      <trkpt lat="51.625586000" lon="14.458146000">
        <ele>0.000</ele>
      </trkpt>
      <trkpt lat="51.626455000" lon="14.455499000">
        <ele>0.000</ele>
      </trkpt>
      <trkpt lat="51.626501000" lon="14.455420000">
        <ele>0.000</ele>
      </trkpt>
      <trkpt lat="51.626540000" lon="14.455375000">
        <ele>0.000</ele>
      </trkpt>
      <trkpt lat="51.627683000" lon="14.453888000">
        <ele>0.000</ele>
      </trkpt>
      <trkpt lat="51.628631000" lon="14.452532000">
        <ele>0.000</ele>
      </trkpt>
      <trkpt lat="51.629227000" lon="14.451824000">
        <ele>0.000</ele>
      </trkpt>
      <trkpt lat="51.629554000" lon="14.451359000">
        <ele>0.000</ele>
      </trkpt>
      <trkpt lat="51.631024000" lon="14.450034000">
        <ele>0.000</ele>
      </trkpt>
      <trkpt lat="51.632932000" lon="14.447768000">
        <ele>0.000</ele>
      </trkpt>
      <trkpt lat="51.633390000" lon="14.447434000">
        <ele>0.000</ele>
      </trkpt>
      <trkpt lat="51.633913000" lon="14.447224000">
        <ele>0.000</ele>
      </trkpt>
      <trkpt lat="51.635532000" lon="14.446575000">
        <ele>0.000</ele>
      </trkpt>
      <trkpt lat="51.636172000" lon="14.446324000">
        <ele>0.000</ele>
      </trkpt>
      <trkpt lat="51.637684000" lon="14.445876000">
        <ele>0.000</ele>
      </trkpt>
      <trkpt lat="51.638081000" lon="14.445823000">
        <ele>0.000</ele>
      </trkpt>
      <trkpt lat="51.639069000" lon="14.445720000">
        <ele>0.000</ele>
      </trkpt>
      <trkpt lat="51.640415000" lon="14.443510000">
        <ele>0.000</ele>
      </trkpt>
      <trkpt lat="51.641042000" lon="14.442624000">
        <ele>0.000</ele>
      </trkpt>
      <trkpt lat="51.641470000" lon="14.442120000">
        <ele>0.000</ele>
      </trkpt>
      <trkpt lat="51.641928000" lon="14.441547000">
        <ele>0.000</ele>
      </trkpt>
      <trkpt lat="51.642817000" lon="14.440192000">
        <ele>0.000</ele>
      </trkpt>
      <trkpt lat="51.643783000" lon="14.439397000">
        <ele>0.000</ele>
      </trkpt>
      <trkpt lat="51.644606000" lon="14.438761000">
        <ele>0.000</ele>
      </trkpt>
      <trkpt lat="51.644849000" lon="14.438305000">
        <ele>0.000</ele>
      </trkpt>
      <trkpt lat="51.644873000" lon="14.438270000">
        <ele>0.000</ele>
      </trkpt>
      <trkpt lat="51.644874000" lon="14.438215000">
        <ele>0.000</ele>
      </trkpt>
      <trkpt lat="51.644898000" lon="14.436638000">
        <ele>0.000</ele>
      </trkpt>
      <trkpt lat="51.644899000" lon="14.436292000">
        <ele>0.000</ele>
      </trkpt>
      <trkpt lat="51.644855000" lon="14.435280000">
        <ele>0.000</ele>
      </trkpt>
      <trkpt lat="51.644820000" lon="14.434600000">
        <ele>0.000</ele>
      </trkpt>
      <trkpt lat="51.644774000" lon="14.433864000">
        <ele>0.000</ele>
      </trkpt>
      <trkpt lat="51.644697000" lon="14.433031000">
        <ele>0.000</ele>
      </trkpt>
      <trkpt lat="51.644856000" lon="14.432469000">
        <ele>0.000</ele>
      </trkpt>
      <trkpt lat="51.644886000" lon="14.432287000">
        <ele>0.000</ele>
      </trkpt>
      <trkpt lat="51.644933000" lon="14.432140000">
        <ele>0.000</ele>
      </trkpt>
      <trkpt lat="51.644948000" lon="14.431974000">
        <ele>0.000</ele>
      </trkpt>
      <trkpt lat="51.644979000" lon="14.431567000">
        <ele>0.000</ele>
      </trkpt>
      <trkpt lat="51.645006000" lon="14.431224000">
        <ele>0.000</ele>
      </trkpt>
      <trkpt lat="51.645032000" lon="14.430974000">
        <ele>0.000</ele>
      </trkpt>
      <trkpt lat="51.645063000" lon="14.430812000">
        <ele>0.000</ele>
      </trkpt>
      <trkpt lat="51.645062000" lon="14.429884000">
        <ele>0.000</ele>
      </trkpt>
      <trkpt lat="51.645032000" lon="14.429426000">
        <ele>0.000</ele>
      </trkpt>
      <trkpt lat="51.644899000" lon="14.428907000">
        <ele>0.000</ele>
      </trkpt>
      <trkpt lat="51.644677000" lon="14.428227000">
        <ele>0.000</ele>
      </trkpt>
      <trkpt lat="51.644609000" lon="14.427903000">
        <ele>0.000</ele>
      </trkpt>
      <trkpt lat="51.644576000" lon="14.425560000">
        <ele>0.000</ele>
      </trkpt>
      <trkpt lat="51.644556000" lon="14.423661000">
        <ele>0.000</ele>
      </trkpt>
      <trkpt lat="51.644559000" lon="14.422475000">
        <ele>0.000</ele>
      </trkpt>
      <trkpt lat="51.644571000" lon="14.422155000">
        <ele>0.000</ele>
      </trkpt>
      <trkpt lat="51.644599000" lon="14.421512000">
        <ele>0.000</ele>
      </trkpt>
      <trkpt lat="51.644634000" lon="14.421034000">
        <ele>0.000</ele>
      </trkpt>
      <trkpt lat="51.644669000" lon="14.420541000">
        <ele>0.000</ele>
      </trkpt>
      <trkpt lat="51.644732000" lon="14.419735000">
        <ele>0.000</ele>
      </trkpt>
      <trkpt lat="51.644777000" lon="14.419271000">
        <ele>0.000</ele>
      </trkpt>
      <trkpt lat="51.644807000" lon="14.418885000">
        <ele>0.000</ele>
      </trkpt>
      <trkpt lat="51.644941000" lon="14.416954000">
        <ele>0.000</ele>
      </trkpt>
      <trkpt lat="51.645960000" lon="14.417105000">
        <ele>0.000</ele>
      </trkpt>
      <trkpt lat="51.646905000" lon="14.417267000">
        <ele>0.000</ele>
      </trkpt>
      <trkpt lat="51.647792000" lon="14.417418000">
        <ele>0.000</ele>
      </trkpt>
      <trkpt lat="51.648405000" lon="14.417523000">
        <ele>0.000</ele>
      </trkpt>
      <trkpt lat="51.654380000" lon="14.418538000">
        <ele>0.000</ele>
      </trkpt>
      <trkpt lat="51.654812000" lon="14.419304000">
        <ele>0.000</ele>
      </trkpt>
      <trkpt lat="51.655044000" lon="14.419344000">
        <ele>0.000</ele>
      </trkpt>
      <trkpt lat="51.655523000" lon="14.419143000">
        <ele>0.000</ele>
      </trkpt>
      <trkpt lat="51.655614000" lon="14.419083000">
        <ele>0.000</ele>
      </trkpt>
      <trkpt lat="51.655701000" lon="14.418974000">
        <ele>0.000</ele>
      </trkpt>
      <trkpt lat="51.655726000" lon="14.418842000">
        <ele>0.000</ele>
      </trkpt>
      <trkpt lat="51.655723000" lon="14.418467000">
        <ele>0.000</ele>
      </trkpt>
      <trkpt lat="51.655721000" lon="14.417616000">
        <ele>0.000</ele>
      </trkpt>
      <trkpt lat="51.656950000" lon="14.414291000">
        <ele>0.000</ele>
      </trkpt>
      <trkpt lat="51.657192000" lon="14.413638000">
        <ele>0.000</ele>
      </trkpt>
      <trkpt lat="51.657222000" lon="14.413556000">
        <ele>0.000</ele>
      </trkpt>
      <trkpt lat="51.659927000" lon="14.406206000">
        <ele>0.000</ele>
      </trkpt>
      <trkpt lat="51.661320000" lon="14.403063000">
        <ele>0.000</ele>
      </trkpt>
      <trkpt lat="51.661915000" lon="14.401688000">
        <ele>0.000</ele>
      </trkpt>
      <trkpt lat="51.662023000" lon="14.402123000">
        <ele>0.000</ele>
      </trkpt>
      <trkpt lat="51.662576000" lon="14.403269000">
        <ele>0.000</ele>
      </trkpt>
      <trkpt lat="51.662813000" lon="14.403693000">
        <ele>0.000</ele>
      </trkpt>
      <trkpt lat="51.664262000" lon="14.406373000">
        <ele>0.000</ele>
      </trkpt>
      <trkpt lat="51.664633000" lon="14.407120000">
        <ele>0.000</ele>
      </trkpt>
      <trkpt lat="51.664805000" lon="14.407596000">
        <ele>0.000</ele>
      </trkpt>
      <trkpt lat="51.665461000" lon="14.409487000">
        <ele>0.000</ele>
      </trkpt>
      <trkpt lat="51.665544000" lon="14.409628000">
        <ele>0.000</ele>
      </trkpt>
      <trkpt lat="51.665664000" lon="14.409767000">
        <ele>0.000</ele>
      </trkpt>
      <trkpt lat="51.665768000" lon="14.409852000">
        <ele>0.000</ele>
      </trkpt>
      <trkpt lat="51.666456000" lon="14.410286000">
        <ele>0.000</ele>
      </trkpt>
      <trkpt lat="51.669167000" lon="14.411994000">
        <ele>0.000</ele>
      </trkpt>
      <trkpt lat="51.669636000" lon="14.412290000">
        <ele>0.000</ele>
      </trkpt>
      <trkpt lat="51.670498000" lon="14.412833000">
        <ele>0.000</ele>
      </trkpt>
      <trkpt lat="51.670759000" lon="14.412997000">
        <ele>0.000</ele>
      </trkpt>
      <trkpt lat="51.670778000" lon="14.413009000">
        <ele>0.000</ele>
      </trkpt>
      <trkpt lat="51.671439000" lon="14.413426000">
        <ele>0.000</ele>
      </trkpt>
      <trkpt lat="51.672516000" lon="14.414116000">
        <ele>0.000</ele>
      </trkpt>
      <trkpt lat="51.674496000" lon="14.415275000">
        <ele>0.000</ele>
      </trkpt>
      <trkpt lat="51.675559000" lon="14.416054000">
        <ele>0.000</ele>
      </trkpt>
      <trkpt lat="51.676197000" lon="14.416470000">
        <ele>0.000</ele>
      </trkpt>
      <trkpt lat="51.676286000" lon="14.416528000">
        <ele>0.000</ele>
      </trkpt>
      <trkpt lat="51.676844000" lon="14.416892000">
        <ele>0.000</ele>
      </trkpt>
      <trkpt lat="51.677013000" lon="14.416968000">
        <ele>0.000</ele>
      </trkpt>
      <trkpt lat="51.677123000" lon="14.416964000">
        <ele>0.000</ele>
      </trkpt>
      <trkpt lat="51.677202000" lon="14.416940000">
        <ele>0.000</ele>
      </trkpt>
      <trkpt lat="51.677992000" lon="14.416516000">
        <ele>0.000</ele>
      </trkpt>
      <trkpt lat="51.678100000" lon="14.416488000">
        <ele>0.000</ele>
      </trkpt>
      <trkpt lat="51.678192000" lon="14.416556000">
        <ele>0.000</ele>
      </trkpt>
      <trkpt lat="51.678323000" lon="14.416273000">
        <ele>0.000</ele>
      </trkpt>
      <trkpt lat="51.678438000" lon="14.416082000">
        <ele>0.000</ele>
      </trkpt>
      <trkpt lat="51.678556000" lon="14.415924000">
        <ele>0.000</ele>
      </trkpt>
      <trkpt lat="51.678761000" lon="14.415694000">
        <ele>0.000</ele>
      </trkpt>
      <trkpt lat="51.679028000" lon="14.415368000">
        <ele>0.000</ele>
      </trkpt>
      <trkpt lat="51.679161000" lon="14.415225000">
        <ele>0.000</ele>
      </trkpt>
      <trkpt lat="51.679307000" lon="14.415096000">
        <ele>0.000</ele>
      </trkpt>
      <trkpt lat="51.679500000" lon="14.414949000">
        <ele>0.000</ele>
      </trkpt>
      <trkpt lat="51.679992000" lon="14.414679000">
        <ele>0.000</ele>
      </trkpt>
      <trkpt lat="51.680134000" lon="14.414629000">
        <ele>0.000</ele>
      </trkpt>
      <trkpt lat="51.680662000" lon="14.414550000">
        <ele>0.000</ele>
      </trkpt>
      <trkpt lat="51.680731000" lon="14.414537000">
        <ele>0.000</ele>
      </trkpt>
      <trkpt lat="51.681027000" lon="14.414649000">
        <ele>0.000</ele>
      </trkpt>
      <trkpt lat="51.681320000" lon="14.414723000">
        <ele>0.000</ele>
      </trkpt>
      <trkpt lat="51.681536000" lon="14.414705000">
        <ele>0.000</ele>
      </trkpt>
      <trkpt lat="51.681717000" lon="14.414649000">
        <ele>0.000</ele>
      </trkpt>
      <trkpt lat="51.682056000" lon="14.414522000">
        <ele>0.000</ele>
      </trkpt>
      <trkpt lat="51.682163000" lon="14.414495000">
        <ele>0.000</ele>
      </trkpt>
      <trkpt lat="51.682451000" lon="14.414386000">
        <ele>0.000</ele>
      </trkpt>
      <trkpt lat="51.682739000" lon="14.414276000">
        <ele>0.000</ele>
      </trkpt>
      <trkpt lat="51.682865000" lon="14.414214000">
        <ele>0.000</ele>
      </trkpt>
      <trkpt lat="51.683234000" lon="14.414074000">
        <ele>0.000</ele>
      </trkpt>
      <trkpt lat="51.684006000" lon="14.413813000">
        <ele>0.000</ele>
      </trkpt>
      <trkpt lat="51.684246000" lon="14.413739000">
        <ele>0.000</ele>
      </trkpt>
      <trkpt lat="51.684421000" lon="14.413634000">
        <ele>0.000</ele>
      </trkpt>
      <trkpt lat="51.684848000" lon="14.413487000">
        <ele>0.000</ele>
      </trkpt>
      <trkpt lat="51.684961000" lon="14.413447000">
        <ele>0.000</ele>
      </trkpt>
      <trkpt lat="51.685047000" lon="14.413418000">
        <ele>0.000</ele>
      </trkpt>
      <trkpt lat="51.685081000" lon="14.413406000">
        <ele>0.000</ele>
      </trkpt>
      <trkpt lat="51.685724000" lon="14.413184000">
        <ele>0.000</ele>
      </trkpt>
      <trkpt lat="51.686070000" lon="14.413065000">
        <ele>0.000</ele>
      </trkpt>
      <trkpt lat="51.686108000" lon="14.413049000">
        <ele>0.000</ele>
      </trkpt>
      <trkpt lat="51.686546000" lon="14.412863000">
        <ele>0.000</ele>
      </trkpt>
      <trkpt lat="51.686607000" lon="14.412772000">
        <ele>0.000</ele>
      </trkpt>
      <trkpt lat="51.686757000" lon="14.412547000">
        <ele>0.000</ele>
      </trkpt>
      <trkpt lat="51.687451000" lon="14.411845000">
        <ele>0.000</ele>
      </trkpt>
      <trkpt lat="51.688401000" lon="14.410670000">
        <ele>0.000</ele>
      </trkpt>
      <trkpt lat="51.688897000" lon="14.410044000">
        <ele>0.000</ele>
      </trkpt>
      <trkpt lat="51.689363000" lon="14.409341000">
        <ele>0.000</ele>
      </trkpt>
      <trkpt lat="51.690417000" lon="14.408284000">
        <ele>0.000</ele>
      </trkpt>
      <trkpt lat="51.691405000" lon="14.406978000">
        <ele>0.000</ele>
      </trkpt>
      <trkpt lat="51.692172000" lon="14.406098000">
        <ele>0.000</ele>
      </trkpt>
      <trkpt lat="51.692566000" lon="14.405601000">
        <ele>0.000</ele>
      </trkpt>
      <trkpt lat="51.693018000" lon="14.405098000">
        <ele>0.000</ele>
      </trkpt>
      <trkpt lat="51.693209000" lon="14.404707000">
        <ele>0.000</ele>
      </trkpt>
      <trkpt lat="51.693243000" lon="14.404638000">
        <ele>0.000</ele>
      </trkpt>
      <trkpt lat="51.693496000" lon="14.403959000">
        <ele>0.000</ele>
      </trkpt>
      <trkpt lat="51.693731000" lon="14.403177000">
        <ele>0.000</ele>
      </trkpt>
      <trkpt lat="51.693781000" lon="14.403005000">
        <ele>0.000</ele>
      </trkpt>
      <trkpt lat="51.694114000" lon="14.401867000">
        <ele>0.000</ele>
      </trkpt>
      <trkpt lat="51.694327000" lon="14.401137000">
        <ele>0.000</ele>
      </trkpt>
      <trkpt lat="51.694567000" lon="14.400317000">
        <ele>0.000</ele>
      </trkpt>
      <trkpt lat="51.695087000" lon="14.398554000">
        <ele>0.000</ele>
      </trkpt>
      <trkpt lat="51.695150000" lon="14.398386000">
        <ele>0.000</ele>
      </trkpt>
      <trkpt lat="51.695521000" lon="14.397296000">
        <ele>0.000</ele>
      </trkpt>
      <trkpt lat="51.696110000" lon="14.395687000">
        <ele>0.000</ele>
      </trkpt>
      <trkpt lat="51.697205000" lon="14.392692000">
        <ele>0.000</ele>
      </trkpt>
      <trkpt lat="51.697218000" lon="14.392656000">
        <ele>0.000</ele>
      </trkpt>
      <trkpt lat="51.697670000" lon="14.391422000">
        <ele>0.000</ele>
      </trkpt>
      <trkpt lat="51.697784000" lon="14.391114000">
        <ele>0.000</ele>
      </trkpt>
      <trkpt lat="51.698305000" lon="14.389721000">
        <ele>0.000</ele>
      </trkpt>
      <trkpt lat="51.698369000" lon="14.389687000">
        <ele>0.000</ele>
      </trkpt>
      <trkpt lat="51.698377000" lon="14.389377000">
        <ele>0.000</ele>
      </trkpt>
      <trkpt lat="51.698379000" lon="14.389303000">
        <ele>0.000</ele>
      </trkpt>
      <trkpt lat="51.698381000" lon="14.389218000">
        <ele>0.000</ele>
      </trkpt>
      <trkpt lat="51.698384000" lon="14.389095000">
        <ele>0.000</ele>
      </trkpt>
      <trkpt lat="51.698394000" lon="14.388250000">
        <ele>0.000</ele>
      </trkpt>
      <trkpt lat="51.698391000" lon="14.387484000">
        <ele>0.000</ele>
      </trkpt>
      <trkpt lat="51.698380000" lon="14.387029000">
        <ele>0.000</ele>
      </trkpt>
      <trkpt lat="51.698376000" lon="14.386612000">
        <ele>0.000</ele>
      </trkpt>
      <trkpt lat="51.698414000" lon="14.386264000">
        <ele>0.000</ele>
      </trkpt>
      <trkpt lat="51.698466000" lon="14.386021000">
        <ele>0.000</ele>
      </trkpt>
      <trkpt lat="51.698546000" lon="14.385790000">
        <ele>0.000</ele>
      </trkpt>
      <trkpt lat="51.699124000" lon="14.384943000">
        <ele>0.000</ele>
      </trkpt>
      <trkpt lat="51.699457000" lon="14.384441000">
        <ele>0.000</ele>
      </trkpt>
      <trkpt lat="51.699736000" lon="14.384212000">
        <ele>0.000</ele>
      </trkpt>
      <trkpt lat="51.701007000" lon="14.383586000">
        <ele>0.000</ele>
      </trkpt>
      <trkpt lat="51.701092000" lon="14.383545000">
        <ele>0.000</ele>
      </trkpt>
      <trkpt lat="51.701139000" lon="14.383522000">
        <ele>0.000</ele>
      </trkpt>
      <trkpt lat="51.701192000" lon="14.383495000">
        <ele>0.000</ele>
      </trkpt>
      <trkpt lat="51.701271000" lon="14.383443000">
        <ele>0.000</ele>
      </trkpt>
      <trkpt lat="51.701310000" lon="14.383416000">
        <ele>0.000</ele>
      </trkpt>
      <trkpt lat="51.701823000" lon="14.383021000">
        <ele>0.000</ele>
      </trkpt>
      <trkpt lat="51.701931000" lon="14.382938000">
        <ele>0.000</ele>
      </trkpt>
      <trkpt lat="51.702097000" lon="14.382851000">
        <ele>0.000</ele>
      </trkpt>
      <trkpt lat="51.702724000" lon="14.382665000">
        <ele>0.000</ele>
      </trkpt>
      <trkpt lat="51.703167000" lon="14.382544000">
        <ele>0.000</ele>
      </trkpt>
      <trkpt lat="51.707273000" lon="14.381623000">
        <ele>0.000</ele>
      </trkpt>
      <trkpt lat="51.707998000" lon="14.381393000">
        <ele>0.000</ele>
      </trkpt>
      <trkpt lat="51.708174000" lon="14.381208000">
        <ele>0.000</ele>
      </trkpt>
      <trkpt lat="51.708275000" lon="14.381058000">
        <ele>0.000</ele>
      </trkpt>
      <trkpt lat="51.708338000" lon="14.380881000">
        <ele>0.000</ele>
      </trkpt>
      <trkpt lat="51.708384000" lon="14.380637000">
        <ele>0.000</ele>
      </trkpt>
      <trkpt lat="51.708396000" lon="14.380475000">
        <ele>0.000</ele>
      </trkpt>
      <trkpt lat="51.708450000" lon="14.380120000">
        <ele>0.000</ele>
      </trkpt>
      <trkpt lat="51.708536000" lon="14.379833000">
        <ele>0.000</ele>
      </trkpt>
      <trkpt lat="51.708821000" lon="14.379431000">
        <ele>0.000</ele>
      </trkpt>
      <trkpt lat="51.709755000" lon="14.378184000">
        <ele>0.000</ele>
      </trkpt>
      <trkpt lat="51.710708000" lon="14.376912000">
        <ele>0.000</ele>
      </trkpt>
      <trkpt lat="51.712399000" lon="14.374657000">
        <ele>0.000</ele>
      </trkpt>
      <trkpt lat="51.712569000" lon="14.374429000">
        <ele>0.000</ele>
      </trkpt>
      <trkpt lat="51.712600000" lon="14.374389000">
        <ele>0.000</ele>
      </trkpt>
      <trkpt lat="51.715653000" lon="14.370313000">
        <ele>0.000</ele>
      </trkpt>
      <trkpt lat="51.715747000" lon="14.370187000">
        <ele>0.000</ele>
      </trkpt>
      <trkpt lat="51.716331000" lon="14.369390000">
        <ele>0.000</ele>
      </trkpt>
      <trkpt lat="51.716566000" lon="14.369070000">
        <ele>0.000</ele>
      </trkpt>
      <trkpt lat="51.716798000" lon="14.368753000">
        <ele>0.000</ele>
      </trkpt>
      <trkpt lat="51.717312000" lon="14.368054000">
        <ele>0.000</ele>
      </trkpt>
      <trkpt lat="51.717454000" lon="14.367861000">
        <ele>0.000</ele>
      </trkpt>
      <trkpt lat="51.717644000" lon="14.367594000">
        <ele>0.000</ele>
      </trkpt>
      <trkpt lat="51.717641000" lon="14.367492000">
        <ele>0.000</ele>
      </trkpt>
      <trkpt lat="51.717549000" lon="14.366689000">
        <ele>0.000</ele>
      </trkpt>
      <trkpt lat="51.717405000" lon="14.364181000">
        <ele>0.000</ele>
      </trkpt>
      <trkpt lat="51.717412000" lon="14.364049000">
        <ele>0.000</ele>
      </trkpt>
      <trkpt lat="51.717449000" lon="14.363938000">
        <ele>0.000</ele>
      </trkpt>
      <trkpt lat="51.717670000" lon="14.363537000">
        <ele>0.000</ele>
      </trkpt>
      <trkpt lat="51.717725000" lon="14.363471000">
        <ele>0.000</ele>
      </trkpt>
      <trkpt lat="51.717761000" lon="14.363430000">
        <ele>0.000</ele>
      </trkpt>
      <trkpt lat="51.718802000" lon="14.362685000">
        <ele>0.000</ele>
      </trkpt>
      <trkpt lat="51.718873000" lon="14.362647000">
        <ele>0.000</ele>
      </trkpt>
      <trkpt lat="51.719107000" lon="14.362521000">
        <ele>0.000</ele>
      </trkpt>
      <trkpt lat="51.719150000" lon="14.362498000">
        <ele>0.000</ele>
      </trkpt>
      <trkpt lat="51.719280000" lon="14.362428000">
        <ele>0.000</ele>
      </trkpt>
      <trkpt lat="51.719525000" lon="14.362296000">
        <ele>0.000</ele>
      </trkpt>
      <trkpt lat="51.719714000" lon="14.362194000">
        <ele>0.000</ele>
      </trkpt>
      <trkpt lat="51.719802000" lon="14.362168000">
        <ele>0.000</ele>
      </trkpt>
      <trkpt lat="51.719953000" lon="14.362122000">
        <ele>0.000</ele>
      </trkpt>
      <trkpt lat="51.720166000" lon="14.362070000">
        <ele>0.000</ele>
      </trkpt>
      <trkpt lat="51.720227000" lon="14.362055000">
        <ele>0.000</ele>
      </trkpt>
      <trkpt lat="51.720622000" lon="14.361992000">
        <ele>0.000</ele>
      </trkpt>
      <trkpt lat="51.720735000" lon="14.361967000">
        <ele>0.000</ele>
      </trkpt>
      <trkpt lat="51.721529000" lon="14.361836000">
        <ele>0.000</ele>
      </trkpt>
      <trkpt lat="51.721585000" lon="14.361827000">
        <ele>0.000</ele>
      </trkpt>
      <trkpt lat="51.721640000" lon="14.361800000">
        <ele>0.000</ele>
      </trkpt>
      <trkpt lat="51.721938000" lon="14.361653000">
        <ele>0.000</ele>
      </trkpt>
      <trkpt lat="51.722297000" lon="14.361252000">
        <ele>0.000</ele>
      </trkpt>
      <trkpt lat="51.722702000" lon="14.360957000">
        <ele>0.000</ele>
      </trkpt>
      <trkpt lat="51.723825000" lon="14.360259000">
        <ele>0.000</ele>
      </trkpt>
      <trkpt lat="51.724124000" lon="14.359954000">
        <ele>0.000</ele>
      </trkpt>
      <trkpt lat="51.724394000" lon="14.359729000">
        <ele>0.000</ele>
      </trkpt>
      <trkpt lat="51.724469000" lon="14.359667000">
        <ele>0.000</ele>
      </trkpt>
      <trkpt lat="51.724808000" lon="14.359476000">
        <ele>0.000</ele>
      </trkpt>
      <trkpt lat="51.724700000" lon="14.358229000">
        <ele>0.000</ele>
      </trkpt>
      <trkpt lat="51.724399000" lon="14.354489000">
        <ele>0.000</ele>
      </trkpt>
      <trkpt lat="51.724359000" lon="14.353902000">
        <ele>0.000</ele>
      </trkpt>
      <trkpt lat="51.724312000" lon="14.353768000">
        <ele>0.000</ele>
      </trkpt>
      <trkpt lat="51.724067000" lon="14.353230000">
        <ele>0.000</ele>
      </trkpt>
      <trkpt lat="51.724053000" lon="14.353199000">
        <ele>0.000</ele>
      </trkpt>
      <trkpt lat="51.724033000" lon="14.353157000">
        <ele>0.000</ele>
      </trkpt>
      <trkpt lat="51.723899000" lon="14.352872000">
        <ele>0.000</ele>
      </trkpt>
      <trkpt lat="51.723875000" lon="14.352824000">
        <ele>0.000</ele>
      </trkpt>
      <trkpt lat="51.723848000" lon="14.352772000">
        <ele>0.000</ele>
      </trkpt>
      <trkpt lat="51.724601000" lon="14.351893000">
        <ele>0.000</ele>
      </trkpt>
      <trkpt lat="51.725111000" lon="14.351530000">
        <ele>0.000</ele>
      </trkpt>
      <trkpt lat="51.725807000" lon="14.351180000">
        <ele>0.000</ele>
      </trkpt>
      <trkpt lat="51.725991000" lon="14.351107000">
        <ele>0.000</ele>
      </trkpt>
      <trkpt lat="51.726320000" lon="14.351047000">
        <ele>0.000</ele>
      </trkpt>
      <trkpt lat="51.726669000" lon="14.350989000">
        <ele>0.000</ele>
      </trkpt>
      <trkpt lat="51.727047000" lon="14.350973000">
        <ele>0.000</ele>
      </trkpt>
      <trkpt lat="51.727138000" lon="14.350975000">
        <ele>0.000</ele>
      </trkpt>
      <trkpt lat="51.727348000" lon="14.350958000">
        <ele>0.000</ele>
      </trkpt>
      <trkpt lat="51.727645000" lon="14.350849000">
        <ele>0.000</ele>
      </trkpt>
      <trkpt lat="51.727691000" lon="14.350805000">
        <ele>0.000</ele>
      </trkpt>
      <trkpt lat="51.727882000" lon="14.350624000">
        <ele>0.000</ele>
      </trkpt>
      <trkpt lat="51.728275000" lon="14.349786000">
        <ele>0.000</ele>
      </trkpt>
      <trkpt lat="51.728402000" lon="14.349497000">
        <ele>0.000</ele>
      </trkpt>
      <trkpt lat="51.728538000" lon="14.349052000">
        <ele>0.000</ele>
      </trkpt>
      <trkpt lat="51.728559000" lon="14.348760000">
        <ele>0.000</ele>
      </trkpt>
      <trkpt lat="51.728557000" lon="14.348335000">
        <ele>0.000</ele>
      </trkpt>
      <trkpt lat="51.728547000" lon="14.347516000">
        <ele>0.000</ele>
      </trkpt>
      <trkpt lat="51.728544000" lon="14.347351000">
        <ele>0.000</ele>
      </trkpt>
      <trkpt lat="51.728833000" lon="14.346340000">
        <ele>0.000</ele>
      </trkpt>
      <trkpt lat="51.728943000" lon="14.346020000">
        <ele>0.000</ele>
      </trkpt>
      <trkpt lat="51.729476000" lon="14.343943000">
        <ele>0.000</ele>
      </trkpt>
      <trkpt lat="51.729980000" lon="14.342883000">
        <ele>0.000</ele>
      </trkpt>
      <trkpt lat="51.730292000" lon="14.342189000">
        <ele>0.000</ele>
      </trkpt>
      <trkpt lat="51.730514000" lon="14.341616000">
        <ele>0.000</ele>
      </trkpt>
      <trkpt lat="51.730653000" lon="14.341351000">
        <ele>0.000</ele>
      </trkpt>
      <trkpt lat="51.731027000" lon="14.340602000">
        <ele>0.000</ele>
      </trkpt>
      <trkpt lat="51.731198000" lon="14.340355000">
        <ele>0.000</ele>
      </trkpt>
      <trkpt lat="51.731279000" lon="14.340272000">
        <ele>0.000</ele>
      </trkpt>
      <trkpt lat="51.731362000" lon="14.340206000">
        <ele>0.000</ele>
      </trkpt>
      <trkpt lat="51.731588000" lon="14.340070000">
        <ele>0.000</ele>
      </trkpt>
      <trkpt lat="51.731719000" lon="14.339987000">
        <ele>0.000</ele>
      </trkpt>
      <trkpt lat="51.731661000" lon="14.339733000">
        <ele>0.000</ele>
      </trkpt>
      <trkpt lat="51.731634000" lon="14.339616000">
        <ele>0.000</ele>
      </trkpt>
      <trkpt lat="51.731629000" lon="14.339597000">
        <ele>0.000</ele>
      </trkpt>
      <trkpt lat="51.731619000" lon="14.339553000">
        <ele>0.000</ele>
      </trkpt>
      <trkpt lat="51.731607000" lon="14.339499000">
        <ele>0.000</ele>
      </trkpt>
      <trkpt lat="51.731574000" lon="14.339358000">
        <ele>0.000</ele>
      </trkpt>
      <trkpt lat="51.731553000" lon="14.339261000">
        <ele>0.000</ele>
      </trkpt>
      <trkpt lat="51.731645000" lon="14.339218000">
        <ele>0.000</ele>
      </trkpt>
      <trkpt lat="51.732071000" lon="14.338965000">
        <ele>0.000</ele>
      </trkpt>
      <trkpt lat="51.732297000" lon="14.338832000">
        <ele>0.000</ele>
      </trkpt>
      <trkpt lat="51.732524000" lon="14.338698000">
        <ele>0.000</ele>
      </trkpt>
      <trkpt lat="51.732818000" lon="14.338524000">
        <ele>0.000</ele>
      </trkpt>
      <trkpt lat="51.733072000" lon="14.338381000">
        <ele>0.000</ele>
      </trkpt>
      <trkpt lat="51.733182000" lon="14.338314000">
        <ele>0.000</ele>
      </trkpt>
      <trkpt lat="51.733430000" lon="14.338161000">
        <ele>0.000</ele>
      </trkpt>
      <trkpt lat="51.733732000" lon="14.337976000">
        <ele>0.000</ele>
      </trkpt>
      <trkpt lat="51.734393000" lon="14.337559000">
        <ele>0.000</ele>
      </trkpt>
      <trkpt lat="51.734454000" lon="14.337484000">
        <ele>0.000</ele>
      </trkpt>
      <trkpt lat="51.734489000" lon="14.337402000">
        <ele>0.000</ele>
      </trkpt>
      <trkpt lat="51.734556000" lon="14.337352000">
        <ele>0.000</ele>
      </trkpt>
      <trkpt lat="51.734652000" lon="14.337284000">
        <ele>0.000</ele>
      </trkpt>
      <trkpt lat="51.734726000" lon="14.337293000">
        <ele>0.000</ele>
      </trkpt>
      <trkpt lat="51.734899000" lon="14.337208000">
        <ele>0.000</ele>
      </trkpt>
      <trkpt lat="51.735423000" lon="14.336949000">
        <ele>0.000</ele>
      </trkpt>
      <trkpt lat="51.735644000" lon="14.336820000">
        <ele>0.000</ele>
      </trkpt>
      <trkpt lat="51.736077000" lon="14.336566000">
        <ele>0.000</ele>
      </trkpt>
      <trkpt lat="51.736717000" lon="14.336201000">
        <ele>0.000</ele>
      </trkpt>
      <trkpt lat="51.736768000" lon="14.336176000">
        <ele>0.000</ele>
      </trkpt>
      <trkpt lat="51.736967000" lon="14.336032000">
        <ele>0.000</ele>
      </trkpt>
      <trkpt lat="51.737234000" lon="14.335849000">
        <ele>0.000</ele>
      </trkpt>
      <trkpt lat="51.737315000" lon="14.335790000">
        <ele>0.000</ele>
      </trkpt>
      <trkpt lat="51.737458000" lon="14.335625000">
        <ele>0.000</ele>
      </trkpt>
      <trkpt lat="51.737459000" lon="14.335624000">
        <ele>0.000</ele>
      </trkpt>
      <trkpt lat="51.737589000" lon="14.335532000">
        <ele>0.000</ele>
      </trkpt>
      <trkpt lat="51.737699000" lon="14.335462000">
        <ele>0.000</ele>
      </trkpt>
      <trkpt lat="51.737758000" lon="14.335429000">
        <ele>0.000</ele>
      </trkpt>
      <trkpt lat="51.737817000" lon="14.335391000">
        <ele>0.000</ele>
      </trkpt>
      <trkpt lat="51.737859000" lon="14.335341000">
        <ele>0.000</ele>
      </trkpt>
      <trkpt lat="51.737898000" lon="14.335296000">
        <ele>0.000</ele>
      </trkpt>
      <trkpt lat="51.738083000" lon="14.334920000">
        <ele>0.000</ele>
      </trkpt>
      <trkpt lat="51.738271000" lon="14.335049000">
        <ele>0.000</ele>
      </trkpt>
      <trkpt lat="51.738320000" lon="14.335071000">
        <ele>0.000</ele>
      </trkpt>
      <trkpt lat="51.738384000" lon="14.335085000">
        <ele>0.000</ele>
      </trkpt>
      <trkpt lat="51.738507000" lon="14.335087000">
        <ele>0.000</ele>
      </trkpt>
      <trkpt lat="51.738551000" lon="14.335070000">
        <ele>0.000</ele>
      </trkpt>
      <trkpt lat="51.738654000" lon="14.335020000">
        <ele>0.000</ele>
      </trkpt>
      <trkpt lat="51.738702000" lon="14.334992000">
        <ele>0.000</ele>
      </trkpt>
      <trkpt lat="51.738817000" lon="14.334932000">
        <ele>0.000</ele>
      </trkpt>
      <trkpt lat="51.738928000" lon="14.334873000">
        <ele>0.000</ele>
      </trkpt>
      <trkpt lat="51.738993000" lon="14.334838000">
        <ele>0.000</ele>
      </trkpt>
      <trkpt lat="51.739133000" lon="14.334755000">
        <ele>0.000</ele>
      </trkpt>
      <trkpt lat="51.739273000" lon="14.334674000">
        <ele>0.000</ele>
      </trkpt>
      <trkpt lat="51.739420000" lon="14.334587000">
        <ele>0.000</ele>
      </trkpt>
      <trkpt lat="51.739564000" lon="14.334502000">
        <ele>0.000</ele>
      </trkpt>
      <trkpt lat="51.740198000" lon="14.334117000">
        <ele>0.000</ele>
      </trkpt>
      <trkpt lat="51.740267000" lon="14.334075000">
        <ele>0.000</ele>
      </trkpt>
      <trkpt lat="51.740314000" lon="14.334047000">
        <ele>0.000</ele>
      </trkpt>
      <trkpt lat="51.740425000" lon="14.333985000">
        <ele>0.000</ele>
      </trkpt>
      <trkpt lat="51.740676000" lon="14.333837000">
        <ele>0.000</ele>
      </trkpt>
      <trkpt lat="51.740895000" lon="14.333665000">
        <ele>0.000</ele>
      </trkpt>
      <trkpt lat="51.741109000" lon="14.333533000">
        <ele>0.000</ele>
      </trkpt>
      <trkpt lat="51.741138000" lon="14.333518000">
        <ele>0.000</ele>
      </trkpt>
      <trkpt lat="51.741186000" lon="14.333491000">
        <ele>0.000</ele>
      </trkpt>
      <trkpt lat="51.741251000" lon="14.333455000">
        <ele>0.000</ele>
      </trkpt>
      <trkpt lat="51.741323000" lon="14.333415000">
        <ele>0.000</ele>
      </trkpt>
      <trkpt lat="51.741404000" lon="14.333368000">
        <ele>0.000</ele>
      </trkpt>
      <trkpt lat="51.741515000" lon="14.333304000">
        <ele>0.000</ele>
      </trkpt>
      <trkpt lat="51.741560000" lon="14.333287000">
        <ele>0.000</ele>
      </trkpt>
      <trkpt lat="51.741696000" lon="14.333237000">
        <ele>0.000</ele>
      </trkpt>
      <trkpt lat="51.741721000" lon="14.333228000">
        <ele>0.000</ele>
      </trkpt>
      <trkpt lat="51.741826000" lon="14.333166000">
        <ele>0.000</ele>
      </trkpt>
      <trkpt lat="51.741959000" lon="14.333088000">
        <ele>0.000</ele>
      </trkpt>
      <trkpt lat="51.742088000" lon="14.333013000">
        <ele>0.000</ele>
      </trkpt>
      <trkpt lat="51.742229000" lon="14.332930000">
        <ele>0.000</ele>
      </trkpt>
      <trkpt lat="51.742299000" lon="14.332889000">
        <ele>0.000</ele>
      </trkpt>
      <trkpt lat="51.742602000" lon="14.332704000">
        <ele>0.000</ele>
      </trkpt>
      <trkpt lat="51.743100000" lon="14.332405000">
        <ele>0.000</ele>
      </trkpt>
      <trkpt lat="51.743374000" lon="14.332243000">
        <ele>0.000</ele>
      </trkpt>
      <trkpt lat="51.743516000" lon="14.332158000">
        <ele>0.000</ele>
      </trkpt>
      <trkpt lat="51.743626000" lon="14.332092000">
        <ele>0.000</ele>
      </trkpt>
      <trkpt lat="51.743769000" lon="14.332009000">
        <ele>0.000</ele>
      </trkpt>
      <trkpt lat="51.743873000" lon="14.331951000">
        <ele>0.000</ele>
      </trkpt>
      <trkpt lat="51.743901000" lon="14.331947000">
        <ele>0.000</ele>
      </trkpt>
      <trkpt lat="51.743951000" lon="14.331939000">
        <ele>0.000</ele>
      </trkpt>
      <trkpt lat="51.743991000" lon="14.331914000">
        <ele>0.000</ele>
      </trkpt>
      <trkpt lat="51.744181000" lon="14.331797000">
        <ele>0.000</ele>
      </trkpt>
      <trkpt lat="51.744351000" lon="14.331607000">
        <ele>0.000</ele>
      </trkpt>
      <trkpt lat="51.744390000" lon="14.331723000">
        <ele>0.000</ele>
      </trkpt>
      <trkpt lat="51.744401000" lon="14.331759000">
        <ele>0.000</ele>
      </trkpt>
      <trkpt lat="51.744416000" lon="14.331807000">
        <ele>0.000</ele>
      </trkpt>
      <trkpt lat="51.744434000" lon="14.331864000">
        <ele>0.000</ele>
      </trkpt>
      <trkpt lat="51.744494000" lon="14.331836000">
        <ele>0.000</ele>
      </trkpt>
      <trkpt lat="51.744570000" lon="14.331807000">
        <ele>0.000</ele>
      </trkpt>
      <trkpt lat="51.744653000" lon="14.331773000">
        <ele>0.000</ele>
      </trkpt>
      <trkpt lat="51.744706000" lon="14.331751000">
        <ele>0.000</ele>
      </trkpt>
      <trkpt lat="51.744725000" lon="14.331743000">
        <ele>0.000</ele>
      </trkpt>
      <trkpt lat="51.744752000" lon="14.331733000">
        <ele>0.000</ele>
      </trkpt>
      <trkpt lat="51.744789000" lon="14.331718000">
        <ele>0.000</ele>
      </trkpt>
      <trkpt lat="51.744854000" lon="14.331693000">
        <ele>0.000</ele>
      </trkpt>
      <trkpt lat="51.744939000" lon="14.331661000">
        <ele>0.000</ele>
      </trkpt>
      <trkpt lat="51.745167000" lon="14.331574000">
        <ele>0.000</ele>
      </trkpt>
      <trkpt lat="51.745236000" lon="14.331548000">
        <ele>0.000</ele>
      </trkpt>
      <trkpt lat="51.745359000" lon="14.331502000">
        <ele>0.000</ele>
      </trkpt>
      <trkpt lat="51.745448000" lon="14.331497000">
        <ele>0.000</ele>
      </trkpt>
      <trkpt lat="51.745683000" lon="14.331510000">
        <ele>0.000</ele>
      </trkpt>
      <trkpt lat="51.745897000" lon="14.331548000">
        <ele>0.000</ele>
      </trkpt>
      <trkpt lat="51.745962000" lon="14.331570000">
        <ele>0.000</ele>
      </trkpt>
      <trkpt lat="51.746088000" lon="14.331610000">
        <ele>0.000</ele>
      </trkpt>
      <trkpt lat="51.746141000" lon="14.331628000">
        <ele>0.000</ele>
      </trkpt>
      <trkpt lat="51.746301000" lon="14.331683000">
        <ele>0.000</ele>
      </trkpt>
      <trkpt lat="51.746444000" lon="14.331724000">
        <ele>0.000</ele>
      </trkpt>
      <trkpt lat="51.746518000" lon="14.331749000">
        <ele>0.000</ele>
      </trkpt>
      <trkpt lat="51.746570000" lon="14.331766000">
        <ele>0.000</ele>
      </trkpt>
      <trkpt lat="51.746634000" lon="14.331788000">
        <ele>0.000</ele>
      </trkpt>
      <trkpt lat="51.746682000" lon="14.331805000">
        <ele>0.000</ele>
      </trkpt>
      <trkpt lat="51.746760000" lon="14.331832000">
        <ele>0.000</ele>
      </trkpt>
      <trkpt lat="51.746866000" lon="14.331869000">
        <ele>0.000</ele>
      </trkpt>
      <trkpt lat="51.746955000" lon="14.331899000">
        <ele>0.000</ele>
      </trkpt>
      <trkpt lat="51.746981000" lon="14.331908000">
        <ele>0.000</ele>
      </trkpt>
      <trkpt lat="51.747075000" lon="14.331945000">
        <ele>0.000</ele>
      </trkpt>
      <trkpt lat="51.747146000" lon="14.331972000">
        <ele>0.000</ele>
      </trkpt>
      <trkpt lat="51.747173000" lon="14.331982000">
        <ele>0.000</ele>
      </trkpt>
      <trkpt lat="51.747241000" lon="14.332009000">
        <ele>0.000</ele>
      </trkpt>
      <trkpt lat="51.747288000" lon="14.332027000">
        <ele>0.000</ele>
      </trkpt>
      <trkpt lat="51.747334000" lon="14.332045000">
        <ele>0.000</ele>
      </trkpt>
      <trkpt lat="51.747388000" lon="14.332065000">
        <ele>0.000</ele>
      </trkpt>
      <trkpt lat="51.747424000" lon="14.332079000">
        <ele>0.000</ele>
      </trkpt>
      <trkpt lat="51.747456000" lon="14.332092000">
        <ele>0.000</ele>
      </trkpt>
      <trkpt lat="51.747566000" lon="14.332134000">
        <ele>0.000</ele>
      </trkpt>
      <trkpt lat="51.747591000" lon="14.332144000">
        <ele>0.000</ele>
      </trkpt>
      <trkpt lat="51.747709000" lon="14.332189000">
        <ele>0.000</ele>
      </trkpt>
      <trkpt lat="51.747726000" lon="14.332195000">
        <ele>0.000</ele>
      </trkpt>
      <trkpt lat="51.747745000" lon="14.332203000">
        <ele>0.000</ele>
      </trkpt>
      <trkpt lat="51.747828000" lon="14.332235000">
        <ele>0.000</ele>
      </trkpt>
      <trkpt lat="51.747890000" lon="14.332259000">
        <ele>0.000</ele>
      </trkpt>
      <trkpt lat="51.747970000" lon="14.332301000">
        <ele>0.000</ele>
      </trkpt>
      <trkpt lat="51.748027000" lon="14.332331000">
        <ele>0.000</ele>
      </trkpt>
      <trkpt lat="51.748208000" lon="14.332446000">
        <ele>0.000</ele>
      </trkpt>
      <trkpt lat="51.748374000" lon="14.332583000">
        <ele>0.000</ele>
      </trkpt>
      <trkpt lat="51.748511000" lon="14.332666000">
        <ele>0.000</ele>
      </trkpt>
      <trkpt lat="51.748578000" lon="14.332695000">
        <ele>0.000</ele>
      </trkpt>
      <trkpt lat="51.748619000" lon="14.332715000">
        <ele>0.000</ele>
      </trkpt>
      <trkpt lat="51.748673000" lon="14.332757000">
        <ele>0.000</ele>
      </trkpt>
      <trkpt lat="51.748730000" lon="14.332830000">
        <ele>0.000</ele>
      </trkpt>
      <trkpt lat="51.748747000" lon="14.332875000">
        <ele>0.000</ele>
      </trkpt>
      <trkpt lat="51.748758000" lon="14.332931000">
        <ele>0.000</ele>
      </trkpt>
      <trkpt lat="51.748831000" lon="14.332950000">
        <ele>0.000</ele>
      </trkpt>
      <trkpt lat="51.748931000" lon="14.332974000">
        <ele>0.000</ele>
      </trkpt>
      <trkpt lat="51.749034000" lon="14.332995000">
        <ele>0.000</ele>
      </trkpt>
      <trkpt lat="51.749095000" lon="14.333007000">
        <ele>0.000</ele>
      </trkpt>
      <trkpt lat="51.749122000" lon="14.333010000">
        <ele>0.000</ele>
      </trkpt>
      <trkpt lat="51.749133000" lon="14.332948000">
        <ele>0.000</ele>
      </trkpt>
      <trkpt lat="51.749152000" lon="14.332892000">
        <ele>0.000</ele>
      </trkpt>
      <trkpt lat="51.749184000" lon="14.332859000">
        <ele>0.000</ele>
      </trkpt>
      <trkpt lat="51.749246000" lon="14.332851000">
        <ele>0.000</ele>
      </trkpt>
      <trkpt lat="51.749435000" lon="14.332871000">
        <ele>0.000</ele>
      </trkpt>
      <trkpt lat="51.749872000" lon="14.333017000">
        <ele>0.000</ele>
      </trkpt>
      <trkpt lat="51.750016000" lon="14.333050000">
        <ele>0.000</ele>
      </trkpt>
      <trkpt lat="51.750230000" lon="14.333103000">
        <ele>0.000</ele>
      </trkpt>
      <trkpt lat="51.750375000" lon="14.333109000">
        <ele>0.000</ele>
      </trkpt>
      <trkpt lat="51.750432000" lon="14.333104000">
        <ele>0.000</ele>
      </trkpt>
      <trkpt lat="51.750501000" lon="14.333111000">
        <ele>0.000</ele>
      </trkpt>
      <trkpt lat="51.750517000" lon="14.333111000">
        <ele>0.000</ele>
      </trkpt>
      <trkpt lat="51.750583000" lon="14.333122000">
        <ele>0.000</ele>
      </trkpt>
      <trkpt lat="51.750622000" lon="14.333129000">
        <ele>0.000</ele>
      </trkpt>
      <trkpt lat="51.750692000" lon="14.333141000">
        <ele>0.000</ele>
      </trkpt>
      <trkpt lat="51.750738000" lon="14.333148000">
        <ele>0.000</ele>
      </trkpt>
      <trkpt lat="51.750846000" lon="14.333167000">
        <ele>0.000</ele>
      </trkpt>
      <trkpt lat="51.750874000" lon="14.333172000">
        <ele>0.000</ele>
      </trkpt>
      <trkpt lat="51.750943000" lon="14.333198000">
        <ele>0.000</ele>
      </trkpt>
      <trkpt lat="51.751447000" lon="14.333271000">
        <ele>0.000</ele>
      </trkpt>
      <trkpt lat="51.751506000" lon="14.333276000">
        <ele>0.000</ele>
      </trkpt>
      <trkpt lat="51.751554000" lon="14.333277000">
        <ele>0.000</ele>
      </trkpt>
      <trkpt lat="51.751598000" lon="14.333282000">
        <ele>0.000</ele>
      </trkpt>
      <trkpt lat="51.752592000" lon="14.333416000">
        <ele>0.000</ele>
      </trkpt>
      <trkpt lat="51.753106000" lon="14.333438000">
        <ele>0.000</ele>
      </trkpt>
      <trkpt lat="51.753137000" lon="14.333439000">
        <ele>0.000</ele>
      </trkpt>
      <trkpt lat="51.753340000" lon="14.333471000">
        <ele>0.000</ele>
      </trkpt>
      <trkpt lat="51.753487000" lon="14.333485000">
        <ele>0.000</ele>
      </trkpt>
      <trkpt lat="51.753897000" lon="14.333464000">
        <ele>0.000</ele>
      </trkpt>
      <trkpt lat="51.753962000" lon="14.333459000">
        <ele>0.000</ele>
      </trkpt>
      <trkpt lat="51.754050000" lon="14.333451000">
        <ele>0.000</ele>
      </trkpt>
      <trkpt lat="51.754456000" lon="14.333354000">
        <ele>0.000</ele>
      </trkpt>
      <trkpt lat="51.754513000" lon="14.333336000">
        <ele>0.000</ele>
      </trkpt>
      <trkpt lat="51.754557000" lon="14.333322000">
        <ele>0.000</ele>
      </trkpt>
      <trkpt lat="51.755324000" lon="14.333100000">
        <ele>0.000</ele>
      </trkpt>
      <trkpt lat="51.755748000" lon="14.333056000">
        <ele>0.000</ele>
      </trkpt>
      <trkpt lat="51.755815000" lon="14.333062000">
        <ele>0.000</ele>
      </trkpt>
      <trkpt lat="51.756008000" lon="14.333079000">
        <ele>0.000</ele>
      </trkpt>
      <trkpt lat="51.756091000" lon="14.333083000">
        <ele>0.000</ele>
      </trkpt>
      <trkpt lat="51.756154000" lon="14.333108000">
        <ele>0.000</ele>
      </trkpt>
      <trkpt lat="51.756333000" lon="14.333158000">
        <ele>0.000</ele>
      </trkpt>
      <trkpt lat="51.756650000" lon="14.333384000">
        <ele>0.000</ele>
      </trkpt>
      <trkpt lat="51.756735000" lon="14.333433000">
        <ele>0.000</ele>
      </trkpt>
      <trkpt lat="51.756824000" lon="14.333445000">
        <ele>0.000</ele>
      </trkpt>
      <trkpt lat="51.756919000" lon="14.333450000">
        <ele>0.000</ele>
      </trkpt>
      <trkpt lat="51.757041000" lon="14.333458000">
        <ele>0.000</ele>
      </trkpt>
      <trkpt lat="51.757099000" lon="14.333495000">
        <ele>0.000</ele>
      </trkpt>
      <trkpt lat="51.757145000" lon="14.333563000">
        <ele>0.000</ele>
      </trkpt>
      <trkpt lat="51.757159000" lon="14.333890000">
        <ele>0.000</ele>
      </trkpt>
      <trkpt lat="51.757169000" lon="14.334173000">
        <ele>0.000</ele>
      </trkpt>
      <trkpt lat="51.757182000" lon="14.334446000">
        <ele>0.000</ele>
      </trkpt>
      <trkpt lat="51.757208000" lon="14.334805000">
        <ele>0.000</ele>
      </trkpt>
      <trkpt lat="51.757237000" lon="14.335078000">
        <ele>0.000</ele>
      </trkpt>
      <trkpt lat="51.757292000" lon="14.335483000">
        <ele>0.000</ele>
      </trkpt>
      <trkpt lat="51.757313000" lon="14.335630000">
        <ele>0.000</ele>
      </trkpt>
      <trkpt lat="51.757337000" lon="14.335772000">
        <ele>0.000</ele>
      </trkpt>
      <trkpt lat="51.757279000" lon="14.335808000">
        <ele>0.000</ele>
      </trkpt>
      <trkpt lat="51.757194000" lon="14.335901000">
        <ele>0.000</ele>
      </trkpt>
      <trkpt lat="51.757140000" lon="14.335961000">
        <ele>0.000</ele>
      </trkpt>
      <trkpt lat="51.757092000" lon="14.336013000">
        <ele>0.000</ele>
      </trkpt>
      <trkpt lat="51.756987000" lon="14.336120000">
        <ele>0.000</ele>
      </trkpt>
      <trkpt lat="51.756921000" lon="14.336186000">
        <ele>0.000</ele>
      </trkpt>
    </trkseg>
  </trk>
  <trk>
    <name>Cottbus – Zasieki 32</name>
    <trkseg>
      <trkpt lat="51.756921000" lon="14.336186000">
        <ele>0.000</ele>
      </trkpt>
      <trkpt lat="51.756987000" lon="14.336120000">
        <ele>0.000</ele>
      </trkpt>
      <trkpt lat="51.757092000" lon="14.336013000">
        <ele>0.000</ele>
      </trkpt>
      <trkpt lat="51.757140000" lon="14.335961000">
        <ele>0.000</ele>
      </trkpt>
      <trkpt lat="51.757194000" lon="14.335901000">
        <ele>0.000</ele>
      </trkpt>
      <trkpt lat="51.757279000" lon="14.335808000">
        <ele>0.000</ele>
      </trkpt>
      <trkpt lat="51.757337000" lon="14.335772000">
        <ele>0.000</ele>
      </trkpt>
      <trkpt lat="51.757362000" lon="14.335924000">
        <ele>0.000</ele>
      </trkpt>
      <trkpt lat="51.757386000" lon="14.336034000">
        <ele>0.000</ele>
      </trkpt>
      <trkpt lat="51.757422000" lon="14.336169000">
        <ele>0.000</ele>
      </trkpt>
      <trkpt lat="51.757446000" lon="14.336218000">
        <ele>0.000</ele>
      </trkpt>
      <trkpt lat="51.757500000" lon="14.336430000">
        <ele>0.000</ele>
      </trkpt>
      <trkpt lat="51.757544000" lon="14.336613000">
        <ele>0.000</ele>
      </trkpt>
      <trkpt lat="51.757610000" lon="14.336991000">
        <ele>0.000</ele>
      </trkpt>
      <trkpt lat="51.757637000" lon="14.337175000">
        <ele>0.000</ele>
      </trkpt>
      <trkpt lat="51.757647000" lon="14.337282000">
        <ele>0.000</ele>
      </trkpt>
      <trkpt lat="51.757660000" lon="14.337414000">
        <ele>0.000</ele>
      </trkpt>
      <trkpt lat="51.757673000" lon="14.337583000">
        <ele>0.000</ele>
      </trkpt>
      <trkpt lat="51.757683000" lon="14.337680000">
        <ele>0.000</ele>
      </trkpt>
      <trkpt lat="51.757693000" lon="14.337774000">
        <ele>0.000</ele>
      </trkpt>
      <trkpt lat="51.757708000" lon="14.337881000">
        <ele>0.000</ele>
      </trkpt>
      <trkpt lat="51.757724000" lon="14.338003000">
        <ele>0.000</ele>
      </trkpt>
      <trkpt lat="51.757765000" lon="14.338176000">
        <ele>0.000</ele>
      </trkpt>
      <trkpt lat="51.757862000" lon="14.338440000">
        <ele>0.000</ele>
      </trkpt>
      <trkpt lat="51.758000000" lon="14.338832000">
        <ele>0.000</ele>
      </trkpt>
      <trkpt lat="51.758117000" lon="14.339158000">
        <ele>0.000</ele>
      </trkpt>
      <trkpt lat="51.758148000" lon="14.339252000">
        <ele>0.000</ele>
      </trkpt>
      <trkpt lat="51.758173000" lon="14.339327000">
        <ele>0.000</ele>
      </trkpt>
      <trkpt lat="51.758198000" lon="14.339410000">
        <ele>0.000</ele>
      </trkpt>
      <trkpt lat="51.758214000" lon="14.339460000">
        <ele>0.000</ele>
      </trkpt>
      <trkpt lat="51.758291000" lon="14.339756000">
        <ele>0.000</ele>
      </trkpt>
      <trkpt lat="51.758310000" lon="14.339844000">
        <ele>0.000</ele>
      </trkpt>
      <trkpt lat="51.758377000" lon="14.340184000">
        <ele>0.000</ele>
      </trkpt>
      <trkpt lat="51.758411000" lon="14.340324000">
        <ele>0.000</ele>
      </trkpt>
      <trkpt lat="51.758451000" lon="14.340494000">
        <ele>0.000</ele>
      </trkpt>
      <trkpt lat="51.758461000" lon="14.340551000">
        <ele>0.000</ele>
      </trkpt>
      <trkpt lat="51.758474000" lon="14.340620000">
        <ele>0.000</ele>
      </trkpt>
      <trkpt lat="51.758489000" lon="14.340682000">
        <ele>0.000</ele>
      </trkpt>
      <trkpt lat="51.758712000" lon="14.341500000">
        <ele>0.000</ele>
      </trkpt>
      <trkpt lat="51.758728000" lon="14.341551000">
        <ele>0.000</ele>
      </trkpt>
      <trkpt lat="51.758745000" lon="14.341602000">
        <ele>0.000</ele>
      </trkpt>
      <trkpt lat="51.758912000" lon="14.342261000">
        <ele>0.000</ele>
      </trkpt>
      <trkpt lat="51.758928000" lon="14.342332000">
        <ele>0.000</ele>
      </trkpt>
      <trkpt lat="51.758956000" lon="14.342453000">
        <ele>0.000</ele>
      </trkpt>
      <trkpt lat="51.759008000" lon="14.342669000">
        <ele>0.000</ele>
      </trkpt>
      <trkpt lat="51.759092000" lon="14.343014000">
        <ele>0.000</ele>
      </trkpt>
      <trkpt lat="51.759157000" lon="14.343284000">
        <ele>0.000</ele>
      </trkpt>
      <trkpt lat="51.759188000" lon="14.343413000">
        <ele>0.000</ele>
      </trkpt>
      <trkpt lat="51.759456000" lon="14.344391000">
        <ele>0.000</ele>
      </trkpt>
      <trkpt lat="51.759443000" lon="14.344521000">
        <ele>0.000</ele>
      </trkpt>
      <trkpt lat="51.759485000" lon="14.344702000">
        <ele>0.000</ele>
      </trkpt>
      <trkpt lat="51.759517000" lon="14.344846000">
        <ele>0.000</ele>
      </trkpt>
      <trkpt lat="51.759581000" lon="14.344850000">
        <ele>0.000</ele>
      </trkpt>
      <trkpt lat="51.759610000" lon="14.344897000">
        <ele>0.000</ele>
      </trkpt>
      <trkpt lat="51.759669000" lon="14.345037000">
        <ele>0.000</ele>
      </trkpt>
      <trkpt lat="51.759949000" lon="14.345872000">
        <ele>0.000</ele>
      </trkpt>
      <trkpt lat="51.760015000" lon="14.346110000">
        <ele>0.000</ele>
      </trkpt>
      <trkpt lat="51.760082000" lon="14.346330000">
        <ele>0.000</ele>
      </trkpt>
      <trkpt lat="51.760087000" lon="14.346345000">
        <ele>0.000</ele>
      </trkpt>
      <trkpt lat="51.760168000" lon="14.346571000">
        <ele>0.000</ele>
      </trkpt>
      <trkpt lat="51.760193000" lon="14.346639000">
        <ele>0.000</ele>
      </trkpt>
      <trkpt lat="51.760215000" lon="14.346697000">
        <ele>0.000</ele>
      </trkpt>
      <trkpt lat="51.760264000" lon="14.346790000">
        <ele>0.000</ele>
      </trkpt>
      <trkpt lat="51.760301000" lon="14.346882000">
        <ele>0.000</ele>
      </trkpt>
      <trkpt lat="51.760331000" lon="14.346953000">
        <ele>0.000</ele>
      </trkpt>
      <trkpt lat="51.760353000" lon="14.347004000">
        <ele>0.000</ele>
      </trkpt>
      <trkpt lat="51.760407000" lon="14.347077000">
        <ele>0.000</ele>
      </trkpt>
      <trkpt lat="51.760505000" lon="14.347251000">
        <ele>0.000</ele>
      </trkpt>
      <trkpt lat="51.760522000" lon="14.347280000">
        <ele>0.000</ele>
      </trkpt>
      <trkpt lat="51.760632000" lon="14.347416000">
        <ele>0.000</ele>
      </trkpt>
      <trkpt lat="51.760776000" lon="14.347686000">
        <ele>0.000</ele>
      </trkpt>
      <trkpt lat="51.760837000" lon="14.347841000">
        <ele>0.000</ele>
      </trkpt>
      <trkpt lat="51.760923000" lon="14.348063000">
        <ele>0.000</ele>
      </trkpt>
      <trkpt lat="51.761420000" lon="14.348922000">
        <ele>0.000</ele>
      </trkpt>
      <trkpt lat="51.761440000" lon="14.348955000">
        <ele>0.000</ele>
      </trkpt>
      <trkpt lat="51.761457000" lon="14.348985000">
        <ele>0.000</ele>
      </trkpt>
      <trkpt lat="51.761472000" lon="14.349033000">
        <ele>0.000</ele>
      </trkpt>
      <trkpt lat="51.761470000" lon="14.349081000">
        <ele>0.000</ele>
      </trkpt>
      <trkpt lat="51.761484000" lon="14.349117000">
        <ele>0.000</ele>
      </trkpt>
      <trkpt lat="51.761497000" lon="14.349150000">
        <ele>0.000</ele>
      </trkpt>
      <trkpt lat="51.761530000" lon="14.349237000">
        <ele>0.000</ele>
      </trkpt>
      <trkpt lat="51.761560000" lon="14.349320000">
        <ele>0.000</ele>
      </trkpt>
      <trkpt lat="51.761616000" lon="14.349286000">
        <ele>0.000</ele>
      </trkpt>
      <trkpt lat="51.761653000" lon="14.349288000">
        <ele>0.000</ele>
      </trkpt>
      <trkpt lat="51.761697000" lon="14.349324000">
        <ele>0.000</ele>
      </trkpt>
      <trkpt lat="51.761742000" lon="14.349402000">
        <ele>0.000</ele>
      </trkpt>
      <trkpt lat="51.761796000" lon="14.349517000">
        <ele>0.000</ele>
      </trkpt>
      <trkpt lat="51.761846000" lon="14.349623000">
        <ele>0.000</ele>
      </trkpt>
      <trkpt lat="51.761961000" lon="14.349991000">
        <ele>0.000</ele>
      </trkpt>
      <trkpt lat="51.762120000" lon="14.350691000">
        <ele>0.000</ele>
      </trkpt>
      <trkpt lat="51.762231000" lon="14.351269000">
        <ele>0.000</ele>
      </trkpt>
      <trkpt lat="51.762237000" lon="14.351298000">
        <ele>0.000</ele>
      </trkpt>
      <trkpt lat="51.762273000" lon="14.351609000">
        <ele>0.000</ele>
      </trkpt>
      <trkpt lat="51.762293000" lon="14.351897000">
        <ele>0.000</ele>
      </trkpt>
      <trkpt lat="51.762290000" lon="14.352872000">
        <ele>0.000</ele>
      </trkpt>
      <trkpt lat="51.762290000" lon="14.352928000">
        <ele>0.000</ele>
      </trkpt>
      <trkpt lat="51.762289000" lon="14.353066000">
        <ele>0.000</ele>
      </trkpt>
      <trkpt lat="51.762288000" lon="14.353198000">
        <ele>0.000</ele>
      </trkpt>
      <trkpt lat="51.762289000" lon="14.353477000">
        <ele>0.000</ele>
      </trkpt>
      <trkpt lat="51.762302000" lon="14.356035000">
        <ele>0.000</ele>
      </trkpt>
      <trkpt lat="51.762285000" lon="14.356348000">
        <ele>0.000</ele>
      </trkpt>
      <trkpt lat="51.762256000" lon="14.356625000">
        <ele>0.000</ele>
      </trkpt>
      <trkpt lat="51.762172000" lon="14.357076000">
        <ele>0.000</ele>
      </trkpt>
      <trkpt lat="51.762167000" lon="14.357228000">
        <ele>0.000</ele>
      </trkpt>
      <trkpt lat="51.762161000" lon="14.357755000">
        <ele>0.000</ele>
      </trkpt>
      <trkpt lat="51.762165000" lon="14.358314000">
        <ele>0.000</ele>
      </trkpt>
      <trkpt lat="51.762166000" lon="14.358349000">
        <ele>0.000</ele>
      </trkpt>
      <trkpt lat="51.762163000" lon="14.358443000">
        <ele>0.000</ele>
      </trkpt>
      <trkpt lat="51.762129000" lon="14.358501000">
        <ele>0.000</ele>
      </trkpt>
      <trkpt lat="51.762097000" lon="14.358533000">
        <ele>0.000</ele>
      </trkpt>
      <trkpt lat="51.762096000" lon="14.358618000">
        <ele>0.000</ele>
      </trkpt>
      <trkpt lat="51.762101000" lon="14.358713000">
        <ele>0.000</ele>
      </trkpt>
      <trkpt lat="51.762104000" lon="14.358848000">
        <ele>0.000</ele>
      </trkpt>
      <trkpt lat="51.762104000" lon="14.358956000">
        <ele>0.000</ele>
      </trkpt>
      <trkpt lat="51.762109000" lon="14.359117000">
        <ele>0.000</ele>
      </trkpt>
      <trkpt lat="51.762184000" lon="14.359167000">
        <ele>0.000</ele>
      </trkpt>
      <trkpt lat="51.762199000" lon="14.359268000">
        <ele>0.000</ele>
      </trkpt>
      <trkpt lat="51.762210000" lon="14.359796000">
        <ele>0.000</ele>
      </trkpt>
      <trkpt lat="51.762216000" lon="14.360412000">
        <ele>0.000</ele>
      </trkpt>
      <trkpt lat="51.762222000" lon="14.360645000">
        <ele>0.000</ele>
      </trkpt>
      <trkpt lat="51.762230000" lon="14.360710000">
        <ele>0.000</ele>
      </trkpt>
      <trkpt lat="51.762287000" lon="14.360829000">
        <ele>0.000</ele>
      </trkpt>
      <trkpt lat="51.762298000" lon="14.360866000">
        <ele>0.000</ele>
      </trkpt>
      <trkpt lat="51.762334000" lon="14.361109000">
        <ele>0.000</ele>
      </trkpt>
      <trkpt lat="51.762346000" lon="14.361237000">
        <ele>0.000</ele>
      </trkpt>
      <trkpt lat="51.762362000" lon="14.361373000">
        <ele>0.000</ele>
      </trkpt>
      <trkpt lat="51.762384000" lon="14.362525000">
        <ele>0.000</ele>
      </trkpt>
      <trkpt lat="51.762397000" lon="14.363054000">
        <ele>0.000</ele>
      </trkpt>
      <trkpt lat="51.762397000" lon="14.363252000">
        <ele>0.000</ele>
      </trkpt>
      <trkpt lat="51.762393000" lon="14.363523000">
        <ele>0.000</ele>
      </trkpt>
      <trkpt lat="51.762387000" lon="14.363684000">
        <ele>0.000</ele>
      </trkpt>
      <trkpt lat="51.762371000" lon="14.363707000">
        <ele>0.000</ele>
      </trkpt>
      <trkpt lat="51.762351000" lon="14.364072000">
        <ele>0.000</ele>
      </trkpt>
      <trkpt lat="51.762343000" lon="14.364169000">
        <ele>0.000</ele>
      </trkpt>
      <trkpt lat="51.762322000" lon="14.364310000">
        <ele>0.000</ele>
      </trkpt>
      <trkpt lat="51.762315000" lon="14.364370000">
        <ele>0.000</ele>
      </trkpt>
      <trkpt lat="51.762298000" lon="14.364488000">
        <ele>0.000</ele>
      </trkpt>
      <trkpt lat="51.762289000" lon="14.364628000">
        <ele>0.000</ele>
      </trkpt>
      <trkpt lat="51.762247000" lon="14.364966000">
        <ele>0.000</ele>
      </trkpt>
      <trkpt lat="51.762183000" lon="14.365433000">
        <ele>0.000</ele>
      </trkpt>
      <trkpt lat="51.762100000" lon="14.366016000">
        <ele>0.000</ele>
      </trkpt>
      <trkpt lat="51.762075000" lon="14.366262000">
        <ele>0.000</ele>
      </trkpt>
      <trkpt lat="51.762066000" lon="14.366445000">
        <ele>0.000</ele>
      </trkpt>
      <trkpt lat="51.762064000" lon="14.366495000">
        <ele>0.000</ele>
      </trkpt>
      <trkpt lat="51.762059000" lon="14.366720000">
        <ele>0.000</ele>
      </trkpt>
      <trkpt lat="51.762060000" lon="14.366934000">
        <ele>0.000</ele>
      </trkpt>
      <trkpt lat="51.762085000" lon="14.367112000">
        <ele>0.000</ele>
      </trkpt>
      <trkpt lat="51.762094000" lon="14.367165000">
        <ele>0.000</ele>
      </trkpt>
      <trkpt lat="51.762118000" lon="14.367325000">
        <ele>0.000</ele>
      </trkpt>
      <trkpt lat="51.762177000" lon="14.367602000">
        <ele>0.000</ele>
      </trkpt>
      <trkpt lat="51.762247000" lon="14.367867000">
        <ele>0.000</ele>
      </trkpt>
      <trkpt lat="51.762329000" lon="14.368073000">
        <ele>0.000</ele>
      </trkpt>
      <trkpt lat="51.762377000" lon="14.368194000">
        <ele>0.000</ele>
      </trkpt>
      <trkpt lat="51.762517000" lon="14.368464000">
        <ele>0.000</ele>
      </trkpt>
      <trkpt lat="51.762720000" lon="14.368779000">
        <ele>0.000</ele>
      </trkpt>
      <trkpt lat="51.762922000" lon="14.369118000">
        <ele>0.000</ele>
      </trkpt>
      <trkpt lat="51.763030000" lon="14.369352000">
        <ele>0.000</ele>
      </trkpt>
      <trkpt lat="51.763091000" lon="14.369516000">
        <ele>0.000</ele>
      </trkpt>
      <trkpt lat="51.763138000" lon="14.369694000">
        <ele>0.000</ele>
      </trkpt>
      <trkpt lat="51.763187000" lon="14.369902000">
        <ele>0.000</ele>
      </trkpt>
      <trkpt lat="51.763211000" lon="14.370035000">
        <ele>0.000</ele>
      </trkpt>
      <trkpt lat="51.763245000" lon="14.370317000">
        <ele>0.000</ele>
      </trkpt>
      <trkpt lat="51.763290000" lon="14.370648000">
        <ele>0.000</ele>
      </trkpt>
      <trkpt lat="51.763311000" lon="14.370887000">
        <ele>0.000</ele>
      </trkpt>
      <trkpt lat="51.763316000" lon="14.370948000">
        <ele>0.000</ele>
      </trkpt>
      <trkpt lat="51.763349000" lon="14.371547000">
        <ele>0.000</ele>
      </trkpt>
      <trkpt lat="51.763370000" lon="14.371799000">
        <ele>0.000</ele>
      </trkpt>
      <trkpt lat="51.763394000" lon="14.372019000">
        <ele>0.000</ele>
      </trkpt>
      <trkpt lat="51.763531000" lon="14.373475000">
        <ele>0.000</ele>
      </trkpt>
      <trkpt lat="51.763541000" lon="14.373624000">
        <ele>0.000</ele>
      </trkpt>
      <trkpt lat="51.763536000" lon="14.373855000">
        <ele>0.000</ele>
      </trkpt>
      <trkpt lat="51.763561000" lon="14.374169000">
        <ele>0.000</ele>
      </trkpt>
      <trkpt lat="51.763605000" lon="14.374340000">
        <ele>0.000</ele>
      </trkpt>
      <trkpt lat="51.763791000" lon="14.376712000">
        <ele>0.000</ele>
      </trkpt>
      <trkpt lat="51.763807000" lon="14.377025000">
        <ele>0.000</ele>
      </trkpt>
      <trkpt lat="51.763806000" lon="14.377269000">
        <ele>0.000</ele>
      </trkpt>
      <trkpt lat="51.763815000" lon="14.377649000">
        <ele>0.000</ele>
      </trkpt>
      <trkpt lat="51.763809000" lon="14.378243000">
        <ele>0.000</ele>
      </trkpt>
      <trkpt lat="51.763807000" lon="14.378323000">
        <ele>0.000</ele>
      </trkpt>
      <trkpt lat="51.763766000" lon="14.380501000">
        <ele>0.000</ele>
      </trkpt>
      <trkpt lat="51.763759000" lon="14.380887000">
        <ele>0.000</ele>
      </trkpt>
      <trkpt lat="51.763753000" lon="14.381199000">
        <ele>0.000</ele>
      </trkpt>
      <trkpt lat="51.763752000" lon="14.381297000">
        <ele>0.000</ele>
      </trkpt>
      <trkpt lat="51.763747000" lon="14.381815000">
        <ele>0.000</ele>
      </trkpt>
      <trkpt lat="51.763745000" lon="14.382045000">
        <ele>0.000</ele>
      </trkpt>
      <trkpt lat="51.763745000" lon="14.383153000">
        <ele>0.000</ele>
      </trkpt>
      <trkpt lat="51.761957000" lon="14.384279000">
        <ele>0.000</ele>
      </trkpt>
      <trkpt lat="51.761043000" lon="14.385315000">
        <ele>0.000</ele>
      </trkpt>
      <trkpt lat="51.760876000" lon="14.385446000">
        <ele>0.000</ele>
      </trkpt>
      <trkpt lat="51.760730000" lon="14.385544000">
        <ele>0.000</ele>
      </trkpt>
      <trkpt lat="51.760578000" lon="14.385630000">
        <ele>0.000</ele>
      </trkpt>
      <trkpt lat="51.760380000" lon="14.385710000">
        <ele>0.000</ele>
      </trkpt>
      <trkpt lat="51.760178000" lon="14.385763000">
        <ele>0.000</ele>
      </trkpt>
      <trkpt lat="51.759915000" lon="14.385802000">
        <ele>0.000</ele>
      </trkpt>
      <trkpt lat="51.759772000" lon="14.385816000">
        <ele>0.000</ele>
      </trkpt>
      <trkpt lat="51.759419000" lon="14.385857000">
        <ele>0.000</ele>
      </trkpt>
      <trkpt lat="51.759349000" lon="14.385865000">
        <ele>0.000</ele>
      </trkpt>
      <trkpt lat="51.759348000" lon="14.386108000">
        <ele>0.000</ele>
      </trkpt>
      <trkpt lat="51.759340000" lon="14.386350000">
        <ele>0.000</ele>
      </trkpt>
      <trkpt lat="51.759326000" lon="14.386591000">
        <ele>0.000</ele>
      </trkpt>
      <trkpt lat="51.759324000" lon="14.386617000">
        <ele>0.000</ele>
      </trkpt>
      <trkpt lat="51.759306000" lon="14.386831000">
        <ele>0.000</ele>
      </trkpt>
      <trkpt lat="51.759279000" lon="14.387070000">
        <ele>0.000</ele>
      </trkpt>
      <trkpt lat="51.759247000" lon="14.387307000">
        <ele>0.000</ele>
      </trkpt>
      <trkpt lat="51.759208000" lon="14.387541000">
        <ele>0.000</ele>
      </trkpt>
      <trkpt lat="51.759163000" lon="14.387772000">
        <ele>0.000</ele>
      </trkpt>
      <trkpt lat="51.759112000" lon="14.388000000">
        <ele>0.000</ele>
      </trkpt>
      <trkpt lat="51.759063000" lon="14.388193000">
        <ele>0.000</ele>
      </trkpt>
      <trkpt lat="51.759011000" lon="14.388383000">
        <ele>0.000</ele>
      </trkpt>
      <trkpt lat="51.758979000" lon="14.388474000">
        <ele>0.000</ele>
      </trkpt>
      <trkpt lat="51.758852000" lon="14.388844000">
        <ele>0.000</ele>
      </trkpt>
      <trkpt lat="51.758669000" lon="14.389362000">
        <ele>0.000</ele>
      </trkpt>
      <trkpt lat="51.757996000" lon="14.388790000">
        <ele>0.000</ele>
      </trkpt>
      <trkpt lat="51.755913000" lon="14.387018000">
        <ele>0.000</ele>
      </trkpt>
      <trkpt lat="51.755819000" lon="14.386943000">
        <ele>0.000</ele>
      </trkpt>
      <trkpt lat="51.755642000" lon="14.386836000">
        <ele>0.000</ele>
      </trkpt>
      <trkpt lat="51.755619000" lon="14.386965000">
        <ele>0.000</ele>
      </trkpt>
      <trkpt lat="51.755625000" lon="14.387233000">
        <ele>0.000</ele>
      </trkpt>
      <trkpt lat="51.755454000" lon="14.387996000">
        <ele>0.000</ele>
      </trkpt>
      <trkpt lat="51.754333000" lon="14.392422000">
        <ele>0.000</ele>
      </trkpt>
      <trkpt lat="51.754145000" lon="14.392920000">
        <ele>0.000</ele>
      </trkpt>
      <trkpt lat="51.753279000" lon="14.396412000">
        <ele>0.000</ele>
      </trkpt>
      <trkpt lat="51.753226000" lon="14.396738000">
        <ele>0.000</ele>
      </trkpt>
      <trkpt lat="51.753142000" lon="14.397082000">
        <ele>0.000</ele>
      </trkpt>
      <trkpt lat="51.752143000" lon="14.401118000">
        <ele>0.000</ele>
      </trkpt>
      <trkpt lat="51.752078000" lon="14.401380000">
        <ele>0.000</ele>
      </trkpt>
      <trkpt lat="51.752012000" lon="14.401511000">
        <ele>0.000</ele>
      </trkpt>
      <trkpt lat="51.751907000" lon="14.401610000">
        <ele>0.000</ele>
      </trkpt>
      <trkpt lat="51.751805000" lon="14.401643000">
        <ele>0.000</ele>
      </trkpt>
      <trkpt lat="51.751705000" lon="14.401607000">
        <ele>0.000</ele>
      </trkpt>
      <trkpt lat="51.751642000" lon="14.401547000">
        <ele>0.000</ele>
      </trkpt>
      <trkpt lat="51.748701000" lon="14.400625000">
        <ele>0.000</ele>
      </trkpt>
      <trkpt lat="51.748572000" lon="14.400631000">
        <ele>0.000</ele>
      </trkpt>
      <trkpt lat="51.748461000" lon="14.400667000">
        <ele>0.000</ele>
      </trkpt>
      <trkpt lat="51.748365000" lon="14.400749000">
        <ele>0.000</ele>
      </trkpt>
      <trkpt lat="51.748306000" lon="14.400799000">
        <ele>0.000</ele>
      </trkpt>
      <trkpt lat="51.747029000" lon="14.401997000">
        <ele>0.000</ele>
      </trkpt>
      <trkpt lat="51.746945000" lon="14.402252000">
        <ele>0.000</ele>
      </trkpt>
      <trkpt lat="51.746882000" lon="14.403407000">
        <ele>0.000</ele>
      </trkpt>
      <trkpt lat="51.746752000" lon="14.404774000">
        <ele>0.000</ele>
      </trkpt>
      <trkpt lat="51.746590000" lon="14.405379000">
        <ele>0.000</ele>
      </trkpt>
      <trkpt lat="51.746360000" lon="14.406093000">
        <ele>0.000</ele>
      </trkpt>
      <trkpt lat="51.746274000" lon="14.406373000">
        <ele>0.000</ele>
      </trkpt>
      <trkpt lat="51.745759000" lon="14.407906000">
        <ele>0.000</ele>
      </trkpt>
      <trkpt lat="51.745229000" lon="14.409407000">
        <ele>0.000</ele>
      </trkpt>
      <trkpt lat="51.744516000" lon="14.411928000">
        <ele>0.000</ele>
      </trkpt>
      <trkpt lat="51.744446000" lon="14.412780000">
        <ele>0.000</ele>
      </trkpt>
      <trkpt lat="51.744414000" lon="14.413173000">
        <ele>0.000</ele>
      </trkpt>
      <trkpt lat="51.744353000" lon="14.413919000">
        <ele>0.000</ele>
      </trkpt>
      <trkpt lat="51.744323000" lon="14.414162000">
        <ele>0.000</ele>
      </trkpt>
      <trkpt lat="51.744289000" lon="14.414384000">
        <ele>0.000</ele>
      </trkpt>
      <trkpt lat="51.744296000" lon="14.414470000">
        <ele>0.000</ele>
      </trkpt>
      <trkpt lat="51.744297000" lon="14.414569000">
        <ele>0.000</ele>
      </trkpt>
      <trkpt lat="51.744287000" lon="14.414765000">
        <ele>0.000</ele>
      </trkpt>
      <trkpt lat="51.744205000" lon="14.415268000">
        <ele>0.000</ele>
      </trkpt>
      <trkpt lat="51.744112000" lon="14.415854000">
        <ele>0.000</ele>
      </trkpt>
      <trkpt lat="51.743998000" lon="14.416536000">
        <ele>0.000</ele>
      </trkpt>
      <trkpt lat="51.743955000" lon="14.416753000">
        <ele>0.000</ele>
      </trkpt>
      <trkpt lat="51.743895000" lon="14.416984000">
        <ele>0.000</ele>
      </trkpt>
      <trkpt lat="51.743776000" lon="14.417339000">
        <ele>0.000</ele>
      </trkpt>
      <trkpt lat="51.743766000" lon="14.417373000">
        <ele>0.000</ele>
      </trkpt>
      <trkpt lat="51.743734000" lon="14.417466000">
        <ele>0.000</ele>
      </trkpt>
      <trkpt lat="51.743721000" lon="14.417503000">
        <ele>0.000</ele>
      </trkpt>
      <trkpt lat="51.743703000" lon="14.417546000">
        <ele>0.000</ele>
      </trkpt>
      <trkpt lat="51.743671000" lon="14.417634000">
        <ele>0.000</ele>
      </trkpt>
      <trkpt lat="51.743498000" lon="14.418061000">
        <ele>0.000</ele>
      </trkpt>
      <trkpt lat="51.743275000" lon="14.418533000">
        <ele>0.000</ele>
      </trkpt>
      <trkpt lat="51.743159000" lon="14.419069000">
        <ele>0.000</ele>
      </trkpt>
      <trkpt lat="51.742868000" lon="14.422722000">
        <ele>0.000</ele>
      </trkpt>
      <trkpt lat="51.742820000" lon="14.424402000">
        <ele>0.000</ele>
      </trkpt>
      <trkpt lat="51.742793000" lon="14.424681000">
        <ele>0.000</ele>
      </trkpt>
      <trkpt lat="51.742743000" lon="14.424870000">
        <ele>0.000</ele>
      </trkpt>
      <trkpt lat="51.742666000" lon="14.424990000">
        <ele>0.000</ele>
      </trkpt>
      <trkpt lat="51.742392000" lon="14.425391000">
        <ele>0.000</ele>
      </trkpt>
      <trkpt lat="51.742367000" lon="14.425427000">
        <ele>0.000</ele>
      </trkpt>
      <trkpt lat="51.742328000" lon="14.425482000">
        <ele>0.000</ele>
      </trkpt>
      <trkpt lat="51.741957000" lon="14.426012000">
        <ele>0.000</ele>
      </trkpt>
      <trkpt lat="51.741721000" lon="14.426419000">
        <ele>0.000</ele>
      </trkpt>
      <trkpt lat="51.741779000" lon="14.428165000">
        <ele>0.000</ele>
      </trkpt>
      <trkpt lat="51.741782000" lon="14.428249000">
        <ele>0.000</ele>
      </trkpt>
      <trkpt lat="51.741784000" lon="14.428334000">
        <ele>0.000</ele>
      </trkpt>
      <trkpt lat="51.741805000" lon="14.429053000">
        <ele>0.000</ele>
      </trkpt>
      <trkpt lat="51.741908000" lon="14.431726000">
        <ele>0.000</ele>
      </trkpt>
      <trkpt lat="51.741317000" lon="14.433461000">
        <ele>0.000</ele>
      </trkpt>
      <trkpt lat="51.740724000" lon="14.434965000">
        <ele>0.000</ele>
      </trkpt>
      <trkpt lat="51.740182000" lon="14.436498000">
        <ele>0.000</ele>
      </trkpt>
      <trkpt lat="51.740138000" lon="14.436802000">
        <ele>0.000</ele>
      </trkpt>
      <trkpt lat="51.740118000" lon="14.437146000">
        <ele>0.000</ele>
      </trkpt>
      <trkpt lat="51.740099000" lon="14.437798000">
        <ele>0.000</ele>
      </trkpt>
      <trkpt lat="51.740075000" lon="14.438413000">
        <ele>0.000</ele>
      </trkpt>
      <trkpt lat="51.740074000" lon="14.438441000">
        <ele>0.000</ele>
      </trkpt>
      <trkpt lat="51.740042000" lon="14.439085000">
        <ele>0.000</ele>
      </trkpt>
      <trkpt lat="51.740016000" lon="14.439714000">
        <ele>0.000</ele>
      </trkpt>
      <trkpt lat="51.739936000" lon="14.441638000">
        <ele>0.000</ele>
      </trkpt>
      <trkpt lat="51.739913000" lon="14.442026000">
        <ele>0.000</ele>
      </trkpt>
      <trkpt lat="51.739815000" lon="14.444455000">
        <ele>0.000</ele>
      </trkpt>
      <trkpt lat="51.739632000" lon="14.449362000">
        <ele>0.000</ele>
      </trkpt>
      <trkpt lat="51.739600000" lon="14.451302000">
        <ele>0.000</ele>
      </trkpt>
      <trkpt lat="51.739599000" lon="14.451621000">
        <ele>0.000</ele>
      </trkpt>
      <trkpt lat="51.739808000" lon="14.452726000">
        <ele>0.000</ele>
      </trkpt>
      <trkpt lat="51.740535000" lon="14.456584000">
        <ele>0.000</ele>
      </trkpt>
      <trkpt lat="51.740828000" lon="14.458147000">
        <ele>0.000</ele>
      </trkpt>
      <trkpt lat="51.740832000" lon="14.458173000">
        <ele>0.000</ele>
      </trkpt>
      <trkpt lat="51.740928000" lon="14.458747000">
        <ele>0.000</ele>
      </trkpt>
      <trkpt lat="51.740936000" lon="14.458795000">
        <ele>0.000</ele>
      </trkpt>
      <trkpt lat="51.740953000" lon="14.458897000">
        <ele>0.000</ele>
      </trkpt>
      <trkpt lat="51.741096000" lon="14.459799000">
        <ele>0.000</ele>
      </trkpt>
      <trkpt lat="51.741116000" lon="14.459997000">
        <ele>0.000</ele>
      </trkpt>
      <trkpt lat="51.741114000" lon="14.460282000">
        <ele>0.000</ele>
      </trkpt>
      <trkpt lat="51.741079000" lon="14.460794000">
        <ele>0.000</ele>
      </trkpt>
      <trkpt lat="51.741047000" lon="14.461418000">
        <ele>0.000</ele>
      </trkpt>
      <trkpt lat="51.741050000" lon="14.461642000">
        <ele>0.000</ele>
      </trkpt>
      <trkpt lat="51.741054000" lon="14.461977000">
        <ele>0.000</ele>
      </trkpt>
      <trkpt lat="51.741081000" lon="14.462195000">
        <ele>0.000</ele>
      </trkpt>
      <trkpt lat="51.741175000" lon="14.462591000">
        <ele>0.000</ele>
      </trkpt>
      <trkpt lat="51.741295000" lon="14.462981000">
        <ele>0.000</ele>
      </trkpt>
      <trkpt lat="51.741557000" lon="14.463560000">
        <ele>0.000</ele>
      </trkpt>
      <trkpt lat="51.742326000" lon="14.464578000">
        <ele>0.000</ele>
      </trkpt>
      <trkpt lat="51.742557000" lon="14.464947000">
        <ele>0.000</ele>
      </trkpt>
      <trkpt lat="51.743084000" lon="14.466086000">
        <ele>0.000</ele>
      </trkpt>
      <trkpt lat="51.743355000" lon="14.466693000">
        <ele>0.000</ele>
      </trkpt>
      <trkpt lat="51.743432000" lon="14.466874000">
        <ele>0.000</ele>
      </trkpt>
      <trkpt lat="51.743479000" lon="14.466982000">
        <ele>0.000</ele>
      </trkpt>
      <trkpt lat="51.743539000" lon="14.467122000">
        <ele>0.000</ele>
      </trkpt>
      <trkpt lat="51.743423000" lon="14.467263000">
        <ele>0.000</ele>
      </trkpt>
      <trkpt lat="51.743230000" lon="14.467451000">
        <ele>0.000</ele>
      </trkpt>
      <trkpt lat="51.742978000" lon="14.467558000">
        <ele>0.000</ele>
      </trkpt>
      <trkpt lat="51.742932000" lon="14.467619000">
        <ele>0.000</ele>
      </trkpt>
      <trkpt lat="51.742900000" lon="14.467738000">
        <ele>0.000</ele>
      </trkpt>
      <trkpt lat="51.742881000" lon="14.467840000">
        <ele>0.000</ele>
      </trkpt>
      <trkpt lat="51.742875000" lon="14.467901000">
        <ele>0.000</ele>
      </trkpt>
      <trkpt lat="51.742885000" lon="14.467999000">
        <ele>0.000</ele>
      </trkpt>
      <trkpt lat="51.742969000" lon="14.468116000">
        <ele>0.000</ele>
      </trkpt>
      <trkpt lat="51.743038000" lon="14.468149000">
        <ele>0.000</ele>
      </trkpt>
      <trkpt lat="51.743122000" lon="14.468210000">
        <ele>0.000</ele>
      </trkpt>
      <trkpt lat="51.743210000" lon="14.468269000">
        <ele>0.000</ele>
      </trkpt>
      <trkpt lat="51.743321000" lon="14.468398000">
        <ele>0.000</ele>
      </trkpt>
      <trkpt lat="51.743353000" lon="14.468453000">
        <ele>0.000</ele>
      </trkpt>
      <trkpt lat="51.743395000" lon="14.468619000">
        <ele>0.000</ele>
      </trkpt>
      <trkpt lat="51.743433000" lon="14.468667000">
        <ele>0.000</ele>
      </trkpt>
      <trkpt lat="51.743480000" lon="14.468680000">
        <ele>0.000</ele>
      </trkpt>
      <trkpt lat="51.743493000" lon="14.468718000">
        <ele>0.000</ele>
      </trkpt>
      <trkpt lat="51.743488000" lon="14.468847000">
        <ele>0.000</ele>
      </trkpt>
      <trkpt lat="51.743523000" lon="14.468966000">
        <ele>0.000</ele>
      </trkpt>
      <trkpt lat="51.743559000" lon="14.469043000">
        <ele>0.000</ele>
      </trkpt>
      <trkpt lat="51.743587000" lon="14.469121000">
        <ele>0.000</ele>
      </trkpt>
      <trkpt lat="51.743585000" lon="14.469205000">
        <ele>0.000</ele>
      </trkpt>
      <trkpt lat="51.743576000" lon="14.469284000">
        <ele>0.000</ele>
      </trkpt>
      <trkpt lat="51.743621000" lon="14.469430000">
        <ele>0.000</ele>
      </trkpt>
      <trkpt lat="51.743761000" lon="14.469797000">
        <ele>0.000</ele>
      </trkpt>
      <trkpt lat="51.743836000" lon="14.469793000">
        <ele>0.000</ele>
      </trkpt>
      <trkpt lat="51.743888000" lon="14.469840000">
        <ele>0.000</ele>
      </trkpt>
      <trkpt lat="51.743933000" lon="14.469963000">
        <ele>0.000</ele>
      </trkpt>
      <trkpt lat="51.743961000" lon="14.470025000">
        <ele>0.000</ele>
      </trkpt>
      <trkpt lat="51.744543000" lon="14.469545000">
        <ele>0.000</ele>
      </trkpt>
      <trkpt lat="51.744589000" lon="14.469856000">
        <ele>0.000</ele>
      </trkpt>
      <trkpt lat="51.744668000" lon="14.470633000">
        <ele>0.000</ele>
      </trkpt>
      <trkpt lat="51.744675000" lon="14.470728000">
        <ele>0.000</ele>
      </trkpt>
      <trkpt lat="51.744893000" lon="14.473732000">
        <ele>0.000</ele>
      </trkpt>
      <trkpt lat="51.744898000" lon="14.474290000">
        <ele>0.000</ele>
      </trkpt>
      <trkpt lat="51.744856000" lon="14.474715000">
        <ele>0.000</ele>
      </trkpt>
      <trkpt lat="51.744813000" lon="14.475149000">
        <ele>0.000</ele>
      </trkpt>
      <trkpt lat="51.744198000" lon="14.479162000">
        <ele>0.000</ele>
      </trkpt>
      <trkpt lat="51.744168000" lon="14.479602000">
        <ele>0.000</ele>
      </trkpt>
      <trkpt lat="51.744289000" lon="14.481260000">
        <ele>0.000</ele>
      </trkpt>
      <trkpt lat="51.744703000" lon="14.486253000">
        <ele>0.000</ele>
      </trkpt>
      <trkpt lat="51.744175000" lon="14.498299000">
        <ele>0.000</ele>
      </trkpt>
      <trkpt lat="51.743944000" lon="14.499582000">
        <ele>0.000</ele>
      </trkpt>
      <trkpt lat="51.743658000" lon="14.500779000">
        <ele>0.000</ele>
      </trkpt>
      <trkpt lat="51.743307000" lon="14.502034000">
        <ele>0.000</ele>
      </trkpt>
      <trkpt lat="51.742542000" lon="14.504247000">
        <ele>0.000</ele>
      </trkpt>
      <trkpt lat="51.741834000" lon="14.506376000">
        <ele>0.000</ele>
      </trkpt>
      <trkpt lat="51.740182000" lon="14.509935000">
        <ele>0.000</ele>
      </trkpt>
      <trkpt lat="51.740068000" lon="14.510140000">
        <ele>0.000</ele>
      </trkpt>
      <trkpt lat="51.739966000" lon="14.510323000">
        <ele>0.000</ele>
      </trkpt>
      <trkpt lat="51.739896000" lon="14.510463000">
        <ele>0.000</ele>
      </trkpt>
      <trkpt lat="51.739904000" lon="14.510489000">
        <ele>0.000</ele>
      </trkpt>
      <trkpt lat="51.740711000" lon="14.512844000">
        <ele>0.000</ele>
      </trkpt>
      <trkpt lat="51.741065000" lon="14.513879000">
        <ele>0.000</ele>
      </trkpt>
      <trkpt lat="51.741553000" lon="14.515401000">
        <ele>0.000</ele>
      </trkpt>
      <trkpt lat="51.741559000" lon="14.515420000">
        <ele>0.000</ele>
      </trkpt>
      <trkpt lat="51.741720000" lon="14.515979000">
        <ele>0.000</ele>
      </trkpt>
      <trkpt lat="51.742260000" lon="14.516008000">
        <ele>0.000</ele>
      </trkpt>
      <trkpt lat="51.742818000" lon="14.515970000">
        <ele>0.000</ele>
      </trkpt>
      <trkpt lat="51.743192000" lon="14.515944000">
        <ele>0.000</ele>
      </trkpt>
      <trkpt lat="51.743255000" lon="14.515951000">
        <ele>0.000</ele>
      </trkpt>
      <trkpt lat="51.743336000" lon="14.515982000">
        <ele>0.000</ele>
      </trkpt>
      <trkpt lat="51.743402000" lon="14.516017000">
        <ele>0.000</ele>
      </trkpt>
      <trkpt lat="51.743534000" lon="14.516094000">
        <ele>0.000</ele>
      </trkpt>
      <trkpt lat="51.743662000" lon="14.516101000">
        <ele>0.000</ele>
      </trkpt>
      <trkpt lat="51.743704000" lon="14.516106000">
        <ele>0.000</ele>
      </trkpt>
      <trkpt lat="51.743785000" lon="14.516115000">
        <ele>0.000</ele>
      </trkpt>
      <trkpt lat="51.743846000" lon="14.516147000">
        <ele>0.000</ele>
      </trkpt>
      <trkpt lat="51.743899000" lon="14.516198000">
        <ele>0.000</ele>
      </trkpt>
      <trkpt lat="51.743942000" lon="14.516287000">
        <ele>0.000</ele>
      </trkpt>
      <trkpt lat="51.744011000" lon="14.516547000">
        <ele>0.000</ele>
      </trkpt>
      <trkpt lat="51.744061000" lon="14.516685000">
        <ele>0.000</ele>
      </trkpt>
      <trkpt lat="51.744478000" lon="14.517109000">
        <ele>0.000</ele>
      </trkpt>
      <trkpt lat="51.745507000" lon="14.518138000">
        <ele>0.000</ele>
      </trkpt>
      <trkpt lat="51.745877000" lon="14.518511000">
        <ele>0.000</ele>
      </trkpt>
      <trkpt lat="51.746390000" lon="14.519028000">
        <ele>0.000</ele>
      </trkpt>
      <trkpt lat="51.746410000" lon="14.519115000">
        <ele>0.000</ele>
      </trkpt>
      <trkpt lat="51.746471000" lon="14.519379000">
        <ele>0.000</ele>
      </trkpt>
      <trkpt lat="51.746751000" lon="14.519985000">
        <ele>0.000</ele>
      </trkpt>
      <trkpt lat="51.747168000" lon="14.520902000">
        <ele>0.000</ele>
      </trkpt>
      <trkpt lat="51.747491000" lon="14.521692000">
        <ele>0.000</ele>
      </trkpt>
      <trkpt lat="51.747541000" lon="14.521896000">
        <ele>0.000</ele>
      </trkpt>
      <trkpt lat="51.747789000" lon="14.523716000">
        <ele>0.000</ele>
      </trkpt>
      <trkpt lat="51.748212000" lon="14.525468000">
        <ele>0.000</ele>
      </trkpt>
      <trkpt lat="51.748281000" lon="14.525877000">
        <ele>0.000</ele>
      </trkpt>
      <trkpt lat="51.748309000" lon="14.526065000">
        <ele>0.000</ele>
      </trkpt>
      <trkpt lat="51.748326000" lon="14.526229000">
        <ele>0.000</ele>
      </trkpt>
      <trkpt lat="51.748334000" lon="14.527155000">
        <ele>0.000</ele>
      </trkpt>
      <trkpt lat="51.748631000" lon="14.528649000">
        <ele>0.000</ele>
      </trkpt>
      <trkpt lat="51.748832000" lon="14.529644000">
        <ele>0.000</ele>
      </trkpt>
      <trkpt lat="51.748986000" lon="14.530281000">
        <ele>0.000</ele>
      </trkpt>
      <trkpt lat="51.749190000" lon="14.531170000">
        <ele>0.000</ele>
      </trkpt>
      <trkpt lat="51.749420000" lon="14.532013000">
        <ele>0.000</ele>
      </trkpt>
      <trkpt lat="51.749492000" lon="14.532254000">
        <ele>0.000</ele>
      </trkpt>
      <trkpt lat="51.749589000" lon="14.532455000">
        <ele>0.000</ele>
      </trkpt>
      <trkpt lat="51.749715000" lon="14.532715000">
        <ele>0.000</ele>
      </trkpt>
      <trkpt lat="51.750012000" lon="14.533306000">
        <ele>0.000</ele>
      </trkpt>
      <trkpt lat="51.750369000" lon="14.533697000">
        <ele>0.000</ele>
      </trkpt>
      <trkpt lat="51.750785000" lon="14.534059000">
        <ele>0.000</ele>
      </trkpt>
      <trkpt lat="51.750872000" lon="14.534142000">
        <ele>0.000</ele>
      </trkpt>
      <trkpt lat="51.750973000" lon="14.534368000">
        <ele>0.000</ele>
      </trkpt>
      <trkpt lat="51.751014000" lon="14.534486000">
        <ele>0.000</ele>
      </trkpt>
      <trkpt lat="51.751035000" lon="14.534576000">
        <ele>0.000</ele>
      </trkpt>
      <trkpt lat="51.751020000" lon="14.534627000">
        <ele>0.000</ele>
      </trkpt>
      <trkpt lat="51.751005000" lon="14.534671000">
        <ele>0.000</ele>
      </trkpt>
      <trkpt lat="51.750874000" lon="14.534962000">
        <ele>0.000</ele>
      </trkpt>
      <trkpt lat="51.750761000" lon="14.535126000">
        <ele>0.000</ele>
      </trkpt>
      <trkpt lat="51.750697000" lon="14.535228000">
        <ele>0.000</ele>
      </trkpt>
      <trkpt lat="51.750640000" lon="14.535292000">
        <ele>0.000</ele>
      </trkpt>
      <trkpt lat="51.750536000" lon="14.535511000">
        <ele>0.000</ele>
      </trkpt>
      <trkpt lat="51.749854000" lon="14.536505000">
        <ele>0.000</ele>
      </trkpt>
      <trkpt lat="51.749098000" lon="14.537861000">
        <ele>0.000</ele>
      </trkpt>
      <trkpt lat="51.748504000" lon="14.539069000">
        <ele>0.000</ele>
      </trkpt>
      <trkpt lat="51.748127000" lon="14.539836000">
        <ele>0.000</ele>
      </trkpt>
      <trkpt lat="51.748090000" lon="14.539911000">
        <ele>0.000</ele>
      </trkpt>
      <trkpt lat="51.747901000" lon="14.540810000">
        <ele>0.000</ele>
      </trkpt>
      <trkpt lat="51.747793000" lon="14.541270000">
        <ele>0.000</ele>
      </trkpt>
      <trkpt lat="51.747524000" lon="14.542531000">
        <ele>0.000</ele>
      </trkpt>
      <trkpt lat="51.747511000" lon="14.542591000">
        <ele>0.000</ele>
      </trkpt>
      <trkpt lat="51.747818000" lon="14.542950000">
        <ele>0.000</ele>
      </trkpt>
      <trkpt lat="51.748292000" lon="14.543337000">
        <ele>0.000</ele>
      </trkpt>
      <trkpt lat="51.748336000" lon="14.543373000">
        <ele>0.000</ele>
      </trkpt>
      <trkpt lat="51.748672000" lon="14.543517000">
        <ele>0.000</ele>
      </trkpt>
      <trkpt lat="51.749185000" lon="14.544215000">
        <ele>0.000</ele>
      </trkpt>
      <trkpt lat="51.749645000" lon="14.544851000">
        <ele>0.000</ele>
      </trkpt>
      <trkpt lat="51.749786000" lon="14.545191000">
        <ele>0.000</ele>
      </trkpt>
      <trkpt lat="51.749832000" lon="14.545303000">
        <ele>0.000</ele>
      </trkpt>
      <trkpt lat="51.750201000" lon="14.546308000">
        <ele>0.000</ele>
      </trkpt>
      <trkpt lat="51.750295000" lon="14.546619000">
        <ele>0.000</ele>
      </trkpt>
      <trkpt lat="51.750364000" lon="14.546865000">
        <ele>0.000</ele>
      </trkpt>
      <trkpt lat="51.750377000" lon="14.547037000">
        <ele>0.000</ele>
      </trkpt>
      <trkpt lat="51.750372000" lon="14.547228000">
        <ele>0.000</ele>
      </trkpt>
      <trkpt lat="51.750268000" lon="14.547639000">
        <ele>0.000</ele>
      </trkpt>
      <trkpt lat="51.750067000" lon="14.548372000">
        <ele>0.000</ele>
      </trkpt>
      <trkpt lat="51.750037000" lon="14.548513000">
        <ele>0.000</ele>
      </trkpt>
      <trkpt lat="51.749132000" lon="14.552807000">
        <ele>0.000</ele>
      </trkpt>
      <trkpt lat="51.748725000" lon="14.554744000">
        <ele>0.000</ele>
      </trkpt>
      <trkpt lat="51.748658000" lon="14.555206000">
        <ele>0.000</ele>
      </trkpt>
      <trkpt lat="51.748621000" lon="14.555727000">
        <ele>0.000</ele>
      </trkpt>
      <trkpt lat="51.748618000" lon="14.556286000">
        <ele>0.000</ele>
      </trkpt>
      <trkpt lat="51.748692000" lon="14.556983000">
        <ele>0.000</ele>
      </trkpt>
      <trkpt lat="51.748863000" lon="14.558116000">
        <ele>0.000</ele>
      </trkpt>
      <trkpt lat="51.749017000" lon="14.559271000">
        <ele>0.000</ele>
      </trkpt>
      <trkpt lat="51.749086000" lon="14.559595000">
        <ele>0.000</ele>
      </trkpt>
      <trkpt lat="51.749174000" lon="14.559876000">
        <ele>0.000</ele>
      </trkpt>
      <trkpt lat="51.749330000" lon="14.560137000">
        <ele>0.000</ele>
      </trkpt>
      <trkpt lat="51.749439000" lon="14.560270000">
        <ele>0.000</ele>
      </trkpt>
      <trkpt lat="51.749570000" lon="14.560362000">
        <ele>0.000</ele>
      </trkpt>
      <trkpt lat="51.750878000" lon="14.561081000">
        <ele>0.000</ele>
      </trkpt>
      <trkpt lat="51.752216000" lon="14.561788000">
        <ele>0.000</ele>
      </trkpt>
      <trkpt lat="51.753065000" lon="14.562266000">
        <ele>0.000</ele>
      </trkpt>
      <trkpt lat="51.754052000" lon="14.562736000">
        <ele>0.000</ele>
      </trkpt>
      <trkpt lat="51.754873000" lon="14.563142000">
        <ele>0.000</ele>
      </trkpt>
      <trkpt lat="51.754909000" lon="14.563160000">
        <ele>0.000</ele>
      </trkpt>
      <trkpt lat="51.754938000" lon="14.563175000">
        <ele>0.000</ele>
      </trkpt>
      <trkpt lat="51.755199000" lon="14.563410000">
        <ele>0.000</ele>
      </trkpt>
      <trkpt lat="51.755617000" lon="14.563830000">
        <ele>0.000</ele>
      </trkpt>
      <trkpt lat="51.755853000" lon="14.564001000">
        <ele>0.000</ele>
      </trkpt>
      <trkpt lat="51.755995000" lon="14.564096000">
        <ele>0.000</ele>
      </trkpt>
      <trkpt lat="51.756723000" lon="14.564414000">
        <ele>0.000</ele>
      </trkpt>
      <trkpt lat="51.760669000" lon="14.566177000">
        <ele>0.000</ele>
      </trkpt>
      <trkpt lat="51.761838000" lon="14.566730000">
        <ele>0.000</ele>
      </trkpt>
      <trkpt lat="51.765067000" lon="14.568258000">
        <ele>0.000</ele>
      </trkpt>
      <trkpt lat="51.765285000" lon="14.568399000">
        <ele>0.000</ele>
      </trkpt>
      <trkpt lat="51.765942000" lon="14.569115000">
        <ele>0.000</ele>
      </trkpt>
      <trkpt lat="51.766576000" lon="14.569788000">
        <ele>0.000</ele>
      </trkpt>
      <trkpt lat="51.766838000" lon="14.570066000">
        <ele>0.000</ele>
      </trkpt>
      <trkpt lat="51.766850000" lon="14.570078000">
        <ele>0.000</ele>
      </trkpt>
      <trkpt lat="51.767539000" lon="14.570853000">
        <ele>0.000</ele>
      </trkpt>
      <trkpt lat="51.767634000" lon="14.571025000">
        <ele>0.000</ele>
      </trkpt>
      <trkpt lat="51.767681000" lon="14.571191000">
        <ele>0.000</ele>
      </trkpt>
      <trkpt lat="51.767698000" lon="14.571415000">
        <ele>0.000</ele>
      </trkpt>
      <trkpt lat="51.767642000" lon="14.572820000">
        <ele>0.000</ele>
      </trkpt>
      <trkpt lat="51.767625000" lon="14.573398000">
        <ele>0.000</ele>
      </trkpt>
      <trkpt lat="51.767580000" lon="14.575488000">
        <ele>0.000</ele>
      </trkpt>
      <trkpt lat="51.767632000" lon="14.582501000">
        <ele>0.000</ele>
      </trkpt>
      <trkpt lat="51.767644000" lon="14.583268000">
        <ele>0.000</ele>
      </trkpt>
      <trkpt lat="51.767697000" lon="14.584260000">
        <ele>0.000</ele>
      </trkpt>
      <trkpt lat="51.767734000" lon="14.584594000">
        <ele>0.000</ele>
      </trkpt>
      <trkpt lat="51.767975000" lon="14.586194000">
        <ele>0.000</ele>
      </trkpt>
      <trkpt lat="51.768107000" lon="14.587102000">
        <ele>0.000</ele>
      </trkpt>
      <trkpt lat="51.768233000" lon="14.588078000">
        <ele>0.000</ele>
      </trkpt>
      <trkpt lat="51.768468000" lon="14.589972000">
        <ele>0.000</ele>
      </trkpt>
      <trkpt lat="51.768484000" lon="14.590144000">
        <ele>0.000</ele>
      </trkpt>
      <trkpt lat="51.768488000" lon="14.590328000">
        <ele>0.000</ele>
      </trkpt>
      <trkpt lat="51.768490000" lon="14.590463000">
        <ele>0.000</ele>
      </trkpt>
      <trkpt lat="51.768485000" lon="14.590605000">
        <ele>0.000</ele>
      </trkpt>
      <trkpt lat="51.768467000" lon="14.590829000">
        <ele>0.000</ele>
      </trkpt>
      <trkpt lat="51.768432000" lon="14.591118000">
        <ele>0.000</ele>
      </trkpt>
      <trkpt lat="51.768388000" lon="14.591450000">
        <ele>0.000</ele>
      </trkpt>
      <trkpt lat="51.768379000" lon="14.591522000">
        <ele>0.000</ele>
      </trkpt>
      <trkpt lat="51.768353000" lon="14.591703000">
        <ele>0.000</ele>
      </trkpt>
      <trkpt lat="51.768346000" lon="14.591745000">
        <ele>0.000</ele>
      </trkpt>
      <trkpt lat="51.768073000" lon="14.593878000">
        <ele>0.000</ele>
      </trkpt>
      <trkpt lat="51.768061000" lon="14.593965000">
        <ele>0.000</ele>
      </trkpt>
      <trkpt lat="51.767971000" lon="14.594706000">
        <ele>0.000</ele>
      </trkpt>
      <trkpt lat="51.767881000" lon="14.597202000">
        <ele>0.000</ele>
      </trkpt>
      <trkpt lat="51.767880000" lon="14.597234000">
        <ele>0.000</ele>
      </trkpt>
      <trkpt lat="51.767871000" lon="14.597468000">
        <ele>0.000</ele>
      </trkpt>
      <trkpt lat="51.767857000" lon="14.598009000">
        <ele>0.000</ele>
      </trkpt>
      <trkpt lat="51.767853000" lon="14.598149000">
        <ele>0.000</ele>
      </trkpt>
      <trkpt lat="51.767840000" lon="14.598630000">
        <ele>0.000</ele>
      </trkpt>
      <trkpt lat="51.767846000" lon="14.598795000">
        <ele>0.000</ele>
      </trkpt>
      <trkpt lat="51.767844000" lon="14.603035000">
        <ele>0.000</ele>
      </trkpt>
      <trkpt lat="51.767838000" lon="14.603218000">
        <ele>0.000</ele>
      </trkpt>
      <trkpt lat="51.767563000" lon="14.603182000">
        <ele>0.000</ele>
      </trkpt>
      <trkpt lat="51.767288000" lon="14.603186000">
        <ele>0.000</ele>
      </trkpt>
      <trkpt lat="51.766660000" lon="14.603237000">
        <ele>0.000</ele>
      </trkpt>
      <trkpt lat="51.765993000" lon="14.603330000">
        <ele>0.000</ele>
      </trkpt>
      <trkpt lat="51.765623000" lon="14.603403000">
        <ele>0.000</ele>
      </trkpt>
      <trkpt lat="51.765449000" lon="14.603449000">
        <ele>0.000</ele>
      </trkpt>
      <trkpt lat="51.764906000" lon="14.603691000">
        <ele>0.000</ele>
      </trkpt>
      <trkpt lat="51.764606000" lon="14.603875000">
        <ele>0.000</ele>
      </trkpt>
      <trkpt lat="51.764286000" lon="14.604106000">
        <ele>0.000</ele>
      </trkpt>
      <trkpt lat="51.763974000" lon="14.604340000">
        <ele>0.000</ele>
      </trkpt>
      <trkpt lat="51.763748000" lon="14.604496000">
        <ele>0.000</ele>
      </trkpt>
      <trkpt lat="51.763536000" lon="14.604668000">
        <ele>0.000</ele>
      </trkpt>
      <trkpt lat="51.763127000" lon="14.605046000">
        <ele>0.000</ele>
      </trkpt>
      <trkpt lat="51.761628000" lon="14.606864000">
        <ele>0.000</ele>
      </trkpt>
      <trkpt lat="51.760224000" lon="14.608567000">
        <ele>0.000</ele>
      </trkpt>
      <trkpt lat="51.760046000" lon="14.608677000">
        <ele>0.000</ele>
      </trkpt>
      <trkpt lat="51.759855000" lon="14.608873000">
        <ele>0.000</ele>
      </trkpt>
      <trkpt lat="51.759790000" lon="14.608950000">
        <ele>0.000</ele>
      </trkpt>
      <trkpt lat="51.759733000" lon="14.609017000">
        <ele>0.000</ele>
      </trkpt>
      <trkpt lat="51.759831000" lon="14.609124000">
        <ele>0.000</ele>
      </trkpt>
      <trkpt lat="51.759913000" lon="14.609285000">
        <ele>0.000</ele>
      </trkpt>
      <trkpt lat="51.760865000" lon="14.611519000">
        <ele>0.000</ele>
      </trkpt>
      <trkpt lat="51.762045000" lon="14.614258000">
        <ele>0.000</ele>
      </trkpt>
      <trkpt lat="51.762786000" lon="14.616033000">
        <ele>0.000</ele>
      </trkpt>
      <trkpt lat="51.762833000" lon="14.616220000">
        <ele>0.000</ele>
      </trkpt>
      <trkpt lat="51.762909000" lon="14.616424000">
        <ele>0.000</ele>
      </trkpt>
      <trkpt lat="51.763011000" lon="14.616632000">
        <ele>0.000</ele>
      </trkpt>
      <trkpt lat="51.763099000" lon="14.616778000">
        <ele>0.000</ele>
      </trkpt>
      <trkpt lat="51.763461000" lon="14.617565000">
        <ele>0.000</ele>
      </trkpt>
      <trkpt lat="51.763954000" lon="14.618733000">
        <ele>0.000</ele>
      </trkpt>
      <trkpt lat="51.764967000" lon="14.621091000">
        <ele>0.000</ele>
      </trkpt>
      <trkpt lat="51.766212000" lon="14.624004000">
        <ele>0.000</ele>
      </trkpt>
      <trkpt lat="51.766715000" lon="14.625181000">
        <ele>0.000</ele>
      </trkpt>
      <trkpt lat="51.767203000" lon="14.626362000">
        <ele>0.000</ele>
      </trkpt>
      <trkpt lat="51.767394000" lon="14.626860000">
        <ele>0.000</ele>
      </trkpt>
      <trkpt lat="51.767565000" lon="14.627367000">
        <ele>0.000</ele>
      </trkpt>
      <trkpt lat="51.767642000" lon="14.627616000">
        <ele>0.000</ele>
      </trkpt>
      <trkpt lat="51.767822000" lon="14.628217000">
        <ele>0.000</ele>
      </trkpt>
      <trkpt lat="51.767922000" lon="14.628604000">
        <ele>0.000</ele>
      </trkpt>
      <trkpt lat="51.768006000" lon="14.628991000">
        <ele>0.000</ele>
      </trkpt>
      <trkpt lat="51.768110000" lon="14.629509000">
        <ele>0.000</ele>
      </trkpt>
      <trkpt lat="51.768194000" lon="14.630032000">
        <ele>0.000</ele>
      </trkpt>
      <trkpt lat="51.768262000" lon="14.630567000">
        <ele>0.000</ele>
      </trkpt>
      <trkpt lat="51.768310000" lon="14.631109000">
        <ele>0.000</ele>
      </trkpt>
      <trkpt lat="51.768348000" lon="14.631958000">
        <ele>0.000</ele>
      </trkpt>
      <trkpt lat="51.768347000" lon="14.632785000">
        <ele>0.000</ele>
      </trkpt>
      <trkpt lat="51.768318000" lon="14.633461000">
        <ele>0.000</ele>
      </trkpt>
      <trkpt lat="51.768276000" lon="14.633980000">
        <ele>0.000</ele>
      </trkpt>
      <trkpt lat="51.768238000" lon="14.634163000">
        <ele>0.000</ele>
      </trkpt>
      <trkpt lat="51.768232000" lon="14.634352000">
        <ele>0.000</ele>
      </trkpt>
      <trkpt lat="51.768208000" lon="14.634568000">
        <ele>0.000</ele>
      </trkpt>
      <trkpt lat="51.768227000" lon="14.634694000">
        <ele>0.000</ele>
      </trkpt>
      <trkpt lat="51.768079000" lon="14.636360000">
        <ele>0.000</ele>
      </trkpt>
      <trkpt lat="51.767823000" lon="14.638577000">
        <ele>0.000</ele>
      </trkpt>
      <trkpt lat="51.766943000" lon="14.645169000">
        <ele>0.000</ele>
      </trkpt>
      <trkpt lat="51.766822000" lon="14.646344000">
        <ele>0.000</ele>
      </trkpt>
      <trkpt lat="51.766765000" lon="14.647520000">
        <ele>0.000</ele>
      </trkpt>
      <trkpt lat="51.766719000" lon="14.647637000">
        <ele>0.000</ele>
      </trkpt>
      <trkpt lat="51.766713000" lon="14.647807000">
        <ele>0.000</ele>
      </trkpt>
      <trkpt lat="51.766701000" lon="14.647972000">
        <ele>0.000</ele>
      </trkpt>
      <trkpt lat="51.766727000" lon="14.648084000">
        <ele>0.000</ele>
      </trkpt>
      <trkpt lat="51.766713000" lon="14.648245000">
        <ele>0.000</ele>
      </trkpt>
      <trkpt lat="51.766703000" lon="14.648310000">
        <ele>0.000</ele>
      </trkpt>
      <trkpt lat="51.766667000" lon="14.648477000">
        <ele>0.000</ele>
      </trkpt>
      <trkpt lat="51.766639000" lon="14.648569000">
        <ele>0.000</ele>
      </trkpt>
      <trkpt lat="51.766617000" lon="14.648642000">
        <ele>0.000</ele>
      </trkpt>
      <trkpt lat="51.766587000" lon="14.648730000">
        <ele>0.000</ele>
      </trkpt>
      <trkpt lat="51.766406000" lon="14.649122000">
        <ele>0.000</ele>
      </trkpt>
      <trkpt lat="51.766344000" lon="14.649201000">
        <ele>0.000</ele>
      </trkpt>
      <trkpt lat="51.766286000" lon="14.649295000">
        <ele>0.000</ele>
      </trkpt>
      <trkpt lat="51.766250000" lon="14.649363000">
        <ele>0.000</ele>
      </trkpt>
      <trkpt lat="51.766148000" lon="14.650418000">
        <ele>0.000</ele>
      </trkpt>
      <trkpt lat="51.766144000" lon="14.650494000">
        <ele>0.000</ele>
      </trkpt>
      <trkpt lat="51.766155000" lon="14.650581000">
        <ele>0.000</ele>
      </trkpt>
      <trkpt lat="51.766204000" lon="14.650750000">
        <ele>0.000</ele>
      </trkpt>
      <trkpt lat="51.766281000" lon="14.651054000">
        <ele>0.000</ele>
      </trkpt>
      <trkpt lat="51.766281000" lon="14.651220000">
        <ele>0.000</ele>
      </trkpt>
      <trkpt lat="51.766281000" lon="14.651414000">
        <ele>0.000</ele>
      </trkpt>
      <trkpt lat="51.766274000" lon="14.651544000">
        <ele>0.000</ele>
      </trkpt>
      <trkpt lat="51.766248000" lon="14.651679000">
        <ele>0.000</ele>
      </trkpt>
      <trkpt lat="51.766209000" lon="14.651795000">
        <ele>0.000</ele>
      </trkpt>
      <trkpt lat="51.766164000" lon="14.651886000">
        <ele>0.000</ele>
      </trkpt>
      <trkpt lat="51.766121000" lon="14.651943000">
        <ele>0.000</ele>
      </trkpt>
      <trkpt lat="51.765110000" lon="14.653574000">
        <ele>0.000</ele>
      </trkpt>
      <trkpt lat="51.764984000" lon="14.653781000">
        <ele>0.000</ele>
      </trkpt>
      <trkpt lat="51.764732000" lon="14.654154000">
        <ele>0.000</ele>
      </trkpt>
      <trkpt lat="51.764523000" lon="14.654552000">
        <ele>0.000</ele>
      </trkpt>
      <trkpt lat="51.764331000" lon="14.654971000">
        <ele>0.000</ele>
      </trkpt>
      <trkpt lat="51.764165000" lon="14.655392000">
        <ele>0.000</ele>
      </trkpt>
      <trkpt lat="51.764231000" lon="14.655464000">
        <ele>0.000</ele>
      </trkpt>
      <trkpt lat="51.764299000" lon="14.655536000">
        <ele>0.000</ele>
      </trkpt>
      <trkpt lat="51.762114000" lon="14.661147000">
        <ele>0.000</ele>
      </trkpt>
      <trkpt lat="51.761845000" lon="14.661973000">
        <ele>0.000</ele>
      </trkpt>
      <trkpt lat="51.761708000" lon="14.662594000">
        <ele>0.000</ele>
      </trkpt>
      <trkpt lat="51.761659000" lon="14.663005000">
        <ele>0.000</ele>
      </trkpt>
      <trkpt lat="51.761628000" lon="14.663626000">
        <ele>0.000</ele>
      </trkpt>
      <trkpt lat="51.761634000" lon="14.664204000">
        <ele>0.000</ele>
      </trkpt>
      <trkpt lat="51.761642000" lon="14.664306000">
        <ele>0.000</ele>
      </trkpt>
      <trkpt lat="51.761670000" lon="14.664661000">
        <ele>0.000</ele>
      </trkpt>
      <trkpt lat="51.761745000" lon="14.665221000">
        <ele>0.000</ele>
      </trkpt>
      <trkpt lat="51.762067000" lon="14.666815000">
        <ele>0.000</ele>
      </trkpt>
      <trkpt lat="51.762376000" lon="14.668352000">
        <ele>0.000</ele>
      </trkpt>
      <trkpt lat="51.762426000" lon="14.668626000">
        <ele>0.000</ele>
      </trkpt>
      <trkpt lat="51.762472000" lon="14.668951000">
        <ele>0.000</ele>
      </trkpt>
      <trkpt lat="51.762521000" lon="14.669385000">
        <ele>0.000</ele>
      </trkpt>
      <trkpt lat="51.762531000" lon="14.669723000">
        <ele>0.000</ele>
      </trkpt>
      <trkpt lat="51.762510000" lon="14.670226000">
        <ele>0.000</ele>
      </trkpt>
      <trkpt lat="51.762463000" lon="14.670615000">
        <ele>0.000</ele>
      </trkpt>
      <trkpt lat="51.762396000" lon="14.670976000">
        <ele>0.000</ele>
      </trkpt>
      <trkpt lat="51.762336000" lon="14.671229000">
        <ele>0.000</ele>
      </trkpt>
      <trkpt lat="51.762253000" lon="14.671513000">
        <ele>0.000</ele>
      </trkpt>
      <trkpt lat="51.762092000" lon="14.671931000">
        <ele>0.000</ele>
      </trkpt>
      <trkpt lat="51.761908000" lon="14.672293000">
        <ele>0.000</ele>
      </trkpt>
      <trkpt lat="51.761734000" lon="14.672561000">
        <ele>0.000</ele>
      </trkpt>
      <trkpt lat="51.761552000" lon="14.672792000">
        <ele>0.000</ele>
      </trkpt>
      <trkpt lat="51.761377000" lon="14.672973000">
        <ele>0.000</ele>
      </trkpt>
      <trkpt lat="51.761228000" lon="14.673104000">
        <ele>0.000</ele>
      </trkpt>
      <trkpt lat="51.760982000" lon="14.673272000">
        <ele>0.000</ele>
      </trkpt>
      <trkpt lat="51.760915000" lon="14.673339000">
        <ele>0.000</ele>
      </trkpt>
      <trkpt lat="51.760826000" lon="14.673443000">
        <ele>0.000</ele>
      </trkpt>
      <trkpt lat="51.760790000" lon="14.673487000">
        <ele>0.000</ele>
      </trkpt>
      <trkpt lat="51.760767000" lon="14.673499000">
        <ele>0.000</ele>
      </trkpt>
      <trkpt lat="51.760686000" lon="14.673539000">
        <ele>0.000</ele>
      </trkpt>
      <trkpt lat="51.760664000" lon="14.673555000">
        <ele>0.000</ele>
      </trkpt>
      <trkpt lat="51.760612000" lon="14.673593000">
        <ele>0.000</ele>
      </trkpt>
      <trkpt lat="51.760535000" lon="14.673526000">
        <ele>0.000</ele>
      </trkpt>
      <trkpt lat="51.760435000" lon="14.673482000">
        <ele>0.000</ele>
      </trkpt>
      <trkpt lat="51.760310000" lon="14.673479000">
        <ele>0.000</ele>
      </trkpt>
      <trkpt lat="51.760122000" lon="14.673500000">
        <ele>0.000</ele>
      </trkpt>
      <trkpt lat="51.759959000" lon="14.673482000">
        <ele>0.000</ele>
      </trkpt>
      <trkpt lat="51.759796000" lon="14.673448000">
        <ele>0.000</ele>
      </trkpt>
      <trkpt lat="51.759575000" lon="14.673361000">
        <ele>0.000</ele>
      </trkpt>
      <trkpt lat="51.759447000" lon="14.673303000">
        <ele>0.000</ele>
      </trkpt>
      <trkpt lat="51.759341000" lon="14.673233000">
        <ele>0.000</ele>
      </trkpt>
      <trkpt lat="51.758909000" lon="14.672980000">
        <ele>0.000</ele>
      </trkpt>
      <trkpt lat="51.758016000" lon="14.672425000">
        <ele>0.000</ele>
      </trkpt>
      <trkpt lat="51.755838000" lon="14.671061000">
        <ele>0.000</ele>
      </trkpt>
      <trkpt lat="51.755487000" lon="14.670841000">
        <ele>0.000</ele>
      </trkpt>
      <trkpt lat="51.754354000" lon="14.670134000">
        <ele>0.000</ele>
      </trkpt>
      <trkpt lat="51.754345000" lon="14.670129000">
        <ele>0.000</ele>
      </trkpt>
      <trkpt lat="51.754108000" lon="14.669976000">
        <ele>0.000</ele>
      </trkpt>
      <trkpt lat="51.754063000" lon="14.669936000">
        <ele>0.000</ele>
      </trkpt>
      <trkpt lat="51.753987000" lon="14.669867000">
        <ele>0.000</ele>
      </trkpt>
      <trkpt lat="51.753896000" lon="14.669809000">
        <ele>0.000</ele>
      </trkpt>
      <trkpt lat="51.753790000" lon="14.669756000">
        <ele>0.000</ele>
      </trkpt>
      <trkpt lat="51.753647000" lon="14.669694000">
        <ele>0.000</ele>
      </trkpt>
      <trkpt lat="51.753544000" lon="14.669629000">
        <ele>0.000</ele>
      </trkpt>
      <trkpt lat="51.753535000" lon="14.669624000">
        <ele>0.000</ele>
      </trkpt>
      <trkpt lat="51.751755000" lon="14.668538000">
        <ele>0.000</ele>
      </trkpt>
      <trkpt lat="51.751409000" lon="14.668305000">
        <ele>0.000</ele>
      </trkpt>
      <trkpt lat="51.749868000" lon="14.667352000">
        <ele>0.000</ele>
      </trkpt>
      <trkpt lat="51.749364000" lon="14.667033000">
        <ele>0.000</ele>
      </trkpt>
      <trkpt lat="51.748864000" lon="14.666717000">
        <ele>0.000</ele>
      </trkpt>
      <trkpt lat="51.747856000" lon="14.666097000">
        <ele>0.000</ele>
      </trkpt>
      <trkpt lat="51.746896000" lon="14.665469000">
        <ele>0.000</ele>
      </trkpt>
      <trkpt lat="51.745915000" lon="14.664823000">
        <ele>0.000</ele>
      </trkpt>
      <trkpt lat="51.745153000" lon="14.664339000">
        <ele>0.000</ele>
      </trkpt>
      <trkpt lat="51.744971000" lon="14.664243000">
        <ele>0.000</ele>
      </trkpt>
      <trkpt lat="51.744795000" lon="14.664199000">
        <ele>0.000</ele>
      </trkpt>
      <trkpt lat="51.744559000" lon="14.664214000">
        <ele>0.000</ele>
      </trkpt>
      <trkpt lat="51.744472000" lon="14.664226000">
        <ele>0.000</ele>
      </trkpt>
      <trkpt lat="51.744457000" lon="14.664228000">
        <ele>0.000</ele>
      </trkpt>
      <trkpt lat="51.744444000" lon="14.664252000">
        <ele>0.000</ele>
      </trkpt>
      <trkpt lat="51.744422000" lon="14.664303000">
        <ele>0.000</ele>
      </trkpt>
      <trkpt lat="51.744412000" lon="14.664332000">
        <ele>0.000</ele>
      </trkpt>
      <trkpt lat="51.744404000" lon="14.664353000">
        <ele>0.000</ele>
      </trkpt>
      <trkpt lat="51.744394000" lon="14.664371000">
        <ele>0.000</ele>
      </trkpt>
      <trkpt lat="51.744382000" lon="14.664389000">
        <ele>0.000</ele>
      </trkpt>
      <trkpt lat="51.744340000" lon="14.664425000">
        <ele>0.000</ele>
      </trkpt>
      <trkpt lat="51.744326000" lon="14.664432000">
        <ele>0.000</ele>
      </trkpt>
      <trkpt lat="51.744311000" lon="14.664435000">
        <ele>0.000</ele>
      </trkpt>
      <trkpt lat="51.744282000" lon="14.664443000">
        <ele>0.000</ele>
      </trkpt>
      <trkpt lat="51.744260000" lon="14.664448000">
        <ele>0.000</ele>
      </trkpt>
      <trkpt lat="51.744244000" lon="14.664452000">
        <ele>0.000</ele>
      </trkpt>
      <trkpt lat="51.744228000" lon="14.664456000">
        <ele>0.000</ele>
      </trkpt>
      <trkpt lat="51.744191000" lon="14.664462000">
        <ele>0.000</ele>
      </trkpt>
      <trkpt lat="51.744104000" lon="14.664391000">
        <ele>0.000</ele>
      </trkpt>
      <trkpt lat="51.744063000" lon="14.664340000">
        <ele>0.000</ele>
      </trkpt>
      <trkpt lat="51.744028000" lon="14.664266000">
        <ele>0.000</ele>
      </trkpt>
      <trkpt lat="51.744005000" lon="14.664222000">
        <ele>0.000</ele>
      </trkpt>
      <trkpt lat="51.743972000" lon="14.664205000">
        <ele>0.000</ele>
      </trkpt>
      <trkpt lat="51.743866000" lon="14.664179000">
        <ele>0.000</ele>
      </trkpt>
      <trkpt lat="51.743715000" lon="14.664130000">
        <ele>0.000</ele>
      </trkpt>
      <trkpt lat="51.743662000" lon="14.664134000">
        <ele>0.000</ele>
      </trkpt>
      <trkpt lat="51.743584000" lon="14.664155000">
        <ele>0.000</ele>
      </trkpt>
      <trkpt lat="51.743439000" lon="14.664231000">
        <ele>0.000</ele>
      </trkpt>
      <trkpt lat="51.743336000" lon="14.664290000">
        <ele>0.000</ele>
      </trkpt>
      <trkpt lat="51.743281000" lon="14.664242000">
        <ele>0.000</ele>
      </trkpt>
      <trkpt lat="51.743125000" lon="14.664334000">
        <ele>0.000</ele>
      </trkpt>
      <trkpt lat="51.742805000" lon="14.664520000">
        <ele>0.000</ele>
      </trkpt>
      <trkpt lat="51.742491000" lon="14.664706000">
        <ele>0.000</ele>
      </trkpt>
      <trkpt lat="51.742399000" lon="14.664755000">
        <ele>0.000</ele>
      </trkpt>
      <trkpt lat="51.741604000" lon="14.665212000">
        <ele>0.000</ele>
      </trkpt>
      <trkpt lat="51.740429000" lon="14.665882000">
        <ele>0.000</ele>
      </trkpt>
      <trkpt lat="51.740106000" lon="14.666065000">
        <ele>0.000</ele>
      </trkpt>
      <trkpt lat="51.738304000" lon="14.667098000">
        <ele>0.000</ele>
      </trkpt>
      <trkpt lat="51.736880000" lon="14.667920000">
        <ele>0.000</ele>
      </trkpt>
      <trkpt lat="51.736641000" lon="14.668062000">
        <ele>0.000</ele>
      </trkpt>
      <trkpt lat="51.736381000" lon="14.668207000">
        <ele>0.000</ele>
      </trkpt>
      <trkpt lat="51.736145000" lon="14.668323000">
        <ele>0.000</ele>
      </trkpt>
      <trkpt lat="51.735793000" lon="14.668485000">
        <ele>0.000</ele>
      </trkpt>
      <trkpt lat="51.735628000" lon="14.668561000">
        <ele>0.000</ele>
      </trkpt>
      <trkpt lat="51.735589000" lon="14.668576000">
        <ele>0.000</ele>
      </trkpt>
      <trkpt lat="51.735271000" lon="14.668712000">
        <ele>0.000</ele>
      </trkpt>
      <trkpt lat="51.734828000" lon="14.668884000">
        <ele>0.000</ele>
      </trkpt>
      <trkpt lat="51.734145000" lon="14.669125000">
        <ele>0.000</ele>
      </trkpt>
      <trkpt lat="51.733865000" lon="14.669225000">
        <ele>0.000</ele>
      </trkpt>
    </trkseg>
  </trk>
</gpx>
