{"10": 1699038210.2760096, "11": 1699187644.0056791, "12": 1699196626.5546474, "1": 1699090279.1268964, "2": 1699036409.9485097, "3": 1699036410.4227633, "4": 1699036410.7734342, "5": 1699036411.098408, "6": 1699036411.4304354, "7": 1699123517.8132904, "8": 1699123518.1366885, "9": 0}