{"10": 1699038210.2760096, "11": 1699538297.1185617, "12": 1699196626.5546474, "1": 1699215927.2182946, "2": 1699036409.9485097, "3": 1699036410.4227633, "4": 1699272592.335814, "5": 1699036411.098408, "6": 1699036411.4304354, "7": 1699123517.8132904, "8": 1699123518.1366885, "9": 0}