{"10": 1698353429.0250003, "11": 1698355422.9745924, "12": 1698353687.7978258, "1": 1698144033.4175441, "2": 1697804353.4368513, "3": 1698139843.4104936, "4": 1697804354.09194, "5": 1697804354.40923, "6": 1697804354.7316325, "7": 1697804355.0166605, "8": 1697804355.2753685, "9": 0}