{"10": 1698549709.0660436, "11": 1698550249.0711317, "12": 1698549319.05905, "1": 1698549319.386948, "2": 1698549319.739514, "3": 1698549320.1151946, "4": 1698549320.4881096, "5": 1698549320.8260078, "6": 1698549321.162876, "7": 1698549321.4753551, "8": 1698549321.747767, "9": 0}