{"10": 1697800539.1380832, "11": 0, "12": 0, "1": 0, "2": 0, "3": 0, "4": 0, "5": 0, "6": 0, "7": 1697795016.0499136, "8": 1697795016.356866, "9": 0}