{"10": 1699038210.2760096, "11": 1700446983.9513607, "12": 1700446727.3505008, "1": 1699885382.986095, "2": 1699670555.7373545, "3": 1699874242.1171606, "4": 1699815578.6150136, "5": 1699670455.691558, "6": 1699670456.0276744, "7": 1699670456.3196824, "8": 1699670456.5825057, "9": 0}