{"10": 1697839537.5667188, "11": 1697804352.1715746, "12": 1697804352.7933743, "1": 1697804353.109383, "2": 1697804353.4368513, "3": 1697804353.7576458, "4": 1697804354.09194, "5": 1697804354.40923, "6": 1697804354.7316325, "7": 1697804355.0166605, "8": 1697804355.2753685, "9": 0}